[16:55:45.852] [blackbox] ============================================
[16:55:45.852] [blackbox]   Mercenaries 2: World in Flames
[16:55:45.852] [blackbox]   PMC Blackbox v0.4.1 (ASI Loader)
[16:55:45.853] [blackbox] ============================================
[16:55:45.853] [blackbox]   PID: 948
[16:55:45.853] [blackbox]   SecuROM event: created (signaled)
[16:55:45.853] [blackbox] ============================================
[16:55:45.853] [crash] Crash handler armed (VEH + UnhandledExceptionFilter) — faults logged to source [crash].
[16:55:45.885] [lualog] Stripped-log capture installed: MinHook @0x006D5640 (shared print/Debug.Printf/subsystem stub). Watch sources [lua]/[world].
[16:55:45.886] [blackbox] Spawn validation flag set (0x00DFBD74 = 0x01)
[16:55:45.886] [blackbox] [ASI Loader]
[16:55:45.886] [blackbox]   Base: C:\Users\Shadow\Desktop\Mercenaries 2 World in Flames\
[16:55:45.888] [blackbox]   [LOADED] scripts\multiplayer_restore.asi
[16:55:45.890] [blackbox]   [LOADED] scripts\quiet_freeplay_vo.asi
[16:55:45.954] [blackbox]   [LOADED] scripts\windowed_mode.asi
[16:55:45.954] [blackbox]   Summary: 3 loaded, 0 failed, 3 total
[16:55:46.054] [lualog] first stripped-log call intercepted — hook live (arg=0x20007800)
[16:55:47.145] [lua] SoundShellBootstrap.Init  @mrxsoundshellbootstrap:18
[16:55:47.145] [world] >>> SoundShellBootstrap.Init  @mrxsoundshellbootstrap:18
[16:55:47.149] [lua] Top of ShellBootstrap::Init()  @shellbootstrap:98
[16:55:47.149] [world] >>> Top of ShellBootstrap::Init()  @shellbootstrap:98
[16:55:47.152] [lua] Attempting to play movie 1  @shellbootstrap:26
[16:55:47.154] [lua] Playing EA for -1 seconds...  @shellbootstrap:50
[16:55:47.193] [lua] MrxGuiCinematic._Hide  @mrxguicinematic:279
[16:55:48.147] [lua] Movie EA time up...  @shellbootstrap:53
[16:55:48.150] [lua] Attempting to play movie 2  @shellbootstrap:26
[16:55:48.152] [lua] Playing Pandemic for -1 seconds...  @shellbootstrap:50
[16:55:48.265] [lua] Movie Pandemic time up...  @shellbootstrap:53
[16:55:48.268] [lua] Attempting to play movie 3  @shellbootstrap:26
[16:55:48.271] [lua] All movies complete  @shellbootstrap:29
[16:55:48.271] [world] >>> All movies complete  @shellbootstrap:29
[16:55:48.274] [lua]  StartPrecache()  @shellbootstrap:85
[16:55:48.274] [world] >>>  StartPrecache()  @shellbootstrap:85
[16:55:48.287] [lua] Opening filename .\Data\Audios\vo_stream.english.pws with alias vo_stream.pws  @mrxsoundbanks:103
[16:55:48.291] [lua] Opening filename .\Data\Audios\music.pws with alias music.pws  @mrxsoundbanks:103
[16:55:48.295] [lua] Opening filename .\Data\Audios\ambience.pws with alias ambience.pws  @mrxsoundbanks:103
[16:55:48.299] [lua] Added request ui_shell, soundbank, true  @mrxsoundbanks:71
[16:55:48.302] [lua] Submitted request for ui_shell, soundbank with 1 submitted, 0 last index, and 1 outstanding  @mrxsoundbanks:66
[16:55:48.305] [lua] Added request ui_shell, wavebank, true  @mrxsoundbanks:71
[16:55:48.309] [lua] Submitted request for ui_shell, wavebank with 2 submitted, 0 last index, and 2 outstanding  @mrxsoundbanks:66
[16:55:48.313] [lua] Added request ui_hud, soundbank, true  @mrxsoundbanks:71
[16:55:48.316] [lua] Submitted request for ui_hud, soundbank with 3 submitted, 0 last index, and 3 outstanding  @mrxsoundbanks:66
[16:55:48.321] [lua] Added request ui_hud, wavebank, true  @mrxsoundbanks:71
[16:55:48.324] [lua] Submitted request for ui_hud, wavebank with 4 submitted, 0 last index, and 4 outstanding  @mrxsoundbanks:66
[16:55:48.328] [lua] Added request music, soundbank, true  @mrxsoundbanks:71
[16:55:48.331] [lua] Submitted request for music, soundbank with 5 submitted, 0 last index, and 5 outstanding  @mrxsoundbanks:66
[16:55:48.335] [lua] Added request music, wavebank, true  @mrxsoundbanks:71
[16:55:48.338] [lua] Submitted request for music, wavebank with 6 submitted, 0 last index, and 6 outstanding  @mrxsoundbanks:66
[16:55:48.651] [lua] AssetOpComplete: 6 submitted, 6 oustanding, 0 last added  @mrxsoundbanks:148
[16:55:48.656] [lua] AssetOpComplete: 5 submitted, 5 oustanding, 0 last added  @mrxsoundbanks:148
[16:55:48.823] [lua] AssetOpComplete: 4 submitted, 4 oustanding, 0 last added  @mrxsoundbanks:148
[16:55:48.830] [lua] AssetOpComplete: 3 submitted, 3 oustanding, 0 last added  @mrxsoundbanks:148
[16:55:49.125] [lua] AssetOpComplete: 2 submitted, 2 oustanding, 0 last added  @mrxsoundbanks:148
[16:55:49.128] [lua] AssetOpComplete: 1 submitted, 1 oustanding, 0 last added  @mrxsoundbanks:148
[16:55:49.131] [lua] AssetOp Batch Complete  @mrxsoundbanks:157
[16:55:49.135] [lua] Shell music started.  @mrxsound:41
[16:55:49.135] [world] >>> Shell music started.  @mrxsound:41
[16:56:36.779] [lua] true  @mrxguishell:966
[16:56:38.513] [lua] Added request ui_shell, soundbank, false  @mrxsoundbanks:71
[16:56:38.517] [lua] Submitted request for ui_shell, soundbank with 1 submitted, 0 last index, and 1 outstanding  @mrxsoundbanks:66
[16:56:38.520] [lua] Added request ui_shell, wavebank, false  @mrxsoundbanks:71
[16:56:38.523] [lua] Submitted request for ui_shell, wavebank with 2 submitted, 0 last index, and 2 outstanding  @mrxsoundbanks:66
[16:56:38.526] [lua] Added request ui_hud, soundbank, false  @mrxsoundbanks:71
[16:56:38.529] [lua] Submitted request for ui_hud, soundbank with 3 submitted, 0 last index, and 3 outstanding  @mrxsoundbanks:66
[16:56:38.532] [lua] Added request ui_hud, wavebank, false  @mrxsoundbanks:71
[16:56:38.535] [lua] Submitted request for ui_hud, wavebank with 4 submitted, 0 last index, and 4 outstanding  @mrxsoundbanks:66
[16:56:38.538] [lua] Added request music, soundbank, false  @mrxsoundbanks:71
[16:56:38.542] [lua] Submitted request for music, soundbank with 5 submitted, 0 last index, and 5 outstanding  @mrxsoundbanks:66
[16:56:38.545] [lua] Added request music, wavebank, false  @mrxsoundbanks:71
[16:56:38.548] [lua] Submitted request for music, wavebank with 6 submitted, 0 last index, and 6 outstanding  @mrxsoundbanks:66
[16:56:38.551] [lua] Shell exited  @mrxsound:37
[16:56:38.551] [world] >>> Shell exited  @mrxsound:37
[16:56:38.618] [lua] AssetOpComplete: 6 submitted, 6 oustanding, 0 last added  @mrxsoundbanks:148
[16:56:38.622] [lua] AssetOpComplete: 5 submitted, 5 oustanding, 0 last added  @mrxsoundbanks:148
[16:56:38.625] [lua] AssetOpComplete: 4 submitted, 4 oustanding, 0 last added  @mrxsoundbanks:148
[16:56:38.628] [lua] AssetOpComplete: 3 submitted, 3 oustanding, 0 last added  @mrxsoundbanks:148
[16:56:38.631] [lua] AssetOpComplete: 2 submitted, 2 oustanding, 0 last added  @mrxsoundbanks:148
[16:56:38.635] [lua] AssetOpComplete: 1 submitted, 1 oustanding, 0 last added  @mrxsoundbanks:148
[16:56:39.317] [lua] MrxSoundBootstrap.Init  @mrxsoundbootstrap:18
[16:56:39.321] [lua] Loading sound assets  @mrxsoundbootstrap:286
[16:56:39.324] [lua] Opening filename .\Data\Audios\vo_stream.english.pws with alias vo_stream.pws  @mrxsoundbanks:103
[16:56:39.327] [lua] Opening filename .\Data\Audios\music.pws with alias music.pws  @mrxsoundbanks:103
[16:56:39.333] [lua] Opening filename .\Data\Audios\ambience.pws with alias ambience.pws  @mrxsoundbanks:103
[16:56:39.335] [lua] Added request ambience, wavebank, true  @mrxsoundbanks:71
[16:56:39.339] [lua] Submitted request for ambience, wavebank with 1 submitted, 0 last index, and 1 outstanding  @mrxsoundbanks:66
[16:56:39.342] [lua] Added request ambience, soundbank, true  @mrxsoundbanks:71
[16:56:39.345] [lua] Submitted request for ambience, soundbank with 2 submitted, 0 last index, and 2 outstanding  @mrxsoundbanks:66
[16:56:39.349] [lua] Added request amb_birds, wavebank, true  @mrxsoundbanks:71
[16:56:39.352] [lua] Submitted request for amb_birds, wavebank with 3 submitted, 0 last index, and 3 outstanding  @mrxsoundbanks:66
[16:56:39.355] [lua] Added request amb_birds, soundbank, true  @mrxsoundbanks:71
[16:56:39.361] [lua] Submitted request for amb_birds, soundbank with 4 submitted, 0 last index, and 4 outstanding  @mrxsoundbanks:66
[16:56:39.365] [lua] Added request amb_shared, wavebank, true  @mrxsoundbanks:71
[16:56:39.368] [lua] Submitted request for amb_shared, wavebank with 5 submitted, 0 last index, and 5 outstanding  @mrxsoundbanks:66
[16:56:39.372] [lua] Added request collision_shared, wavebank, true  @mrxsoundbanks:71
[16:56:39.375] [lua] Submitted request for collision_shared, wavebank with 6 submitted, 0 last index, and 6 outstanding  @mrxsoundbanks:66
[16:56:39.378] [lua] Added request collision_shared, soundbank, true  @mrxsoundbanks:71
[16:56:39.381] [lua] Submitted request for collision_shared, soundbank with 7 submitted, 0 last index, and 7 outstanding  @mrxsoundbanks:66
[16:56:39.385] [lua] Added request destruction_shared, wavebank, true  @mrxsoundbanks:71
[16:56:39.388] [lua] Submitted request for destruction_shared, wavebank with 8 submitted, 0 last index, and 8 outstanding  @mrxsoundbanks:66
[16:56:39.391] [lua] Added request destruction_shared, soundbank, true  @mrxsoundbanks:71
[16:56:39.394] [lua] Submitted request for destruction_shared, soundbank with 9 submitted, 0 last index, and 9 outstanding  @mrxsoundbanks:66
[16:56:39.398] [lua] Added request fol_shared, wavebank, true  @mrxsoundbanks:71
[16:56:39.401] [lua] Submitted request for fol_shared, wavebank with 10 submitted, 0 last index, and 10 outstanding  @mrxsoundbanks:66
[16:56:39.404] [lua] Added request fol_shared, soundbank, true  @mrxsoundbanks:71
[16:56:39.407] [lua] Submitted request for fol_shared, soundbank with 11 submitted, 0 last index, and 11 outstanding  @mrxsoundbanks:66
[16:56:39.411] [lua] Added request veh_shared, soundbank, true  @mrxsoundbanks:71
[16:56:39.414] [lua] Submitted request for veh_shared, soundbank with 12 submitted, 0 last index, and 12 outstanding  @mrxsoundbanks:66
[16:56:39.417] [lua] Added request veh_shared, wavebank, true  @mrxsoundbanks:71
[16:56:39.420] [lua] Submitted request for veh_shared, wavebank with 13 submitted, 0 last index, and 13 outstanding  @mrxsoundbanks:66
[16:56:39.423] [lua] Added request wpn_shared, soundbank, true  @mrxsoundbanks:71
[16:56:39.427] [lua] Submitted request for wpn_shared, soundbank with 14 submitted, 0 last index, and 14 outstanding  @mrxsoundbanks:66
[16:56:39.430] [lua] Added request wpn_shared, wavebank, true  @mrxsoundbanks:71
[16:56:39.433] [lua] Submitted request for wpn_shared, wavebank with 15 submitted, 0 last index, and 15 outstanding  @mrxsoundbanks:66
[16:56:39.435] [lua] Added request building_destruct, soundbank, true  @mrxsoundbanks:71
[16:56:39.440] [lua] Submitted request for building_destruct, soundbank with 16 submitted, 0 last index, and 16 outstanding  @mrxsoundbanks:66
[16:56:39.443] [lua] Added request bulding_destruct, wavebank, true  @mrxsoundbanks:71
[16:56:39.446] [lua] Submitted request for bulding_destruct, wavebank with 17 submitted, 0 last index, and 17 outstanding  @mrxsoundbanks:66
[16:56:39.451] [lua] Added request veh_support, soundbank, true  @mrxsoundbanks:71
[16:56:39.454] [lua] Submitted request for veh_support, soundbank with 18 submitted, 0 last index, and 18 outstanding  @mrxsoundbanks:66
[16:56:39.458] [lua] Added request veh_support, wavebank, true  @mrxsoundbanks:71
[16:56:39.462] [lua] Submitted request for veh_support, wavebank with 19 submitted, 0 last index, and 19 outstanding  @mrxsoundbanks:66
[16:56:39.465] [lua] Added request music, soundbank, true  @mrxsoundbanks:71
[16:56:39.468] [lua] Submitted request for music, soundbank with 20 submitted, 0 last index, and 20 outstanding  @mrxsoundbanks:66
[16:56:39.471] [lua] Added request music, wavebank, true  @mrxsoundbanks:71
[16:56:39.474] [lua] Submitted request for music, wavebank with 21 submitted, 0 last index, and 21 outstanding  @mrxsoundbanks:66
[16:56:39.480] [lua] Added request ui_hud, wavebank, true  @mrxsoundbanks:71
[16:56:39.483] [lua] Submitted request for ui_hud, wavebank with 22 submitted, 0 last index, and 22 outstanding  @mrxsoundbanks:66
[16:56:39.486] [lua] Added request ui_hud, soundbank, true  @mrxsoundbanks:71
[16:56:39.492] [lua] Submitted request for ui_hud, soundbank with 23 submitted, 0 last index, and 23 outstanding  @mrxsoundbanks:66
[16:56:39.495] [lua] Added request vo_stream, wavebank, true  @mrxsoundbanks:71
[16:56:39.498] [lua] Submitted request for vo_stream.english, wavebank with 24 submitted, 0 last index, and 24 outstanding  @mrxsoundbanks:66
[16:56:39.503] [lua] Added request vo_mattias, soundbank, true  @mrxsoundbanks:71
[16:56:39.506] [lua] Submitted request for vo_mattias.english, soundbank with 25 submitted, 0 last index, and 25 outstanding  @mrxsoundbanks:66
[16:56:39.510] [lua] Added request vo_Chris, soundbank, true  @mrxsoundbanks:71
[16:56:39.513] [lua] Submitted request for vo_Chris.english, soundbank with 26 submitted, 0 last index, and 26 outstanding  @mrxsoundbanks:66
[16:56:39.517] [lua] Added request vo_carmona, soundbank, true  @mrxsoundbanks:71
[16:56:39.521] [lua] Submitted request for vo_carmona.english, soundbank with 27 submitted, 0 last index, and 27 outstanding  @mrxsoundbanks:66
[16:56:39.525] [lua] Added request vo_Jen, soundbank, true  @mrxsoundbanks:71
[16:56:39.529] [lua] Submitted request for vo_Jen.english, soundbank with 28 submitted, 0 last index, and 28 outstanding  @mrxsoundbanks:66
[16:56:39.532] [lua] Added request vo_Fiona, soundbank, true  @mrxsoundbanks:71
[16:56:39.535] [lua] Submitted request for vo_Fiona.english, soundbank with 29 submitted, 0 last index, and 29 outstanding  @mrxsoundbanks:66
[16:56:39.540] [lua] Added request vo_Ewan, soundbank, true  @mrxsoundbanks:71
[16:56:39.543] [lua] Submitted request for vo_Ewan.english, soundbank with 30 submitted, 0 last index, and 30 outstanding  @mrxsoundbanks:66
[16:56:39.546] [lua] Added request vo_Misha, soundbank, true  @mrxsoundbanks:71
[16:56:39.549] [lua] Submitted request for vo_Misha.english, soundbank with 31 submitted, 0 last index, and 31 outstanding  @mrxsoundbanks:66
[16:56:39.553] [lua] Added request vo_Misc, soundbank, true  @mrxsoundbanks:71
[16:56:39.556] [lua] Submitted request for vo_Misc.english, soundbank with 32 submitted, 0 last index, and 32 outstanding  @mrxsoundbanks:66
[16:56:39.560] [lua] Added request vo_alliedSoldier_01, soundbank, true  @mrxsoundbanks:71
[16:56:39.563] [lua] Submitted request for vo_alliedSoldier_01.english, soundbank with 33 submitted, 0 last index, and 33 outstanding  @mrxsoundbanks:66
[16:56:39.567] [lua] Added request vo_alliedSoldier_02, soundbank, true  @mrxsoundbanks:71
[16:56:39.570] [lua] Submitted request for vo_alliedSoldier_02.english, soundbank with 34 submitted, 0 last index, and 34 outstanding  @mrxsoundbanks:66
[16:56:39.573] [lua] Added request vo_alliedSoldier_black_03, soundbank, true  @mrxsoundbanks:71
[16:56:39.576] [lua] Submitted request for vo_alliedSoldier_black_03.english, soundbank with 35 submitted, 0 last index, and 35 outstanding  @mrxsoundbanks:66
[16:56:39.580] [lua] Added request vo_chinSoldier_01, soundbank, true  @mrxsoundbanks:71
[16:56:39.583] [lua] Submitted request for vo_chinSoldier_01.english, soundbank with 36 submitted, 0 last index, and 36 outstanding  @mrxsoundbanks:66
[16:56:39.586] [lua] Added request vo_chinSoldier_02, soundbank, true  @mrxsoundbanks:71
[16:56:39.589] [lua] Submitted request for vo_chinSoldier_02.english, soundbank with 37 submitted, 0 last index, and 37 outstanding  @mrxsoundbanks:66
[16:56:39.592] [lua] Added request vo_oc_merc_01, soundbank, true  @mrxsoundbanks:71
[16:56:39.595] [lua] Submitted request for vo_oc_merc_01.english, soundbank with 38 submitted, 0 last index, and 38 outstanding  @mrxsoundbanks:66
[16:56:39.600] [lua] Added request vo_oc_merc_02, soundbank, true  @mrxsoundbanks:71
[16:56:39.603] [lua] Submitted request for vo_oc_merc_02.english, soundbank with 39 submitted, 0 last index, and 39 outstanding  @mrxsoundbanks:66
[16:56:39.605] [lua] Added request vo_vzCiv_01, soundbank, true  @mrxsoundbanks:71
[16:56:39.609] [lua] Submitted request for vo_vzCiv_01.english, soundbank with 40 submitted, 0 last index, and 40 outstanding  @mrxsoundbanks:66
[16:56:39.613] [lua] Added request vo_vzCiv_02, soundbank, true  @mrxsoundbanks:71
[16:56:39.615] [lua] Submitted request for vo_vzCiv_02.english, soundbank with 41 submitted, 0 last index, and 41 outstanding  @mrxsoundbanks:66
[16:56:39.619] [lua] Added request vo_vzCiv_female_01, soundbank, true  @mrxsoundbanks:71
[16:56:39.623] [lua] Submitted request for vo_vzCiv_female_01.english, soundbank with 42 submitted, 0 last index, and 42 outstanding  @mrxsoundbanks:66
[16:56:39.625] [lua] Added request vo_vzCiv_female_02, soundbank, true  @mrxsoundbanks:71
[16:56:39.629] [lua] Submitted request for vo_vzCiv_female_02.english, soundbank with 43 submitted, 0 last index, and 43 outstanding  @mrxsoundbanks:66
[16:56:39.632] [lua] Added request vo_vzGurSoldier_01, soundbank, true  @mrxsoundbanks:71
[16:56:39.635] [lua] Submitted request for vo_vzGurSoldier_01.english, soundbank with 44 submitted, 0 last index, and 44 outstanding  @mrxsoundbanks:66
[16:56:39.639] [lua] Added request vo_vzGurSoldier_02, soundbank, true  @mrxsoundbanks:71
[16:56:39.643] [lua] Submitted request for vo_vzGurSoldier_02.english, soundbank with 45 submitted, 0 last index, and 45 outstanding  @mrxsoundbanks:66
[16:56:39.646] [lua] Added request vo_vzGurSoldier_female_01, soundbank, true  @mrxsoundbanks:71
[16:56:39.649] [lua] Submitted request for vo_vzGurSoldier_female_01.english, soundbank with 46 submitted, 0 last index, and 46 outstanding  @mrxsoundbanks:66
[16:56:39.653] [lua] Added request vo_vzSoldier_01, soundbank, true  @mrxsoundbanks:71
[16:56:39.656] [lua] Submitted request for vo_vzSoldier_01.english, soundbank with 47 submitted, 0 last index, and 47 outstanding  @mrxsoundbanks:66
[16:56:39.659] [lua] Added request vo_vzSoldier_02, soundbank, true  @mrxsoundbanks:71
[16:56:39.662] [lua] Submitted request for vo_vzSoldier_02.english, soundbank with 48 submitted, 0 last index, and 48 outstanding  @mrxsoundbanks:66
[16:56:39.666] [lua] Added request vo_pirate_01, soundbank, true  @mrxsoundbanks:71
[16:56:39.669] [lua] Submitted request for vo_pirate_01.english, soundbank with 49 submitted, 0 last index, and 49 outstanding  @mrxsoundbanks:66
[16:56:39.672] [lua] Added request vo_pirate_02, soundbank, true  @mrxsoundbanks:71
[16:56:39.675] [lua] Submitted request for vo_pirate_02.english, soundbank with 50 submitted, 0 last index, and 50 outstanding  @mrxsoundbanks:66
[16:56:39.680] [lua] Added request vo_pirate_female_01, soundbank, true  @mrxsoundbanks:71
[16:56:39.683] [lua] Submitted request for vo_pirate_female_01.english, soundbank with 51 submitted, 0 last index, and 51 outstanding  @mrxsoundbanks:66
[16:56:39.686] [lua] ##@ GameBootstrap - bailing because finished shell  @gamebootstrap:68
[16:56:39.686] [world] >>> ##@ GameBootstrap - bailing because finished shell  @gamebootstrap:68
[16:56:39.702] [lua] MrxGuiCinematic._Hide  @mrxguicinematic:279
[16:56:40.092] [lua] AssetOpComplete: 51 submitted, 51 oustanding, 0 last added  @mrxsoundbanks:148
[16:56:40.096] [lua] AssetOpComplete: 50 submitted, 50 oustanding, 0 last added  @mrxsoundbanks:148
[16:56:41.125] [lua] AssetOpComplete: 49 submitted, 49 oustanding, 0 last added  @mrxsoundbanks:148
[16:56:41.135] [lua] AssetOpComplete: 48 submitted, 48 oustanding, 0 last added  @mrxsoundbanks:148
[16:56:41.143] [lua] AssetOpComplete: 47 submitted, 47 oustanding, 0 last added  @mrxsoundbanks:148
[16:56:41.151] [lua] AssetOpComplete: 46 submitted, 46 oustanding, 0 last added  @mrxsoundbanks:148
[16:56:41.160] [lua] AssetOpComplete: 45 submitted, 45 oustanding, 0 last added  @mrxsoundbanks:148
[16:56:41.167] [lua] AssetOpComplete: 44 submitted, 44 oustanding, 0 last added  @mrxsoundbanks:148
[16:56:41.175] [lua] AssetOpComplete: 43 submitted, 43 oustanding, 0 last added  @mrxsoundbanks:148
[16:56:41.183] [lua] AssetOpComplete: 42 submitted, 42 oustanding, 0 last added  @mrxsoundbanks:148
[16:56:41.191] [lua] AssetOpComplete: 41 submitted, 41 oustanding, 0 last added  @mrxsoundbanks:148
[16:56:41.198] [lua] AssetOpComplete: 40 submitted, 40 oustanding, 0 last added  @mrxsoundbanks:148
[16:56:41.207] [lua] AssetOpComplete: 39 submitted, 39 oustanding, 0 last added  @mrxsoundbanks:148
[16:56:41.215] [lua] AssetOpComplete: 38 submitted, 38 oustanding, 0 last added  @mrxsoundbanks:148
[16:56:41.222] [lua] AssetOpComplete: 37 submitted, 37 oustanding, 0 last added  @mrxsoundbanks:148
[16:56:41.231] [lua] AssetOpComplete: 36 submitted, 36 oustanding, 0 last added  @mrxsoundbanks:148
[16:56:41.238] [lua] AssetOpComplete: 35 submitted, 35 oustanding, 0 last added  @mrxsoundbanks:148
[16:56:41.246] [lua] AssetOpComplete: 34 submitted, 34 oustanding, 0 last added  @mrxsoundbanks:148
[16:56:41.255] [lua] AssetOpComplete: 33 submitted, 33 oustanding, 0 last added  @mrxsoundbanks:148
[16:56:41.263] [lua] AssetOpComplete: 32 submitted, 32 oustanding, 0 last added  @mrxsoundbanks:148
[16:56:41.526] [lua] AssetOpComplete: 31 submitted, 31 oustanding, 0 last added  @mrxsoundbanks:148
[16:56:41.617] [lua] Loading vz level with vz masterscript  @levelbootstrap:16
[16:56:41.617] [world] >>> Loading vz level with vz masterscript  @levelbootstrap:16
[16:56:41.783] [lua] AssetOpComplete: 30 submitted, 30 oustanding, 0 last added  @mrxsoundbanks:148
[16:56:41.792] [lua] AssetOpComplete: 29 submitted, 29 oustanding, 0 last added  @mrxsoundbanks:148
[16:56:41.840] [lua] AssetOpComplete: 28 submitted, 28 oustanding, 0 last added  @mrxsoundbanks:148
[16:56:41.848] [lua] AssetOpComplete: 27 submitted, 27 oustanding, 0 last added  @mrxsoundbanks:148
[16:56:41.857] [lua] AssetOpComplete: 26 submitted, 26 oustanding, 0 last added  @mrxsoundbanks:148
[16:56:41.865] [lua] AssetOpComplete: 25 submitted, 25 oustanding, 0 last added  @mrxsoundbanks:148
[16:56:41.876] [lua] AssetOpComplete: 24 submitted, 24 oustanding, 0 last added  @mrxsoundbanks:148
[16:56:41.885] [lua] AssetOpComplete: 23 submitted, 23 oustanding, 0 last added  @mrxsoundbanks:148
[16:56:41.895] [lua] AssetOpComplete: 22 submitted, 22 oustanding, 0 last added  @mrxsoundbanks:148
[16:56:41.903] [lua] AssetOpComplete: 21 submitted, 21 oustanding, 0 last added  @mrxsoundbanks:148
[16:56:41.912] [lua] AssetOpComplete: 20 submitted, 20 oustanding, 0 last added  @mrxsoundbanks:148
[16:56:41.921] [lua] AssetOpComplete: 19 submitted, 19 oustanding, 0 last added  @mrxsoundbanks:148
[16:56:41.929] [lua] AssetOpComplete: 18 submitted, 18 oustanding, 0 last added  @mrxsoundbanks:148
[16:56:41.938] [lua] AssetOpComplete: 17 submitted, 17 oustanding, 0 last added  @mrxsoundbanks:148
[16:56:41.946] [lua] AssetOpComplete: 16 submitted, 16 oustanding, 0 last added  @mrxsoundbanks:148
[16:56:41.954] [lua] AssetOpComplete: 15 submitted, 15 oustanding, 0 last added  @mrxsoundbanks:148
[16:56:41.966] [lua] AssetOpComplete: 14 submitted, 14 oustanding, 0 last added  @mrxsoundbanks:148
[16:56:41.976] [lua] AssetOpComplete: 13 submitted, 13 oustanding, 0 last added  @mrxsoundbanks:148
[16:56:41.985] [lua] AssetOpComplete: 12 submitted, 12 oustanding, 0 last added  @mrxsoundbanks:148
[16:56:41.993] [lua] AssetOpComplete: 11 submitted, 11 oustanding, 0 last added  @mrxsoundbanks:148
[16:56:42.001] [lua] AssetOpComplete: 10 submitted, 10 oustanding, 0 last added  @mrxsoundbanks:148
[16:56:42.010] [lua] AssetOpComplete: 9 submitted, 9 oustanding, 0 last added  @mrxsoundbanks:148
[16:56:42.024] [lua] AssetOpComplete: 8 submitted, 8 oustanding, 0 last added  @mrxsoundbanks:148
[16:56:42.032] [lua] AssetOpComplete: 7 submitted, 7 oustanding, 0 last added  @mrxsoundbanks:148
[16:56:42.041] [lua] AssetOpComplete: 6 submitted, 6 oustanding, 0 last added  @mrxsoundbanks:148
[16:56:42.049] [lua] AssetOpComplete: 5 submitted, 5 oustanding, 0 last added  @mrxsoundbanks:148
[16:56:42.058] [lua] AssetOpComplete: 4 submitted, 4 oustanding, 0 last added  @mrxsoundbanks:148
[16:56:42.069] [lua] AssetOpComplete: 3 submitted, 3 oustanding, 0 last added  @mrxsoundbanks:148
[16:56:42.078] [lua] AssetOpComplete: 2 submitted, 2 oustanding, 0 last added  @mrxsoundbanks:148
[16:56:42.087] [lua] AssetOpComplete: 1 submitted, 1 oustanding, 0 last added  @mrxsoundbanks:148
[16:56:42.128] [lua] true  @mrxrewarddata:2166
[16:56:42.135] [lua] true  @mrxrewarddata:2218
[16:56:42.143] [lua] true  @mrxrewarddata:2166
[16:56:42.150] [lua] true  @mrxrewarddata:2166
[16:56:42.157] [lua] true  @mrxrewarddata:2218
[16:56:42.165] [lua] true  @mrxrewarddata:2166
[16:56:42.172] [lua] true  @mrxrewarddata:2166
[16:56:42.179] [lua] true  @mrxrewarddata:2218
[16:56:42.186] [lua] true  @mrxrewarddata:2218
[16:56:42.193] [lua] true  @mrxrewarddata:2166
[16:56:42.202] [lua] true  @mrxrewarddata:2218
[16:56:42.209] [lua] true  @mrxrewarddata:2166
[16:56:42.221] [lua] true  @mrxrewarddata:2166
[16:56:42.229] [lua] true  @mrxrewarddata:2166
[16:56:42.235] [lua] true  @mrxrewarddata:2166
[16:56:42.244] [lua] true  @mrxrewarddata:2166
[16:56:42.252] [lua] true  @mrxrewarddata:2166
[16:56:42.259] [lua] true  @mrxrewarddata:2166
[16:56:42.266] [lua] true  @mrxrewarddata:2166
[16:56:42.273] [lua] true  @mrxrewarddata:2166
[16:56:42.282] [lua] true  @mrxrewarddata:2166
[16:56:42.291] [lua] true  @mrxrewarddata:2166
[16:56:42.299] [lua] true  @mrxrewarddata:2166
[16:56:42.306] [lua] true  @mrxrewarddata:2166
[16:56:42.313] [lua] true  @mrxrewarddata:2166
[16:56:42.322] [lua] true  @mrxrewarddata:2166
[16:56:42.329] [lua] true  @mrxrewarddata:2166
[16:56:42.338] [lua] true  @mrxrewarddata:2166
[16:56:42.345] [lua] true  @mrxrewarddata:2218
[16:56:42.353] [lua] true  @mrxrewarddata:2166
[16:56:42.360] [lua] true  @mrxrewarddata:2166
[16:56:42.367] [lua] true  @mrxrewarddata:2166
[16:56:42.374] [lua] true  @mrxrewarddata:2166
[16:56:42.381] [lua] true  @mrxrewarddata:2166
[16:56:42.389] [lua] true  @mrxrewarddata:2192
[16:56:42.395] [lua] true  @mrxrewarddata:2166
[16:56:42.403] [lua] true  @mrxrewarddata:2166
[16:56:42.410] [lua] true  @mrxrewarddata:2166
[16:56:42.419] [lua] true  @mrxrewarddata:2192
[16:56:42.426] [lua] true  @mrxrewarddata:2218
[16:56:42.433] [lua] true  @mrxrewarddata:2218
[16:56:42.440] [lua] true  @mrxrewarddata:2166
[16:56:42.447] [lua] true  @mrxrewarddata:2218
[16:56:42.457] [lua] true  @mrxrewarddata:2166
[16:56:42.464] [lua] true  @mrxrewarddata:2166
[16:56:42.470] [lua] true  @mrxrewarddata:2166
[16:56:42.479] [lua] true  @mrxrewarddata:2218
[16:56:42.485] [lua] true  @mrxrewarddata:2166
[16:56:42.495] [lua] true  @mrxrewarddata:2166
[16:56:42.502] [lua] true  @mrxrewarddata:2166
[16:56:42.509] [lua] true  @mrxrewarddata:2192
[16:56:42.515] [lua] true  @mrxrewarddata:2166
[16:56:42.523] [lua] true  @mrxrewarddata:2218
[16:56:42.530] [lua] true  @mrxrewarddata:2166
[16:56:42.539] [lua] true  @mrxrewarddata:2166
[16:56:42.545] [lua] true  @mrxrewarddata:2166
[16:56:42.553] [lua] true  @mrxrewarddata:2166
[16:56:42.562] [lua] true  @mrxrewarddata:2166
[16:56:42.569] [lua] true  @mrxrewarddata:2218
[16:56:42.577] [lua] true  @mrxrewarddata:2166
[16:56:42.584] [lua] true  @mrxrewarddata:2166
[16:56:42.591] [lua] true  @mrxrewarddata:2166
[16:56:42.598] [lua] true  @mrxrewarddata:2192
[16:56:42.606] [lua] true  @mrxrewarddata:2166
[16:56:42.613] [lua] true  @mrxrewarddata:2166
[16:56:42.620] [lua] true  @mrxrewarddata:2166
[16:56:42.627] [lua] true  @mrxrewarddata:2166
[16:56:42.634] [lua] true  @mrxrewarddata:2166
[16:56:42.642] [lua] true  @mrxrewarddata:2218
[16:56:42.649] [lua] true  @mrxrewarddata:2166
[16:56:42.655] [lua] true  @mrxrewarddata:2166
[16:56:42.663] [lua] true  @mrxrewarddata:2166
[16:56:42.669] [lua] true  @mrxrewarddata:2166
[16:56:42.676] [lua] true  @mrxrewarddata:2218
[16:56:42.684] [lua] true  @mrxrewarddata:2166
[16:56:42.692] [lua] true  @mrxrewarddata:2166
[16:56:42.699] [lua] true  @mrxrewarddata:2166
[16:56:42.706] [lua] true  @mrxrewarddata:2192
[16:56:42.713] [lua] true  @mrxrewarddata:2218
[16:56:42.722] [lua] true  @mrxrewarddata:2218
[16:56:42.729] [lua] true  @mrxrewarddata:2218
[16:56:42.737] [lua] true  @mrxrewarddata:2166
[16:56:42.744] [lua] true  @mrxrewarddata:2166
[16:56:42.751] [lua] true  @mrxrewarddata:2166
[16:56:42.758] [lua] true  @mrxrewarddata:2218
[16:56:42.765] [lua] true  @mrxrewarddata:2166
[16:56:42.773] [lua] true  @mrxrewarddata:2166
[16:56:42.780] [lua] true  @mrxrewarddata:2166
[16:56:42.788] [lua] true  @mrxrewarddata:2192
[16:56:42.795] [lua] true  @mrxrewarddata:2166
[16:56:42.802] [lua] true  @mrxrewarddata:2166
[16:56:42.809] [lua] true  @mrxrewarddata:2166
[16:56:42.817] [lua] true  @mrxrewarddata:2166
[16:56:42.824] [lua] true  @mrxrewarddata:2192
[16:56:42.832] [lua] true  @mrxrewarddata:2166
[16:56:42.840] [lua] true  @mrxrewarddata:2166
[16:56:42.847] [lua] true  @mrxrewarddata:2166
[16:56:42.855] [lua] true  @mrxrewarddata:2166
[16:56:42.862] [lua] true  @mrxrewarddata:2166
[16:56:42.870] [lua] true  @mrxrewarddata:2166
[16:56:42.877] [lua] true  @mrxrewarddata:2166
[16:56:42.885] [lua] true  @mrxrewarddata:2166
[16:56:42.893] [lua] true  @mrxrewarddata:2166
[16:56:42.901] [lua] true  @mrxrewarddata:2166
[16:56:42.909] [lua] true  @mrxrewarddata:2166
[16:56:42.915] [lua] true  @mrxrewarddata:2166
[16:56:42.923] [lua] true  @mrxrewarddata:2166
[16:56:42.930] [lua] true  @mrxrewarddata:2166
[16:56:42.937] [lua] true  @mrxrewarddata:2166
[16:56:42.944] [lua] true  @mrxrewarddata:2166
[16:56:42.950] [lua] true  @mrxrewarddata:2166
[16:56:42.958] [lua] true  @mrxrewarddata:2166
[16:56:42.965] [lua] true  @mrxrewarddata:2166
[16:56:42.974] [lua] true  @mrxrewarddata:2166
[16:56:42.981] [lua] true  @mrxrewarddata:2166
[16:56:42.988] [lua] true  @mrxrewarddata:2166
[16:56:42.995] [lua] true  @mrxrewarddata:2166
[16:56:43.002] [lua] true  @mrxrewarddata:2166
[16:56:43.009] [lua] true  @mrxrewarddata:2166
[16:56:43.016] [lua] true  @mrxrewarddata:2166
[16:56:43.023] [lua] true  @mrxrewarddata:2166
[16:56:43.030] [lua] true  @mrxrewarddata:2166
[16:56:43.037] [lua] true  @mrxrewarddata:2166
[16:56:43.044] [lua] true  @mrxrewarddata:2166
[16:56:43.051] [lua] true  @mrxrewarddata:2166
[16:56:43.058] [lua] true  @mrxrewarddata:2166
[16:56:43.065] [lua] true  @mrxrewarddata:2166
[16:56:43.073] [lua] true  @mrxrewarddata:2166
[16:56:43.081] [lua] true  @mrxrewarddata:2218
[16:56:43.089] [lua] true  @mrxrewarddata:2166
[16:56:43.097] [lua] true  @mrxrewarddata:2218
[16:56:43.104] [lua] true  @mrxrewarddata:2166
[16:56:43.114] [lua] true  @mrxrewarddata:2166
[16:56:43.122] [lua] true  @mrxrewarddata:2218
[16:56:43.128] [lua] true  @mrxrewarddata:2218
[16:56:43.136] [lua] true  @mrxrewarddata:2218
[16:56:43.146] [lua] true  @mrxrewarddata:2218
[16:56:43.153] [lua] true  @mrxrewarddata:2218
[16:56:43.161] [lua] true  @mrxrewarddata:2166
[16:56:43.168] [lua] true  @mrxrewarddata:2166
[16:56:43.175] [lua] true  @mrxrewarddata:2218
[16:56:43.183] [lua] true  @mrxrewarddata:2166
[16:56:43.190] [lua] true  @mrxrewarddata:2166
[16:56:43.197] [lua] true  @mrxrewarddata:2166
[16:56:43.207] [lua] true  @mrxrewarddata:2218
[16:56:43.215] [lua] true  @mrxrewarddata:2218
[16:56:43.222] [lua] true  @mrxrewarddata:2166
[16:56:43.229] [lua] true  @mrxrewarddata:2166
[16:56:43.235] [lua] true  @mrxrewarddata:2192
[16:56:43.244] [lua] true  @mrxrewarddata:2166
[16:56:43.251] [lua] true  @mrxrewarddata:2218
[16:56:43.259] [lua] true  @mrxrewarddata:2166
[16:56:43.265] [lua] true  @mrxrewarddata:2166
[16:56:43.273] [lua] true  @mrxrewarddata:2166
[16:56:43.281] [lua] true  @mrxrewarddata:2166
[16:56:43.288] [lua] true  @mrxrewarddata:2166
[16:56:43.295] [lua] true  @mrxrewarddata:2218
[16:56:43.302] [lua] true  @mrxrewarddata:2218
[16:56:43.309] [lua] true  @mrxrewarddata:2218
[16:56:43.317] [lua] true  @mrxrewarddata:2218
[16:56:43.328] [lua] true  @mrxrewarddata:2218
[16:56:43.335] [lua] true  @mrxrewarddata:2166
[16:56:43.342] [lua] true  @mrxrewarddata:2218
[16:56:43.349] [lua] true  @mrxrewarddata:2166
[16:56:43.356] [lua] true  @mrxrewarddata:2166
[16:56:43.364] [lua] true  @mrxrewarddata:2166
[16:56:43.371] [lua] true  @mrxrewarddata:2166
[16:56:43.380] [lua] true  @mrxrewarddata:2166
[16:56:43.387] [lua] true  @mrxrewarddata:2192
[16:56:43.394] [lua] true  @mrxrewarddata:2166
[16:56:43.402] [lua] true  @mrxrewarddata:2166
[16:56:43.409] [lua] true  @mrxrewarddata:2166
[16:56:43.416] [lua] true  @mrxrewarddata:2218
[16:56:43.423] [lua] true  @mrxrewarddata:2218
[16:56:43.430] [lua] true  @mrxrewarddata:2218
[16:56:43.437] [lua] true  @mrxrewarddata:2218
[16:56:43.447] [lua] true  @mrxrewarddata:2166
[16:56:43.455] [lua] true  @mrxrewarddata:2166
[16:56:43.462] [lua] true  @mrxrewarddata:2166
[16:56:43.469] [lua] true  @mrxrewarddata:2166
[16:56:43.477] [lua] true  @mrxrewarddata:2166
[16:56:43.484] [lua] true  @mrxrewarddata:2166
[16:56:43.491] [lua] true  @mrxrewarddata:2166
[16:56:43.500] [lua] true  @mrxrewarddata:2218
[16:56:43.507] [lua] true  @mrxrewarddata:2166
[16:56:43.514] [lua] true  @mrxrewarddata:2166
[16:56:43.522] [lua] true  @mrxrewarddata:2166
[16:56:43.533] [lua] true  @mrxrewarddata:2192
[16:56:43.541] [lua] true  @mrxrewarddata:2166
[16:56:43.548] [lua] true  @mrxrewarddata:2166
[16:56:43.555] [lua] true  @mrxrewarddata:2166
[16:56:43.562] [lua] true  @mrxrewarddata:2192
[16:56:43.569] [lua] true  @mrxrewarddata:2218
[16:56:43.575] [lua] true  @mrxrewarddata:2166
[16:56:43.583] [lua] true  @mrxrewarddata:2166
[16:56:43.590] [lua] true  @mrxrewarddata:2166
[16:56:43.596] [lua] true  @mrxrewarddata:2166
[16:56:43.608] [lua] true  @mrxrewarddata:2166
[16:56:43.616] [lua] true  @mrxrewarddata:2192
[16:56:43.623] [lua] true  @mrxrewarddata:2218
[16:56:43.631] [lua] true  @mrxrewarddata:2166
[16:56:43.637] [lua] true  @mrxrewarddata:2166
[16:56:43.645] [lua] true  @mrxrewarddata:2192
[16:56:43.652] [lua] true  @mrxrewarddata:2166
[16:56:43.660] [lua] true  @mrxrewarddata:2166
[16:56:43.667] [lua] true  @mrxrewarddata:2192
[16:56:43.674] [lua] true  @mrxrewarddata:2166
[16:56:43.681] [lua] true  @mrxrewarddata:2218
[16:56:43.688] [lua] true  @mrxrewarddata:2166
[16:56:43.698] [lua] true  @mrxrewarddata:2218
[16:56:43.706] [lua] true  @mrxrewarddata:2218
[16:56:43.714] [lua] Shop - Generating Global ShopList...  @mrxshop:39
[16:56:43.727] [lua] creating player 0  @mrxplayer:149
[16:56:43.736] [lua] creating player 1  @mrxplayer:149
[16:56:43.744] [lua] Careless is set to nil  @mrxsupportdelivery:163
[16:56:43.754] [lua] Careless is set to true  @mrxsupportdelivery:163
[16:56:43.762] [lua] Careless is set to nil  @mrxsupportdelivery:163
[16:56:43.771] [lua] Careless is set to true  @mrxsupportdelivery:163
[16:56:43.780] [lua] Careless is set to nil  @mrxsupportdelivery:163
[16:56:43.789] [lua] Careless is set to true  @mrxsupportdelivery:163
[16:56:43.797] [lua] Careless is set to nil  @mrxsupportdelivery:163
[16:56:43.807] [lua] Careless is set to true  @mrxsupportdelivery:163
[16:56:43.815] [lua] Careless is set to nil  @mrxsupportdelivery:163
[16:56:43.824] [lua] Careless is set to nil  @mrxsupportdelivery:163
[16:56:43.832] [lua] Careless is set to nil  @mrxsupportdelivery:163
[16:56:43.841] [lua] Careless is set to nil  @mrxsupportdelivery:163
[16:56:43.850] [lua] Careless is set to true  @mrxsupportdelivery:163
[16:56:43.859] [lua] Careless is set to nil  @mrxsupportdelivery:163
[16:56:43.867] [lua] Careless is set to true  @mrxsupportdelivery:163
[16:56:43.875] [lua] Careless is set to nil  @mrxsupportdelivery:163
[16:56:43.883] [lua] Careless is set to nil  @mrxsupportdelivery:163
[16:56:43.892] [lua] Careless is set to true  @mrxsupportdelivery:163
[16:56:43.902] [lua] Careless is set to nil  @mrxsupportdelivery:163
[16:56:43.911] [lua] Careless is set to nil  @mrxsupportdelivery:163
[16:56:43.919] [lua] Careless is set to nil  @mrxsupportdelivery:163
[16:56:43.928] [lua] Careless is set to true  @mrxsupportdelivery:163
[16:56:43.938] [lua] Careless is set to nil  @mrxsupportdelivery:163
[16:56:43.946] [lua] Careless is set to true  @mrxsupportdelivery:163
[16:56:43.954] [lua] Careless is set to nil  @mrxsupportdelivery:163
[16:56:43.963] [lua] Careless is set to nil  @mrxsupportdelivery:163
[16:56:43.975] [lua] Careless is set to true  @mrxsupportdelivery:163
[16:56:43.984] [lua] Careless is set to nil  @mrxsupportdelivery:163
[16:56:43.993] [lua] Careless is set to true  @mrxsupportdelivery:163
[16:56:44.002] [lua] Careless is set to true  @mrxsupportdelivery:163
[16:56:44.011] [lua] Careless is set to nil  @mrxsupportdelivery:163
[16:56:44.021] [lua] Careless is set to nil  @mrxsupportdelivery:163
[16:56:44.029] [lua] Careless is set to nil  @mrxsupportdelivery:163
[16:56:44.038] [lua] Careless is set to nil  @mrxsupportdelivery:163
[16:56:44.047] [lua] Careless is set to true  @mrxsupportdelivery:163
[16:56:44.056] [lua] Careless is set to nil  @mrxsupportdelivery:163
[16:56:44.065] [lua] Careless is set to true  @mrxsupportdelivery:163
[16:56:44.073] [lua] Careless is set to nil  @mrxsupportdelivery:163
[16:56:44.082] [lua] Careless is set to true  @mrxsupportdelivery:163
[16:56:44.091] [lua] Careless is set to nil  @mrxsupportdelivery:163
[16:56:44.100] [lua] Careless is set to nil  @mrxsupportdelivery:163
[16:56:44.109] [lua] Careless is set to nil  @mrxsupportdelivery:163
[16:56:44.117] [lua] Careless is set to nil  @mrxsupportdelivery:163
[16:56:44.128] [lua] Careless is set to nil  @mrxsupportdelivery:163
[16:56:44.138] [lua] Careless is set to nil  @mrxsupportdelivery:163
[16:56:44.147] [lua] Careless is set to true  @mrxsupportdelivery:163
[16:56:44.155] [lua] Careless is set to nil  @mrxsupportdelivery:163
[16:56:44.164] [lua] Careless is set to nil  @mrxsupportdelivery:163
[16:56:44.173] [lua] Careless is set to nil  @mrxsupportdelivery:163
[16:56:44.182] [lua] Careless is set to nil  @mrxsupportdelivery:163
[16:56:44.191] [lua] Careless is set to nil  @mrxsupportdelivery:163
[16:56:44.200] [lua] Careless is set to nil  @mrxsupportdelivery:163
[16:56:44.215] [lua] Careless is set to nil  @mrxsupportdelivery:163
[16:56:44.224] [lua] Careless is set to nil  @mrxsupportdelivery:163
[16:56:44.232] [lua] Careless is set to true  @mrxsupportdelivery:163
[16:56:44.241] [lua] Careless is set to nil  @mrxsupportdelivery:163
[16:56:44.250] [lua] Careless is set to nil  @mrxsupportdelivery:163
[16:56:44.260] [lua] Careless is set to nil  @mrxsupportdelivery:163
[16:56:44.268] [lua] Careless is set to nil  @mrxsupportdelivery:163
[16:56:44.277] [lua] Careless is set to nil  @mrxsupportdelivery:163
[16:56:44.288] [lua] Careless is set to nil  @mrxsupportdelivery:163
[16:56:44.298] [lua] Careless is set to nil  @mrxsupportdelivery:163
[16:56:44.306] [lua] Careless is set to nil  @mrxsupportdelivery:163
[16:56:44.315] [lua] Careless is set to nil  @mrxsupportdelivery:163
[16:56:44.325] [lua] Careless is set to nil  @mrxsupportdelivery:163
[16:56:44.335] [lua] Careless is set to nil  @mrxsupportdelivery:163
[16:56:44.345] [lua] Careless is set to nil  @mrxsupportdelivery:163
[16:56:44.359] [lua] Careless is set to nil  @mrxsupportdelivery:163
[16:56:44.368] [lua] Careless is set to nil  @mrxsupportdelivery:163
[16:56:44.376] [lua] Careless is set to nil  @mrxsupportdelivery:163
[16:56:44.385] [lua] Careless is set to nil  @mrxsupportdelivery:163
[16:56:44.394] [lua] Careless is set to nil  @mrxsupportdelivery:163
[16:56:44.403] [lua] Careless is set to nil  @mrxsupportdelivery:163
[16:56:44.413] [lua] Careless is set to nil  @mrxsupportdelivery:163
[16:56:44.423] [lua] Careless is set to nil  @mrxsupportdelivery:163
[16:56:44.432] [lua] Careless is set to nil  @mrxsupportdelivery:163
[16:56:44.441] [lua] Careless is set to nil  @mrxsupportdelivery:163
[16:56:44.450] [lua] Careless is set to nil  @mrxsupportdelivery:163
[16:56:44.461] [lua] Careless is set to true  @mrxsupportdelivery:163
[16:56:44.472] [lua] Careless is set to true  @mrxsupportdelivery:163
[16:56:44.481] [lua] Careless is set to nil  @mrxsupportdelivery:163
[16:56:44.490] [lua] Careless is set to true  @mrxsupportdelivery:163
[16:56:44.499] [lua] Careless is set to true  @mrxsupportdelivery:163
[16:56:44.507] [lua] Careless is set to nil  @mrxsupportdelivery:163
[16:56:44.519] [lua] Careless is set to nil  @mrxsupportdelivery:163
[16:56:44.529] [lua] Careless is set to true  @mrxsupportdelivery:163
[16:56:44.538] [lua] Careless is set to nil  @mrxsupportdelivery:163
[16:56:44.547] [lua] Careless is set to nil  @mrxsupportdelivery:163
[16:56:44.555] [lua] Careless is set to true  @mrxsupportdelivery:163
[16:56:44.564] [lua] Careless is set to nil  @mrxsupportdelivery:163
[16:56:44.573] [lua] Careless is set to true  @mrxsupportdelivery:163
[16:56:44.588] [lua] Careless is set to nil  @mrxsupportdelivery:163
[16:56:44.597] [lua] Careless is set to nil  @mrxsupportdelivery:163
[16:56:44.605] [lua] Careless is set to nil  @mrxsupportdelivery:163
[16:56:44.615] [lua] Careless is set to true  @mrxsupportdelivery:163
[16:56:44.624] [lua] Careless is set to nil  @mrxsupportdelivery:163
[16:56:44.632] [lua] Careless is set to true  @mrxsupportdelivery:163
[16:56:44.642] [lua] Careless is set to true  @mrxsupportdelivery:163
[16:56:44.651] [lua] Careless is set to nil  @mrxsupportdelivery:163
[16:56:44.661] [lua] Careless is set to nil  @mrxsupportdelivery:163
[16:56:44.670] [lua] Careless is set to nil  @mrxsupportdelivery:163
[16:56:44.678] [lua] Careless is set to true  @mrxsupportdelivery:163
[16:56:44.686] [lua] Careless is set to nil  @mrxsupportdelivery:163
[16:56:44.696] [lua] Careless is set to nil  @mrxsupportdelivery:163
[16:56:44.708] [lua] Careless is set to nil  @mrxsupportdelivery:163
[16:56:44.717] [lua] Careless is set to true  @mrxsupportdelivery:163
[16:56:44.725] [lua] Careless is set to true  @mrxsupportdelivery:163
[16:56:44.735] [lua] Careless is set to nil  @mrxsupportdelivery:163
[16:56:44.744] [lua] Careless is set to nil  @mrxsupportdelivery:163
[16:56:44.752] [lua] Careless is set to nil  @mrxsupportdelivery:163
[16:56:44.761] [lua] Careless is set to nil  @mrxsupportdelivery:163
[16:56:44.769] [lua] Careless is set to nil  @mrxsupportdelivery:163
[16:56:44.779] [lua] Careless is set to nil  @mrxsupportdelivery:163
[16:56:44.787] [lua] Careless is set to nil  @mrxsupportdelivery:163
[16:56:44.795] [lua] Setting satellite cost (default)  @mrxsatelliteguidedbomb:28
[16:56:44.804] [lua] Setting satellite cost (default)  @mrxsatelliteguidedbomb:28
[16:56:44.814] [lua] Careless is set to nil  @mrxsupportdelivery:163
[16:56:44.823] [lua] Careless is set to true  @mrxsupportdelivery:163
[16:56:44.832] [lua] Careless is set to nil  @mrxsupportdelivery:163
[16:56:44.841] [lua] Careless is set to nil  @mrxsupportdelivery:163
[16:56:44.849] [lua] Careless is set to true  @mrxsupportdelivery:163
[16:56:44.858] [lua] Careless is set to nil  @mrxsupportdelivery:163
[16:56:44.867] [lua] Careless is set to true  @mrxsupportdelivery:163
[16:56:44.875] [lua] Careless is set to nil  @mrxsupportdelivery:163
[16:56:44.886] [lua] Careless is set to true  @mrxsupportdelivery:163
[16:56:44.895] [lua] Careless is set to nil  @mrxsupportdelivery:163
[16:56:44.903] [lua] Careless is set to true  @mrxsupportdelivery:163
[16:56:44.915] [lua] Careless is set to nil  @mrxsupportdelivery:163
[16:56:44.925] [lua] registering player callbacks  @mrxplayer:175
[16:56:44.934] [lua] de-registering player callbacks  @mrxplayer:184
[16:56:44.942] [lua] @@@@@@@@@@ MrxState.EnableFade: bEnable=false  @mrxstate:550
[16:56:44.954] [lua] MRXMUSIC ------------ EnterFreeplayMusic()  @mrxmusic:410
[16:56:44.964] [lua] free  @mrxplaystate:49
[16:56:44.975] [lua] Play state: free  @mrxplaystate:66
[16:56:44.983] [lua] MRXMUSIC ------------ EnterFreeplayMusic()  @mrxmusic:410
[16:56:44.992] [lua] SetSpawnLocations PmcCon001_Start1  @mrxplayer:208
[16:56:45.000] [lua] New operation (170 layers)  @mrxlayermanager:181
[16:56:45.009] [lua] After culling, 170 layers in operation  @mrxlayermanager:250
[16:56:45.018] [lua] Adding new request (1): adding 170 layers  @mrxlayermanager:281
[16:56:45.027] [lua] (Currently, there are 1 requests for layer vz_all_hq)  @mrxlayermanager:298
[16:56:45.035] [lua] (Currently, there are 1 requests for layer vz_all_job001_a)  @mrxlayermanager:298
[16:56:45.044] [lua] (Currently, there are 1 requests for layer vz_all_job001_b)  @mrxlayermanager:298
[16:56:45.053] [lua] (Currently, there are 1 requests for layer vz_all_job001_c)  @mrxlayermanager:298
[16:56:45.065] [lua] (Currently, there are 1 requests for layer vz_all_job001_d)  @mrxlayermanager:298
[16:56:45.074] [lua] (Currently, there are 1 requests for layer vz_all_job002_a)  @mrxlayermanager:298
[16:56:45.083] [lua] (Currently, there are 1 requests for layer vz_all_job002_b)  @mrxlayermanager:298
[16:56:45.092] [lua] (Currently, there are 1 requests for layer vz_all_job002_c)  @mrxlayermanager:298
[16:56:45.102] [lua] (Currently, there are 1 requests for layer vz_all_job002_d)  @mrxlayermanager:298
[16:56:45.111] [lua] (Currently, there are 1 requests for layer vz_all_job002_e)  @mrxlayermanager:298
[16:56:45.120] [lua] (Currently, there are 1 requests for layer vz_all_job005_a)  @mrxlayermanager:298
[16:56:45.135] [lua] (Currently, there are 1 requests for layer vz_all_job005_e)  @mrxlayermanager:298
[16:56:45.144] [lua] (Currently, there are 1 requests for layer vz_all_job005_d)  @mrxlayermanager:298
[16:56:45.152] [lua] (Currently, there are 1 requests for layer vz_all_job010_a)  @mrxlayermanager:298
[16:56:45.161] [lua] (Currently, there are 1 requests for layer vz_all_job010_b)  @mrxlayermanager:298
[16:56:45.169] [lua] (Currently, there are 1 requests for layer vz_all_job010_c)  @mrxlayermanager:298
[16:56:45.178] [lua] (Currently, there are 1 requests for layer vz_all_job010_d)  @mrxlayermanager:298
[16:56:45.190] [lua] (Currently, there are 1 requests for layer vz_all_job010_e)  @mrxlayermanager:298
[16:56:45.198] [lua] (Currently, there are 1 requests for layer vz_amazon_base)  @mrxlayermanager:298
[16:56:45.207] [lua] (Currently, there are 1 requests for layer vz_amazon_scrub)  @mrxlayermanager:298
[16:56:45.217] [lua] (Currently, there are 1 requests for layer vz_amazon_road)  @mrxlayermanager:298
[16:56:45.225] [lua] (Currently, there are 1 requests for layer vz_amazon_foilage)  @mrxlayermanager:298
[16:56:45.234] [lua] (Currently, there are 1 requests for layer vz_amazon_billboard)  @mrxlayermanager:298
[16:56:45.242] [lua] (Currently, there are 1 requests for layer vz_angel_falls_foilage)  @mrxlayermanager:298
[16:56:45.250] [lua] (Currently, there are 1 requests for layer vz_angel_falls_road)  @mrxlayermanager:298
[16:56:45.260] [lua] (Currently, there are 1 requests for layer vz_atmosphere_regions)  @mrxlayermanager:298
[16:56:45.269] [lua] (Currently, there are 1 requests for layer vz_boundary_regions)  @mrxlayermanager:298
[16:56:45.276] [lua] (Currently, there are 1 requests for layer vz_caracas_base)  @mrxlayermanager:298
[16:56:45.285] [lua] (Currently, there are 1 requests for layer vz_caracas_scrub)  @mrxlayermanager:298
[16:56:45.294] [lua] (Currently, there are 1 requests for layer vz_car_city)  @mrxlayermanager:298
[16:56:45.303] [lua] (Currently, there are 1 requests for layer vz_car_billboard)  @mrxlayermanager:298
[16:56:45.312] [lua] (Currently, there are 1 requests for layer vz_car_city_roads)  @mrxlayermanager:298
[16:56:45.320] [lua] (Currently, there are 1 requests for layer vz_car_estate)  @mrxlayermanager:298
[16:56:45.331] [lua] (Currently, there are 1 requests for layer vz_caracas_foilage)  @mrxlayermanager:298
[16:56:45.340] [lua] (Currently, there are 1 requests for layer vz_car_shanty02)  @mrxlayermanager:298
[16:56:45.349] [lua] (Currently, there are 1 requests for layer vz_car_shanty_roads)  @mrxlayermanager:298
[16:56:45.357] [lua] (Currently, there are 1 requests for layer vz_chi_con005_d)  @mrxlayermanager:298
[16:56:45.367] [lua] (Currently, there are 1 requests for layer vz_chi_con006_d)  @mrxlayermanager:298
[16:56:45.376] [lua] (Currently, there are 1 requests for layer vz_chi_con054)  @mrxlayermanager:298
[16:56:45.385] [lua] (Currently, there are 1 requests for layer vz_chi_job001_a)  @mrxlayermanager:298
[16:56:45.394] [lua] (Currently, there are 1 requests for layer vz_chi_job001_b)  @mrxlayermanager:298
[16:56:45.403] [lua] (Currently, there are 1 requests for layer vz_chi_job001_c)  @mrxlayermanager:298
[16:56:45.412] [lua] (Currently, there are 1 requests for layer vz_chi_job001_d)  @mrxlayermanager:298
[16:56:45.422] [lua] (Currently, there are 1 requests for layer vz_chi_job002_a)  @mrxlayermanager:298
[16:56:45.430] [lua] (Currently, there are 1 requests for layer vz_chi_job002_b)  @mrxlayermanager:298
[16:56:45.438] [lua] (Currently, there are 1 requests for layer vz_chi_job002_c)  @mrxlayermanager:298
[16:56:45.447] [lua] (Currently, there are 1 requests for layer vz_chi_job002_d)  @mrxlayermanager:298
[16:56:45.457] [lua] (Currently, there are 1 requests for layer vz_chi_job002_e)  @mrxlayermanager:298
[16:56:45.465] [lua] (Currently, there are 1 requests for layer vz_chi_job006_a)  @mrxlayermanager:298
[16:56:45.474] [lua] (Currently, there are 1 requests for layer vz_chi_job006_b)  @mrxlayermanager:298
[16:56:45.483] [lua] (Currently, there are 1 requests for layer vz_chi_job006_c)  @mrxlayermanager:298
[16:56:45.492] [lua] (Currently, there are 1 requests for layer vz_chi_job006_d)  @mrxlayermanager:298
[16:56:45.501] [lua] (Currently, there are 1 requests for layer vz_chi_job006_e)  @mrxlayermanager:298
[16:56:45.510] [lua] (Currently, there are 1 requests for layer vz_chi_job010_a)  @mrxlayermanager:298
[16:56:45.518] [lua] (Currently, there are 1 requests for layer vz_chi_job010_b)  @mrxlayermanager:298
[16:56:45.527] [lua] (Currently, there are 1 requests for layer vz_chi_job010_c)  @mrxlayermanager:298
[16:56:45.536] [lua] (Currently, there are 1 requests for layer vz_chi_job010_d)  @mrxlayermanager:298
[16:56:45.545] [lua] (Currently, there are 1 requests for layer vz_chi_job010_e)  @mrxlayermanager:298
[16:56:45.553] [lua] (Currently, there are 1 requests for layer vz_commonlocations)  @mrxlayermanager:298
[16:56:45.564] [lua] (Currently, there are 1 requests for layer vz_cum_city)  @mrxlayermanager:298
[16:56:45.575] [lua] (Currently, there are 1 requests for layer vz_cum_billboard)  @mrxlayermanager:298
[16:56:45.584] [lua] (Currently, there are 1 requests for layer vz_cum_margarita)  @mrxlayermanager:298
[16:56:45.593] [lua] (Currently, there are 1 requests for layer vz_cum_outskirt)  @mrxlayermanager:298
[16:56:45.602] [lua] (Currently, there are 1 requests for layer vz_cum_fortress)  @mrxlayermanager:298
[16:56:45.610] [lua] (Currently, there are 1 requests for layer vz_cum_roads)  @mrxlayermanager:298
[16:56:45.619] [lua] (Currently, there are 1 requests for layer vz_cumana_scrub)  @mrxlayermanager:298
[16:56:45.628] [lua] (Currently, there are 1 requests for layer vz_cumana_foilage)  @mrxlayermanager:298
[16:56:45.637] [lua] (Currently, there are 1 requests for layer vz_gua_upperclass)  @mrxlayermanager:298
[16:56:45.645] [lua] (Currently, there are 1 requests for layer vz_gua_billboard)  @mrxlayermanager:298
[16:56:45.653] [lua] (Currently, there are 1 requests for layer vz_guanare_road)  @mrxlayermanager:298
[16:56:45.665] [lua] (Currently, there are 1 requests for layer vz_gua_vzbase)  @mrxlayermanager:298
[16:56:45.674] [lua] (Currently, there are 1 requests for layer vz_gur_base)  @mrxlayermanager:298
[16:56:45.683] [lua] (Currently, there are 1 requests for layer vz_gur_base_mines)  @mrxlayermanager:298
[16:56:45.691] [lua] (Currently, there are 1 requests for layer vz_gur_hq)  @mrxlayermanager:298
[16:56:45.701] [lua] (Currently, there are 1 requests for layer vz_gur_job002_b)  @mrxlayermanager:298
[16:56:45.709] [lua] (Currently, there are 1 requests for layer vz_gur_job002_c)  @mrxlayermanager:298
[16:56:45.718] [lua] (Currently, there are 1 requests for layer vz_gur_job002_d)  @mrxlayermanager:298
[16:56:45.726] [lua] (Currently, there are 1 requests for layer vz_gur_job002_f)  @mrxlayermanager:298
[16:56:45.735] [lua] (Currently, there are 1 requests for layer vz_gur_job002_h)  @mrxlayermanager:298
[16:56:45.744] [lua] (Currently, there are 1 requests for layer vz_gur_job002_j)  @mrxlayermanager:298
[16:56:45.753] [lua] (Currently, there are 1 requests for layer vz_gur_job003)  @mrxlayermanager:298
[16:56:45.761] [lua] (Currently, there are 1 requests for layer vz_gur_job005)  @mrxlayermanager:298
[16:56:45.770] [lua] (Currently, there are 1 requests for layer vz_gur_job008_a)  @mrxlayermanager:298
[16:56:45.779] [lua] (Currently, there are 1 requests for layer vz_gur_job008_b)  @mrxlayermanager:298
[16:56:45.788] [lua] (Currently, there are 1 requests for layer vz_gur_job012_a)  @mrxlayermanager:298
[16:56:45.796] [lua] (Currently, there are 1 requests for layer vz_gur_job012_g)  @mrxlayermanager:298
[16:56:45.806] [lua] (Currently, there are 1 requests for layer vz_gur_job012_i)  @mrxlayermanager:298
[16:56:45.815] [lua] (Currently, there are 1 requests for layer vz_jet_con001)  @mrxlayermanager:298
[16:56:45.825] [lua] (Currently, there are 1 requests for layer vz_jungle_mountain_billboard)  @mrxlayermanager:298
[16:56:45.833] [lua] (Currently, there are 1 requests for layer vz_jungle_mountain_foilage)  @mrxlayermanager:298
[16:56:45.845] [lua] (Currently, there are 1 requests for layer vz_jungle_mountain_road)  @mrxlayermanager:298
[16:56:45.853] [lua] (Currently, there are 1 requests for layer vz_jungle_mountain_scrub)  @mrxlayermanager:298
[16:56:45.862] [lua] (Currently, there are 1 requests for layer vz_landingzone)  @mrxlayermanager:298
[16:56:45.871] [lua] (Currently, there are 1 requests for layer vz_mar_altagracia)  @mrxlayermanager:298
[16:56:45.879] [lua] (Currently, there are 1 requests for layer vz_mar_altagracia_roads)  @mrxlayermanager:298
[16:56:45.888] [lua] (Currently, there are 1 requests for layer vz_mar_city)  @mrxlayermanager:298
[16:56:45.897] [lua] (Currently, there are 1 requests for layer vz_mar_fortress)  @mrxlayermanager:298
[16:56:45.905] [lua] (Currently, there are 1 requests for layer vz_mar_roads)  @mrxlayermanager:298
[16:56:45.913] [lua] (Currently, there are 1 requests for layer vz_mar_billboard)  @mrxlayermanager:298
[16:56:45.922] [lua] (Currently, there are 1 requests for layer vz_mar_foilage)  @mrxlayermanager:298
[16:56:45.930] [lua] (Currently, there are 1 requests for layer vz_mar_scrub)  @mrxlayermanager:298
[16:56:45.940] [lua] (Currently, there are 1 requests for layer vz_mar_industrial)  @mrxlayermanager:298
[16:56:45.949] [lua] (Currently, there are 1 requests for layer vz_mar_industrial_roads)  @mrxlayermanager:298
[16:56:45.957] [lua] (Currently, there are 1 requests for layer vz_mar_outskirt)  @mrxlayermanager:298
[16:56:45.967] [lua] (Currently, there are 1 requests for layer vz_mar_outskirt_roads)  @mrxlayermanager:298
[16:56:45.977] [lua] (Currently, there are 1 requests for layer vz_mar_village)  @mrxlayermanager:298
[16:56:45.985] [lua] (Currently, there are 1 requests for layer vz_mar_village_roads)  @mrxlayermanager:298
[16:56:45.994] [lua] (Currently, there are 1 requests for layer vz_mer_commercial)  @mrxlayermanager:298
[16:56:46.002] [lua] (Currently, there are 1 requests for layer vz_mer_billboard)  @mrxlayermanager:298
[16:56:46.010] [lua] (Currently, there are 1 requests for layer vz_mer_dock)  @mrxlayermanager:298
[16:56:46.020] [lua] (Currently, there are 1 requests for layer vz_mer_outskirt)  @mrxlayermanager:298
[16:56:46.028] [lua] (Currently, there are 1 requests for layer vz_mer_residential)  @mrxlayermanager:298
[16:56:46.037] [lua] (Currently, there are 1 requests for layer vz_mer_white)  @mrxlayermanager:298
[16:56:46.045] [lua] (Currently, there are 1 requests for layer vz_merida_foilage)  @mrxlayermanager:298
[16:56:46.054] [lua] (Currently, there are 1 requests for layer vz_merida_roads)  @mrxlayermanager:298
[16:56:46.063] [lua] (Currently, there are 1 requests for layer vz_merida_scrub)  @mrxlayermanager:298
[16:56:46.072] [lua] (Currently, there are 1 requests for layer vz_oil_job001)  @mrxlayermanager:298
[16:56:46.080] [lua] (Currently, there are 1 requests for layer vz_oil_job002)  @mrxlayermanager:298
[16:56:46.088] [lua] (Currently, there are 1 requests for layer vz_oil_job005)  @mrxlayermanager:298
[16:56:46.100] [lua] (Currently, there are 1 requests for layer vz_oil_job008_d)  @mrxlayermanager:298
[16:56:46.109] [lua] (Currently, there are 1 requests for layer vz_oil_job011_a)  @mrxlayermanager:298
[16:56:46.117] [lua] (Currently, there are 1 requests for layer vz_oil_job011_c)  @mrxlayermanager:298
[16:56:46.126] [lua] (Currently, there are 1 requests for layer vz_oil_job011_e)  @mrxlayermanager:298
[16:56:46.135] [lua] (Currently, there are 1 requests for layer vz_oil_job011_h)  @mrxlayermanager:298
[16:56:46.145] [lua] (Currently, there are 1 requests for layer vz_oil_job011_i)  @mrxlayermanager:298
[16:56:46.157] [lua] (Currently, there are 1 requests for layer vz_oil_job011_j)  @mrxlayermanager:298
[16:56:46.165] [lua] (Currently, there are 1 requests for layer vz_oil_job011_f)  @mrxlayermanager:298
[16:56:46.174] [lua] (Currently, there are 1 requests for layer vz_oil_job011_g)  @mrxlayermanager:298
[16:56:46.184] [lua] (Currently, there are 1 requests for layer vz_pir_hq)  @mrxlayermanager:298
[16:56:46.193] [lua] (Currently, there are 1 requests for layer vz_pir_con003)  @mrxlayermanager:298
[16:56:46.201] [lua] (Currently, there are 1 requests for layer vz_pir_job002_a)  @mrxlayermanager:298
[16:56:46.210] [lua] (Currently, there are 1 requests for layer vz_pir_job002_b)  @mrxlayermanager:298
[16:56:46.222] [lua] (Currently, there are 1 requests for layer vz_pir_job002_c)  @mrxlayermanager:298
[16:56:46.231] [lua] (Currently, there are 1 requests for layer vz_pir_job007_a)  @mrxlayermanager:298
[16:56:46.239] [lua] (Currently, there are 1 requests for layer vz_pir_job012_a)  @mrxlayermanager:298
[16:56:46.247] [lua] (Currently, there are 1 requests for layer vz_pir_job012_b)  @mrxlayermanager:298
[16:56:46.255] [lua] (Currently, there are 1 requests for layer vz_pir_job012_c)  @mrxlayermanager:298
[16:56:46.264] [lua] (Currently, there are 1 requests for layer vz_pir_job012_d)  @mrxlayermanager:298
[16:56:46.273] [lua] (Currently, there are 1 requests for layer vz_pir_job012_e)  @mrxlayermanager:298
[16:56:46.282] [lua] (Currently, there are 1 requests for layer vz_pir_job012_f)  @mrxlayermanager:298
[16:56:46.290] [lua] (Currently, there are 1 requests for layer vz_pir_job012_g)  @mrxlayermanager:298
[16:56:46.301] [lua] (Currently, there are 1 requests for layer vz_pir_job012_h)  @mrxlayermanager:298
[16:56:46.310] [lua] (Currently, there are 1 requests for layer vz_pir_job012_i)  @mrxlayermanager:298
[16:56:46.318] [lua] (Currently, there are 1 requests for layer vz_pir_job012_j)  @mrxlayermanager:298
[16:56:46.329] [lua] (Currently, there are 1 requests for layer vz_pirate_isles_foilage)  @mrxlayermanager:298
[16:56:46.341] [lua] (Currently, there are 1 requests for layer vz_pirate_isles_roads)  @mrxlayermanager:298
[16:56:46.350] [lua] (Currently, there are 1 requests for layer vz_pirate_isles_scrub)  @mrxlayermanager:298
[16:56:46.359] [lua] (Currently, there are 1 requests for layer vz_pmc)  @mrxlayermanager:298
[16:56:46.368] [lua] (Currently, there are 1 requests for layer vz_pmc_roads)  @mrxlayermanager:298
[16:56:46.380] [lua] (Currently, there are 1 requests for layer vz_pmc_scrub)  @mrxlayermanager:298
[16:56:46.389] [lua] (Currently, there are 1 requests for layer vz_pmc_foilage)  @mrxlayermanager:298
[16:56:46.399] [lua] (Currently, there are 1 requests for layer vz_poi_lineregions)  @mrxlayermanager:298
[16:56:46.408] [lua] (Currently, there are 1 requests for layer vz_rover_camera_test)  @mrxlayermanager:298
[16:56:46.417] [lua] (Currently, there are 1 requests for layer vz_sfx_ambience)  @mrxlayermanager:298
[16:56:46.425] [lua] (Currently, there are 1 requests for layer vz_watersounds)  @mrxlayermanager:298
[16:56:46.434] [lua] (Currently, there are 1 requests for layer vz_sol_base)  @mrxlayermanager:298
[16:56:46.443] [lua] (Currently, there are 1 requests for layer vz_start_location)  @mrxlayermanager:298
[16:56:46.451] [lua] (Currently, there are 1 requests for layer vz_teleporter)  @mrxlayermanager:298
[16:56:46.461] [lua] (Currently, there are 1 requests for layer vz_lowresterrain)  @mrxlayermanager:298
[16:56:46.470] [lua] (Currently, there are 1 requests for layer vz_terrain)  @mrxlayermanager:298
[16:56:46.479] [lua] (Currently, there are 1 requests for layer vz_caracas_tiny)  @mrxlayermanager:298
[16:56:46.488] [lua] (Currently, there are 1 requests for layer vz_maracaibo_tiny)  @mrxlayermanager:298
[16:56:46.498] [lua] (Currently, there are 1 requests for layer vz_amazon_tiny)  @mrxlayermanager:298
[16:56:46.507] [lua] (Currently, there are 1 requests for layer vz_angel_falls_tiny)  @mrxlayermanager:298
[16:56:46.515] [lua] (Currently, there are 1 requests for layer vz_jungle_mountain_tiny)  @mrxlayermanager:298
[16:56:46.524] [lua] (Currently, there are 1 requests for layer vz_merida_tiny)  @mrxlayermanager:298
[16:56:46.532] [lua] (Currently, there are 1 requests for layer vz_guanare_tiny)  @mrxlayermanager:298
[16:56:46.542] [lua] (Currently, there are 1 requests for layer vz_cumana_tiny)  @mrxlayermanager:298
[16:56:46.550] [lua] (Currently, there are 1 requests for layer vz_pirate_isles_tiny)  @mrxlayermanager:298
[16:56:46.559] [lua] (Currently, there are 1 requests for layer vz_pmc_tiny)  @mrxlayermanager:298
[16:56:46.567] [lua] (nPendingOps = 170)  @mrxlayermanager:324
[16:56:46.575] [lua] Setting asset request max to 170  @mrxlayermanager:338
[16:56:46.586] [lua] Loading vz_all_job005_d (static: true)  @mrxlayermanager:375
[16:56:46.595] [lua] true	Unable to load layer vz_all_job005_d  @mrxlayermanager:403
[16:56:46.605] [lua] Loading vz_mar_city (static: true)  @mrxlayermanager:375
[16:56:46.613] [lua] true	Unable to load layer vz_mar_city  @mrxlayermanager:403
[16:56:46.623] [lua] Loading vz_caracas_tiny (static: true)  @mrxlayermanager:375
[16:56:46.631] [lua] true	Unable to load layer vz_caracas_tiny  @mrxlayermanager:403
[16:56:46.639] [lua] Loading vz_landingzone (static: true)  @mrxlayermanager:375
[16:56:46.648] [lua] true	Unable to load layer vz_landingzone  @mrxlayermanager:403
[16:56:46.658] [lua] Loading vz_pirate_isles_foilage (static: true)  @mrxlayermanager:375
[16:56:46.667] [lua] true	Unable to load layer vz_pirate_isles_foilage  @mrxlayermanager:403
[16:56:46.675] [lua] Loading vz_mer_white (static: true)  @mrxlayermanager:375
[16:56:46.684] [lua] true	Unable to load layer vz_mer_white  @mrxlayermanager:403
[16:56:46.693] [lua] Loading vz_commonlocations (static: true)  @mrxlayermanager:375
[16:56:46.705] [lua] true	Unable to load layer vz_commonlocations  @mrxlayermanager:403
[16:56:46.714] [lua] Loading vz_terrain (static: true)  @mrxlayermanager:375
[16:56:46.722] [lua] true	Unable to load layer vz_terrain  @mrxlayermanager:403
[16:56:46.731] [lua] Loading vz_oil_job008_d (static: true)  @mrxlayermanager:375
[16:56:46.744] [lua] true	Unable to load layer vz_oil_job008_d  @mrxlayermanager:403
[16:56:46.752] [lua] Loading vz_oil_job001 (static: true)  @mrxlayermanager:375
[16:56:46.760] [lua] true	Unable to load layer vz_oil_job001  @mrxlayermanager:403
[16:56:46.771] [lua]   ----=== # dynamic layers: 	0	 save data: 	250  @mrxlayermanager:560
[16:56:46.782] [lua]   ----=== # culling: 	0	 adding: 	250  @mrxlayermanager:561
[16:56:46.792] [lua] New operation (0 layers)  @mrxlayermanager:181
[16:56:46.800] [lua] After culling, 0 layers in operation  @mrxlayermanager:250
[16:56:46.814] [lua] New operation (250 layers)  @mrxlayermanager:181
[16:56:46.826] [lua] After culling, 250 layers in operation  @mrxlayermanager:250
[16:56:46.840] [lua] Adding new request (2): adding 250 layers  @mrxlayermanager:281
[16:56:46.848] [lua] (Currently, there are 1 requests for layer vz_state_allcon001_pristine)  @mrxlayermanager:298
[16:56:46.864] [lua] (Currently, there are 1 requests for layer vz_state_allcon003_and_chicon003_pristine)  @mrxlayermanager:298
[16:56:46.876] [lua] (Currently, there are 1 requests for layer vz_state_alljob001_01_pristine)  @mrxlayermanager:298
[16:56:46.885] [lua] (Currently, there are 1 requests for layer vz_state_alljob001_01_staging)  @mrxlayermanager:298
[16:56:46.894] [lua] (Currently, there are 1 requests for layer vz_state_alljob001_02_pristine)  @mrxlayermanager:298
[16:56:46.904] [lua] (Currently, there are 1 requests for layer vz_state_alljob001_03_pristine)  @mrxlayermanager:298
[16:56:46.913] [lua] (Currently, there are 1 requests for layer vz_state_alljob001_03_staging2)  @mrxlayermanager:298
[16:56:46.921] [lua] (Currently, there are 1 requests for layer vz_state_alljob001_04_pristine)  @mrxlayermanager:298
[16:56:46.930] [lua] (Currently, there are 1 requests for layer vz_state_alljob001_04_staging)  @mrxlayermanager:298
[16:56:46.942] [lua] (Currently, there are 1 requests for layer vz_state_alljob002_01_pristine)  @mrxlayermanager:298
[16:56:46.951] [lua] (Currently, there are 1 requests for layer vz_state_alljob002_01_staging)  @mrxlayermanager:298
[16:56:46.959] [lua] (Currently, there are 1 requests for layer vz_state_alljob002_02_pristine)  @mrxlayermanager:298
[16:56:46.968] [lua] (Currently, there are 1 requests for layer vz_state_alljob002_02_staging)  @mrxlayermanager:298
[16:56:46.977] [lua] (Currently, there are 1 requests for layer vz_state_alljob002_03_pristine)  @mrxlayermanager:298
[16:56:46.985] [lua] (Currently, there are 1 requests for layer vz_state_alljob002_03_staging)  @mrxlayermanager:298
[16:56:46.994] [lua] (Currently, there are 1 requests for layer vz_state_alljob002_04_pristine)  @mrxlayermanager:298
[16:56:47.002] [lua] (Currently, there are 1 requests for layer vz_state_alljob002_04_staging)  @mrxlayermanager:298
[16:56:47.011] [lua] (Currently, there are 1 requests for layer vz_state_alljob002_05_pristine)  @mrxlayermanager:298
[16:56:47.022] [lua] (Currently, there are 1 requests for layer vz_state_alljob002_05_staging)  @mrxlayermanager:298
[16:56:47.032] [lua] (Currently, there are 1 requests for layer vz_state_alljob009_01_pristine)  @mrxlayermanager:298
[16:56:47.040] [lua] (Currently, there are 1 requests for layer vz_state_alljob009_02_pristine)  @mrxlayermanager:298
[16:56:47.050] [lua] (Currently, there are 1 requests for layer vz_state_alljob009_03_pristine)  @mrxlayermanager:298
[16:56:47.062] [lua] (Currently, there are 1 requests for layer vz_state_alljob009_04_pristine)  @mrxlayermanager:298
[16:56:47.071] [lua] (Currently, there are 1 requests for layer vz_state_alljob009_05_pristine)  @mrxlayermanager:298
[16:56:47.079] [lua] (Currently, there are 1 requests for layer vz_state_alljob010_02_pristine)  @mrxlayermanager:298
[16:56:47.088] [lua] (Currently, there are 1 requests for layer vz_state_alljob010_03_pristine)  @mrxlayermanager:298
[16:56:47.096] [lua] (Currently, there are 1 requests for layer vz_state_alljob010_04_pristine)  @mrxlayermanager:298
[16:56:47.105] [lua] (Currently, there are 1 requests for layer vz_state_alljob010_05_pristine)  @mrxlayermanager:298
[16:56:47.114] [lua] (Currently, there are 1 requests for layer vz_state_amazon_act1)  @mrxlayermanager:298
[16:56:47.123] [lua] (Currently, there are 1 requests for layer vz_state_angel_falls_act1)  @mrxlayermanager:298
[16:56:47.131] [lua] (Currently, there are 1 requests for layer vz_state_car_city_pristine)  @mrxlayermanager:298
[16:56:47.141] [lua] (Currently, there are 1 requests for layer vz_state_cashpickups)  @mrxlayermanager:298
[16:56:47.150] [lua] (Currently, there are 1 requests for layer vz_state_chi_hq_structures)  @mrxlayermanager:298
[16:56:47.158] [lua] (Currently, there are 1 requests for layer vz_state_chicon001_pristine)  @mrxlayermanager:298
[16:56:47.170] [lua] (Currently, there are 1 requests for layer vz_state_chicon002_bridge_pristine)  @mrxlayermanager:298
[16:56:47.184] [lua] (Currently, there are 1 requests for layer vz_state_chicon002_depot_pristine)  @mrxlayermanager:298
[16:56:47.193] [lua] (Currently, there are 1 requests for layer vz_state_chicon002_hq_pristine)  @mrxlayermanager:298
[16:56:47.201] [lua] (Currently, there are 1 requests for layer vz_state_chicon054_pristine)  @mrxlayermanager:298
[16:56:47.209] [lua] (Currently, there are 1 requests for layer vz_state_chicon054_staging)  @mrxlayermanager:298
[16:56:47.221] [lua] (Currently, there are 1 requests for layer vz_state_chijob001_01_pristine)  @mrxlayermanager:298
[16:56:47.230] [lua] (Currently, there are 1 requests for layer vz_state_chijob001_01_staging)  @mrxlayermanager:298
[16:56:47.238] [lua] (Currently, there are 1 requests for layer vz_state_chijob001_02_pristine)  @mrxlayermanager:298
[16:56:47.246] [lua] (Currently, there are 1 requests for layer vz_state_chijob001_02_staging)  @mrxlayermanager:298
[16:56:47.255] [lua] (Currently, there are 1 requests for layer vz_state_chijob001_03_pristine)  @mrxlayermanager:298
[16:56:47.267] [lua] (Currently, there are 1 requests for layer vz_state_chijob001_03_staging)  @mrxlayermanager:298
[16:56:47.277] [lua] (Currently, there are 1 requests for layer vz_state_chijob001_04_pristine)  @mrxlayermanager:298
[16:56:47.286] [lua] (Currently, there are 1 requests for layer vz_state_chijob001_04_staging)  @mrxlayermanager:298
[16:56:47.295] [lua] (Currently, there are 1 requests for layer vz_state_chijob002_01_pristine)  @mrxlayermanager:298
[16:56:47.305] [lua] (Currently, there are 1 requests for layer vz_state_chijob002_01_staging)  @mrxlayermanager:298
[16:56:47.314] [lua] (Currently, there are 1 requests for layer vz_state_chijob002_02_pristine)  @mrxlayermanager:298
[16:56:47.322] [lua] (Currently, there are 1 requests for layer vz_state_chijob002_02_staging)  @mrxlayermanager:298
[16:56:47.331] [lua] (Currently, there are 1 requests for layer vz_state_chijob002_03_pristine)  @mrxlayermanager:298
[16:56:47.340] [lua] (Currently, there are 1 requests for layer vz_state_chijob002_03_staging)  @mrxlayermanager:298
[16:56:47.349] [lua] (Currently, there are 1 requests for layer vz_state_chijob002_04_pristine)  @mrxlayermanager:298
[16:56:47.358] [lua] (Currently, there are 1 requests for layer vz_state_chijob002_04_staging)  @mrxlayermanager:298
[16:56:47.369] [lua] (Currently, there are 1 requests for layer vz_state_chijob002_05_pristine)  @mrxlayermanager:298
[16:56:47.381] [lua] (Currently, there are 1 requests for layer vz_state_chijob002_05_staging)  @mrxlayermanager:298
[16:56:47.390] [lua] (Currently, there are 1 requests for layer vz_state_chijob005_a_pristine)  @mrxlayermanager:298
[16:56:47.399] [lua] (Currently, there are 1 requests for layer vz_state_chijob005_b_pristine)  @mrxlayermanager:298
[16:56:47.407] [lua] (Currently, there are 1 requests for layer vz_state_chijob005_c_pristine)  @mrxlayermanager:298
[16:56:47.415] [lua] (Currently, there are 1 requests for layer vz_state_chijob005_d_pristine)  @mrxlayermanager:298
[16:56:47.425] [lua] (Currently, there are 1 requests for layer vz_state_chijob005_e_pristine)  @mrxlayermanager:298
[16:56:47.434] [lua] (Currently, there are 1 requests for layer vz_state_chijob005_f_pristine)  @mrxlayermanager:298
[16:56:47.444] [lua] (Currently, there are 1 requests for layer vz_state_chijob005_g_pristine)  @mrxlayermanager:298
[16:56:47.452] [lua] (Currently, there are 1 requests for layer vz_state_chijob006_a_pristine)  @mrxlayermanager:298
[16:56:47.463] [lua] (Currently, there are 1 requests for layer vz_state_chijob006_a_staging)  @mrxlayermanager:298
[16:56:47.471] [lua] (Currently, there are 1 requests for layer vz_state_chijob006_b_pristine)  @mrxlayermanager:298
[16:56:47.480] [lua] (Currently, there are 1 requests for layer vz_state_chijob006_b_staging)  @mrxlayermanager:298
[16:56:47.489] [lua] (Currently, there are 1 requests for layer vz_state_chijob006_c_pristine)  @mrxlayermanager:298
[16:56:47.498] [lua] (Currently, there are 1 requests for layer vz_state_chijob006_c_staging)  @mrxlayermanager:298
[16:56:47.507] [lua] (Currently, there are 1 requests for layer vz_state_chijob006_d_pristine)  @mrxlayermanager:298
[16:56:47.517] [lua] (Currently, there are 1 requests for layer vz_state_chijob006_d_staging)  @mrxlayermanager:298
[16:56:47.525] [lua] (Currently, there are 1 requests for layer vz_state_chijob006_e_pristine)  @mrxlayermanager:298
[16:56:47.533] [lua] (Currently, there are 1 requests for layer vz_state_chijob006_e_staging)  @mrxlayermanager:298
[16:56:47.543] [lua] (Currently, there are 1 requests for layer vz_state_chijob009_a_pristine)  @mrxlayermanager:298
[16:56:47.554] [lua] (Currently, there are 1 requests for layer vz_state_chijob009_a_pristine_tg)  @mrxlayermanager:298
[16:56:47.563] [lua] (Currently, there are 1 requests for layer vz_state_chijob009_b_pristine)  @mrxlayermanager:298
[16:56:47.571] [lua] (Currently, there are 1 requests for layer vz_state_chijob009_b_pristine_tg)  @mrxlayermanager:298
[16:56:47.581] [lua] (Currently, there are 1 requests for layer vz_state_chijob010_01_pristine)  @mrxlayermanager:298
[16:56:47.589] [lua] (Currently, there are 1 requests for layer vz_state_chijob010_02_pristine)  @mrxlayermanager:298
[16:56:47.598] [lua] (Currently, there are 1 requests for layer vz_state_chijob010_04_pristine)  @mrxlayermanager:298
[16:56:47.608] [lua] (Currently, there are 1 requests for layer vz_state_gua_upperclass_pristine)  @mrxlayermanager:298
[16:56:47.618] [lua] (Currently, there are 1 requests for layer vz_state_guanare_act1)  @mrxlayermanager:298
[16:56:47.626] [lua] (Currently, there are 1 requests for layer vz_state_gurcon001_fortress)  @mrxlayermanager:298
[16:56:47.635] [lua] (Currently, there are 1 requests for layer vz_state_gurcon001_outpost_pristine)  @mrxlayermanager:298
[16:56:47.644] [lua] (Currently, there are 1 requests for layer vz_state_gurcon001_pristine)  @mrxlayermanager:298
[16:56:47.652] [lua] (Currently, there are 1 requests for layer vz_state_gurcon001_staging)  @mrxlayermanager:298
[16:56:47.662] [lua] (Currently, there are 1 requests for layer vz_state_gurcon002_pristine)  @mrxlayermanager:298
[16:56:47.672] [lua] (Currently, there are 1 requests for layer vz_state_gurhq_act1)  @mrxlayermanager:298
[16:56:47.680] [lua] (Currently, there are 1 requests for layer vz_state_gurjob002_01_pristine)  @mrxlayermanager:298
[16:56:47.692] [lua] (Currently, there are 1 requests for layer vz_state_gurjob002_01_staging)  @mrxlayermanager:298
[16:56:47.702] [lua] (Currently, there are 1 requests for layer vz_state_gurjob002_02_pristine)  @mrxlayermanager:298
[16:56:47.710] [lua] (Currently, there are 1 requests for layer vz_state_gurjob002_02_staging)  @mrxlayermanager:298
[16:56:47.719] [lua] (Currently, there are 1 requests for layer vz_state_gurjob002_03_pristine)  @mrxlayermanager:298
[16:56:47.727] [lua] (Currently, there are 1 requests for layer vz_state_gurjob002_03_staging)  @mrxlayermanager:298
[16:56:47.736] [lua] (Currently, there are 1 requests for layer vz_state_gurjob002_04_pristine)  @mrxlayermanager:298
[16:56:47.747] [lua] (Currently, there are 1 requests for layer vz_state_gurjob002_04_staging)  @mrxlayermanager:298
[16:56:47.755] [lua] (Currently, there are 1 requests for layer vz_state_gurjob002_05_pristine)  @mrxlayermanager:298
[16:56:47.764] [lua] (Currently, there are 1 requests for layer vz_state_gurjob002_05_staging)  @mrxlayermanager:298
[16:56:47.773] [lua] (Currently, there are 1 requests for layer vz_state_gurjob003_pristine)  @mrxlayermanager:298
[16:56:47.783] [lua] (Currently, there are 1 requests for layer vz_state_gurjob003_staging)  @mrxlayermanager:298
[16:56:47.791] [lua] (Currently, there are 1 requests for layer vz_state_gurjob005_pristine)  @mrxlayermanager:298
[16:56:47.804] [lua] (Currently, there are 1 requests for layer vz_state_gurjob005_staging)  @mrxlayermanager:298
[16:56:47.812] [lua] (Currently, there are 1 requests for layer vz_state_gurjob007_01)  @mrxlayermanager:298
[16:56:47.822] [lua] (Currently, there are 1 requests for layer vz_state_gurjob007_02)  @mrxlayermanager:298
[16:56:47.835] [lua] (Currently, there are 1 requests for layer vz_state_gurjob007_03)  @mrxlayermanager:298
[16:56:47.844] [lua] (Currently, there are 1 requests for layer vz_state_gurjob008_01_pristine)  @mrxlayermanager:298
[16:56:47.852] [lua] (Currently, there are 1 requests for layer vz_state_gurjob008_01_staging)  @mrxlayermanager:298
[16:56:47.862] [lua] (Currently, there are 1 requests for layer vz_state_gurjob008_02_pristine)  @mrxlayermanager:298
[16:56:47.870] [lua] (Currently, there are 1 requests for layer vz_state_gurjob008_02_staging)  @mrxlayermanager:298
[16:56:47.878] [lua] (Currently, there are 1 requests for layer vz_state_gurjob012_01_pristine)  @mrxlayermanager:298
[16:56:47.887] [lua] (Currently, there are 1 requests for layer vz_state_gurjob012_01_staging)  @mrxlayermanager:298
[16:56:47.896] [lua] (Currently, there are 1 requests for layer vz_state_gurjob012_02_pristine)  @mrxlayermanager:298
[16:56:47.907] [lua] (Currently, there are 1 requests for layer vz_state_gurjob012_02_staging)  @mrxlayermanager:298
[16:56:47.915] [lua] (Currently, there are 1 requests for layer vz_state_gurjob012_03_pristine)  @mrxlayermanager:298
[16:56:47.924] [lua] (Currently, there are 1 requests for layer vz_state_gurjob012_03_staging)  @mrxlayermanager:298
[16:56:47.932] [lua] (Currently, there are 1 requests for layer vz_state_gurjob012_04_pristine)  @mrxlayermanager:298
[16:56:47.943] [lua] (Currently, there are 1 requests for layer vz_state_gurjob012_04_staging)  @mrxlayermanager:298
[16:56:47.952] [lua] (Currently, there are 1 requests for layer vz_state_gurjob012_05_pristine)  @mrxlayermanager:298
[16:56:47.960] [lua] (Currently, there are 1 requests for layer vz_state_gurjob012_05_staging)  @mrxlayermanager:298
[16:56:47.969] [lua] (Currently, there are 1 requests for layer vz_state_gurjob11_01)  @mrxlayermanager:298
[16:56:47.978] [lua] (Currently, there are 1 requests for layer vz_state_gurjob11_02)  @mrxlayermanager:298
[16:56:47.991] [lua] (Currently, there are 1 requests for layer vz_state_gurjob11_03)  @mrxlayermanager:298
[16:56:47.999] [lua] (Currently, there are 1 requests for layer vz_state_gurjob11_04)  @mrxlayermanager:298
[16:56:48.009] [lua] (Currently, there are 1 requests for layer vz_state_gurjob11_05)  @mrxlayermanager:298
[16:56:48.018] [lua] (Currently, there are 1 requests for layer vz_state_gurjob11_06)  @mrxlayermanager:298
[16:56:48.026] [lua] (Currently, there are 1 requests for layer vz_state_gurjob11_07)  @mrxlayermanager:298
[16:56:48.040] [lua] (Currently, there are 1 requests for layer vz_state_gurjob11_08)  @mrxlayermanager:298
[16:56:48.049] [lua] (Currently, there are 1 requests for layer vz_state_gurjob11_09)  @mrxlayermanager:298
[16:56:48.064] [lua] (Currently, there are 1 requests for layer vz_state_gurjob11_10)  @mrxlayermanager:298
[16:56:48.072] [lua] (Currently, there are 1 requests for layer vz_state_jetcon001_pristine)  @mrxlayermanager:298
[16:56:48.081] [lua] (Currently, there are 1 requests for layer vz_state_jungle_mountain_act1)  @mrxlayermanager:298
[16:56:48.089] [lua] (Currently, there are 1 requests for layer vz_state_mar_altagracia_act1)  @mrxlayermanager:298
[16:56:48.102] [lua] (Currently, there are 1 requests for layer vz_state_mar_big_lineregion)  @mrxlayermanager:298
[16:56:48.111] [lua] (Currently, there are 1 requests for layer vz_state_mar_city_act1)  @mrxlayermanager:298
[16:56:48.119] [lua] (Currently, there are 1 requests for layer vz_state_mar_city_pristine)  @mrxlayermanager:298
[16:56:48.128] [lua] (Currently, there are 1 requests for layer vz_state_mar_industrial_act1)  @mrxlayermanager:298
[16:56:48.138] [lua] (Currently, there are 1 requests for layer vz_state_mar_industrial_pristine)  @mrxlayermanager:298
[16:56:48.146] [lua] (Currently, there are 1 requests for layer vz_state_mar_outskirt_act1)  @mrxlayermanager:298
[16:56:48.155] [lua] (Currently, there are 1 requests for layer vz_state_mar_village_act1)  @mrxlayermanager:298
[16:56:48.165] [lua] (Currently, there are 1 requests for layer vz_state_margarita_precrash)  @mrxlayermanager:298
[16:56:48.173] [lua] (Currently, there are 1 requests for layer vz_state_mer_big_lineregion)  @mrxlayermanager:298
[16:56:48.183] [lua] (Currently, there are 1 requests for layer vz_state_mer_commercialpristine)  @mrxlayermanager:298
[16:56:48.193] [lua] (Currently, there are 1 requests for layer vz_state_mer_oilrig_pristine)  @mrxlayermanager:298
[16:56:48.203] [lua] (Currently, there are 1 requests for layer vz_state_mer_oilrig_pristine_tg)  @mrxlayermanager:298
[16:56:48.212] [lua] (Currently, there are 1 requests for layer vz_state_merida_act1)  @mrxlayermanager:298
[16:56:48.222] [lua] (Currently, there are 1 requests for layer vz_state_merida_act1_helo)  @mrxlayermanager:298
[16:56:48.231] [lua] (Currently, there are 1 requests for layer vz_state_merida_act1_staging)  @mrxlayermanager:298
[16:56:48.240] [lua] (Currently, there are 1 requests for layer vz_state_munitions_freeplay)  @mrxlayermanager:298
[16:56:48.249] [lua] (Currently, there are 1 requests for layer vz_state_oc_depot)  @mrxlayermanager:298
[16:56:48.257] [lua] (Currently, there are 1 requests for layer vz_state_oc_depot_pristine)  @mrxlayermanager:298
[16:56:48.266] [lua] (Currently, there are 1 requests for layer vz_state_ocgate_dynamic)  @mrxlayermanager:298
[16:56:48.278] [lua] (Currently, there are 1 requests for layer vz_state_oilcon002_pristine)  @mrxlayermanager:298
[16:56:48.286] [lua] (Currently, there are 1 requests for layer vz_state_oilcon021_staging)  @mrxlayermanager:298
[16:56:48.295] [lua] (Currently, there are 1 requests for layer vz_state_oiljob001_pristine)  @mrxlayermanager:298
[16:56:48.304] [lua] (Currently, there are 1 requests for layer vz_state_oiljob001_staging)  @mrxlayermanager:298
[16:56:48.312] [lua] (Currently, there are 1 requests for layer vz_state_oiljob002_pristine)  @mrxlayermanager:298
[16:56:48.320] [lua] (Currently, there are 1 requests for layer vz_state_oiljob002_staging)  @mrxlayermanager:298
[16:56:48.329] [lua] (Currently, there are 1 requests for layer vz_state_oiljob005_pristine)  @mrxlayermanager:298
[16:56:48.338] [lua] (Currently, there are 1 requests for layer vz_state_oiljob005_staging)  @mrxlayermanager:298
[16:56:48.346] [lua] (Currently, there are 1 requests for layer vz_state_oiljob008_a_pristine)  @mrxlayermanager:298
[16:56:48.355] [lua] (Currently, there are 1 requests for layer vz_state_oiljob008_a_staging)  @mrxlayermanager:298
[16:56:48.364] [lua] (Currently, there are 1 requests for layer vz_state_oiljob008_b_pristine)  @mrxlayermanager:298
[16:56:48.373] [lua] (Currently, there are 1 requests for layer vz_state_oiljob008_b_staging)  @mrxlayermanager:298
[16:56:48.382] [lua] (Currently, there are 1 requests for layer vz_state_oiljob008_c_pristine)  @mrxlayermanager:298
[16:56:48.390] [lua] (Currently, there are 1 requests for layer vz_state_oiljob008_c_staging)  @mrxlayermanager:298
[16:56:48.402] [lua] (Currently, there are 1 requests for layer vz_state_oiljob008_d_pristine)  @mrxlayermanager:298
[16:56:48.410] [lua] (Currently, there are 1 requests for layer vz_state_oiljob008_d_staging)  @mrxlayermanager:298
[16:56:48.425] [lua] (Currently, there are 1 requests for layer vz_state_oiljob008_e_pristine)  @mrxlayermanager:298
[16:56:48.434] [lua] (Currently, there are 1 requests for layer vz_state_oiljob008_e_staging)  @mrxlayermanager:298
[16:56:48.442] [lua] (Currently, there are 1 requests for layer vz_state_oiljob008_f_pristine)  @mrxlayermanager:298
[16:56:48.455] [lua] (Currently, there are 1 requests for layer vz_state_oiljob008_f_staging)  @mrxlayermanager:298
[16:56:48.465] [lua] (Currently, there are 1 requests for layer vz_state_oiljob008_g_pristine)  @mrxlayermanager:298
[16:56:48.474] [lua] (Currently, there are 1 requests for layer vz_state_oiljob008_g_staging)  @mrxlayermanager:298
[16:56:48.482] [lua] (Currently, there are 1 requests for layer vz_state_oiljob008_h_pristine)  @mrxlayermanager:298
[16:56:48.491] [lua] (Currently, there are 1 requests for layer vz_state_oiljob008_h_staging)  @mrxlayermanager:298
[16:56:48.501] [lua] (Currently, there are 1 requests for layer vz_state_oiljob008_i_pristine)  @mrxlayermanager:298
[16:56:48.509] [lua] (Currently, there are 1 requests for layer vz_state_oiljob008_j_pristine)  @mrxlayermanager:298
[16:56:48.518] [lua] (Currently, there are 1 requests for layer vz_state_oiljob008_j_staging)  @mrxlayermanager:298
[16:56:48.528] [lua] (Currently, there are 1 requests for layer vz_state_oiljob008_k_pristine)  @mrxlayermanager:298
[16:56:48.535] [lua] (Currently, there are 1 requests for layer vz_state_oiljob008_k_staging)  @mrxlayermanager:298
[16:56:48.545] [lua] (Currently, there are 1 requests for layer vz_state_oiljob008_l_pristine)  @mrxlayermanager:298
[16:56:48.554] [lua] (Currently, there are 1 requests for layer vz_state_oiljob008_l_staging)  @mrxlayermanager:298
[16:56:48.563] [lua] (Currently, there are 1 requests for layer vz_state_oiljob008_m_pristine)  @mrxlayermanager:298
[16:56:48.572] [lua] (Currently, there are 1 requests for layer vz_state_oiljob008_m_staging)  @mrxlayermanager:298
[16:56:48.580] [lua] (Currently, there are 1 requests for layer vz_state_oiljob011_01_pristine)  @mrxlayermanager:298
[16:56:48.588] [lua] (Currently, there are 1 requests for layer vz_state_oiljob011_01_staging)  @mrxlayermanager:298
[16:56:48.597] [lua] (Currently, there are 1 requests for layer vz_state_oiljob011_02_pristine)  @mrxlayermanager:298
[16:56:48.605] [lua] (Currently, there are 1 requests for layer vz_state_oiljob011_02_staging)  @mrxlayermanager:298
[16:56:48.614] [lua] (Currently, there are 1 requests for layer vz_state_oiljob011_03_pristine)  @mrxlayermanager:298
[16:56:48.623] [lua] (Currently, there are 1 requests for layer vz_state_oiljob011_03_staging)  @mrxlayermanager:298
[16:56:48.632] [lua] (Currently, there are 1 requests for layer vz_state_oiljob011_04_pristine)  @mrxlayermanager:298
[16:56:48.642] [lua] (Currently, there are 1 requests for layer vz_state_oiljob011_04_staging)  @mrxlayermanager:298
[16:56:48.650] [lua] (Currently, there are 1 requests for layer vz_state_oiljob011_05_pristine)  @mrxlayermanager:298
[16:56:48.659] [lua] (Currently, there are 1 requests for layer vz_state_oiljob011_05_staging)  @mrxlayermanager:298
[16:56:48.667] [lua] (Currently, there are 1 requests for layer vz_state_oiljob012_01_pristine)  @mrxlayermanager:298
[16:56:48.677] [lua] (Currently, there are 1 requests for layer vz_state_oiljob012_01_staging)  @mrxlayermanager:298
[16:56:48.685] [lua] (Currently, there are 1 requests for layer vz_state_oiljob012_02_pristine)  @mrxlayermanager:298
[16:56:48.694] [lua] (Currently, there are 1 requests for layer vz_state_oiljob012_02_staging)  @mrxlayermanager:298
[16:56:48.702] [lua] (Currently, there are 1 requests for layer vz_state_oiljob012_03_pristine)  @mrxlayermanager:298
[16:56:48.710] [lua] (Currently, there are 1 requests for layer vz_state_oiljob012_03_staging)  @mrxlayermanager:298
[16:56:48.721] [lua] (Currently, there are 1 requests for layer vz_state_oiljob012_04_pristine)  @mrxlayermanager:298
[16:56:48.729] [lua] (Currently, there are 1 requests for layer vz_state_oiljob012_04_staging)  @mrxlayermanager:298
[16:56:48.737] [lua] (Currently, there are 1 requests for layer vz_state_oiljob012_05_pristine)  @mrxlayermanager:298
[16:56:48.745] [lua] (Currently, there are 1 requests for layer vz_state_oiljob012_05_staging)  @mrxlayermanager:298
[16:56:48.756] [lua] (Currently, there are 1 requests for layer vz_state_pircon004_pristine)  @mrxlayermanager:298
[16:56:48.765] [lua] (Currently, there are 1 requests for layer vz_state_pirjob002_01_pristine)  @mrxlayermanager:298
[16:56:48.774] [lua] (Currently, there are 1 requests for layer vz_state_pirjob002_01_staging)  @mrxlayermanager:298
[16:56:48.783] [lua] (Currently, there are 1 requests for layer vz_state_pirjob002_02_pristine)  @mrxlayermanager:298
[16:56:48.791] [lua] (Currently, there are 1 requests for layer vz_state_pirjob002_02_staging)  @mrxlayermanager:298
[16:56:48.800] [lua] (Currently, there are 1 requests for layer vz_state_pirjob002_03_pristine)  @mrxlayermanager:298
[16:56:48.809] [lua] (Currently, there are 1 requests for layer vz_state_pirjob002_03_staging)  @mrxlayermanager:298
[16:56:48.817] [lua] (Currently, there are 1 requests for layer vz_state_pirjob007_a_pristine)  @mrxlayermanager:298
[16:56:48.825] [lua] (Currently, there are 1 requests for layer vz_state_pirjob007_a_staging)  @mrxlayermanager:298
[16:56:48.837] [lua] (Currently, there are 1 requests for layer vz_state_pirjob007_b_pristine)  @mrxlayermanager:298
[16:56:48.845] [lua] (Currently, there are 1 requests for layer vz_state_pirjob007_b_staging)  @mrxlayermanager:298
[16:56:48.857] [lua] (Currently, there are 1 requests for layer vz_state_pirjob007_c_pristine)  @mrxlayermanager:298
[16:56:48.865] [lua] (Currently, there are 1 requests for layer vz_state_pirjob007_c_staging)  @mrxlayermanager:298
[16:56:48.876] [lua] (Currently, there are 1 requests for layer vz_state_pirjob007_e_pristine)  @mrxlayermanager:298
[16:56:48.885] [lua] (Currently, there are 1 requests for layer vz_state_pirjob007_e_staging)  @mrxlayermanager:298
[16:56:48.894] [lua] (Currently, there are 1 requests for layer vz_state_pirjob007_f_pristine)  @mrxlayermanager:298
[16:56:48.903] [lua] (Currently, there are 1 requests for layer vz_state_pirjob007_f_staging)  @mrxlayermanager:298
[16:56:48.913] [lua] (Currently, there are 1 requests for layer vz_state_pirjob007_g_pristine)  @mrxlayermanager:298
[16:56:48.922] [lua] (Currently, there are 1 requests for layer vz_state_pirjob007_g_staging)  @mrxlayermanager:298
[16:56:48.930] [lua] (Currently, there are 1 requests for layer vz_state_pirjob012_02_pristine)  @mrxlayermanager:298
[16:56:48.939] [lua] (Currently, there are 1 requests for layer vz_state_pirjob012_05_pristine)  @mrxlayermanager:298
[16:56:48.947] [lua] (Currently, there are 1 requests for layer vz_state_pirjob012_05_staging)  @mrxlayermanager:298
[16:56:48.957] [lua] (Currently, there are 1 requests for layer vz_state_pirjob012_06_pristine)  @mrxlayermanager:298
[16:56:48.965] [lua] (Currently, there are 1 requests for layer vz_state_pirjob012_06_staging)  @mrxlayermanager:298
[16:56:48.974] [lua] (Currently, there are 1 requests for layer vz_state_pirjob012_07_pristine)  @mrxlayermanager:298
[16:56:48.983] [lua] (Currently, there are 1 requests for layer vz_state_pirjob012_07_staging)  @mrxlayermanager:298
[16:56:48.992] [lua] (Currently, there are 1 requests for layer vz_state_pirjob012_08_pristine)  @mrxlayermanager:298
[16:56:49.000] [lua] (Currently, there are 1 requests for layer vz_state_pirjob012_08_staging)  @mrxlayermanager:298
[16:56:49.012] [lua] (Currently, there are 1 requests for layer vz_state_pirjob012_09_pristine)  @mrxlayermanager:298
[16:56:49.021] [lua] (Currently, there are 1 requests for layer vz_state_pirjob012_09_staging)  @mrxlayermanager:298
[16:56:49.029] [lua] (Currently, there are 1 requests for layer vz_state_pirjob012_10_pristine)  @mrxlayermanager:298
[16:56:49.038] [lua] (Currently, there are 1 requests for layer vz_state_pirjob012_10_staging)  @mrxlayermanager:298
[16:56:49.047] [lua] (Currently, there are 1 requests for layer vz_state_pmc)  @mrxlayermanager:298
[16:56:49.055] [lua] (Currently, there are 1 requests for layer vz_state_pmc_pristine)  @mrxlayermanager:298
[16:56:49.064] [lua] (Currently, there are 1 requests for layer vz_state_pmccon001)  @mrxlayermanager:298
[16:56:49.074] [lua] (Currently, there are 1 requests for layer vz_state_pmccon001_villasoldiers)  @mrxlayermanager:298
[16:56:49.082] [lua] (Currently, there are 1 requests for layer vz_state_sol_base_pristine)  @mrxlayermanager:298
[16:56:49.091] [lua] (Currently, there are 1 requests for layer vz_state_sol_bunker)  @mrxlayermanager:298
[16:56:49.099] [lua] (Currently, there are 1 requests for layer vz_state_staging_oildepot)  @mrxlayermanager:298
[16:56:49.108] [lua] (Currently, there are 1 requests for layer vz_state_staging_oilhq)  @mrxlayermanager:298
[16:56:49.119] [lua] (Currently, there are 1 requests for layer vz_state_staging_pirhq)  @mrxlayermanager:298
[16:56:49.128] [lua] (Currently, there are 1 requests for layer vz_state_vza_con001)  @mrxlayermanager:298
[16:56:49.136] [lua] (Currently, there are 1 requests for layer vz_state_vzacon001_pregate1)  @mrxlayermanager:298
[16:56:49.145] [lua] (Currently, there are 1 requests for layer vz_state_vzacon001_pregate2)  @mrxlayermanager:298
[16:56:49.154] [lua] (Currently, there are 1 requests for layer vz_state_vzacon001_ruined)  @mrxlayermanager:298
[16:56:49.163] [lua] (nPendingOps = 420)  @mrxlayermanager:324
[16:56:49.172] [lua] Setting asset request max to 420  @mrxlayermanager:338
[16:56:49.802] [lua] Request fulfilled: Load layer vz_all_job005_d (static: nil)  @mrxlayermanager:446
[16:56:49.812] [lua] Layer request 1: 1 of 170 complete  @mrxlayermanager:479
[16:56:49.821] [lua] Culling op for layer vz_all_job005_d!  @mrxlayermanager:318
[16:56:49.829] [lua] (nPendingOps = 419)  @mrxlayermanager:324
[16:56:49.838] [lua] Loading vz_state_gurjob012_02_pristine (static: false)  @mrxlayermanager:375
[16:56:49.847] [lua] true	Unable to load layer vz_state_gurjob012_02_pristine  @mrxlayermanager:403
[16:56:49.855] [lua] Request fulfilled: Load layer vz_mar_city (static: nil)  @mrxlayermanager:446
[16:56:49.865] [lua] Layer request 1: 2 of 170 complete  @mrxlayermanager:479
[16:56:49.873] [lua] Culling op for layer vz_mar_city!  @mrxlayermanager:318
[16:56:49.882] [lua] (nPendingOps = 418)  @mrxlayermanager:324
[16:56:49.891] [lua] Loading vz_state_car_city_pristine (static: false)  @mrxlayermanager:375
[16:56:49.900] [lua] true	Unable to load layer vz_state_car_city_pristine  @mrxlayermanager:403
[16:56:49.908] [lua] Request fulfilled: Load layer vz_caracas_tiny (static: nil)  @mrxlayermanager:446
[16:56:49.922] [lua] Layer request 1: 3 of 170 complete  @mrxlayermanager:479
[16:56:49.931] [lua] Culling op for layer vz_caracas_tiny!  @mrxlayermanager:318
[16:56:49.941] [lua] (nPendingOps = 417)  @mrxlayermanager:324
[16:56:49.949] [lua] Loading vz_state_gurjob11_04 (static: false)  @mrxlayermanager:375
[16:56:49.959] [lua] true	Unable to load layer vz_state_gurjob11_04  @mrxlayermanager:403
[16:56:49.969] [lua] Request fulfilled: Load layer vz_landingzone (static: nil)  @mrxlayermanager:446
[16:56:49.982] [lua] Layer request 1: 4 of 170 complete  @mrxlayermanager:479
[16:56:49.991] [lua] Culling op for layer vz_landingzone!  @mrxlayermanager:318
[16:56:50.000] [lua] (nPendingOps = 416)  @mrxlayermanager:324
[16:56:50.008] [lua] Loading vz_state_oiljob008_g_pristine (static: false)  @mrxlayermanager:375
[16:56:50.017] [lua] true	Unable to load layer vz_state_oiljob008_g_pristine  @mrxlayermanager:403
[16:56:50.027] [lua] Request fulfilled: Load layer vz_pirate_isles_foilage (static: nil)  @mrxlayermanager:446
[16:56:50.037] [lua] Layer request 1: 5 of 170 complete  @mrxlayermanager:479
[16:56:50.045] [lua] Culling op for layer vz_pirate_isles_foilage!  @mrxlayermanager:318
[16:56:50.054] [lua] (nPendingOps = 415)  @mrxlayermanager:324
[16:56:50.063] [lua] Loading vz_state_sol_bunker (static: false)  @mrxlayermanager:375
[16:56:50.072] [lua] true	Unable to load layer vz_state_sol_bunker  @mrxlayermanager:403
[16:56:50.081] [lua] Request fulfilled: Load layer vz_mer_white (static: nil)  @mrxlayermanager:446
[16:56:50.089] [lua] Layer request 1: 6 of 170 complete  @mrxlayermanager:479
[16:56:50.098] [lua] Culling op for layer vz_mer_white!  @mrxlayermanager:318
[16:56:50.106] [lua] (nPendingOps = 414)  @mrxlayermanager:324
[16:56:50.115] [lua] Loading vz_state_oiljob008_f_pristine (static: false)  @mrxlayermanager:375
[16:56:50.124] [lua] true	Unable to load layer vz_state_oiljob008_f_pristine  @mrxlayermanager:403
[16:56:50.132] [lua] Request fulfilled: Load layer vz_commonlocations (static: nil)  @mrxlayermanager:446
[16:56:50.143] [lua] Layer request 1: 7 of 170 complete  @mrxlayermanager:479
[16:56:50.152] [lua] Culling op for layer vz_commonlocations!  @mrxlayermanager:318
[16:56:50.163] [lua] (nPendingOps = 413)  @mrxlayermanager:324
[16:56:50.172] [lua] Loading vz_state_gurcon001_pristine (static: false)  @mrxlayermanager:375
[16:56:50.182] [lua] true	Unable to load layer vz_state_gurcon001_pristine  @mrxlayermanager:403
[16:56:50.190] [lua] Request fulfilled: Load layer vz_terrain (static: nil)  @mrxlayermanager:446
[16:56:50.199] [lua] Layer request 1: 8 of 170 complete  @mrxlayermanager:479
[16:56:50.207] [lua] Culling op for layer vz_terrain!  @mrxlayermanager:318
[16:56:50.215] [lua] (nPendingOps = 412)  @mrxlayermanager:324
[16:56:50.226] [lua] Loading vz_merida_roads (static: true)  @mrxlayermanager:375
[16:56:50.235] [lua] true	Unable to load layer vz_merida_roads  @mrxlayermanager:403
[16:56:50.244] [lua] Request fulfilled: Load layer vz_oil_job008_d (static: nil)  @mrxlayermanager:446
[16:56:50.252] [lua] Layer request 1: 9 of 170 complete  @mrxlayermanager:479
[16:56:50.261] [lua] Culling op for layer vz_oil_job008_d!  @mrxlayermanager:318
[16:56:50.270] [lua] (nPendingOps = 411)  @mrxlayermanager:324
[16:56:50.284] [lua] Loading vz_state_vzacon001_pregate1 (static: false)  @mrxlayermanager:375
[16:56:50.293] [lua] true	Unable to load layer vz_state_vzacon001_pregate1  @mrxlayermanager:403
[16:56:50.302] [lua] Request fulfilled: Load layer vz_oil_job001 (static: nil)  @mrxlayermanager:446
[16:56:50.310] [lua] Layer request 1: 10 of 170 complete  @mrxlayermanager:479
[16:56:50.319] [lua] Culling op for layer vz_oil_job001!  @mrxlayermanager:318
[16:56:50.328] [lua] (nPendingOps = 410)  @mrxlayermanager:324
[16:56:50.338] [lua] Loading vz_pir_hq (static: true)  @mrxlayermanager:375
[16:56:50.347] [lua] true	Unable to load layer vz_pir_hq  @mrxlayermanager:403
[16:56:50.360] [lua] Request fulfilled: Load layer vz_merida_roads (static: nil)  @mrxlayermanager:446
[16:56:50.368] [lua] Layer request 1: 11 of 170 complete  @mrxlayermanager:479
[16:56:50.377] [lua] Culling op for layer vz_merida_roads!  @mrxlayermanager:318
[16:56:50.388] [lua] (nPendingOps = 409)  @mrxlayermanager:324
[16:56:50.397] [lua] Loading vz_state_chijob006_a_pristine (static: false)  @mrxlayermanager:375
[16:56:50.408] [lua] true	Unable to load layer vz_state_chijob006_a_pristine  @mrxlayermanager:403
[16:56:50.417] [lua] Request fulfilled: Load layer vz_pir_hq (static: nil)  @mrxlayermanager:446
[16:56:50.426] [lua] Layer request 1: 12 of 170 complete  @mrxlayermanager:479
[16:56:50.435] [lua] Culling op for layer vz_pir_hq!  @mrxlayermanager:318
[16:56:50.443] [lua] (nPendingOps = 408)  @mrxlayermanager:324
[16:56:50.452] [lua] Loading vz_cumana_scrub (static: true)  @mrxlayermanager:375
[16:56:50.463] [lua] true	Unable to load layer vz_cumana_scrub  @mrxlayermanager:403
[16:56:50.474] [lua] Request fulfilled: Load layer vz_state_gurcon001_pristine (static: nil)  @mrxlayermanager:446
[16:56:50.483] [lua] Layer request 2: 1 of 250 complete  @mrxlayermanager:479
[16:56:50.493] [lua] Culling op for layer vz_state_gurcon001_pristine!  @mrxlayermanager:318
[16:56:50.503] [lua] (nPendingOps = 407)  @mrxlayermanager:324
[16:56:50.511] [lua] Loading vz_chi_job006_d (static: true)  @mrxlayermanager:375
[16:56:50.520] [lua] true	Unable to load layer vz_chi_job006_d  @mrxlayermanager:403
[16:56:50.529] [lua] Request fulfilled: Load layer vz_cumana_scrub (static: nil)  @mrxlayermanager:446
[16:56:50.538] [lua] Layer request 1: 13 of 170 complete  @mrxlayermanager:479
[16:56:50.547] [lua] Culling op for layer vz_cumana_scrub!  @mrxlayermanager:318
[16:56:50.556] [lua] (nPendingOps = 406)  @mrxlayermanager:324
[16:56:50.568] [lua] Loading vz_state_gurjob007_03 (static: false)  @mrxlayermanager:375
[16:56:50.577] [lua] true	Unable to load layer vz_state_gurjob007_03  @mrxlayermanager:403
[16:56:50.587] [lua] Request fulfilled: Load layer vz_state_gurjob012_02_pristine (static: nil)  @mrxlayermanager:446
[16:56:50.597] [lua] Layer request 2: 2 of 250 complete  @mrxlayermanager:479
[16:56:50.605] [lua] Culling op for layer vz_state_gurjob012_02_pristine!  @mrxlayermanager:318
[16:56:50.614] [lua] (nPendingOps = 405)  @mrxlayermanager:324
[16:56:50.623] [lua] Loading vz_state_chijob002_03_pristine (static: false)  @mrxlayermanager:375
[16:56:50.633] [lua] true	Unable to load layer vz_state_chijob002_03_pristine  @mrxlayermanager:403
[16:56:50.642] [lua] Request fulfilled: Load layer vz_chi_job006_d (static: nil)  @mrxlayermanager:446
[16:56:50.650] [lua] Layer request 1: 14 of 170 complete  @mrxlayermanager:479
[16:56:50.659] [lua] Culling op for layer vz_chi_job006_d!  @mrxlayermanager:318
[16:56:50.668] [lua] (nPendingOps = 404)  @mrxlayermanager:324
[16:56:50.678] [lua] Loading vz_state_oiljob008_k_staging (static: false)  @mrxlayermanager:375
[16:56:50.687] [lua] true	Unable to load layer vz_state_oiljob008_k_staging  @mrxlayermanager:403
[16:56:50.697] [lua] Request fulfilled: Load layer vz_state_oiljob008_f_pristine (static: nil)  @mrxlayermanager:446
[16:56:50.709] [lua] Layer request 2: 3 of 250 complete  @mrxlayermanager:479
[16:56:50.717] [lua] Culling op for layer vz_state_oiljob008_f_pristine!  @mrxlayermanager:318
[16:56:50.725] [lua] (nPendingOps = 403)  @mrxlayermanager:324
[16:56:50.735] [lua] Loading vz_state_oiljob008_j_staging (static: false)  @mrxlayermanager:375
[16:56:50.745] [lua] true	Unable to load layer vz_state_oiljob008_j_staging  @mrxlayermanager:403
[16:56:50.755] [lua] Request fulfilled: Load layer vz_state_gurjob007_03 (static: nil)  @mrxlayermanager:446
[16:56:50.765] [lua] Layer request 2: 4 of 250 complete  @mrxlayermanager:479
[16:56:50.774] [lua] Culling op for layer vz_state_gurjob007_03!  @mrxlayermanager:318
[16:56:50.783] [lua] (nPendingOps = 402)  @mrxlayermanager:324
[16:56:50.791] [lua] Loading vz_state_chijob010_01_pristine (static: false)  @mrxlayermanager:375
[16:56:50.800] [lua] true	Unable to load layer vz_state_chijob010_01_pristine  @mrxlayermanager:403
[16:56:50.814] [lua] Request fulfilled: Load layer vz_state_vzacon001_pregate1 (static: nil)  @mrxlayermanager:446
[16:56:50.823] [lua] Layer request 2: 5 of 250 complete  @mrxlayermanager:479
[16:56:50.831] [lua] Culling op for layer vz_state_vzacon001_pregate1!  @mrxlayermanager:318
[16:56:50.840] [lua] (nPendingOps = 401)  @mrxlayermanager:324
[16:56:50.849] [lua] Loading vz_state_chijob005_d_pristine (static: false)  @mrxlayermanager:375
[16:56:50.863] [lua] true	Unable to load layer vz_state_chijob005_d_pristine  @mrxlayermanager:403
[16:56:50.873] [lua] Request fulfilled: Load layer vz_state_gurjob11_04 (static: nil)  @mrxlayermanager:446
[16:56:50.881] [lua] Layer request 2: 6 of 250 complete  @mrxlayermanager:479
[16:56:50.893] [lua] Culling op for layer vz_state_gurjob11_04!  @mrxlayermanager:318
[16:56:50.902] [lua] (nPendingOps = 400)  @mrxlayermanager:324
[16:56:50.911] [lua] Loading vz_state_alljob002_04_staging (static: false)  @mrxlayermanager:375
[16:56:50.923] [lua] true	Unable to load layer vz_state_alljob002_04_staging  @mrxlayermanager:403
[16:56:50.937] [lua] Request fulfilled: Load layer vz_state_car_city_pristine (static: nil)  @mrxlayermanager:446
[16:56:50.947] [lua] Layer request 2: 7 of 250 complete  @mrxlayermanager:479
[16:56:50.958] [lua] Culling op for layer vz_state_car_city_pristine!  @mrxlayermanager:318
[16:56:50.967] [lua] (nPendingOps = 399)  @mrxlayermanager:324
[16:56:50.975] [lua] Loading vz_state_chijob005_g_pristine (static: false)  @mrxlayermanager:375
[16:56:50.985] [lua] true	Unable to load layer vz_state_chijob005_g_pristine  @mrxlayermanager:403
[16:56:50.995] [lua] Request fulfilled: Load layer vz_state_oiljob008_j_staging (static: nil)  @mrxlayermanager:446
[16:56:51.004] [lua] Layer request 2: 8 of 250 complete  @mrxlayermanager:479
[16:56:51.013] [lua] Culling op for layer vz_state_oiljob008_j_staging!  @mrxlayermanager:318
[16:56:51.022] [lua] (nPendingOps = 398)  @mrxlayermanager:324
[16:56:51.031] [lua] Loading vz_state_chi_hq_structures (static: false)  @mrxlayermanager:375
[16:56:51.040] [lua] true	Unable to load layer vz_state_chi_hq_structures  @mrxlayermanager:403
[16:56:51.051] [lua] Request fulfilled: Load layer vz_state_sol_bunker (static: nil)  @mrxlayermanager:446
[16:56:51.059] [lua] Layer request 2: 9 of 250 complete  @mrxlayermanager:479
[16:56:51.069] [lua] Culling op for layer vz_state_sol_bunker!  @mrxlayermanager:318
[16:56:51.078] [lua] (nPendingOps = 397)  @mrxlayermanager:324
[16:56:51.086] [lua] Loading vz_pir_job012_g (static: true)  @mrxlayermanager:375
[16:56:51.095] [lua] true	Unable to load layer vz_pir_job012_g  @mrxlayermanager:403
[16:56:51.110] [lua] Request fulfilled: Load layer vz_state_chijob002_03_pristine (static: nil)  @mrxlayermanager:446
[16:56:51.118] [lua] Layer request 2: 10 of 250 complete  @mrxlayermanager:479
[16:56:51.127] [lua] Culling op for layer vz_state_chijob002_03_pristine!  @mrxlayermanager:318
[16:56:51.135] [lua] (nPendingOps = 396)  @mrxlayermanager:324
[16:56:51.144] [lua] Loading vz_all_job010_a (static: true)  @mrxlayermanager:375
[16:56:51.153] [lua] true	Unable to load layer vz_all_job010_a  @mrxlayermanager:403
[16:56:51.162] [lua] Request fulfilled: Load layer vz_pir_job012_g (static: nil)  @mrxlayermanager:446
[16:56:51.171] [lua] Layer request 1: 15 of 170 complete  @mrxlayermanager:479
[16:56:51.180] [lua] Culling op for layer vz_pir_job012_g!  @mrxlayermanager:318
[16:56:51.190] [lua] (nPendingOps = 395)  @mrxlayermanager:324
[16:56:51.199] [lua] Loading vz_state_merida_act1 (static: false)  @mrxlayermanager:375
[16:56:51.207] [lua] true	Unable to load layer vz_state_merida_act1  @mrxlayermanager:403
[16:56:51.217] [lua] Request fulfilled: Load layer vz_all_job010_a (static: nil)  @mrxlayermanager:446
[16:56:51.226] [lua] Layer request 1: 16 of 170 complete  @mrxlayermanager:479
[16:56:51.237] [lua] Culling op for layer vz_all_job010_a!  @mrxlayermanager:318
[16:56:51.245] [lua] (nPendingOps = 394)  @mrxlayermanager:324
[16:56:51.257] [lua] Loading vz_state_gurcon002_pristine (static: false)  @mrxlayermanager:375
[16:56:51.265] [lua] true	Unable to load layer vz_state_gurcon002_pristine  @mrxlayermanager:403
[16:56:51.275] [lua] Request fulfilled: Load layer vz_state_oiljob008_k_staging (static: nil)  @mrxlayermanager:446
[16:56:51.284] [lua] Layer request 2: 11 of 250 complete  @mrxlayermanager:479
[16:56:51.292] [lua] Culling op for layer vz_state_oiljob008_k_staging!  @mrxlayermanager:318
[16:56:51.301] [lua] (nPendingOps = 393)  @mrxlayermanager:324
[16:56:51.309] [lua] Loading vz_boundary_regions (static: true)  @mrxlayermanager:375
[16:56:51.318] [lua] true	Unable to load layer vz_boundary_regions  @mrxlayermanager:403
[16:56:51.329] [lua] Request fulfilled: Load layer vz_boundary_regions (static: nil)  @mrxlayermanager:446
[16:56:51.338] [lua] Layer request 1: 17 of 170 complete  @mrxlayermanager:479
[16:56:51.347] [lua] Culling op for layer vz_boundary_regions!  @mrxlayermanager:318
[16:56:51.356] [lua] (nPendingOps = 392)  @mrxlayermanager:324
[16:56:51.365] [lua] Loading vz_maracaibo_tiny (static: true)  @mrxlayermanager:375
[16:56:51.374] [lua] true	Unable to load layer vz_maracaibo_tiny  @mrxlayermanager:403
[16:56:51.386] [lua] Request fulfilled: Load layer vz_state_chijob006_a_pristine (static: nil)  @mrxlayermanager:446
[16:56:51.395] [lua] Layer request 2: 12 of 250 complete  @mrxlayermanager:479
[16:56:51.404] [lua] Culling op for layer vz_state_chijob006_a_pristine!  @mrxlayermanager:318
[16:56:51.413] [lua] (nPendingOps = 391)  @mrxlayermanager:324
[16:56:51.422] [lua] Loading vz_state_oiljob008_c_pristine (static: false)  @mrxlayermanager:375
[16:56:51.430] [lua] true	Unable to load layer vz_state_oiljob008_c_pristine  @mrxlayermanager:403
[16:56:51.441] [lua] Request fulfilled: Load layer vz_maracaibo_tiny (static: nil)  @mrxlayermanager:446
[16:56:51.449] [lua] Layer request 1: 18 of 170 complete  @mrxlayermanager:479
[16:56:51.458] [lua] Culling op for layer vz_maracaibo_tiny!  @mrxlayermanager:318
[16:56:51.467] [lua] (nPendingOps = 390)  @mrxlayermanager:324
[16:56:51.475] [lua] Loading vz_state_gurjob11_05 (static: false)  @mrxlayermanager:375
[16:56:51.484] [lua] true	Unable to load layer vz_state_gurjob11_05  @mrxlayermanager:403
[16:56:51.494] [lua] Request fulfilled: Load layer vz_state_oiljob008_g_pristine (static: nil)  @mrxlayermanager:446
[16:56:51.503] [lua] Layer request 2: 13 of 250 complete  @mrxlayermanager:479
[16:56:51.512] [lua] Culling op for layer vz_state_oiljob008_g_pristine!  @mrxlayermanager:318
[16:56:51.523] [lua] (nPendingOps = 389)  @mrxlayermanager:324
[16:56:51.533] [lua] Loading vz_state_allcon001_pristine (static: false)  @mrxlayermanager:375
[16:56:51.541] [lua] true	Unable to load layer vz_state_allcon001_pristine  @mrxlayermanager:403
[16:56:51.552] [lua] Request fulfilled: Load layer vz_state_alljob002_04_staging (static: nil)  @mrxlayermanager:446
[16:56:51.561] [lua] Layer request 2: 14 of 250 complete  @mrxlayermanager:479
[16:56:51.571] [lua] Culling op for layer vz_state_alljob002_04_staging!  @mrxlayermanager:318
[16:56:51.581] [lua] (nPendingOps = 388)  @mrxlayermanager:324
[16:56:51.590] [lua] Loading vz_gua_vzbase (static: true)  @mrxlayermanager:375
[16:56:51.598] [lua] true	Unable to load layer vz_gua_vzbase  @mrxlayermanager:403
[16:56:51.611] [lua] Request fulfilled: Load layer vz_gua_vzbase (static: nil)  @mrxlayermanager:446
[16:56:51.620] [lua] Layer request 1: 19 of 170 complete  @mrxlayermanager:479
[16:56:51.635] [lua] Culling op for layer vz_gua_vzbase!  @mrxlayermanager:318
[16:56:51.644] [lua] (nPendingOps = 387)  @mrxlayermanager:324
[16:56:51.653] [lua] Loading vz_state_alljob002_05_staging (static: false)  @mrxlayermanager:375
[16:56:51.662] [lua] true	Unable to load layer vz_state_alljob002_05_staging  @mrxlayermanager:403
[16:56:51.671] [lua] Request fulfilled: Load layer vz_state_chijob010_01_pristine (static: nil)  @mrxlayermanager:446
[16:56:51.680] [lua] Layer request 2: 15 of 250 complete  @mrxlayermanager:479
[16:56:51.690] [lua] Culling op for layer vz_state_chijob010_01_pristine!  @mrxlayermanager:318
[16:56:51.703] [lua] (nPendingOps = 386)  @mrxlayermanager:324
[16:56:51.715] [lua] Loading vz_gur_job002_c (static: true)  @mrxlayermanager:375
[16:56:51.724] [lua] true	Unable to load layer vz_gur_job002_c  @mrxlayermanager:403
[16:56:51.736] [lua] Request fulfilled: Load layer vz_state_oiljob008_c_pristine (static: nil)  @mrxlayermanager:446
[16:56:51.746] [lua] Layer request 2: 16 of 250 complete  @mrxlayermanager:479
[16:56:51.755] [lua] Culling op for layer vz_state_oiljob008_c_pristine!  @mrxlayermanager:318
[16:56:51.768] [lua] (nPendingOps = 385)  @mrxlayermanager:324
[16:56:51.776] [lua] Loading vz_state_pirjob007_f_staging (static: false)  @mrxlayermanager:375
[16:56:51.785] [lua] true	Unable to load layer vz_state_pirjob007_f_staging  @mrxlayermanager:403
[16:56:51.794] [lua] Request fulfilled: Load layer vz_gur_job002_c (static: nil)  @mrxlayermanager:446
[16:56:51.802] [lua] Layer request 1: 20 of 170 complete  @mrxlayermanager:479
[16:56:51.812] [lua] Culling op for layer vz_gur_job002_c!  @mrxlayermanager:318
[16:56:51.820] [lua] (nPendingOps = 384)  @mrxlayermanager:324
[16:56:51.829] [lua] Loading vz_watersounds (static: true)  @mrxlayermanager:375
[16:56:51.838] [lua] true	Unable to load layer vz_watersounds  @mrxlayermanager:403
[16:56:51.848] [lua] Request fulfilled: Load layer vz_state_merida_act1 (static: nil)  @mrxlayermanager:446
[16:56:51.856] [lua] Layer request 2: 17 of 250 complete  @mrxlayermanager:479
[16:56:51.865] [lua] Culling op for layer vz_state_merida_act1!  @mrxlayermanager:318
[16:56:51.875] [lua] (nPendingOps = 383)  @mrxlayermanager:324
[16:56:51.885] [lua] Loading vz_state_alljob001_02_pristine (static: false)  @mrxlayermanager:375
[16:56:51.894] [lua] true	Unable to load layer vz_state_alljob001_02_pristine  @mrxlayermanager:403
[16:56:51.905] [lua] Request fulfilled: Load layer vz_watersounds (static: nil)  @mrxlayermanager:446
[16:56:51.913] [lua] Layer request 1: 21 of 170 complete  @mrxlayermanager:479
[16:56:51.923] [lua] Culling op for layer vz_watersounds!  @mrxlayermanager:318
[16:56:51.934] [lua] (nPendingOps = 382)  @mrxlayermanager:324
[16:56:51.943] [lua] Loading vz_state_oc_depot_pristine (static: false)  @mrxlayermanager:375
[16:56:51.953] [lua] true	Unable to load layer vz_state_oc_depot_pristine  @mrxlayermanager:403
[16:56:51.963] [lua] Request fulfilled: Load layer vz_state_pirjob007_f_staging (static: nil)  @mrxlayermanager:446
[16:56:51.975] [lua] Layer request 2: 18 of 250 complete  @mrxlayermanager:479
[16:56:51.985] [lua] Culling op for layer vz_state_pirjob007_f_staging!  @mrxlayermanager:318
[16:56:51.993] [lua] (nPendingOps = 381)  @mrxlayermanager:324
[16:56:52.002] [lua] Loading vz_mar_foilage (static: true)  @mrxlayermanager:375
[16:56:52.011] [lua] true	Unable to load layer vz_mar_foilage  @mrxlayermanager:403
[16:56:52.021] [lua] Request fulfilled: Load layer vz_state_chi_hq_structures (static: nil)  @mrxlayermanager:446
[16:56:52.030] [lua] Layer request 2: 19 of 250 complete  @mrxlayermanager:479
[16:56:52.039] [lua] Culling op for layer vz_state_chi_hq_structures!  @mrxlayermanager:318
[16:56:52.047] [lua] (nPendingOps = 380)  @mrxlayermanager:324
[16:56:52.056] [lua] Loading vz_pir_job012_f (static: true)  @mrxlayermanager:375
[16:56:52.068] [lua] true	Unable to load layer vz_pir_job012_f  @mrxlayermanager:403
[16:56:52.077] [lua] Request fulfilled: Load layer vz_mar_foilage (static: nil)  @mrxlayermanager:446
[16:56:52.086] [lua] Layer request 1: 22 of 170 complete  @mrxlayermanager:479
[16:56:52.095] [lua] Culling op for layer vz_mar_foilage!  @mrxlayermanager:318
[16:56:52.104] [lua] (nPendingOps = 379)  @mrxlayermanager:324
[16:56:52.112] [lua] Loading vz_mar_fortress (static: true)  @mrxlayermanager:375
[16:56:52.121] [lua] true	Unable to load layer vz_mar_fortress  @mrxlayermanager:403
[16:56:52.132] [lua] Request fulfilled: Load layer vz_pir_job012_f (static: nil)  @mrxlayermanager:446
[16:56:52.141] [lua] Layer request 1: 23 of 170 complete  @mrxlayermanager:479
[16:56:52.151] [lua] Culling op for layer vz_pir_job012_f!  @mrxlayermanager:318
[16:56:52.159] [lua] (nPendingOps = 378)  @mrxlayermanager:324
[16:56:52.168] [lua] Loading vz_pirate_isles_roads (static: true)  @mrxlayermanager:375
[16:56:52.178] [lua] true	Unable to load layer vz_pirate_isles_roads  @mrxlayermanager:403
[16:56:52.187] [lua] Request fulfilled: Load layer vz_mar_fortress (static: nil)  @mrxlayermanager:446
[16:56:52.195] [lua] Layer request 1: 24 of 170 complete  @mrxlayermanager:479
[16:56:52.204] [lua] Culling op for layer vz_mar_fortress!  @mrxlayermanager:318
[16:56:52.215] [lua] (nPendingOps = 377)  @mrxlayermanager:324
[16:56:52.225] [lua] Loading vz_state_pmc (static: false)  @mrxlayermanager:375
[16:56:52.233] [lua] true	Unable to load layer vz_state_pmc  @mrxlayermanager:403
[16:56:52.241] [lua] Request fulfilled: Load layer vz_state_chijob005_d_pristine (static: nil)  @mrxlayermanager:446
[16:56:52.251] [lua] Layer request 2: 20 of 250 complete  @mrxlayermanager:479
[16:56:52.259] [lua] Culling op for layer vz_state_chijob005_d_pristine!  @mrxlayermanager:318
[16:56:52.269] [lua] (nPendingOps = 376)  @mrxlayermanager:324
[16:56:52.278] [lua] Loading vz_state_mar_altagracia_act1 (static: false)  @mrxlayermanager:375
[16:56:52.285] [lua] true	Unable to load layer vz_state_mar_altagracia_act1  @mrxlayermanager:403
[16:56:52.296] [lua] Request fulfilled: Load layer vz_state_chijob005_g_pristine (static: nil)  @mrxlayermanager:446
[16:56:52.305] [lua] Layer request 2: 21 of 250 complete  @mrxlayermanager:479
[16:56:52.314] [lua] Culling op for layer vz_state_chijob005_g_pristine!  @mrxlayermanager:318
[16:56:52.322] [lua] (nPendingOps = 375)  @mrxlayermanager:324
[16:56:52.335] [lua] Loading vz_all_job002_c (static: true)  @mrxlayermanager:375
[16:56:52.344] [lua] true	Unable to load layer vz_all_job002_c  @mrxlayermanager:403
[16:56:52.352] [lua] Request fulfilled: Load layer vz_pirate_isles_roads (static: nil)  @mrxlayermanager:446
[16:56:52.362] [lua] Layer request 1: 25 of 170 complete  @mrxlayermanager:479
[16:56:52.371] [lua] Culling op for layer vz_pirate_isles_roads!  @mrxlayermanager:318
[16:56:52.380] [lua] (nPendingOps = 374)  @mrxlayermanager:324
[16:56:52.390] [lua] Loading vz_state_gurcon001_fortress (static: false)  @mrxlayermanager:375
[16:56:52.398] [lua] true	Unable to load layer vz_state_gurcon001_fortress  @mrxlayermanager:403
[16:56:52.409] [lua] Request fulfilled: Load layer vz_all_job002_c (static: nil)  @mrxlayermanager:446
[16:56:52.419] [lua] Layer request 1: 26 of 170 complete  @mrxlayermanager:479
[16:56:52.434] [lua] Culling op for layer vz_all_job002_c!  @mrxlayermanager:318
[16:56:52.443] [lua] (nPendingOps = 373)  @mrxlayermanager:324
[16:56:52.452] [lua] Loading vz_state_oiljob001_pristine (static: false)  @mrxlayermanager:375
[16:56:52.461] [lua] true	Unable to load layer vz_state_oiljob001_pristine  @mrxlayermanager:403
[16:56:52.469] [lua] Request fulfilled: Load layer vz_state_allcon001_pristine (static: nil)  @mrxlayermanager:446
[16:56:52.480] [lua] Layer request 2: 22 of 250 complete  @mrxlayermanager:479
[16:56:52.488] [lua] Culling op for layer vz_state_allcon001_pristine!  @mrxlayermanager:318
[16:56:52.500] [lua] (nPendingOps = 372)  @mrxlayermanager:324
[16:56:52.509] [lua] Loading vz_state_gurjob11_08 (static: false)  @mrxlayermanager:375
[16:56:52.519] [lua] true	Unable to load layer vz_state_gurjob11_08  @mrxlayermanager:403
[16:56:52.529] [lua] Request fulfilled: Load layer vz_state_gurcon002_pristine (static: nil)  @mrxlayermanager:446
[16:56:52.539] [lua] Layer request 2: 23 of 250 complete  @mrxlayermanager:479
[16:56:52.547] [lua] Culling op for layer vz_state_gurcon002_pristine!  @mrxlayermanager:318
[16:56:52.559] [lua] (nPendingOps = 371)  @mrxlayermanager:324
[16:56:52.568] [lua] Loading vz_state_angel_falls_act1 (static: false)  @mrxlayermanager:375
[16:56:52.576] [lua] true	Unable to load layer vz_state_angel_falls_act1  @mrxlayermanager:403
[16:56:52.587] [lua] Request fulfilled: Load layer vz_state_alljob001_02_pristine (static: nil)  @mrxlayermanager:446
[16:56:52.599] [lua] Layer request 2: 24 of 250 complete  @mrxlayermanager:479
[16:56:52.608] [lua] Culling op for layer vz_state_alljob001_02_pristine!  @mrxlayermanager:318
[16:56:52.616] [lua] (nPendingOps = 370)  @mrxlayermanager:324
[16:56:52.625] [lua] Loading vz_state_oiljob008_b_pristine (static: false)  @mrxlayermanager:375
[16:56:52.633] [lua] true	Unable to load layer vz_state_oiljob008_b_pristine  @mrxlayermanager:403
[16:56:52.643] [lua] Request fulfilled: Load layer vz_state_gurjob11_05 (static: nil)  @mrxlayermanager:446
[16:56:52.653] [lua] Layer request 2: 25 of 250 complete  @mrxlayermanager:479
[16:56:52.661] [lua] Culling op for layer vz_state_gurjob11_05!  @mrxlayermanager:318
[16:56:52.671] [lua] (nPendingOps = 369)  @mrxlayermanager:324
[16:56:52.680] [lua] Loading vz_cum_margarita (static: true)  @mrxlayermanager:375
[16:56:52.691] [lua] true	Unable to load layer vz_cum_margarita  @mrxlayermanager:403
[16:56:52.702] [lua] Request fulfilled: Load layer vz_state_alljob002_05_staging (static: nil)  @mrxlayermanager:446
[16:56:52.710] [lua] Layer request 2: 26 of 250 complete  @mrxlayermanager:479
[16:56:52.723] [lua] Culling op for layer vz_state_alljob002_05_staging!  @mrxlayermanager:318
[16:56:52.732] [lua] (nPendingOps = 368)  @mrxlayermanager:324
[16:56:52.740] [lua] Loading vz_state_gurjob008_02_pristine (static: false)  @mrxlayermanager:375
[16:56:52.748] [lua] true	Unable to load layer vz_state_gurjob008_02_pristine  @mrxlayermanager:403
[16:56:52.758] [lua] Request fulfilled: Load layer vz_cum_margarita (static: nil)  @mrxlayermanager:446
[16:56:52.766] [lua] Layer request 1: 27 of 170 complete  @mrxlayermanager:479
[16:56:52.777] [lua] Culling op for layer vz_cum_margarita!  @mrxlayermanager:318
[16:56:52.785] [lua] (nPendingOps = 367)  @mrxlayermanager:324
[16:56:52.794] [lua] Loading vz_state_chijob009_a_pristine (static: false)  @mrxlayermanager:375
[16:56:52.803] [lua] true	Unable to load layer vz_state_chijob009_a_pristine  @mrxlayermanager:403
[16:56:52.818] [lua] Request fulfilled: Load layer vz_state_oc_depot_pristine (static: nil)  @mrxlayermanager:446
[16:56:52.827] [lua] Layer request 2: 27 of 250 complete  @mrxlayermanager:479
[16:56:52.836] [lua] Culling op for layer vz_state_oc_depot_pristine!  @mrxlayermanager:318
[16:56:52.844] [lua] (nPendingOps = 366)  @mrxlayermanager:324
[16:56:52.853] [lua] Loading vz_merida_scrub (static: true)  @mrxlayermanager:375
[16:56:52.862] [lua] true	Unable to load layer vz_merida_scrub  @mrxlayermanager:403
[16:56:52.872] [lua] Request fulfilled: Load layer vz_state_chijob009_a_pristine (static: nil)  @mrxlayermanager:446
[16:56:52.885] [lua] Layer request 2: 28 of 250 complete  @mrxlayermanager:479
[16:56:52.895] [lua] Culling op for layer vz_state_chijob009_a_pristine!  @mrxlayermanager:318
[16:56:52.905] [lua] (nPendingOps = 365)  @mrxlayermanager:324
[16:56:52.913] [lua] Loading vz_state_gurjob002_04_staging (static: false)  @mrxlayermanager:375
[16:56:52.922] [lua] true	Unable to load layer vz_state_gurjob002_04_staging  @mrxlayermanager:403
[16:56:52.930] [lua] Request fulfilled: Load layer vz_merida_scrub (static: nil)  @mrxlayermanager:446
[16:56:52.938] [lua] Layer request 1: 28 of 170 complete  @mrxlayermanager:479
[16:56:52.949] [lua] Culling op for layer vz_merida_scrub!  @mrxlayermanager:318
[16:56:52.958] [lua] (nPendingOps = 364)  @mrxlayermanager:324
[16:56:52.966] [lua] Loading vz_gur_job002_b (static: true)  @mrxlayermanager:375
[16:56:52.975] [lua] true	Unable to load layer vz_gur_job002_b  @mrxlayermanager:403
[16:56:52.988] [lua] Request fulfilled: Load layer vz_state_pmc (static: nil)  @mrxlayermanager:446
[16:56:52.996] [lua] Layer request 2: 29 of 250 complete  @mrxlayermanager:479
[16:56:53.006] [lua] Culling op for layer vz_state_pmc!  @mrxlayermanager:318
[16:56:53.015] [lua] (nPendingOps = 363)  @mrxlayermanager:324
[16:56:53.024] [lua] Loading vz_state_pirjob007_e_pristine (static: false)  @mrxlayermanager:375
[16:56:53.032] [lua] true	Unable to load layer vz_state_pirjob007_e_pristine  @mrxlayermanager:403
[16:56:53.041] [lua] Request fulfilled: Load layer vz_gur_job002_b (static: nil)  @mrxlayermanager:446
[16:56:53.050] [lua] Layer request 1: 29 of 170 complete  @mrxlayermanager:479
[16:56:53.060] [lua] Culling op for layer vz_gur_job002_b!  @mrxlayermanager:318
[16:56:53.069] [lua] (nPendingOps = 362)  @mrxlayermanager:324
[16:56:53.077] [lua] Loading vz_state_alljob002_02_pristine (static: false)  @mrxlayermanager:375
[16:56:53.086] [lua] true	Unable to load layer vz_state_alljob002_02_pristine  @mrxlayermanager:403
[16:56:53.098] [lua] Request fulfilled: Load layer vz_state_mar_altagracia_act1 (static: nil)  @mrxlayermanager:446
[16:56:53.106] [lua] Layer request 2: 30 of 250 complete  @mrxlayermanager:479
[16:56:53.115] [lua] Culling op for layer vz_state_mar_altagracia_act1!  @mrxlayermanager:318
[16:56:53.124] [lua] (nPendingOps = 361)  @mrxlayermanager:324
[16:56:53.133] [lua] Loading vz_oil_job011_i (static: true)  @mrxlayermanager:375
[16:56:53.141] [lua] true	Unable to load layer vz_oil_job011_i  @mrxlayermanager:403
[16:56:53.153] [lua] Request fulfilled: Load layer vz_state_gurjob002_04_staging (static: nil)  @mrxlayermanager:446
[16:56:53.161] [lua] Layer request 2: 31 of 250 complete  @mrxlayermanager:479
[16:56:53.170] [lua] Culling op for layer vz_state_gurjob002_04_staging!  @mrxlayermanager:318
[16:56:53.178] [lua] (nPendingOps = 360)  @mrxlayermanager:324
[16:56:53.187] [lua] Loading vz_state_gurjob012_04_staging (static: false)  @mrxlayermanager:375
[16:56:53.196] [lua] true	Unable to load layer vz_state_gurjob012_04_staging  @mrxlayermanager:403
[16:56:53.206] [lua] Request fulfilled: Load layer vz_oil_job011_i (static: nil)  @mrxlayermanager:446
[16:56:53.216] [lua] Layer request 1: 30 of 170 complete  @mrxlayermanager:479
[16:56:53.225] [lua] Culling op for layer vz_oil_job011_i!  @mrxlayermanager:318
[16:56:53.233] [lua] (nPendingOps = 359)  @mrxlayermanager:324
[16:56:53.243] [lua] Loading vz_angel_falls_road (static: true)  @mrxlayermanager:375
[16:56:53.253] [lua] true	Unable to load layer vz_angel_falls_road  @mrxlayermanager:403
[16:56:53.263] [lua] Request fulfilled: Load layer vz_state_angel_falls_act1 (static: nil)  @mrxlayermanager:446
[16:56:53.272] [lua] Layer request 2: 32 of 250 complete  @mrxlayermanager:479
[16:56:53.280] [lua] Culling op for layer vz_state_angel_falls_act1!  @mrxlayermanager:318
[16:56:53.289] [lua] (nPendingOps = 358)  @mrxlayermanager:324
[16:56:53.298] [lua] Loading vz_chi_job002_b (static: true)  @mrxlayermanager:375
[16:56:53.307] [lua] true	Unable to load layer vz_chi_job002_b  @mrxlayermanager:403
[16:56:53.315] [lua] Request fulfilled: Load layer vz_angel_falls_road (static: nil)  @mrxlayermanager:446
[16:56:53.325] [lua] Layer request 1: 31 of 170 complete  @mrxlayermanager:479
[16:56:53.334] [lua] Culling op for layer vz_angel_falls_road!  @mrxlayermanager:318
[16:56:53.347] [lua] (nPendingOps = 357)  @mrxlayermanager:324
[16:56:53.357] [lua] Loading vz_state_gurjob11_01 (static: false)  @mrxlayermanager:375
[16:56:53.365] [lua] true	Unable to load layer vz_state_gurjob11_01  @mrxlayermanager:403
[16:56:53.382] [lua] Request fulfilled: Load layer vz_chi_job002_b (static: nil)  @mrxlayermanager:446
[16:56:53.391] [lua] Layer request 1: 32 of 170 complete  @mrxlayermanager:479
[16:56:53.400] [lua] Culling op for layer vz_chi_job002_b!  @mrxlayermanager:318
[16:56:53.409] [lua] (nPendingOps = 356)  @mrxlayermanager:324
[16:56:53.418] [lua] Loading vz_state_amazon_act1 (static: false)  @mrxlayermanager:375
[16:56:53.427] [lua] true	Unable to load layer vz_state_amazon_act1  @mrxlayermanager:403
[16:56:53.435] [lua] Request fulfilled: Load layer vz_state_oiljob008_b_pristine (static: nil)  @mrxlayermanager:446
[16:56:53.445] [lua] Layer request 2: 33 of 250 complete  @mrxlayermanager:479
[16:56:53.454] [lua] Culling op for layer vz_state_oiljob008_b_pristine!  @mrxlayermanager:318
[16:56:53.465] [lua] (nPendingOps = 355)  @mrxlayermanager:324
[16:56:53.476] [lua] Loading vz_state_pirjob012_07_staging (static: false)  @mrxlayermanager:375
[16:56:53.485] [lua] true	Unable to load layer vz_state_pirjob012_07_staging  @mrxlayermanager:403
[16:56:53.498] [lua] Request fulfilled: Load layer vz_state_gurjob11_08 (static: nil)  @mrxlayermanager:446
[16:56:53.507] [lua] Layer request 2: 34 of 250 complete  @mrxlayermanager:479
[16:56:53.515] [lua] Culling op for layer vz_state_gurjob11_08!  @mrxlayermanager:318
[16:56:53.524] [lua] (nPendingOps = 354)  @mrxlayermanager:324
[16:56:53.533] [lua] Loading vz_state_gurjob005_staging (static: false)  @mrxlayermanager:375
[16:56:53.541] [lua] true	Unable to load layer vz_state_gurjob005_staging  @mrxlayermanager:403
[16:56:53.551] [lua] Request fulfilled: Load layer vz_state_pirjob007_e_pristine (static: nil)  @mrxlayermanager:446
[16:56:53.561] [lua] Layer request 2: 35 of 250 complete  @mrxlayermanager:479
[16:56:53.570] [lua] Culling op for layer vz_state_pirjob007_e_pristine!  @mrxlayermanager:318
[16:56:53.579] [lua] (nPendingOps = 353)  @mrxlayermanager:324
[16:56:53.593] [lua] Loading vz_chi_job010_d (static: true)  @mrxlayermanager:375
[16:56:53.601] [lua] true	Unable to load layer vz_chi_job010_d  @mrxlayermanager:403
[16:56:53.612] [lua] Request fulfilled: Load layer vz_state_pirjob012_07_staging (static: nil)  @mrxlayermanager:446
[16:56:53.620] [lua] Layer request 2: 36 of 250 complete  @mrxlayermanager:479
[16:56:53.629] [lua] Culling op for layer vz_state_pirjob012_07_staging!  @mrxlayermanager:318
[16:56:53.638] [lua] (nPendingOps = 352)  @mrxlayermanager:324
[16:56:53.647] [lua] Loading vz_all_job005_a (static: true)  @mrxlayermanager:375
[16:56:53.655] [lua] true	Unable to load layer vz_all_job005_a  @mrxlayermanager:403
[16:56:53.664] [lua] Request fulfilled: Load layer vz_chi_job010_d (static: nil)  @mrxlayermanager:446
[16:56:53.677] [lua] Layer request 1: 33 of 170 complete  @mrxlayermanager:479
[16:56:53.686] [lua] Culling op for layer vz_chi_job010_d!  @mrxlayermanager:318
[16:56:53.695] [lua] (nPendingOps = 351)  @mrxlayermanager:324
[16:56:53.705] [lua] Loading vz_state_oiljob008_a_pristine (static: false)  @mrxlayermanager:375
[16:56:53.713] [lua] true	Unable to load layer vz_state_oiljob008_a_pristine  @mrxlayermanager:403
[16:56:53.724] [lua] Request fulfilled: Load layer vz_state_oiljob001_pristine (static: nil)  @mrxlayermanager:446
[16:56:53.733] [lua] Layer request 2: 37 of 250 complete  @mrxlayermanager:479
[16:56:53.742] [lua] Culling op for layer vz_state_oiljob001_pristine!  @mrxlayermanager:318
[16:56:53.753] [lua] (nPendingOps = 350)  @mrxlayermanager:324
[16:56:53.762] [lua] Loading vz_state_mar_outskirt_act1 (static: false)  @mrxlayermanager:375
[16:56:53.771] [lua] true	Unable to load layer vz_state_mar_outskirt_act1  @mrxlayermanager:403
[16:56:53.779] [lua] Request fulfilled: Load layer vz_all_job005_a (static: nil)  @mrxlayermanager:446
[16:56:53.789] [lua] Layer request 1: 34 of 170 complete  @mrxlayermanager:479
[16:56:53.799] [lua] Culling op for layer vz_all_job005_a!  @mrxlayermanager:318
[16:56:53.807] [lua] (nPendingOps = 349)  @mrxlayermanager:324
[16:56:53.816] [lua] Loading vz_state_oiljob008_l_staging (static: false)  @mrxlayermanager:375
[16:56:53.825] [lua] true	Unable to load layer vz_state_oiljob008_l_staging  @mrxlayermanager:403
[16:56:53.838] [lua] Request fulfilled: Load layer vz_state_gurcon001_fortress (static: nil)  @mrxlayermanager:446
[16:56:53.847] [lua] Layer request 2: 38 of 250 complete  @mrxlayermanager:479
[16:56:53.855] [lua] Culling op for layer vz_state_gurcon001_fortress!  @mrxlayermanager:318
[16:56:53.864] [lua] (nPendingOps = 348)  @mrxlayermanager:324
[16:56:53.877] [lua] Loading vz_merida_foilage (static: true)  @mrxlayermanager:375
[16:56:53.885] [lua] true	Unable to load layer vz_merida_foilage  @mrxlayermanager:403
[16:56:53.897] [lua] Request fulfilled: Load layer vz_merida_foilage (static: nil)  @mrxlayermanager:446
[16:56:53.906] [lua] Layer request 1: 35 of 170 complete  @mrxlayermanager:479
[16:56:53.915] [lua] Culling op for layer vz_merida_foilage!  @mrxlayermanager:318
[16:56:53.926] [lua] (nPendingOps = 347)  @mrxlayermanager:324
[16:56:53.935] [lua] Loading vz_state_oiljob008_l_pristine (static: false)  @mrxlayermanager:375
[16:56:53.944] [lua] true	Unable to load layer vz_state_oiljob008_l_pristine  @mrxlayermanager:403
[16:56:53.953] [lua] Request fulfilled: Load layer vz_state_gurjob012_04_staging (static: nil)  @mrxlayermanager:446
[16:56:53.966] [lua] Layer request 2: 39 of 250 complete  @mrxlayermanager:479
[16:56:53.975] [lua] Culling op for layer vz_state_gurjob012_04_staging!  @mrxlayermanager:318
[16:56:53.984] [lua] (nPendingOps = 346)  @mrxlayermanager:324
[16:56:53.992] [lua] Loading vz_all_job010_e (static: true)  @mrxlayermanager:375
[16:56:54.001] [lua] true	Unable to load layer vz_all_job010_e  @mrxlayermanager:403
[16:56:54.015] [lua] Request fulfilled: Load layer vz_all_job010_e (static: nil)  @mrxlayermanager:446
[16:56:54.023] [lua] Layer request 1: 36 of 170 complete  @mrxlayermanager:479
[16:56:54.032] [lua] Culling op for layer vz_all_job010_e!  @mrxlayermanager:318
[16:56:54.041] [lua] (nPendingOps = 345)  @mrxlayermanager:324
[16:56:54.051] [lua] Loading vz_mar_village_roads (static: true)  @mrxlayermanager:375
[16:56:54.059] [lua] true	Unable to load layer vz_mar_village_roads  @mrxlayermanager:403
[16:56:54.068] [lua] Request fulfilled: Load layer vz_state_gurjob11_01 (static: nil)  @mrxlayermanager:446
[16:56:54.079] [lua] Layer request 2: 40 of 250 complete  @mrxlayermanager:479
[16:56:54.088] [lua] Culling op for layer vz_state_gurjob11_01!  @mrxlayermanager:318
[16:56:54.097] [lua] (nPendingOps = 344)  @mrxlayermanager:324
[16:56:54.110] [lua] Loading vz_state_oiljob011_04_staging (static: false)  @mrxlayermanager:375
[16:56:54.119] [lua] true	Unable to load layer vz_state_oiljob011_04_staging  @mrxlayermanager:403
[16:56:54.129] [lua] Request fulfilled: Load layer vz_state_gurjob008_02_pristine (static: nil)  @mrxlayermanager:446
[16:56:54.138] [lua] Layer request 2: 41 of 250 complete  @mrxlayermanager:479
[16:56:54.148] [lua] Culling op for layer vz_state_gurjob008_02_pristine!  @mrxlayermanager:318
[16:56:54.156] [lua] (nPendingOps = 343)  @mrxlayermanager:324
[16:56:54.165] [lua] Loading vz_state_pirjob007_f_pristine (static: false)  @mrxlayermanager:375
[16:56:54.174] [lua] true	Unable to load layer vz_state_pirjob007_f_pristine  @mrxlayermanager:403
[16:56:54.183] [lua] Request fulfilled: Load layer vz_mar_village_roads (static: nil)  @mrxlayermanager:446
[16:56:54.192] [lua] Layer request 1: 37 of 170 complete  @mrxlayermanager:479
[16:56:54.201] [lua] Culling op for layer vz_mar_village_roads!  @mrxlayermanager:318
[16:56:54.210] [lua] (nPendingOps = 342)  @mrxlayermanager:324
[16:56:54.218] [lua] Loading vz_state_chicon054_pristine (static: false)  @mrxlayermanager:375
[16:56:54.227] [lua] true	Unable to load layer vz_state_chicon054_pristine  @mrxlayermanager:403
[16:56:54.238] [lua] Request fulfilled: Load layer vz_state_alljob002_02_pristine (static: nil)  @mrxlayermanager:446
[16:56:54.245] [lua] Layer request 2: 42 of 250 complete  @mrxlayermanager:479
[16:56:54.255] [lua] Culling op for layer vz_state_alljob002_02_pristine!  @mrxlayermanager:318
[16:56:54.266] [lua] (nPendingOps = 341)  @mrxlayermanager:324
[16:56:54.275] [lua] Loading vz_mar_billboard (static: true)  @mrxlayermanager:375
[16:56:54.284] [lua] true	Unable to load layer vz_mar_billboard  @mrxlayermanager:403
[16:56:54.295] [lua] Request fulfilled: Load layer vz_state_amazon_act1 (static: nil)  @mrxlayermanager:446
[16:56:54.304] [lua] Layer request 2: 43 of 250 complete  @mrxlayermanager:479
[16:56:54.313] [lua] Culling op for layer vz_state_amazon_act1!  @mrxlayermanager:318
[16:56:54.323] [lua] (nPendingOps = 340)  @mrxlayermanager:324
[16:56:54.332] [lua] Loading vz_caracas_scrub (static: true)  @mrxlayermanager:375
[16:56:54.341] [lua] true	Unable to load layer vz_caracas_scrub  @mrxlayermanager:403
[16:56:54.350] [lua] Request fulfilled: Load layer vz_mar_billboard (static: nil)  @mrxlayermanager:446
[16:56:54.360] [lua] Layer request 1: 38 of 170 complete  @mrxlayermanager:479
[16:56:54.369] [lua] Culling op for layer vz_mar_billboard!  @mrxlayermanager:318
[16:56:54.378] [lua] (nPendingOps = 339)  @mrxlayermanager:324
[16:56:54.387] [lua] Loading vz_state_cashpickups (static: false)  @mrxlayermanager:375
[16:56:54.395] [lua] true	Unable to load layer vz_state_cashpickups  @mrxlayermanager:403
[16:56:54.405] [lua] Request fulfilled: Load layer vz_caracas_scrub (static: nil)  @mrxlayermanager:446
[16:56:54.414] [lua] Layer request 1: 39 of 170 complete  @mrxlayermanager:479
[16:56:54.423] [lua] Culling op for layer vz_caracas_scrub!  @mrxlayermanager:318
[16:56:54.432] [lua] (nPendingOps = 338)  @mrxlayermanager:324
[16:56:54.441] [lua] Loading vz_atmosphere_regions (static: true)  @mrxlayermanager:375
[16:56:54.449] [lua] true	Unable to load layer vz_atmosphere_regions  @mrxlayermanager:403
[16:56:54.458] [lua] Request fulfilled: Load layer vz_state_gurjob005_staging (static: nil)  @mrxlayermanager:446
[16:56:54.466] [lua] Layer request 2: 44 of 250 complete  @mrxlayermanager:479
[16:56:54.475] [lua] Culling op for layer vz_state_gurjob005_staging!  @mrxlayermanager:318
[16:56:54.484] [lua] (nPendingOps = 337)  @mrxlayermanager:324
[16:56:54.492] [lua] Loading vz_state_oiljob008_m_pristine (static: false)  @mrxlayermanager:375
[16:56:54.503] [lua] true	Unable to load layer vz_state_oiljob008_m_pristine  @mrxlayermanager:403
[16:56:54.513] [lua] Request fulfilled: Load layer vz_atmosphere_regions (static: nil)  @mrxlayermanager:446
[16:56:54.525] [lua] Layer request 1: 40 of 170 complete  @mrxlayermanager:479
[16:56:54.536] [lua] Culling op for layer vz_atmosphere_regions!  @mrxlayermanager:318
[16:56:54.544] [lua] (nPendingOps = 336)  @mrxlayermanager:324
[16:56:54.554] [lua] Loading vz_state_oiljob002_staging (static: false)  @mrxlayermanager:375
[16:56:54.562] [lua] true	Unable to load layer vz_state_oiljob002_staging  @mrxlayermanager:403
[16:56:54.571] [lua] Request fulfilled: Load layer vz_state_oiljob008_a_pristine (static: nil)  @mrxlayermanager:446
[16:56:54.579] [lua] Layer request 2: 45 of 250 complete  @mrxlayermanager:479
[16:56:54.589] [lua] Culling op for layer vz_state_oiljob008_a_pristine!  @mrxlayermanager:318
[16:56:54.601] [lua] (nPendingOps = 335)  @mrxlayermanager:324
[16:56:54.614] [lua] Loading vz_state_alljob009_02_pristine (static: false)  @mrxlayermanager:375
[16:56:54.626] [lua] true	Unable to load layer vz_state_alljob009_02_pristine  @mrxlayermanager:403
[16:56:54.636] [lua] Request fulfilled: Load layer vz_state_chicon054_pristine (static: nil)  @mrxlayermanager:446
[16:56:54.645] [lua] Layer request 2: 46 of 250 complete  @mrxlayermanager:479
[16:56:54.654] [lua] Culling op for layer vz_state_chicon054_pristine!  @mrxlayermanager:318
[16:56:54.664] [lua] (nPendingOps = 334)  @mrxlayermanager:324
[16:56:54.676] [lua] Loading vz_mar_outskirt_roads (static: true)  @mrxlayermanager:375
[16:56:54.685] [lua] true	Unable to load layer vz_mar_outskirt_roads  @mrxlayermanager:403
[16:56:54.696] [lua] Request fulfilled: Load layer vz_mar_outskirt_roads (static: nil)  @mrxlayermanager:446
[16:56:54.707] [lua] Layer request 1: 41 of 170 complete  @mrxlayermanager:479
[16:56:54.715] [lua] Culling op for layer vz_mar_outskirt_roads!  @mrxlayermanager:318
[16:56:54.725] [lua] (nPendingOps = 333)  @mrxlayermanager:324
[16:56:54.734] [lua] Loading vz_jungle_mountain_billboard (static: true)  @mrxlayermanager:375
[16:56:54.742] [lua] true	Unable to load layer vz_jungle_mountain_billboard  @mrxlayermanager:403
[16:56:54.751] [lua] Request fulfilled: Load layer vz_state_oiljob011_04_staging (static: nil)  @mrxlayermanager:446
[16:56:54.760] [lua] Layer request 2: 47 of 250 complete  @mrxlayermanager:479
[16:56:54.773] [lua] Culling op for layer vz_state_oiljob011_04_staging!  @mrxlayermanager:318
[16:56:54.781] [lua] (nPendingOps = 332)  @mrxlayermanager:324
[16:56:54.790] [lua] Loading vz_state_pirjob002_01_pristine (static: false)  @mrxlayermanager:375
[16:56:54.798] [lua] true	Unable to load layer vz_state_pirjob002_01_pristine  @mrxlayermanager:403
[16:56:54.808] [lua] Request fulfilled: Load layer vz_state_oiljob008_m_pristine (static: nil)  @mrxlayermanager:446
[16:56:54.817] [lua] Layer request 2: 48 of 250 complete  @mrxlayermanager:479
[16:56:54.825] [lua] Culling op for layer vz_state_oiljob008_m_pristine!  @mrxlayermanager:318
[16:56:54.835] [lua] (nPendingOps = 331)  @mrxlayermanager:324
[16:56:54.844] [lua] Loading vz_cum_fortress (static: true)  @mrxlayermanager:375
[16:56:54.852] [lua] true	Unable to load layer vz_cum_fortress  @mrxlayermanager:403
[16:56:54.861] [lua] Request fulfilled: Load layer vz_jungle_mountain_billboard (static: nil)  @mrxlayermanager:446
[16:56:54.869] [lua] Layer request 1: 42 of 170 complete  @mrxlayermanager:479
[16:56:54.878] [lua] Culling op for layer vz_jungle_mountain_billboard!  @mrxlayermanager:318
[16:56:54.887] [lua] (nPendingOps = 330)  @mrxlayermanager:324
[16:56:54.895] [lua] Loading vz_state_oiljob011_04_pristine (static: false)  @mrxlayermanager:375
[16:56:54.904] [lua] true	Unable to load layer vz_state_oiljob011_04_pristine  @mrxlayermanager:403
[16:56:54.914] [lua] Request fulfilled: Load layer vz_state_mar_outskirt_act1 (static: nil)  @mrxlayermanager:446
[16:56:54.925] [lua] Layer request 2: 49 of 250 complete  @mrxlayermanager:479
[16:56:54.933] [lua] Culling op for layer vz_state_mar_outskirt_act1!  @mrxlayermanager:318
[16:56:54.942] [lua] (nPendingOps = 329)  @mrxlayermanager:324
[16:56:54.950] [lua] Loading vz_state_oiljob008_f_staging (static: false)  @mrxlayermanager:375
[16:56:54.959] [lua] true	Unable to load layer vz_state_oiljob008_f_staging  @mrxlayermanager:403
[16:56:54.968] [lua] Request fulfilled: Load layer vz_cum_fortress (static: nil)  @mrxlayermanager:446
[16:56:54.981] [lua] Layer request 1: 43 of 170 complete  @mrxlayermanager:479
[16:56:54.993] [lua] Culling op for layer vz_cum_fortress!  @mrxlayermanager:318
[16:56:55.002] [lua] (nPendingOps = 328)  @mrxlayermanager:324
[16:56:55.010] [lua] Loading vz_guanare_road (static: true)  @mrxlayermanager:375
[16:56:55.018] [lua] true	Unable to load layer vz_guanare_road  @mrxlayermanager:403
[16:56:55.033] [lua] Request fulfilled: Load layer vz_guanare_road (static: nil)  @mrxlayermanager:446
[16:56:55.042] [lua] Layer request 1: 44 of 170 complete  @mrxlayermanager:479
[16:56:55.051] [lua] Culling op for layer vz_guanare_road!  @mrxlayermanager:318
[16:56:55.059] [lua] (nPendingOps = 327)  @mrxlayermanager:324
[16:56:55.068] [lua] Loading vz_state_oiljob005_staging (static: false)  @mrxlayermanager:375
[16:56:55.077] [lua] true	Unable to load layer vz_state_oiljob005_staging  @mrxlayermanager:403
[16:56:55.087] [lua] Request fulfilled: Load layer vz_state_oiljob008_l_pristine (static: nil)  @mrxlayermanager:446
[16:56:55.095] [lua] Layer request 2: 50 of 250 complete  @mrxlayermanager:479
[16:56:55.104] [lua] Culling op for layer vz_state_oiljob008_l_pristine!  @mrxlayermanager:318
[16:56:55.113] [lua] (nPendingOps = 326)  @mrxlayermanager:324
[16:56:55.122] [lua] Loading vz_mer_outskirt (static: true)  @mrxlayermanager:375
[16:56:55.132] [lua] true	Unable to load layer vz_mer_outskirt  @mrxlayermanager:403
[16:56:55.142] [lua] Request fulfilled: Load layer vz_state_oiljob008_f_staging (static: nil)  @mrxlayermanager:446
[16:56:55.151] [lua] Layer request 2: 51 of 250 complete  @mrxlayermanager:479
[16:56:55.160] [lua] Culling op for layer vz_state_oiljob008_f_staging!  @mrxlayermanager:318
[16:56:55.168] [lua] (nPendingOps = 325)  @mrxlayermanager:324
[16:56:55.184] [lua] Loading vz_state_oilcon021_staging (static: false)  @mrxlayermanager:375
[16:56:55.192] [lua] true	Unable to load layer vz_state_oilcon021_staging  @mrxlayermanager:403
[16:56:55.202] [lua] Request fulfilled: Load layer vz_mer_outskirt (static: nil)  @mrxlayermanager:446
[16:56:55.210] [lua] Layer request 1: 45 of 170 complete  @mrxlayermanager:479
[16:56:55.220] [lua] Culling op for layer vz_mer_outskirt!  @mrxlayermanager:318
[16:56:55.228] [lua] (nPendingOps = 324)  @mrxlayermanager:324
[16:56:55.241] [lua] Loading vz_angel_falls_foilage (static: true)  @mrxlayermanager:375
[16:56:55.250] [lua] true	Unable to load layer vz_angel_falls_foilage  @mrxlayermanager:403
[16:56:55.265] [lua] Request fulfilled: Load layer vz_state_oiljob002_staging (static: nil)  @mrxlayermanager:446
[16:56:55.274] [lua] Layer request 2: 52 of 250 complete  @mrxlayermanager:479
[16:56:55.285] [lua] Culling op for layer vz_state_oiljob002_staging!  @mrxlayermanager:318
[16:56:55.295] [lua] (nPendingOps = 323)  @mrxlayermanager:324
[16:56:55.304] [lua] Loading vz_state_alljob009_04_pristine (static: false)  @mrxlayermanager:375
[16:56:55.312] [lua] true	Unable to load layer vz_state_alljob009_04_pristine  @mrxlayermanager:403
[16:56:55.321] [lua] Request fulfilled: Load layer vz_angel_falls_foilage (static: nil)  @mrxlayermanager:446
[16:56:55.329] [lua] Layer request 1: 46 of 170 complete  @mrxlayermanager:479
[16:56:55.338] [lua] Culling op for layer vz_angel_falls_foilage!  @mrxlayermanager:318
[16:56:55.348] [lua] (nPendingOps = 322)  @mrxlayermanager:324
[16:56:55.358] [lua] Loading vz_guanare_tiny (static: true)  @mrxlayermanager:375
[16:56:55.366] [lua] true	Unable to load layer vz_guanare_tiny  @mrxlayermanager:403
[16:56:55.377] [lua] Request fulfilled: Load layer vz_guanare_tiny (static: nil)  @mrxlayermanager:446
[16:56:55.387] [lua] Layer request 1: 47 of 170 complete  @mrxlayermanager:479
[16:56:55.395] [lua] Culling op for layer vz_guanare_tiny!  @mrxlayermanager:318
[16:56:55.405] [lua] (nPendingOps = 321)  @mrxlayermanager:324
[16:56:55.414] [lua] Loading vz_state_gua_upperclass_pristine (static: false)  @mrxlayermanager:375
[16:56:55.425] [lua] true	Unable to load layer vz_state_gua_upperclass_pristine  @mrxlayermanager:403
[16:56:55.434] [lua] Request fulfilled: Load layer vz_state_pirjob002_01_pristine (static: nil)  @mrxlayermanager:446
[16:56:55.443] [lua] Layer request 2: 53 of 250 complete  @mrxlayermanager:479
[16:56:55.454] [lua] Culling op for layer vz_state_pirjob002_01_pristine!  @mrxlayermanager:318
[16:56:55.463] [lua] (nPendingOps = 320)  @mrxlayermanager:324
[16:56:55.471] [lua] Loading vz_all_job001_a (static: true)  @mrxlayermanager:375
[16:56:55.480] [lua] true	Unable to load layer vz_all_job001_a  @mrxlayermanager:403
[16:56:55.491] [lua] Request fulfilled: Load layer vz_state_oiljob005_staging (static: nil)  @mrxlayermanager:446
[16:56:55.501] [lua] Layer request 2: 54 of 250 complete  @mrxlayermanager:479
[16:56:55.509] [lua] Culling op for layer vz_state_oiljob005_staging!  @mrxlayermanager:318
[16:56:55.518] [lua] (nPendingOps = 319)  @mrxlayermanager:324
[16:56:55.527] [lua] Loading vz_cum_billboard (static: true)  @mrxlayermanager:375
[16:56:55.535] [lua] true	Unable to load layer vz_cum_billboard  @mrxlayermanager:403
[16:56:55.543] [lua] Request fulfilled: Load layer vz_all_job001_a (static: nil)  @mrxlayermanager:446
[16:56:55.551] [lua] Layer request 1: 48 of 170 complete  @mrxlayermanager:479
[16:56:55.563] [lua] Culling op for layer vz_all_job001_a!  @mrxlayermanager:318
[16:56:55.573] [lua] (nPendingOps = 318)  @mrxlayermanager:324
[16:56:55.581] [lua] Loading vz_oil_job011_c (static: true)  @mrxlayermanager:375
[16:56:55.590] [lua] true	Unable to load layer vz_oil_job011_c  @mrxlayermanager:403
[16:56:55.602] [lua] Request fulfilled: Load layer vz_cum_billboard (static: nil)  @mrxlayermanager:446
[16:56:55.614] [lua] Layer request 1: 49 of 170 complete  @mrxlayermanager:479
[16:56:55.623] [lua] Culling op for layer vz_cum_billboard!  @mrxlayermanager:318
[16:56:55.632] [lua] (nPendingOps = 317)  @mrxlayermanager:324
[16:56:55.642] [lua] Loading vz_pir_job002_b (static: true)  @mrxlayermanager:375
[16:56:55.651] [lua] true	Unable to load layer vz_pir_job002_b  @mrxlayermanager:403
[16:56:55.660] [lua] Request fulfilled: Load layer vz_oil_job011_c (static: nil)  @mrxlayermanager:446
[16:56:55.669] [lua] Layer request 1: 50 of 170 complete  @mrxlayermanager:479
[16:56:55.678] [lua] Culling op for layer vz_oil_job011_c!  @mrxlayermanager:318
[16:56:55.686] [lua] (nPendingOps = 316)  @mrxlayermanager:324
[16:56:55.694] [lua] Loading vz_state_pirjob002_03_staging (static: false)  @mrxlayermanager:375
[16:56:55.703] [lua] true	Unable to load layer vz_state_pirjob002_03_staging  @mrxlayermanager:403
[16:56:55.715] [lua] Request fulfilled: Load layer vz_state_cashpickups (static: nil)  @mrxlayermanager:446
[16:56:55.725] [lua] Layer request 2: 55 of 250 complete  @mrxlayermanager:479
[16:56:55.733] [lua] Culling op for layer vz_state_cashpickups!  @mrxlayermanager:318
[16:56:55.742] [lua] (nPendingOps = 315)  @mrxlayermanager:324
[16:56:55.751] [lua] Loading vz_state_vza_con001 (static: false)  @mrxlayermanager:375
[16:56:55.760] [lua] true	Unable to load layer vz_state_vza_con001  @mrxlayermanager:403
[16:56:55.769] [lua] Request fulfilled: Load layer vz_state_alljob009_04_pristine (static: nil)  @mrxlayermanager:446
[16:56:55.780] [lua] Layer request 2: 56 of 250 complete  @mrxlayermanager:479
[16:56:55.790] [lua] Culling op for layer vz_state_alljob009_04_pristine!  @mrxlayermanager:318
[16:56:55.801] [lua] (nPendingOps = 314)  @mrxlayermanager:324
[16:56:55.809] [lua] Loading vz_state_oiljob012_03_staging (static: false)  @mrxlayermanager:375
[16:56:55.818] [lua] true	Unable to load layer vz_state_oiljob012_03_staging  @mrxlayermanager:403
[16:56:55.826] [lua] Request fulfilled: Load layer vz_pir_job002_b (static: nil)  @mrxlayermanager:446
[16:56:55.835] [lua] Layer request 1: 51 of 170 complete  @mrxlayermanager:479
[16:56:55.845] [lua] Culling op for layer vz_pir_job002_b!  @mrxlayermanager:318
[16:56:55.854] [lua] (nPendingOps = 313)  @mrxlayermanager:324
[16:56:55.862] [lua] Loading vz_state_pirjob002_03_pristine (static: false)  @mrxlayermanager:375
[16:56:55.871] [lua] true	Unable to load layer vz_state_pirjob002_03_pristine  @mrxlayermanager:403
[16:56:55.883] [lua] Request fulfilled: Load layer vz_state_alljob009_02_pristine (static: nil)  @mrxlayermanager:446
[16:56:55.893] [lua] Layer request 2: 57 of 250 complete  @mrxlayermanager:479
[16:56:55.901] [lua] Culling op for layer vz_state_alljob009_02_pristine!  @mrxlayermanager:318
[16:56:55.910] [lua] (nPendingOps = 312)  @mrxlayermanager:324
[16:56:55.918] [lua] Loading vz_state_oiljob008_h_staging (static: false)  @mrxlayermanager:375
[16:56:55.927] [lua] true	Unable to load layer vz_state_oiljob008_h_staging  @mrxlayermanager:403
[16:56:55.937] [lua] Request fulfilled: Load layer vz_state_oilcon021_staging (static: nil)  @mrxlayermanager:446
[16:56:55.945] [lua] Layer request 2: 58 of 250 complete  @mrxlayermanager:479
[16:56:55.955] [lua] Culling op for layer vz_state_oilcon021_staging!  @mrxlayermanager:318
[16:56:55.963] [lua] (nPendingOps = 311)  @mrxlayermanager:324
[16:56:55.972] [lua] Loading vz_state_alljob002_03_pristine (static: false)  @mrxlayermanager:375
[16:56:55.980] [lua] true	Unable to load layer vz_state_alljob002_03_pristine  @mrxlayermanager:403
[16:56:55.991] [lua] Request fulfilled: Load layer vz_state_oiljob008_l_staging (static: nil)  @mrxlayermanager:446
[16:56:55.999] [lua] Layer request 2: 59 of 250 complete  @mrxlayermanager:479
[16:56:56.008] [lua] Culling op for layer vz_state_oiljob008_l_staging!  @mrxlayermanager:318
[16:56:56.021] [lua] (nPendingOps = 310)  @mrxlayermanager:324
[16:56:56.029] [lua] Loading vz_state_oiljob008_d_staging (static: false)  @mrxlayermanager:375
[16:56:56.037] [lua] true	Unable to load layer vz_state_oiljob008_d_staging  @mrxlayermanager:403
[16:56:56.052] [lua] Request fulfilled: Load layer vz_state_pirjob007_f_pristine (static: nil)  @mrxlayermanager:446
[16:56:56.061] [lua] Layer request 2: 60 of 250 complete  @mrxlayermanager:479
[16:56:56.071] [lua] Culling op for layer vz_state_pirjob007_f_pristine!  @mrxlayermanager:318
[16:56:56.082] [lua] (nPendingOps = 309)  @mrxlayermanager:324
[16:56:56.091] [lua] Loading vz_state_gurjob008_01_staging (static: false)  @mrxlayermanager:375
[16:56:56.100] [lua] true	Unable to load layer vz_state_gurjob008_01_staging  @mrxlayermanager:403
[16:56:56.110] [lua] Request fulfilled: Load layer vz_state_oiljob011_04_pristine (static: nil)  @mrxlayermanager:446
[16:56:56.119] [lua] Layer request 2: 61 of 250 complete  @mrxlayermanager:479
[16:56:56.128] [lua] Culling op for layer vz_state_oiljob011_04_pristine!  @mrxlayermanager:318
[16:56:56.137] [lua] (nPendingOps = 308)  @mrxlayermanager:324
[16:56:56.145] [lua] Loading vz_state_sol_base_pristine (static: false)  @mrxlayermanager:375
[16:56:56.154] [lua] true	Unable to load layer vz_state_sol_base_pristine  @mrxlayermanager:403
[16:56:56.165] [lua] Request fulfilled: Load layer vz_state_oiljob008_h_staging (static: nil)  @mrxlayermanager:446
[16:56:56.173] [lua] Layer request 2: 62 of 250 complete  @mrxlayermanager:479
[16:56:56.183] [lua] Culling op for layer vz_state_oiljob008_h_staging!  @mrxlayermanager:318
[16:56:56.192] [lua] (nPendingOps = 307)  @mrxlayermanager:324
[16:56:56.201] [lua] Loading vz_state_oiljob011_05_staging (static: false)  @mrxlayermanager:375
[16:56:56.209] [lua] true	Unable to load layer vz_state_oiljob011_05_staging  @mrxlayermanager:403
[16:56:56.220] [lua] Request fulfilled: Load layer vz_state_pirjob002_03_pristine (static: nil)  @mrxlayermanager:446
[16:56:56.229] [lua] Layer request 2: 63 of 250 complete  @mrxlayermanager:479
[16:56:56.237] [lua] Culling op for layer vz_state_pirjob002_03_pristine!  @mrxlayermanager:318
[16:56:56.247] [lua] (nPendingOps = 306)  @mrxlayermanager:324
[16:56:56.256] [lua] Loading vz_chi_job001_a (static: true)  @mrxlayermanager:375
[16:56:56.265] [lua] true	Unable to load layer vz_chi_job001_a  @mrxlayermanager:403
[16:56:56.275] [lua] Request fulfilled: Load layer vz_chi_job001_a (static: nil)  @mrxlayermanager:446
[16:56:56.287] [lua] Layer request 1: 52 of 170 complete  @mrxlayermanager:479
[16:56:56.302] [lua] Culling op for layer vz_chi_job001_a!  @mrxlayermanager:318
[16:56:56.311] [lua] (nPendingOps = 305)  @mrxlayermanager:324
[16:56:56.319] [lua] Loading vz_state_chijob001_04_staging (static: false)  @mrxlayermanager:375
[16:56:56.327] [lua] true	Unable to load layer vz_state_chijob001_04_staging  @mrxlayermanager:403
[16:56:56.337] [lua] Request fulfilled: Load layer vz_state_sol_base_pristine (static: nil)  @mrxlayermanager:446
[16:56:56.346] [lua] Layer request 2: 64 of 250 complete  @mrxlayermanager:479
[16:56:56.355] [lua] Culling op for layer vz_state_sol_base_pristine!  @mrxlayermanager:318
[16:56:56.363] [lua] (nPendingOps = 304)  @mrxlayermanager:324
[16:56:56.374] [lua] Loading vz_state_gurjob012_04_pristine (static: false)  @mrxlayermanager:375
[16:56:56.382] [lua] true	Unable to load layer vz_state_gurjob012_04_pristine  @mrxlayermanager:403
[16:56:56.395] [lua] Request fulfilled: Load layer vz_state_gua_upperclass_pristine (static: nil)  @mrxlayermanager:446
[16:56:56.405] [lua] Layer request 2: 65 of 250 complete  @mrxlayermanager:479
[16:56:56.414] [lua] Culling op for layer vz_state_gua_upperclass_pristine!  @mrxlayermanager:318
[16:56:56.424] [lua] (nPendingOps = 303)  @mrxlayermanager:324
[16:56:56.435] [lua] Loading vz_state_alljob010_05_pristine (static: false)  @mrxlayermanager:375
[16:56:56.444] [lua] true	Unable to load layer vz_state_alljob010_05_pristine  @mrxlayermanager:403
[16:56:56.458] [lua] Request fulfilled: Load layer vz_state_pirjob002_03_staging (static: nil)  @mrxlayermanager:446
[16:56:56.469] [lua] Layer request 2: 66 of 250 complete  @mrxlayermanager:479
[16:56:56.479] [lua] Culling op for layer vz_state_pirjob002_03_staging!  @mrxlayermanager:318
[16:56:56.488] [lua] (nPendingOps = 302)  @mrxlayermanager:324
[16:56:56.497] [lua] Loading vz_state_munitions_freeplay (static: false)  @mrxlayermanager:375
[16:56:56.505] [lua] true	Unable to load layer vz_state_munitions_freeplay  @mrxlayermanager:403
[16:56:56.516] [lua] Request fulfilled: Load layer vz_state_vza_con001 (static: nil)  @mrxlayermanager:446
[16:56:56.525] [lua] Layer request 2: 67 of 250 complete  @mrxlayermanager:479
[16:56:56.536] [lua] Culling op for layer vz_state_vza_con001!  @mrxlayermanager:318
[16:56:56.545] [lua] (nPendingOps = 301)  @mrxlayermanager:324
[16:56:56.554] [lua] Loading vz_state_oiljob008_k_pristine (static: false)  @mrxlayermanager:375
[16:56:56.563] [lua] true	Unable to load layer vz_state_oiljob008_k_pristine  @mrxlayermanager:403
[16:56:56.573] [lua] Request fulfilled: Load layer vz_state_gurjob012_04_pristine (static: nil)  @mrxlayermanager:446
[16:56:56.584] [lua] Layer request 2: 68 of 250 complete  @mrxlayermanager:479
[16:56:56.593] [lua] Culling op for layer vz_state_gurjob012_04_pristine!  @mrxlayermanager:318
[16:56:56.602] [lua] (nPendingOps = 300)  @mrxlayermanager:324
[16:56:56.613] [lua] Loading vz_pmc (static: true)  @mrxlayermanager:375
[16:56:56.621] [lua] true	Unable to load layer vz_pmc  @mrxlayermanager:403
[16:56:56.633] [lua] Request fulfilled: Load layer vz_state_chijob001_04_staging (static: nil)  @mrxlayermanager:446
[16:56:56.641] [lua] Layer request 2: 69 of 250 complete  @mrxlayermanager:479
[16:56:56.650] [lua] Culling op for layer vz_state_chijob001_04_staging!  @mrxlayermanager:318
[16:56:56.661] [lua] (nPendingOps = 299)  @mrxlayermanager:324
[16:56:56.671] [lua] Loading vz_state_gurjob002_04_pristine (static: false)  @mrxlayermanager:375
[16:56:56.680] [lua] true	Unable to load layer vz_state_gurjob002_04_pristine  @mrxlayermanager:403
[16:56:56.688] [lua] Request fulfilled: Load layer vz_pmc (static: nil)  @mrxlayermanager:446
[16:56:56.697] [lua] Layer request 1: 53 of 170 complete  @mrxlayermanager:479
[16:56:56.707] [lua] Culling op for layer vz_pmc!  @mrxlayermanager:318
[16:56:56.716] [lua] (nPendingOps = 298)  @mrxlayermanager:324
[16:56:56.724] [lua] Loading vz_state_chijob001_01_pristine (static: false)  @mrxlayermanager:375
[16:56:56.733] [lua] true	Unable to load layer vz_state_chijob001_01_pristine  @mrxlayermanager:403
[16:56:56.743] [lua] Request fulfilled: Load layer vz_state_oiljob011_05_staging (static: nil)  @mrxlayermanager:446
[16:56:56.753] [lua] Layer request 2: 70 of 250 complete  @mrxlayermanager:479
[16:56:56.762] [lua] Culling op for layer vz_state_oiljob011_05_staging!  @mrxlayermanager:318
[16:56:56.771] [lua] (nPendingOps = 297)  @mrxlayermanager:324
[16:56:56.780] [lua] Loading vz_state_chijob009_b_pristine_tg (static: false)  @mrxlayermanager:375
[16:56:56.789] [lua] true	Unable to load layer vz_state_chijob009_b_pristine_tg  @mrxlayermanager:403
[16:56:56.799] [lua] Request fulfilled: Load layer vz_state_gurjob008_01_staging (static: nil)  @mrxlayermanager:446
[16:56:56.808] [lua] Layer request 2: 71 of 250 complete  @mrxlayermanager:479
[16:56:56.822] [lua] Culling op for layer vz_state_gurjob008_01_staging!  @mrxlayermanager:318
[16:56:56.831] [lua] (nPendingOps = 296)  @mrxlayermanager:324
[16:56:56.840] [lua] Loading vz_jet_con001 (static: true)  @mrxlayermanager:375
[16:56:56.849] [lua] true	Unable to load layer vz_jet_con001  @mrxlayermanager:403
[16:56:56.860] [lua] Request fulfilled: Load layer vz_jet_con001 (static: nil)  @mrxlayermanager:446
[16:56:56.869] [lua] Layer request 1: 54 of 170 complete  @mrxlayermanager:479
[16:56:56.877] [lua] Culling op for layer vz_jet_con001!  @mrxlayermanager:318
[16:56:56.888] [lua] (nPendingOps = 295)  @mrxlayermanager:324
[16:56:56.897] [lua] Loading vz_state_oiljob008_i_pristine (static: false)  @mrxlayermanager:375
[16:56:56.906] [lua] true	Unable to load layer vz_state_oiljob008_i_pristine  @mrxlayermanager:403
[16:56:56.914] [lua] Request fulfilled: Load layer vz_state_oiljob008_d_staging (static: nil)  @mrxlayermanager:446
[16:56:56.923] [lua] Layer request 2: 72 of 250 complete  @mrxlayermanager:479
[16:56:56.932] [lua] Culling op for layer vz_state_oiljob008_d_staging!  @mrxlayermanager:318
[16:56:56.941] [lua] (nPendingOps = 294)  @mrxlayermanager:324
[16:56:56.953] [lua] Loading vz_state_gurjob002_05_pristine (static: false)  @mrxlayermanager:375
[16:56:56.961] [lua] true	Unable to load layer vz_state_gurjob002_05_pristine  @mrxlayermanager:403
[16:56:56.972] [lua] Request fulfilled: Load layer vz_state_oiljob012_03_staging (static: nil)  @mrxlayermanager:446
[16:56:56.980] [lua] Layer request 2: 73 of 250 complete  @mrxlayermanager:479
[16:56:56.990] [lua] Culling op for layer vz_state_oiljob012_03_staging!  @mrxlayermanager:318
[16:56:57.000] [lua] (nPendingOps = 293)  @mrxlayermanager:324
[16:56:57.009] [lua] Loading vz_state_gurjob002_02_pristine (static: false)  @mrxlayermanager:375
[16:56:57.018] [lua] true	Unable to load layer vz_state_gurjob002_02_pristine  @mrxlayermanager:403
[16:56:57.028] [lua] Request fulfilled: Load layer vz_state_alljob002_03_pristine (static: nil)  @mrxlayermanager:446
[16:56:57.041] [lua] Layer request 2: 74 of 250 complete  @mrxlayermanager:479
[16:56:57.058] [lua] Culling op for layer vz_state_alljob002_03_pristine!  @mrxlayermanager:318
[16:56:57.067] [lua] (nPendingOps = 292)  @mrxlayermanager:324
[16:56:57.075] [lua] Loading vz_state_oiljob011_01_staging (static: false)  @mrxlayermanager:375
[16:56:57.085] [lua] true	Unable to load layer vz_state_oiljob011_01_staging  @mrxlayermanager:403
[16:56:57.095] [lua] Request fulfilled: Load layer vz_state_gurjob002_04_pristine (static: nil)  @mrxlayermanager:446
[16:56:57.104] [lua] Layer request 2: 75 of 250 complete  @mrxlayermanager:479
[16:56:57.114] [lua] Culling op for layer vz_state_gurjob002_04_pristine!  @mrxlayermanager:318
[16:56:57.123] [lua] (nPendingOps = 291)  @mrxlayermanager:324
[16:56:57.132] [lua] Loading vz_state_alljob010_04_pristine (static: false)  @mrxlayermanager:375
[16:56:57.140] [lua] true	Unable to load layer vz_state_alljob010_04_pristine  @mrxlayermanager:403
[16:56:57.152] [lua] Request fulfilled: Load layer vz_state_alljob010_05_pristine (static: nil)  @mrxlayermanager:446
[16:56:57.161] [lua] Layer request 2: 76 of 250 complete  @mrxlayermanager:479
[16:56:57.171] [lua] Culling op for layer vz_state_alljob010_05_pristine!  @mrxlayermanager:318
[16:56:57.180] [lua] (nPendingOps = 290)  @mrxlayermanager:324
[16:56:57.192] [lua] Loading vz_amazon_foilage (static: true)  @mrxlayermanager:375
[16:56:57.200] [lua] true	Unable to load layer vz_amazon_foilage  @mrxlayermanager:403
[16:56:57.216] [lua] Request fulfilled: Load layer vz_amazon_foilage (static: nil)  @mrxlayermanager:446
[16:56:57.226] [lua] Layer request 1: 55 of 170 complete  @mrxlayermanager:479
[16:56:57.235] [lua] Culling op for layer vz_amazon_foilage!  @mrxlayermanager:318
[16:56:57.244] [lua] (nPendingOps = 289)  @mrxlayermanager:324
[16:56:57.252] [lua] Loading vz_sfx_ambience (static: true)  @mrxlayermanager:375
[16:56:57.261] [lua] true	Unable to load layer vz_sfx_ambience  @mrxlayermanager:403
[16:56:57.270] [lua] Request fulfilled: Load layer vz_state_oiljob008_k_pristine (static: nil)  @mrxlayermanager:446
[16:56:57.279] [lua] Layer request 2: 77 of 250 complete  @mrxlayermanager:479
[16:56:57.290] [lua] Culling op for layer vz_state_oiljob008_k_pristine!  @mrxlayermanager:318
[16:56:57.299] [lua] (nPendingOps = 288)  @mrxlayermanager:324
[16:56:57.308] [lua] Loading vz_chi_job010_e (static: true)  @mrxlayermanager:375
[16:56:57.316] [lua] true	Unable to load layer vz_chi_job010_e  @mrxlayermanager:403
[16:56:57.330] [lua] Request fulfilled: Load layer vz_sfx_ambience (static: nil)  @mrxlayermanager:446
[16:56:57.340] [lua] Layer request 1: 56 of 170 complete  @mrxlayermanager:479
[16:56:57.349] [lua] Culling op for layer vz_sfx_ambience!  @mrxlayermanager:318
[16:56:57.357] [lua] (nPendingOps = 287)  @mrxlayermanager:324
[16:56:57.367] [lua] Loading vz_state_chijob002_01_staging (static: false)  @mrxlayermanager:375
[16:56:57.375] [lua] true	Unable to load layer vz_state_chijob002_01_staging  @mrxlayermanager:403
[16:56:57.384] [lua] Request fulfilled: Load layer vz_state_munitions_freeplay (static: nil)  @mrxlayermanager:446
[16:56:57.394] [lua] Layer request 2: 78 of 250 complete  @mrxlayermanager:479
[16:56:57.403] [lua] Culling op for layer vz_state_munitions_freeplay!  @mrxlayermanager:318
[16:56:57.412] [lua] (nPendingOps = 286)  @mrxlayermanager:324
[16:56:57.421] [lua] Loading vz_state_gurjob003_pristine (static: false)  @mrxlayermanager:375
[16:56:57.430] [lua] true	Unable to load layer vz_state_gurjob003_pristine  @mrxlayermanager:403
[16:56:57.438] [lua] Request fulfilled: Load layer vz_chi_job010_e (static: nil)  @mrxlayermanager:446
[16:56:57.450] [lua] Layer request 1: 57 of 170 complete  @mrxlayermanager:479
[16:56:57.460] [lua] Culling op for layer vz_chi_job010_e!  @mrxlayermanager:318
[16:56:57.469] [lua] (nPendingOps = 285)  @mrxlayermanager:324
[16:56:57.477] [lua] Loading vz_chi_job001_b (static: true)  @mrxlayermanager:375
[16:56:57.485] [lua] true	Unable to load layer vz_chi_job001_b  @mrxlayermanager:403
[16:56:57.500] [lua] Request fulfilled: Load layer vz_state_chijob001_01_pristine (static: nil)  @mrxlayermanager:446
[16:56:57.508] [lua] Layer request 2: 79 of 250 complete  @mrxlayermanager:479
[16:56:57.516] [lua] Culling op for layer vz_state_chijob001_01_pristine!  @mrxlayermanager:318
[16:56:57.525] [lua] (nPendingOps = 284)  @mrxlayermanager:324
[16:56:57.534] [lua] Loading vz_state_chicon002_hq_pristine (static: false)  @mrxlayermanager:375
[16:56:57.543] [lua] true	Unable to load layer vz_state_chicon002_hq_pristine  @mrxlayermanager:403
[16:56:57.551] [lua] Request fulfilled: Load layer vz_chi_job001_b (static: nil)  @mrxlayermanager:446
[16:56:57.560] [lua] Layer request 1: 58 of 170 complete  @mrxlayermanager:479
[16:56:57.568] [lua] Culling op for layer vz_chi_job001_b!  @mrxlayermanager:318
[16:56:57.577] [lua] (nPendingOps = 283)  @mrxlayermanager:324
[16:56:57.585] [lua] Loading vz_jungle_mountain_tiny (static: true)  @mrxlayermanager:375
[16:56:57.594] [lua] true	Unable to load layer vz_jungle_mountain_tiny  @mrxlayermanager:403
[16:56:57.605] [lua] Request fulfilled: Load layer vz_state_chijob009_b_pristine_tg (static: nil)  @mrxlayermanager:446
[16:56:57.614] [lua] Layer request 2: 80 of 250 complete  @mrxlayermanager:479
[16:56:57.622] [lua] Culling op for layer vz_state_chijob009_b_pristine_tg!  @mrxlayermanager:318
[16:56:57.638] [lua] (nPendingOps = 282)  @mrxlayermanager:324
[16:56:57.647] [lua] Loading vz_state_oiljob012_01_pristine (static: false)  @mrxlayermanager:375
[16:56:57.655] [lua] true	Unable to load layer vz_state_oiljob012_01_pristine  @mrxlayermanager:403
[16:56:57.664] [lua] Request fulfilled: Load layer vz_jungle_mountain_tiny (static: nil)  @mrxlayermanager:446
[16:56:57.672] [lua] Layer request 1: 59 of 170 complete  @mrxlayermanager:479
[16:56:57.681] [lua] Culling op for layer vz_jungle_mountain_tiny!  @mrxlayermanager:318
[16:56:57.690] [lua] (nPendingOps = 281)  @mrxlayermanager:324
[16:56:57.698] [lua] Loading vz_state_alljob001_01_pristine (static: false)  @mrxlayermanager:375
[16:56:57.707] [lua] true	Unable to load layer vz_state_alljob001_01_pristine  @mrxlayermanager:403
[16:56:57.717] [lua] Request fulfilled: Load layer vz_state_oiljob008_i_pristine (static: nil)  @mrxlayermanager:446
[16:56:57.726] [lua] Layer request 2: 81 of 250 complete  @mrxlayermanager:479
[16:56:57.736] [lua] Culling op for layer vz_state_oiljob008_i_pristine!  @mrxlayermanager:318
[16:56:57.745] [lua] (nPendingOps = 280)  @mrxlayermanager:324
[16:56:57.755] [lua] Loading vz_state_chijob006_d_staging (static: false)  @mrxlayermanager:375
[16:56:57.763] [lua] true	Unable to load layer vz_state_chijob006_d_staging  @mrxlayermanager:403
[16:56:57.773] [lua] Request fulfilled: Load layer vz_state_gurjob003_pristine (static: nil)  @mrxlayermanager:446
[16:56:57.782] [lua] Layer request 2: 82 of 250 complete  @mrxlayermanager:479
[16:56:57.791] [lua] Culling op for layer vz_state_gurjob003_pristine!  @mrxlayermanager:318
[16:56:57.800] [lua] (nPendingOps = 279)  @mrxlayermanager:324
[16:56:57.808] [lua] Loading vz_state_chijob010_02_pristine (static: false)  @mrxlayermanager:375
[16:56:57.819] [lua] true	Unable to load layer vz_state_chijob010_02_pristine  @mrxlayermanager:403
[16:56:57.830] [lua] Request fulfilled: Load layer vz_state_chijob002_01_staging (static: nil)  @mrxlayermanager:446
[16:56:57.840] [lua] Layer request 2: 83 of 250 complete  @mrxlayermanager:479
[16:56:57.850] [lua] Culling op for layer vz_state_chijob002_01_staging!  @mrxlayermanager:318
[16:56:57.859] [lua] (nPendingOps = 278)  @mrxlayermanager:324
[16:56:57.867] [lua] Loading vz_cum_outskirt (static: true)  @mrxlayermanager:375
[16:56:57.877] [lua] true	Unable to load layer vz_cum_outskirt  @mrxlayermanager:403
[16:56:57.887] [lua] Request fulfilled: Load layer vz_cum_outskirt (static: nil)  @mrxlayermanager:446
[16:56:57.897] [lua] Layer request 1: 60 of 170 complete  @mrxlayermanager:479
[16:56:57.909] [lua] Culling op for layer vz_cum_outskirt!  @mrxlayermanager:318
[16:56:57.923] [lua] (nPendingOps = 277)  @mrxlayermanager:324
[16:56:57.931] [lua] Loading vz_pmc_foilage (static: true)  @mrxlayermanager:375
[16:56:57.940] [lua] true	Unable to load layer vz_pmc_foilage  @mrxlayermanager:403
[16:56:57.949] [lua] Request fulfilled: Load layer vz_state_chicon002_hq_pristine (static: nil)  @mrxlayermanager:446
[16:56:57.958] [lua] Layer request 2: 84 of 250 complete  @mrxlayermanager:479
[16:56:57.966] [lua] Culling op for layer vz_state_chicon002_hq_pristine!  @mrxlayermanager:318
[16:56:57.974] [lua] (nPendingOps = 276)  @mrxlayermanager:324
[16:56:57.982] [lua] Loading vz_state_chijob002_03_staging (static: false)  @mrxlayermanager:375
[16:56:57.998] [lua] true	Unable to load layer vz_state_chijob002_03_staging  @mrxlayermanager:403
[16:56:58.008] [lua] Request fulfilled: Load layer vz_pmc_foilage (static: nil)  @mrxlayermanager:446
[16:56:58.017] [lua] Layer request 1: 61 of 170 complete  @mrxlayermanager:479
[16:56:58.025] [lua] Culling op for layer vz_pmc_foilage!  @mrxlayermanager:318
[16:56:58.035] [lua] (nPendingOps = 275)  @mrxlayermanager:324
[16:56:58.044] [lua] Loading vz_state_alljob010_03_pristine (static: false)  @mrxlayermanager:375
[16:56:58.054] [lua] true	Unable to load layer vz_state_alljob010_03_pristine  @mrxlayermanager:403
[16:56:58.063] [lua] Request fulfilled: Load layer vz_state_chijob010_02_pristine (static: nil)  @mrxlayermanager:446
[16:56:58.073] [lua] Layer request 2: 85 of 250 complete  @mrxlayermanager:479
[16:56:58.081] [lua] Culling op for layer vz_state_chijob010_02_pristine!  @mrxlayermanager:318
[16:56:58.090] [lua] (nPendingOps = 274)  @mrxlayermanager:324
[16:56:58.099] [lua] Loading vz_state_gurjob11_03 (static: false)  @mrxlayermanager:375
[16:56:58.107] [lua] true	Unable to load layer vz_state_gurjob11_03  @mrxlayermanager:403
[16:56:58.117] [lua] Request fulfilled: Load layer vz_state_gurjob002_05_pristine (static: nil)  @mrxlayermanager:446
[16:56:58.126] [lua] Layer request 2: 86 of 250 complete  @mrxlayermanager:479
[16:56:58.135] [lua] Culling op for layer vz_state_gurjob002_05_pristine!  @mrxlayermanager:318
[16:56:58.143] [lua] (nPendingOps = 273)  @mrxlayermanager:324
[16:56:58.152] [lua] Loading vz_all_job010_c (static: true)  @mrxlayermanager:375
[16:56:58.160] [lua] true	Unable to load layer vz_all_job010_c  @mrxlayermanager:403
[16:56:58.171] [lua] Request fulfilled: Load layer vz_state_gurjob002_02_pristine (static: nil)  @mrxlayermanager:446
[16:56:58.181] [lua] Layer request 2: 87 of 250 complete  @mrxlayermanager:479
[16:56:58.193] [lua] Culling op for layer vz_state_gurjob002_02_pristine!  @mrxlayermanager:318
[16:56:58.201] [lua] (nPendingOps = 272)  @mrxlayermanager:324
[16:56:58.210] [lua] Loading vz_amazon_tiny (static: true)  @mrxlayermanager:375
[16:56:58.219] [lua] true	Unable to load layer vz_amazon_tiny  @mrxlayermanager:403
[16:56:58.228] [lua] Request fulfilled: Load layer vz_all_job010_c (static: nil)  @mrxlayermanager:446
[16:56:58.236] [lua] Layer request 1: 62 of 170 complete  @mrxlayermanager:479
[16:56:58.245] [lua] Culling op for layer vz_all_job010_c!  @mrxlayermanager:318
[16:56:58.253] [lua] (nPendingOps = 271)  @mrxlayermanager:324
[16:56:58.262] [lua] Loading vz_state_pirjob007_c_staging (static: false)  @mrxlayermanager:375
[16:56:58.271] [lua] true	Unable to load layer vz_state_pirjob007_c_staging  @mrxlayermanager:403
[16:56:58.282] [lua] Request fulfilled: Load layer vz_amazon_tiny (static: nil)  @mrxlayermanager:446
[16:56:58.290] [lua] Layer request 1: 63 of 170 complete  @mrxlayermanager:479
[16:56:58.299] [lua] Culling op for layer vz_amazon_tiny!  @mrxlayermanager:318
[16:56:58.307] [lua] (nPendingOps = 270)  @mrxlayermanager:324
[16:56:58.316] [lua] Loading vz_state_pirjob012_08_staging (static: false)  @mrxlayermanager:375
[16:56:58.325] [lua] true	Unable to load layer vz_state_pirjob012_08_staging  @mrxlayermanager:403
[16:56:58.336] [lua] Request fulfilled: Load layer vz_state_oiljob012_01_pristine (static: nil)  @mrxlayermanager:446
[16:56:58.345] [lua] Layer request 2: 88 of 250 complete  @mrxlayermanager:479
[16:56:58.353] [lua] Culling op for layer vz_state_oiljob012_01_pristine!  @mrxlayermanager:318
[16:56:58.363] [lua] (nPendingOps = 269)  @mrxlayermanager:324
[16:56:58.373] [lua] Loading vz_all_job002_e (static: true)  @mrxlayermanager:375
[16:56:58.383] [lua] true	Unable to load layer vz_all_job002_e  @mrxlayermanager:403
[16:56:58.393] [lua] Request fulfilled: Load layer vz_state_oiljob011_01_staging (static: nil)  @mrxlayermanager:446
[16:56:58.402] [lua] Layer request 2: 89 of 250 complete  @mrxlayermanager:479
[16:56:58.415] [lua] Culling op for layer vz_state_oiljob011_01_staging!  @mrxlayermanager:318
[16:56:58.423] [lua] (nPendingOps = 268)  @mrxlayermanager:324
[16:56:58.432] [lua] Loading vz_state_oilcon002_pristine (static: false)  @mrxlayermanager:375
[16:56:58.441] [lua] true	Unable to load layer vz_state_oilcon002_pristine  @mrxlayermanager:403
[16:56:58.449] [lua] Request fulfilled: Load layer vz_all_job002_e (static: nil)  @mrxlayermanager:446
[16:56:58.459] [lua] Layer request 1: 64 of 170 complete  @mrxlayermanager:479
[16:56:58.467] [lua] Culling op for layer vz_all_job002_e!  @mrxlayermanager:318
[16:56:58.475] [lua] (nPendingOps = 267)  @mrxlayermanager:324
[16:56:58.485] [lua] Loading vz_mar_village (static: true)  @mrxlayermanager:375
[16:56:58.494] [lua] true	Unable to load layer vz_mar_village  @mrxlayermanager:403
[16:56:58.504] [lua] Request fulfilled: Load layer vz_state_chijob006_d_staging (static: nil)  @mrxlayermanager:446
[16:56:58.513] [lua] Layer request 2: 90 of 250 complete  @mrxlayermanager:479
[16:56:58.523] [lua] Culling op for layer vz_state_chijob006_d_staging!  @mrxlayermanager:318
[16:56:58.531] [lua] (nPendingOps = 266)  @mrxlayermanager:324
[16:56:58.540] [lua] Loading vz_state_gurjob005_pristine (static: false)  @mrxlayermanager:375
[16:56:58.550] [lua] true	Unable to load layer vz_state_gurjob005_pristine  @mrxlayermanager:403
[16:56:58.558] [lua] Request fulfilled: Load layer vz_mar_village (static: nil)  @mrxlayermanager:446
[16:56:58.567] [lua] Layer request 1: 65 of 170 complete  @mrxlayermanager:479
[16:56:58.575] [lua] Culling op for layer vz_mar_village!  @mrxlayermanager:318
[16:56:58.584] [lua] (nPendingOps = 265)  @mrxlayermanager:324
[16:56:58.594] [lua] Loading vz_state_alljob002_01_pristine (static: false)  @mrxlayermanager:375
[16:56:58.603] [lua] true	Unable to load layer vz_state_alljob002_01_pristine  @mrxlayermanager:403
[16:56:58.613] [lua] Request fulfilled: Load layer vz_state_alljob001_01_pristine (static: nil)  @mrxlayermanager:446
[16:56:58.622] [lua] Layer request 2: 91 of 250 complete  @mrxlayermanager:479
[16:56:58.633] [lua] Culling op for layer vz_state_alljob001_01_pristine!  @mrxlayermanager:318
[16:56:58.642] [lua] (nPendingOps = 264)  @mrxlayermanager:324
[16:56:58.650] [lua] Loading vz_state_gurjob002_03_pristine (static: false)  @mrxlayermanager:375
[16:56:58.659] [lua] true	Unable to load layer vz_state_gurjob002_03_pristine  @mrxlayermanager:403
[16:56:58.670] [lua] Request fulfilled: Load layer vz_state_gurjob11_03 (static: nil)  @mrxlayermanager:446
[16:56:58.678] [lua] Layer request 2: 92 of 250 complete  @mrxlayermanager:479
[16:56:58.687] [lua] Culling op for layer vz_state_gurjob11_03!  @mrxlayermanager:318
[16:56:58.695] [lua] (nPendingOps = 263)  @mrxlayermanager:324
[16:56:58.703] [lua] Loading vz_rover_camera_test (static: true)  @mrxlayermanager:375
[16:56:58.712] [lua] true	Unable to load layer vz_rover_camera_test  @mrxlayermanager:403
[16:56:58.723] [lua] Request fulfilled: Load layer vz_state_alljob010_04_pristine (static: nil)  @mrxlayermanager:446
[16:56:58.732] [lua] Layer request 2: 93 of 250 complete  @mrxlayermanager:479
[16:56:58.740] [lua] Culling op for layer vz_state_alljob010_04_pristine!  @mrxlayermanager:318
[16:56:58.749] [lua] (nPendingOps = 262)  @mrxlayermanager:324
[16:56:58.757] [lua] Loading vz_state_oiljob011_01_pristine (static: false)  @mrxlayermanager:375
[16:56:58.765] [lua] true	Unable to load layer vz_state_oiljob011_01_pristine  @mrxlayermanager:403
[16:56:58.775] [lua] Request fulfilled: Load layer vz_rover_camera_test (static: nil)  @mrxlayermanager:446
[16:56:58.784] [lua] Layer request 1: 66 of 170 complete  @mrxlayermanager:479
[16:56:58.792] [lua] Culling op for layer vz_rover_camera_test!  @mrxlayermanager:318
[16:56:58.801] [lua] (nPendingOps = 261)  @mrxlayermanager:324
[16:56:58.809] [lua] Loading vz_state_vzacon001_ruined (static: false)  @mrxlayermanager:375
[16:56:58.819] [lua] true	Unable to load layer vz_state_vzacon001_ruined  @mrxlayermanager:403
[16:56:58.830] [lua] Request fulfilled: Load layer vz_state_chijob002_03_staging (static: nil)  @mrxlayermanager:446
[16:56:58.839] [lua] Layer request 2: 94 of 250 complete  @mrxlayermanager:479
[16:56:58.848] [lua] Culling op for layer vz_state_chijob002_03_staging!  @mrxlayermanager:318
[16:56:58.857] [lua] (nPendingOps = 260)  @mrxlayermanager:324
[16:56:58.865] [lua] Loading vz_state_pirjob012_10_staging (static: false)  @mrxlayermanager:375
[16:56:58.877] [lua] true	Unable to load layer vz_state_pirjob012_10_staging  @mrxlayermanager:403
[16:56:58.888] [lua] Request fulfilled: Load layer vz_state_vzacon001_ruined (static: nil)  @mrxlayermanager:446
[16:56:58.897] [lua] Layer request 2: 95 of 250 complete  @mrxlayermanager:479
[16:56:58.908] [lua] Culling op for layer vz_state_vzacon001_ruined!  @mrxlayermanager:318
[16:56:58.917] [lua] (nPendingOps = 259)  @mrxlayermanager:324
[16:56:58.926] [lua] Loading vz_state_pirjob007_a_staging (static: false)  @mrxlayermanager:375
[16:56:58.935] [lua] true	Unable to load layer vz_state_pirjob007_a_staging  @mrxlayermanager:403
[16:56:58.946] [lua] Request fulfilled: Load layer vz_state_pirjob012_10_staging (static: nil)  @mrxlayermanager:446
[16:56:58.956] [lua] Layer request 2: 96 of 250 complete  @mrxlayermanager:479
[16:56:58.966] [lua] Culling op for layer vz_state_pirjob012_10_staging!  @mrxlayermanager:318
[16:56:58.975] [lua] (nPendingOps = 258)  @mrxlayermanager:324
[16:56:58.987] [lua] Loading vz_state_chijob002_04_pristine (static: false)  @mrxlayermanager:375
[16:56:58.996] [lua] true	Unable to load layer vz_state_chijob002_04_pristine  @mrxlayermanager:403
[16:56:59.008] [lua] Request fulfilled: Load layer vz_state_gurjob002_03_pristine (static: nil)  @mrxlayermanager:446
[16:56:59.017] [lua] Layer request 2: 97 of 250 complete  @mrxlayermanager:479
[16:56:59.025] [lua] Culling op for layer vz_state_gurjob002_03_pristine!  @mrxlayermanager:318
[16:56:59.035] [lua] (nPendingOps = 257)  @mrxlayermanager:324
[16:56:59.044] [lua] Loading vz_state_oiljob012_04_staging (static: false)  @mrxlayermanager:375
[16:56:59.053] [lua] true	Unable to load layer vz_state_oiljob012_04_staging  @mrxlayermanager:403
[16:56:59.063] [lua] Request fulfilled: Load layer vz_state_oiljob011_01_pristine (static: nil)  @mrxlayermanager:446
[16:56:59.072] [lua] Layer request 2: 98 of 250 complete  @mrxlayermanager:479
[16:56:59.081] [lua] Culling op for layer vz_state_oiljob011_01_pristine!  @mrxlayermanager:318
[16:56:59.090] [lua] (nPendingOps = 256)  @mrxlayermanager:324
[16:56:59.098] [lua] Loading vz_state_mer_big_lineregion (static: false)  @mrxlayermanager:375
[16:56:59.107] [lua] true	Unable to load layer vz_state_mer_big_lineregion  @mrxlayermanager:403
[16:56:59.117] [lua] Request fulfilled: Load layer vz_state_oiljob012_04_staging (static: nil)  @mrxlayermanager:446
[16:56:59.127] [lua] Layer request 2: 99 of 250 complete  @mrxlayermanager:479
[16:56:59.137] [lua] Culling op for layer vz_state_oiljob012_04_staging!  @mrxlayermanager:318
[16:56:59.146] [lua] (nPendingOps = 255)  @mrxlayermanager:324
[16:56:59.154] [lua] Loading vz_state_gurjob012_03_pristine (static: false)  @mrxlayermanager:375
[16:56:59.162] [lua] true	Unable to load layer vz_state_gurjob012_03_pristine  @mrxlayermanager:403
[16:56:59.172] [lua] Request fulfilled: Load layer vz_state_pirjob007_a_staging (static: nil)  @mrxlayermanager:446
[16:56:59.183] [lua] Layer request 2: 100 of 250 complete  @mrxlayermanager:479
[16:56:59.193] [lua] Culling op for layer vz_state_pirjob007_a_staging!  @mrxlayermanager:318
[16:56:59.202] [lua] (nPendingOps = 254)  @mrxlayermanager:324
[16:56:59.210] [lua] Loading vz_chi_job006_a (static: true)  @mrxlayermanager:375
[16:56:59.221] [lua] true	Unable to load layer vz_chi_job006_a  @mrxlayermanager:403
[16:56:59.233] [lua] Request fulfilled: Load layer vz_state_pirjob012_08_staging (static: nil)  @mrxlayermanager:446
[16:56:59.242] [lua] Layer request 2: 101 of 250 complete  @mrxlayermanager:479
[16:56:59.252] [lua] Culling op for layer vz_state_pirjob012_08_staging!  @mrxlayermanager:318
[16:56:59.261] [lua] (nPendingOps = 253)  @mrxlayermanager:324
[16:56:59.269] [lua] Loading vz_car_city (static: true)  @mrxlayermanager:375
[16:56:59.279] [lua] true	Unable to load layer vz_car_city  @mrxlayermanager:403
[16:56:59.287] [lua] Request fulfilled: Load layer vz_chi_job006_a (static: nil)  @mrxlayermanager:446
[16:56:59.296] [lua] Layer request 1: 67 of 170 complete  @mrxlayermanager:479
[16:56:59.304] [lua] Culling op for layer vz_chi_job006_a!  @mrxlayermanager:318
[16:56:59.315] [lua] (nPendingOps = 252)  @mrxlayermanager:324
[16:56:59.324] [lua] Loading vz_state_oiljob008_c_staging (static: false)  @mrxlayermanager:375
[16:56:59.333] [lua] true	Unable to load layer vz_state_oiljob008_c_staging  @mrxlayermanager:403
[16:56:59.344] [lua] Request fulfilled: Load layer vz_car_city (static: nil)  @mrxlayermanager:446
[16:56:59.353] [lua] Layer request 1: 68 of 170 complete  @mrxlayermanager:479
[16:56:59.364] [lua] Culling op for layer vz_car_city!  @mrxlayermanager:318
[16:56:59.372] [lua] (nPendingOps = 251)  @mrxlayermanager:324
[16:56:59.381] [lua] Loading vz_state_gurjob012_03_staging (static: false)  @mrxlayermanager:375
[16:56:59.389] [lua] true	Unable to load layer vz_state_gurjob012_03_staging  @mrxlayermanager:403
[16:56:59.398] [lua] Request fulfilled: Load layer vz_state_oilcon002_pristine (static: nil)  @mrxlayermanager:446
[16:56:59.408] [lua] Layer request 2: 102 of 250 complete  @mrxlayermanager:479
[16:56:59.417] [lua] Culling op for layer vz_state_oilcon002_pristine!  @mrxlayermanager:318
[16:56:59.425] [lua] (nPendingOps = 250)  @mrxlayermanager:324
[16:56:59.434] [lua] Loading vz_state_chijob006_b_staging (static: false)  @mrxlayermanager:375
[16:56:59.443] [lua] true	Unable to load layer vz_state_chijob006_b_staging  @mrxlayermanager:403
[16:56:59.454] [lua] Request fulfilled: Load layer vz_state_gurjob012_03_pristine (static: nil)  @mrxlayermanager:446
[16:56:59.463] [lua] Layer request 2: 103 of 250 complete  @mrxlayermanager:479
[16:56:59.473] [lua] Culling op for layer vz_state_gurjob012_03_pristine!  @mrxlayermanager:318
[16:56:59.482] [lua] (nPendingOps = 249)  @mrxlayermanager:324
[16:56:59.491] [lua] Loading vz_state_oiljob012_01_staging (static: false)  @mrxlayermanager:375
[16:56:59.499] [lua] true	Unable to load layer vz_state_oiljob012_01_staging  @mrxlayermanager:403
[16:56:59.511] [lua] Request fulfilled: Load layer vz_state_gurjob005_pristine (static: nil)  @mrxlayermanager:446
[16:56:59.520] [lua] Layer request 2: 104 of 250 complete  @mrxlayermanager:479
[16:56:59.533] [lua] Culling op for layer vz_state_gurjob005_pristine!  @mrxlayermanager:318
[16:56:59.542] [lua] (nPendingOps = 248)  @mrxlayermanager:324
[16:56:59.552] [lua] Loading vz_teleporter (static: true)  @mrxlayermanager:375
[16:56:59.562] [lua] true	Unable to load layer vz_teleporter  @mrxlayermanager:403
[16:56:59.573] [lua] Request fulfilled: Load layer vz_teleporter (static: nil)  @mrxlayermanager:446
[16:56:59.582] [lua] Layer request 1: 69 of 170 complete  @mrxlayermanager:479
[16:56:59.591] [lua] Culling op for layer vz_teleporter!  @mrxlayermanager:318
[16:56:59.599] [lua] (nPendingOps = 247)  @mrxlayermanager:324
[16:56:59.609] [lua] Loading vz_all_job010_d (static: true)  @mrxlayermanager:375
[16:56:59.617] [lua] true	Unable to load layer vz_all_job010_d  @mrxlayermanager:403
[16:56:59.625] [lua] Request fulfilled: Load layer vz_state_mer_big_lineregion (static: nil)  @mrxlayermanager:446
[16:56:59.635] [lua] Layer request 2: 105 of 250 complete  @mrxlayermanager:479
[16:56:59.644] [lua] Culling op for layer vz_state_mer_big_lineregion!  @mrxlayermanager:318
[16:56:59.652] [lua] (nPendingOps = 246)  @mrxlayermanager:324
[16:56:59.665] [lua] Loading vz_state_oiljob008_e_staging (static: false)  @mrxlayermanager:375
[16:56:59.674] [lua] true	Unable to load layer vz_state_oiljob008_e_staging  @mrxlayermanager:403
[16:56:59.685] [lua] Request fulfilled: Load layer vz_state_chijob006_b_staging (static: nil)  @mrxlayermanager:446
[16:56:59.693] [lua] Layer request 2: 106 of 250 complete  @mrxlayermanager:479
[16:56:59.702] [lua] Culling op for layer vz_state_chijob006_b_staging!  @mrxlayermanager:318
[16:56:59.711] [lua] (nPendingOps = 245)  @mrxlayermanager:324
[16:56:59.719] [lua] Loading vz_chi_job010_a (static: true)  @mrxlayermanager:375
[16:56:59.729] [lua] true	Unable to load layer vz_chi_job010_a  @mrxlayermanager:403
[16:56:59.739] [lua] Request fulfilled: Load layer vz_all_job010_d (static: nil)  @mrxlayermanager:446
[16:56:59.749] [lua] Layer request 1: 70 of 170 complete  @mrxlayermanager:479
[16:56:59.761] [lua] Culling op for layer vz_all_job010_d!  @mrxlayermanager:318
[16:56:59.772] [lua] (nPendingOps = 244)  @mrxlayermanager:324
[16:56:59.785] [lua] Loading vz_state_oiljob011_03_staging (static: false)  @mrxlayermanager:375
[16:56:59.796] [lua] true	Unable to load layer vz_state_oiljob011_03_staging  @mrxlayermanager:403
[16:56:59.807] [lua] Request fulfilled: Load layer vz_chi_job010_a (static: nil)  @mrxlayermanager:446
[16:56:59.815] [lua] Layer request 1: 71 of 170 complete  @mrxlayermanager:479
[16:56:59.835] [lua] Culling op for layer vz_chi_job010_a!  @mrxlayermanager:318
[16:56:59.847] [lua] (nPendingOps = 243)  @mrxlayermanager:324
[16:56:59.858] [lua] Loading vz_state_pmccon001 (static: false)  @mrxlayermanager:375
[16:56:59.867] [lua] true	Unable to load layer vz_state_pmccon001  @mrxlayermanager:403
[16:56:59.877] [lua] Request fulfilled: Load layer vz_state_pirjob007_c_staging (static: nil)  @mrxlayermanager:446
[16:56:59.887] [lua] Layer request 2: 107 of 250 complete  @mrxlayermanager:479
[16:56:59.895] [lua] Culling op for layer vz_state_pirjob007_c_staging!  @mrxlayermanager:318
[16:56:59.906] [lua] (nPendingOps = 242)  @mrxlayermanager:324
[16:56:59.918] [lua] Loading vz_mar_industrial_roads (static: true)  @mrxlayermanager:375
[16:56:59.930] [lua] true	Unable to load layer vz_mar_industrial_roads  @mrxlayermanager:403
[16:56:59.945] [lua] Request fulfilled: Load layer vz_mar_industrial_roads (static: nil)  @mrxlayermanager:446
[16:56:59.955] [lua] Layer request 1: 72 of 170 complete  @mrxlayermanager:479
[16:56:59.967] [lua] Culling op for layer vz_mar_industrial_roads!  @mrxlayermanager:318
[16:56:59.975] [lua] (nPendingOps = 241)  @mrxlayermanager:324
[16:56:59.985] [lua] Loading vz_state_pirjob012_09_staging (static: false)  @mrxlayermanager:375
[16:56:59.995] [lua] true	Unable to load layer vz_state_pirjob012_09_staging  @mrxlayermanager:403
[16:57:00.005] [lua] Request fulfilled: Load layer vz_state_alljob010_03_pristine (static: nil)  @mrxlayermanager:446
[16:57:00.017] [lua] Layer request 2: 108 of 250 complete  @mrxlayermanager:479
[16:57:00.030] [lua] Culling op for layer vz_state_alljob010_03_pristine!  @mrxlayermanager:318
[16:57:00.039] [lua] (nPendingOps = 240)  @mrxlayermanager:324
[16:57:00.053] [lua] Loading vz_pir_job012_d (static: true)  @mrxlayermanager:375
[16:57:00.067] [lua] true	Unable to load layer vz_pir_job012_d  @mrxlayermanager:403
[16:57:00.080] [lua] Request fulfilled: Load layer vz_pir_job012_d (static: nil)  @mrxlayermanager:446
[16:57:00.092] [lua] Layer request 1: 73 of 170 complete  @mrxlayermanager:479
[16:57:00.102] [lua] Culling op for layer vz_pir_job012_d!  @mrxlayermanager:318
[16:57:00.114] [lua] (nPendingOps = 239)  @mrxlayermanager:324
[16:57:00.123] [lua] Loading vz_state_oiljob012_04_pristine (static: false)  @mrxlayermanager:375
[16:57:00.133] [lua] true	Unable to load layer vz_state_oiljob012_04_pristine  @mrxlayermanager:403
[16:57:00.143] [lua] Request fulfilled: Load layer vz_state_alljob002_01_pristine (static: nil)  @mrxlayermanager:446
[16:57:00.151] [lua] Layer request 2: 109 of 250 complete  @mrxlayermanager:479
[16:57:00.160] [lua] Culling op for layer vz_state_alljob002_01_pristine!  @mrxlayermanager:318
[16:57:00.169] [lua] (nPendingOps = 238)  @mrxlayermanager:324
[16:57:00.178] [lua] Loading vz_state_pirjob012_09_pristine (static: false)  @mrxlayermanager:375
[16:57:00.187] [lua] true	Unable to load layer vz_state_pirjob012_09_pristine  @mrxlayermanager:403
[16:57:00.198] [lua] Request fulfilled: Load layer vz_state_chijob002_04_pristine (static: nil)  @mrxlayermanager:446
[16:57:00.207] [lua] Layer request 2: 110 of 250 complete  @mrxlayermanager:479
[16:57:00.216] [lua] Culling op for layer vz_state_chijob002_04_pristine!  @mrxlayermanager:318
[16:57:00.225] [lua] (nPendingOps = 237)  @mrxlayermanager:324
[16:57:00.233] [lua] Loading vz_state_chijob005_c_pristine (static: false)  @mrxlayermanager:375
[16:57:00.241] [lua] true	Unable to load layer vz_state_chijob005_c_pristine  @mrxlayermanager:403
[16:57:00.252] [lua] Request fulfilled: Load layer vz_state_oiljob008_c_staging (static: nil)  @mrxlayermanager:446
[16:57:00.264] [lua] Layer request 2: 111 of 250 complete  @mrxlayermanager:479
[16:57:00.273] [lua] Culling op for layer vz_state_oiljob008_c_staging!  @mrxlayermanager:318
[16:57:00.282] [lua] (nPendingOps = 236)  @mrxlayermanager:324
[16:57:00.290] [lua] Loading vz_state_gurjob11_10 (static: false)  @mrxlayermanager:375
[16:57:00.299] [lua] true	Unable to load layer vz_state_gurjob11_10  @mrxlayermanager:403
[16:57:00.309] [lua] Request fulfilled: Load layer vz_state_gurjob012_03_staging (static: nil)  @mrxlayermanager:446
[16:57:00.318] [lua] Layer request 2: 112 of 250 complete  @mrxlayermanager:479
[16:57:00.327] [lua] Culling op for layer vz_state_gurjob012_03_staging!  @mrxlayermanager:318
[16:57:00.337] [lua] (nPendingOps = 235)  @mrxlayermanager:324
[16:57:00.345] [lua] Loading vz_gur_job002_f (static: true)  @mrxlayermanager:375
[16:57:00.355] [lua] true	Unable to load layer vz_gur_job002_f  @mrxlayermanager:403
[16:57:00.366] [lua] Request fulfilled: Load layer vz_gur_job002_f (static: nil)  @mrxlayermanager:446
[16:57:00.374] [lua] Layer request 1: 74 of 170 complete  @mrxlayermanager:479
[16:57:00.384] [lua] Culling op for layer vz_gur_job002_f!  @mrxlayermanager:318
[16:57:00.393] [lua] (nPendingOps = 234)  @mrxlayermanager:324
[16:57:00.401] [lua] Loading vz_all_job001_d (static: true)  @mrxlayermanager:375
[16:57:00.409] [lua] true	Unable to load layer vz_all_job001_d  @mrxlayermanager:403
[16:57:00.418] [lua] Request fulfilled: Load layer vz_state_oiljob008_e_staging (static: nil)  @mrxlayermanager:446
[16:57:00.426] [lua] Layer request 2: 113 of 250 complete  @mrxlayermanager:479
[16:57:00.436] [lua] Culling op for layer vz_state_oiljob008_e_staging!  @mrxlayermanager:318
[16:57:00.445] [lua] (nPendingOps = 233)  @mrxlayermanager:324
[16:57:00.453] [lua] Loading vz_chi_job002_a (static: true)  @mrxlayermanager:375
[16:57:00.462] [lua] true	Unable to load layer vz_chi_job002_a  @mrxlayermanager:403
[16:57:00.475] [lua] Request fulfilled: Load layer vz_all_job001_d (static: nil)  @mrxlayermanager:446
[16:57:00.484] [lua] Layer request 1: 75 of 170 complete  @mrxlayermanager:479
[16:57:00.493] [lua] Culling op for layer vz_all_job001_d!  @mrxlayermanager:318
[16:57:00.506] [lua] (nPendingOps = 232)  @mrxlayermanager:324
[16:57:00.514] [lua] Loading vz_chi_con054 (static: true)  @mrxlayermanager:375
[16:57:00.523] [lua] true	Unable to load layer vz_chi_con054  @mrxlayermanager:403
[16:57:00.532] [lua] Request fulfilled: Load layer vz_chi_job002_a (static: nil)  @mrxlayermanager:446
[16:57:00.541] [lua] Layer request 1: 76 of 170 complete  @mrxlayermanager:479
[16:57:00.549] [lua] Culling op for layer vz_chi_job002_a!  @mrxlayermanager:318
[16:57:00.558] [lua] (nPendingOps = 231)  @mrxlayermanager:324
[16:57:00.566] [lua] Loading vz_state_gurjob11_06 (static: false)  @mrxlayermanager:375
[16:57:00.574] [lua] true	Unable to load layer vz_state_gurjob11_06  @mrxlayermanager:403
[16:57:00.587] [lua] Request fulfilled: Load layer vz_state_chijob005_c_pristine (static: nil)  @mrxlayermanager:446
[16:57:00.595] [lua] Layer request 2: 114 of 250 complete  @mrxlayermanager:479
[16:57:00.605] [lua] Culling op for layer vz_state_chijob005_c_pristine!  @mrxlayermanager:318
[16:57:00.614] [lua] (nPendingOps = 230)  @mrxlayermanager:324
[16:57:00.623] [lua] Loading vz_state_oiljob008_b_staging (static: false)  @mrxlayermanager:375
[16:57:00.633] [lua] true	Unable to load layer vz_state_oiljob008_b_staging  @mrxlayermanager:403
[16:57:00.644] [lua] Request fulfilled: Load layer vz_chi_con054 (static: nil)  @mrxlayermanager:446
[16:57:00.652] [lua] Layer request 1: 77 of 170 complete  @mrxlayermanager:479
[16:57:00.664] [lua] Culling op for layer vz_chi_con054!  @mrxlayermanager:318
[16:57:00.673] [lua] (nPendingOps = 229)  @mrxlayermanager:324
[16:57:00.683] [lua] Loading vz_gur_job008_b (static: true)  @mrxlayermanager:375
[16:57:00.691] [lua] true	Unable to load layer vz_gur_job008_b  @mrxlayermanager:403
[16:57:00.701] [lua] Request fulfilled: Load layer vz_state_pirjob012_09_pristine (static: nil)  @mrxlayermanager:446
[16:57:00.711] [lua] Layer request 2: 115 of 250 complete  @mrxlayermanager:479
[16:57:00.719] [lua] Culling op for layer vz_state_pirjob012_09_pristine!  @mrxlayermanager:318
[16:57:00.730] [lua] (nPendingOps = 228)  @mrxlayermanager:324
[16:57:00.739] [lua] Loading vz_state_alljob002_05_pristine (static: false)  @mrxlayermanager:375
[16:57:00.747] [lua] true	Unable to load layer vz_state_alljob002_05_pristine  @mrxlayermanager:403
[16:57:00.759] [lua] Request fulfilled: Load layer vz_gur_job008_b (static: nil)  @mrxlayermanager:446
[16:57:00.768] [lua] Layer request 1: 78 of 170 complete  @mrxlayermanager:479
[16:57:00.777] [lua] Culling op for layer vz_gur_job008_b!  @mrxlayermanager:318
[16:57:00.785] [lua] (nPendingOps = 227)  @mrxlayermanager:324
[16:57:00.794] [lua] Loading vz_amazon_billboard (static: true)  @mrxlayermanager:375
[16:57:00.802] [lua] true	Unable to load layer vz_amazon_billboard  @mrxlayermanager:403
[16:57:00.811] [lua] Request fulfilled: Load layer vz_state_gurjob11_06 (static: nil)  @mrxlayermanager:446
[16:57:00.821] [lua] Layer request 2: 116 of 250 complete  @mrxlayermanager:479
[16:57:00.829] [lua] Culling op for layer vz_state_gurjob11_06!  @mrxlayermanager:318
[16:57:00.838] [lua] (nPendingOps = 226)  @mrxlayermanager:324
[16:57:00.846] [lua] Loading vz_state_gurjob012_02_staging (static: false)  @mrxlayermanager:375
[16:57:00.855] [lua] true	Unable to load layer vz_state_gurjob012_02_staging  @mrxlayermanager:403
[16:57:00.867] [lua] Request fulfilled: Load layer vz_amazon_billboard (static: nil)  @mrxlayermanager:446
[16:57:00.875] [lua] Layer request 1: 79 of 170 complete  @mrxlayermanager:479
[16:57:00.886] [lua] Culling op for layer vz_amazon_billboard!  @mrxlayermanager:318
[16:57:00.897] [lua] (nPendingOps = 225)  @mrxlayermanager:324
[16:57:00.906] [lua] Loading vz_state_gurjob007_01 (static: false)  @mrxlayermanager:375
[16:57:00.915] [lua] true	Unable to load layer vz_state_gurjob007_01  @mrxlayermanager:403
[16:57:00.923] [lua] Request fulfilled: Load layer vz_state_pmccon001 (static: nil)  @mrxlayermanager:446
[16:57:00.932] [lua] Layer request 2: 117 of 250 complete  @mrxlayermanager:479
[16:57:00.941] [lua] Culling op for layer vz_state_pmccon001!  @mrxlayermanager:318
[16:57:00.949] [lua] (nPendingOps = 224)  @mrxlayermanager:324
[16:57:00.958] [lua] Loading vz_pir_job012_j (static: true)  @mrxlayermanager:375
[16:57:00.969] [lua] true	Unable to load layer vz_pir_job012_j  @mrxlayermanager:403
[16:57:00.981] [lua] Request fulfilled: Load layer vz_pir_job012_j (static: nil)  @mrxlayermanager:446
[16:57:00.989] [lua] Layer request 1: 80 of 170 complete  @mrxlayermanager:479
[16:57:00.999] [lua] Culling op for layer vz_pir_job012_j!  @mrxlayermanager:318
[16:57:01.012] [lua] (nPendingOps = 223)  @mrxlayermanager:324
[16:57:01.020] [lua] Loading vz_state_pirjob002_02_pristine (static: false)  @mrxlayermanager:375
[16:57:01.029] [lua] true	Unable to load layer vz_state_pirjob002_02_pristine  @mrxlayermanager:403
[16:57:01.040] [lua] Request fulfilled: Load layer vz_state_gurjob012_02_staging (static: nil)  @mrxlayermanager:446
[16:57:01.049] [lua] Layer request 2: 118 of 250 complete  @mrxlayermanager:479
[16:57:01.058] [lua] Culling op for layer vz_state_gurjob012_02_staging!  @mrxlayermanager:318
[16:57:01.067] [lua] (nPendingOps = 222)  @mrxlayermanager:324
[16:57:01.076] [lua] Loading vz_state_chijob005_a_pristine (static: false)  @mrxlayermanager:375
[16:57:01.085] [lua] true	Unable to load layer vz_state_chijob005_a_pristine  @mrxlayermanager:403
[16:57:01.095] [lua] Request fulfilled: Load layer vz_state_oiljob012_01_staging (static: nil)  @mrxlayermanager:446
[16:57:01.105] [lua] Layer request 2: 119 of 250 complete  @mrxlayermanager:479
[16:57:01.114] [lua] Culling op for layer vz_state_oiljob012_01_staging!  @mrxlayermanager:318
[16:57:01.122] [lua] (nPendingOps = 221)  @mrxlayermanager:324
[16:57:01.131] [lua] Loading vz_gur_job002_h (static: true)  @mrxlayermanager:375
[16:57:01.139] [lua] true	Unable to load layer vz_gur_job002_h  @mrxlayermanager:403
[16:57:01.150] [lua] Request fulfilled: Load layer vz_state_oiljob012_04_pristine (static: nil)  @mrxlayermanager:446
[16:57:01.159] [lua] Layer request 2: 120 of 250 complete  @mrxlayermanager:479
[16:57:01.170] [lua] Culling op for layer vz_state_oiljob012_04_pristine!  @mrxlayermanager:318
[16:57:01.179] [lua] (nPendingOps = 220)  @mrxlayermanager:324
[16:57:01.188] [lua] Loading vz_state_oiljob011_05_pristine (static: false)  @mrxlayermanager:375
[16:57:01.197] [lua] true	Unable to load layer vz_state_oiljob011_05_pristine  @mrxlayermanager:403
[16:57:01.205] [lua] Request fulfilled: Load layer vz_gur_job002_h (static: nil)  @mrxlayermanager:446
[16:57:01.215] [lua] Layer request 1: 81 of 170 complete  @mrxlayermanager:479
[16:57:01.225] [lua] Culling op for layer vz_gur_job002_h!  @mrxlayermanager:318
[16:57:01.233] [lua] (nPendingOps = 219)  @mrxlayermanager:324
[16:57:01.247] [lua] Loading vz_state_pirjob012_10_pristine (static: false)  @mrxlayermanager:375
[16:57:01.255] [lua] true	Unable to load layer vz_state_pirjob012_10_pristine  @mrxlayermanager:403
[16:57:01.266] [lua] Request fulfilled: Load layer vz_state_pirjob002_02_pristine (static: nil)  @mrxlayermanager:446
[16:57:01.276] [lua] Layer request 2: 121 of 250 complete  @mrxlayermanager:479
[16:57:01.286] [lua] Culling op for layer vz_state_pirjob002_02_pristine!  @mrxlayermanager:318
[16:57:01.294] [lua] (nPendingOps = 218)  @mrxlayermanager:324
[16:57:01.303] [lua] Loading vz_car_shanty_roads (static: true)  @mrxlayermanager:375
[16:57:01.312] [lua] true	Unable to load layer vz_car_shanty_roads  @mrxlayermanager:403
[16:57:01.322] [lua] Request fulfilled: Load layer vz_car_shanty_roads (static: nil)  @mrxlayermanager:446
[16:57:01.335] [lua] Layer request 1: 82 of 170 complete  @mrxlayermanager:479
[16:57:01.344] [lua] Culling op for layer vz_car_shanty_roads!  @mrxlayermanager:318
[16:57:01.354] [lua] (nPendingOps = 217)  @mrxlayermanager:324
[16:57:01.363] [lua] Loading vz_pmc_scrub (static: true)  @mrxlayermanager:375
[16:57:01.373] [lua] true	Unable to load layer vz_pmc_scrub  @mrxlayermanager:403
[16:57:01.382] [lua] Request fulfilled: Load layer vz_state_alljob002_05_pristine (static: nil)  @mrxlayermanager:446
[16:57:01.391] [lua] Layer request 2: 122 of 250 complete  @mrxlayermanager:479
[16:57:01.401] [lua] Culling op for layer vz_state_alljob002_05_pristine!  @mrxlayermanager:318
[16:57:01.409] [lua] (nPendingOps = 216)  @mrxlayermanager:324
[16:57:01.418] [lua] Loading vz_state_oiljob011_02_pristine (static: false)  @mrxlayermanager:375
[16:57:01.426] [lua] true	Unable to load layer vz_state_oiljob011_02_pristine  @mrxlayermanager:403
[16:57:01.444] [lua] Request fulfilled: Load layer vz_pmc_scrub (static: nil)  @mrxlayermanager:446
[16:57:01.452] [lua] Layer request 1: 83 of 170 complete  @mrxlayermanager:479
[16:57:01.464] [lua] Culling op for layer vz_pmc_scrub!  @mrxlayermanager:318
[16:57:01.473] [lua] (nPendingOps = 215)  @mrxlayermanager:324
[16:57:01.482] [lua] Loading vz_oil_job011_g (static: true)  @mrxlayermanager:375
[16:57:01.490] [lua] true	Unable to load layer vz_oil_job011_g  @mrxlayermanager:403
[16:57:01.499] [lua] Request fulfilled: Load layer vz_state_oiljob011_03_staging (static: nil)  @mrxlayermanager:446
[16:57:01.508] [lua] Layer request 2: 123 of 250 complete  @mrxlayermanager:479
[16:57:01.517] [lua] Culling op for layer vz_state_oiljob011_03_staging!  @mrxlayermanager:318
[16:57:01.525] [lua] (nPendingOps = 214)  @mrxlayermanager:324
[16:57:01.534] [lua] Loading vz_state_merida_act1_helo (static: false)  @mrxlayermanager:375
[16:57:01.545] [lua] true	Unable to load layer vz_state_merida_act1_helo  @mrxlayermanager:403
[16:57:01.556] [lua] Request fulfilled: Load layer vz_oil_job011_g (static: nil)  @mrxlayermanager:446
[16:57:01.565] [lua] Layer request 1: 84 of 170 complete  @mrxlayermanager:479
[16:57:01.576] [lua] Culling op for layer vz_oil_job011_g!  @mrxlayermanager:318
[16:57:01.586] [lua] (nPendingOps = 213)  @mrxlayermanager:324
[16:57:01.596] [lua] Loading vz_state_chicon054_staging (static: false)  @mrxlayermanager:375
[16:57:01.610] [lua] true	Unable to load layer vz_state_chicon054_staging  @mrxlayermanager:403
[16:57:01.623] [lua] Request fulfilled: Load layer vz_state_oiljob008_b_staging (static: nil)  @mrxlayermanager:446
[16:57:01.637] [lua] Layer request 2: 124 of 250 complete  @mrxlayermanager:479
[16:57:01.648] [lua] Culling op for layer vz_state_oiljob008_b_staging!  @mrxlayermanager:318
[16:57:01.657] [lua] (nPendingOps = 212)  @mrxlayermanager:324
[16:57:01.665] [lua] Loading vz_state_mar_industrial_act1 (static: false)  @mrxlayermanager:375
[16:57:01.675] [lua] true	Unable to load layer vz_state_mar_industrial_act1  @mrxlayermanager:403
[16:57:01.685] [lua] Request fulfilled: Load layer vz_state_gurjob11_10 (static: nil)  @mrxlayermanager:446
[16:57:01.695] [lua] Layer request 2: 125 of 250 complete  @mrxlayermanager:479
[16:57:01.704] [lua] Culling op for layer vz_state_gurjob11_10!  @mrxlayermanager:318
[16:57:01.713] [lua] (nPendingOps = 211)  @mrxlayermanager:324
[16:57:01.722] [lua] Loading vz_mer_dock (static: true)  @mrxlayermanager:375
[16:57:01.733] [lua] true	Unable to load layer vz_mer_dock  @mrxlayermanager:403
[16:57:01.745] [lua] Request fulfilled: Load layer vz_state_pirjob012_09_staging (static: nil)  @mrxlayermanager:446
[16:57:01.754] [lua] Layer request 2: 126 of 250 complete  @mrxlayermanager:479
[16:57:01.763] [lua] Culling op for layer vz_state_pirjob012_09_staging!  @mrxlayermanager:318
[16:57:01.772] [lua] (nPendingOps = 210)  @mrxlayermanager:324
[16:57:01.782] [lua] Loading vz_state_alljob002_04_pristine (static: false)  @mrxlayermanager:375
[16:57:01.790] [lua] true	Unable to load layer vz_state_alljob002_04_pristine  @mrxlayermanager:403
[16:57:01.800] [lua] Request fulfilled: Load layer vz_mer_dock (static: nil)  @mrxlayermanager:446
[16:57:01.809] [lua] Layer request 1: 85 of 170 complete  @mrxlayermanager:479
[16:57:01.818] [lua] Culling op for layer vz_mer_dock!  @mrxlayermanager:318
[16:57:01.827] [lua] (nPendingOps = 209)  @mrxlayermanager:324
[16:57:01.835] [lua] Loading vz_state_merida_act1_staging (static: false)  @mrxlayermanager:375
[16:57:01.844] [lua] true	Unable to load layer vz_state_merida_act1_staging  @mrxlayermanager:403
[16:57:01.854] [lua] Request fulfilled: Load layer vz_state_gurjob007_01 (static: nil)  @mrxlayermanager:446
[16:57:01.869] [lua] Layer request 2: 127 of 250 complete  @mrxlayermanager:479
[16:57:01.879] [lua] Culling op for layer vz_state_gurjob007_01!  @mrxlayermanager:318
[16:57:01.889] [lua] (nPendingOps = 208)  @mrxlayermanager:324
[16:57:01.897] [lua] Loading vz_state_chijob001_02_pristine (static: false)  @mrxlayermanager:375
[16:57:01.905] [lua] true	Unable to load layer vz_state_chijob001_02_pristine  @mrxlayermanager:403
[16:57:01.916] [lua] Request fulfilled: Load layer vz_state_mar_industrial_act1 (static: nil)  @mrxlayermanager:446
[16:57:01.925] [lua] Layer request 2: 128 of 250 complete  @mrxlayermanager:479
[16:57:01.933] [lua] Culling op for layer vz_state_mar_industrial_act1!  @mrxlayermanager:318
[16:57:01.943] [lua] (nPendingOps = 207)  @mrxlayermanager:324
[16:57:01.952] [lua] Loading vz_angel_falls_tiny (static: true)  @mrxlayermanager:375
[16:57:01.961] [lua] true	Unable to load layer vz_angel_falls_tiny  @mrxlayermanager:403
[16:57:01.971] [lua] Request fulfilled: Load layer vz_state_chicon054_staging (static: nil)  @mrxlayermanager:446
[16:57:01.980] [lua] Layer request 2: 129 of 250 complete  @mrxlayermanager:479
[16:57:01.989] [lua] Culling op for layer vz_state_chicon054_staging!  @mrxlayermanager:318
[16:57:01.998] [lua] (nPendingOps = 206)  @mrxlayermanager:324
[16:57:02.006] [lua] Loading vz_state_gurjob012_01_pristine (static: false)  @mrxlayermanager:375
[16:57:02.015] [lua] true	Unable to load layer vz_state_gurjob012_01_pristine  @mrxlayermanager:403
[16:57:02.028] [lua] Request fulfilled: Load layer vz_angel_falls_tiny (static: nil)  @mrxlayermanager:446
[16:57:02.040] [lua] Layer request 1: 86 of 170 complete  @mrxlayermanager:479
[16:57:02.049] [lua] Culling op for layer vz_angel_falls_tiny!  @mrxlayermanager:318
[16:57:02.057] [lua] (nPendingOps = 205)  @mrxlayermanager:324
[16:57:02.066] [lua] Loading vz_state_pirjob007_e_staging (static: false)  @mrxlayermanager:375
[16:57:02.077] [lua] true	Unable to load layer vz_state_pirjob007_e_staging  @mrxlayermanager:403
[16:57:02.090] [lua] Request fulfilled: Load layer vz_state_chijob005_a_pristine (static: nil)  @mrxlayermanager:446
[16:57:02.099] [lua] Layer request 2: 130 of 250 complete  @mrxlayermanager:479
[16:57:02.108] [lua] Culling op for layer vz_state_chijob005_a_pristine!  @mrxlayermanager:318
[16:57:02.117] [lua] (nPendingOps = 204)  @mrxlayermanager:324
[16:57:02.128] [lua] Loading vz_gur_hq (static: true)  @mrxlayermanager:375
[16:57:02.135] [lua] true	Unable to load layer vz_gur_hq  @mrxlayermanager:403
[16:57:02.148] [lua] Request fulfilled: Load layer vz_gur_hq (static: nil)  @mrxlayermanager:446
[16:57:02.158] [lua] Layer request 1: 87 of 170 complete  @mrxlayermanager:479
[16:57:02.167] [lua] Culling op for layer vz_gur_hq!  @mrxlayermanager:318
[16:57:02.175] [lua] (nPendingOps = 203)  @mrxlayermanager:324
[16:57:02.184] [lua] Loading vz_mer_billboard (static: true)  @mrxlayermanager:375
[16:57:02.192] [lua] true	Unable to load layer vz_mer_billboard  @mrxlayermanager:403
[16:57:02.201] [lua] Request fulfilled: Load layer vz_state_oiljob011_02_pristine (static: nil)  @mrxlayermanager:446
[16:57:02.209] [lua] Layer request 2: 131 of 250 complete  @mrxlayermanager:479
[16:57:02.219] [lua] Culling op for layer vz_state_oiljob011_02_pristine!  @mrxlayermanager:318
[16:57:02.227] [lua] (nPendingOps = 202)  @mrxlayermanager:324
[16:57:02.236] [lua] Loading vz_oil_job011_e (static: true)  @mrxlayermanager:375
[16:57:02.245] [lua] true	Unable to load layer vz_oil_job011_e  @mrxlayermanager:403
[16:57:02.255] [lua] Request fulfilled: Load layer vz_state_gurjob012_01_pristine (static: nil)  @mrxlayermanager:446
[16:57:02.266] [lua] Layer request 2: 132 of 250 complete  @mrxlayermanager:479
[16:57:02.275] [lua] Culling op for layer vz_state_gurjob012_01_pristine!  @mrxlayermanager:318
[16:57:02.290] [lua] (nPendingOps = 201)  @mrxlayermanager:324
[16:57:02.298] [lua] Loading vz_state_chijob005_f_pristine (static: false)  @mrxlayermanager:375
[16:57:02.306] [lua] true	Unable to load layer vz_state_chijob005_f_pristine  @mrxlayermanager:403
[16:57:02.315] [lua] Request fulfilled: Load layer vz_mer_billboard (static: nil)  @mrxlayermanager:446
[16:57:02.323] [lua] Layer request 1: 88 of 170 complete  @mrxlayermanager:479
[16:57:02.332] [lua] Culling op for layer vz_mer_billboard!  @mrxlayermanager:318
[16:57:02.341] [lua] (nPendingOps = 200)  @mrxlayermanager:324
[16:57:02.349] [lua] Loading vz_all_job002_a (static: true)  @mrxlayermanager:375
[16:57:02.358] [lua] true	Unable to load layer vz_all_job002_a  @mrxlayermanager:403
[16:57:02.367] [lua] Request fulfilled: Load layer vz_oil_job011_e (static: nil)  @mrxlayermanager:446
[16:57:02.375] [lua] Layer request 1: 89 of 170 complete  @mrxlayermanager:479
[16:57:02.384] [lua] Culling op for layer vz_oil_job011_e!  @mrxlayermanager:318
[16:57:02.393] [lua] (nPendingOps = 199)  @mrxlayermanager:324
[16:57:02.401] [lua] Loading vz_state_alljob001_03_staging2 (static: false)  @mrxlayermanager:375
[16:57:02.412] [lua] true	Unable to load layer vz_state_alljob001_03_staging2  @mrxlayermanager:403
[16:57:02.423] [lua] Request fulfilled: Load layer vz_all_job002_a (static: nil)  @mrxlayermanager:446
[16:57:02.432] [lua] Layer request 1: 90 of 170 complete  @mrxlayermanager:479
[16:57:02.442] [lua] Culling op for layer vz_all_job002_a!  @mrxlayermanager:318
[16:57:02.451] [lua] (nPendingOps = 198)  @mrxlayermanager:324
[16:57:02.459] [lua] Loading vz_state_alljob001_04_staging (static: false)  @mrxlayermanager:375
[16:57:02.468] [lua] true	Unable to load layer vz_state_alljob001_04_staging  @mrxlayermanager:403
[16:57:02.477] [lua] Request fulfilled: Load layer vz_state_oiljob011_05_pristine (static: nil)  @mrxlayermanager:446
[16:57:02.486] [lua] Layer request 2: 133 of 250 complete  @mrxlayermanager:479
[16:57:02.495] [lua] Culling op for layer vz_state_oiljob011_05_pristine!  @mrxlayermanager:318
[16:57:02.503] [lua] (nPendingOps = 197)  @mrxlayermanager:324
[16:57:02.512] [lua] Loading vz_oil_job002 (static: true)  @mrxlayermanager:375
[16:57:02.520] [lua] true	Unable to load layer vz_oil_job002  @mrxlayermanager:403
[16:57:02.534] [lua] Request fulfilled: Load layer vz_oil_job002 (static: nil)  @mrxlayermanager:446
[16:57:02.543] [lua] Layer request 1: 91 of 170 complete  @mrxlayermanager:479
[16:57:02.552] [lua] Culling op for layer vz_oil_job002!  @mrxlayermanager:318
[16:57:02.562] [lua] (nPendingOps = 196)  @mrxlayermanager:324
[16:57:02.571] [lua] Loading vz_state_pirjob007_g_staging (static: false)  @mrxlayermanager:375
[16:57:02.580] [lua] true	Unable to load layer vz_state_pirjob007_g_staging  @mrxlayermanager:403
[16:57:02.588] [lua] Request fulfilled: Load layer vz_state_alljob001_03_staging2 (static: nil)  @mrxlayermanager:446
[16:57:02.600] [lua] Layer request 2: 134 of 250 complete  @mrxlayermanager:479
[16:57:02.609] [lua] Culling op for layer vz_state_alljob001_03_staging2!  @mrxlayermanager:318
[16:57:02.618] [lua] (nPendingOps = 195)  @mrxlayermanager:324
[16:57:02.626] [lua] Loading vz_chi_job006_c (static: true)  @mrxlayermanager:375
[16:57:02.634] [lua] true	Unable to load layer vz_chi_job006_c  @mrxlayermanager:403
[16:57:02.645] [lua] Request fulfilled: Load layer vz_state_chijob001_02_pristine (static: nil)  @mrxlayermanager:446
[16:57:02.653] [lua] Layer request 2: 135 of 250 complete  @mrxlayermanager:479
[16:57:02.662] [lua] Culling op for layer vz_state_chijob001_02_pristine!  @mrxlayermanager:318
[16:57:02.673] [lua] (nPendingOps = 194)  @mrxlayermanager:324
[16:57:02.681] [lua] Loading vz_pir_job002_a (static: true)  @mrxlayermanager:375
[16:57:02.690] [lua] true	Unable to load layer vz_pir_job002_a  @mrxlayermanager:403
[16:57:02.700] [lua] Request fulfilled: Load layer vz_chi_job006_c (static: nil)  @mrxlayermanager:446
[16:57:02.708] [lua] Layer request 1: 92 of 170 complete  @mrxlayermanager:479
[16:57:02.718] [lua] Culling op for layer vz_chi_job006_c!  @mrxlayermanager:318
[16:57:02.727] [lua] (nPendingOps = 193)  @mrxlayermanager:324
[16:57:02.735] [lua] Loading vz_state_oiljob008_d_pristine (static: false)  @mrxlayermanager:375
[16:57:02.743] [lua] true	Unable to load layer vz_state_oiljob008_d_pristine  @mrxlayermanager:403
[16:57:02.756] [lua] Request fulfilled: Load layer vz_pir_job002_a (static: nil)  @mrxlayermanager:446
[16:57:02.765] [lua] Layer request 1: 93 of 170 complete  @mrxlayermanager:479
[16:57:02.773] [lua] Culling op for layer vz_pir_job002_a!  @mrxlayermanager:318
[16:57:02.784] [lua] (nPendingOps = 192)  @mrxlayermanager:324
[16:57:02.793] [lua] Loading vz_state_pirjob012_05_pristine (static: false)  @mrxlayermanager:375
[16:57:02.802] [lua] true	Unable to load layer vz_state_pirjob012_05_pristine  @mrxlayermanager:403
[16:57:02.811] [lua] Request fulfilled: Load layer vz_state_alljob001_04_staging (static: nil)  @mrxlayermanager:446
[16:57:02.820] [lua] Layer request 2: 136 of 250 complete  @mrxlayermanager:479
[16:57:02.829] [lua] Culling op for layer vz_state_alljob001_04_staging!  @mrxlayermanager:318
[16:57:02.838] [lua] (nPendingOps = 191)  @mrxlayermanager:324
[16:57:02.846] [lua] Loading vz_state_chijob001_03_pristine (static: false)  @mrxlayermanager:375
[16:57:02.855] [lua] true	Unable to load layer vz_state_chijob001_03_pristine  @mrxlayermanager:403
[16:57:02.867] [lua] Request fulfilled: Load layer vz_state_merida_act1_helo (static: nil)  @mrxlayermanager:446
[16:57:02.881] [lua] Layer request 2: 137 of 250 complete  @mrxlayermanager:479
[16:57:02.890] [lua] Culling op for layer vz_state_merida_act1_helo!  @mrxlayermanager:318
[16:57:02.899] [lua] (nPendingOps = 190)  @mrxlayermanager:324
[16:57:02.912] [lua] Loading vz_state_ocgate_dynamic (static: false)  @mrxlayermanager:375
[16:57:02.921] [lua] true	Unable to load layer vz_state_ocgate_dynamic  @mrxlayermanager:403
[16:57:02.936] [lua] Request fulfilled: Load layer vz_state_merida_act1_staging (static: nil)  @mrxlayermanager:446
[16:57:02.945] [lua] Layer request 2: 138 of 250 complete  @mrxlayermanager:479
[16:57:02.955] [lua] Culling op for layer vz_state_merida_act1_staging!  @mrxlayermanager:318
[16:57:02.963] [lua] (nPendingOps = 189)  @mrxlayermanager:324
[16:57:02.972] [lua] Loading vz_gua_billboard (static: true)  @mrxlayermanager:375
[16:57:02.980] [lua] true	Unable to load layer vz_gua_billboard  @mrxlayermanager:403
[16:57:02.990] [lua] Request fulfilled: Load layer vz_state_alljob002_04_pristine (static: nil)  @mrxlayermanager:446
[16:57:02.999] [lua] Layer request 2: 139 of 250 complete  @mrxlayermanager:479
[16:57:03.009] [lua] Culling op for layer vz_state_alljob002_04_pristine!  @mrxlayermanager:318
[16:57:03.018] [lua] (nPendingOps = 188)  @mrxlayermanager:324
[16:57:03.029] [lua] Loading vz_state_chijob002_02_staging (static: false)  @mrxlayermanager:375
[16:57:03.037] [lua] true	Unable to load layer vz_state_chijob002_02_staging  @mrxlayermanager:403
[16:57:03.046] [lua] Request fulfilled: Load layer vz_gua_billboard (static: nil)  @mrxlayermanager:446
[16:57:03.055] [lua] Layer request 1: 94 of 170 complete  @mrxlayermanager:479
[16:57:03.063] [lua] Culling op for layer vz_gua_billboard!  @mrxlayermanager:318
[16:57:03.072] [lua] (nPendingOps = 187)  @mrxlayermanager:324
[16:57:03.081] [lua] Loading vz_state_chijob006_b_pristine (static: false)  @mrxlayermanager:375
[16:57:03.090] [lua] true	Unable to load layer vz_state_chijob006_b_pristine  @mrxlayermanager:403
[16:57:03.103] [lua] Request fulfilled: Load layer vz_state_pirjob012_10_pristine (static: nil)  @mrxlayermanager:446
[16:57:03.111] [lua] Layer request 2: 140 of 250 complete  @mrxlayermanager:479
[16:57:03.120] [lua] Culling op for layer vz_state_pirjob012_10_pristine!  @mrxlayermanager:318
[16:57:03.129] [lua] (nPendingOps = 186)  @mrxlayermanager:324
[16:57:03.137] [lua] Loading vz_state_alljob001_03_pristine (static: false)  @mrxlayermanager:375
[16:57:03.146] [lua] true	Unable to load layer vz_state_alljob001_03_pristine  @mrxlayermanager:403
[16:57:03.158] [lua] Request fulfilled: Load layer vz_state_pirjob007_e_staging (static: nil)  @mrxlayermanager:446
[16:57:03.168] [lua] Layer request 2: 141 of 250 complete  @mrxlayermanager:479
[16:57:03.176] [lua] Culling op for layer vz_state_pirjob007_e_staging!  @mrxlayermanager:318
[16:57:03.185] [lua] (nPendingOps = 185)  @mrxlayermanager:324
[16:57:03.193] [lua] Loading vz_merida_tiny (static: true)  @mrxlayermanager:375
[16:57:03.202] [lua] true	Unable to load layer vz_merida_tiny  @mrxlayermanager:403
[16:57:03.212] [lua] Request fulfilled: Load layer vz_state_chijob005_f_pristine (static: nil)  @mrxlayermanager:446
[16:57:03.222] [lua] Layer request 2: 142 of 250 complete  @mrxlayermanager:479
[16:57:03.230] [lua] Culling op for layer vz_state_chijob005_f_pristine!  @mrxlayermanager:318
[16:57:03.239] [lua] (nPendingOps = 184)  @mrxlayermanager:324
[16:57:03.247] [lua] Loading vz_pir_job012_e (static: true)  @mrxlayermanager:375
[16:57:03.255] [lua] true	Unable to load layer vz_pir_job012_e  @mrxlayermanager:403
[16:57:03.265] [lua] Request fulfilled: Load layer vz_merida_tiny (static: nil)  @mrxlayermanager:446
[16:57:03.273] [lua] Layer request 1: 95 of 170 complete  @mrxlayermanager:479
[16:57:03.282] [lua] Culling op for layer vz_merida_tiny!  @mrxlayermanager:318
[16:57:03.291] [lua] (nPendingOps = 183)  @mrxlayermanager:324
[16:57:03.300] [lua] Loading vz_gur_job012_a (static: true)  @mrxlayermanager:375
[16:57:03.308] [lua] true	Unable to load layer vz_gur_job012_a  @mrxlayermanager:403
[16:57:03.319] [lua] Request fulfilled: Load layer vz_pir_job012_e (static: nil)  @mrxlayermanager:446
[16:57:03.329] [lua] Layer request 1: 96 of 170 complete  @mrxlayermanager:479
[16:57:03.337] [lua] Culling op for layer vz_pir_job012_e!  @mrxlayermanager:318
[16:57:03.346] [lua] (nPendingOps = 182)  @mrxlayermanager:324
[16:57:03.354] [lua] Loading vz_cumana_tiny (static: true)  @mrxlayermanager:375
[16:57:03.363] [lua] true	Unable to load layer vz_cumana_tiny  @mrxlayermanager:403
[16:57:03.373] [lua] Request fulfilled: Load layer vz_gur_job012_a (static: nil)  @mrxlayermanager:446
[16:57:03.381] [lua] Layer request 1: 97 of 170 complete  @mrxlayermanager:479
[16:57:03.389] [lua] Culling op for layer vz_gur_job012_a!  @mrxlayermanager:318
[16:57:03.399] [lua] (nPendingOps = 181)  @mrxlayermanager:324
[16:57:03.407] [lua] Loading vz_state_pmc_pristine (static: false)  @mrxlayermanager:375
[16:57:03.415] [lua] true	Unable to load layer vz_state_pmc_pristine  @mrxlayermanager:403
[16:57:03.424] [lua] Request fulfilled: Load layer vz_state_chijob006_b_pristine (static: nil)  @mrxlayermanager:446
[16:57:03.433] [lua] Layer request 2: 143 of 250 complete  @mrxlayermanager:479
[16:57:03.441] [lua] Culling op for layer vz_state_chijob006_b_pristine!  @mrxlayermanager:318
[16:57:03.450] [lua] (nPendingOps = 180)  @mrxlayermanager:324
[16:57:03.459] [lua] Loading vz_state_alljob009_05_pristine (static: false)  @mrxlayermanager:375
[16:57:03.468] [lua] true	Unable to load layer vz_state_alljob009_05_pristine  @mrxlayermanager:403
[16:57:03.478] [lua] Request fulfilled: Load layer vz_state_pirjob012_05_pristine (static: nil)  @mrxlayermanager:446
[16:57:03.486] [lua] Layer request 2: 144 of 250 complete  @mrxlayermanager:479
[16:57:03.495] [lua] Culling op for layer vz_state_pirjob012_05_pristine!  @mrxlayermanager:318
[16:57:03.505] [lua] (nPendingOps = 179)  @mrxlayermanager:324
[16:57:03.514] [lua] Loading vz_pir_job002_c (static: true)  @mrxlayermanager:375
[16:57:03.522] [lua] true	Unable to load layer vz_pir_job002_c  @mrxlayermanager:403
[16:57:03.533] [lua] Request fulfilled: Load layer vz_cumana_tiny (static: nil)  @mrxlayermanager:446
[16:57:03.544] [lua] Layer request 1: 98 of 170 complete  @mrxlayermanager:479
[16:57:03.552] [lua] Culling op for layer vz_cumana_tiny!  @mrxlayermanager:318
[16:57:03.561] [lua] (nPendingOps = 178)  @mrxlayermanager:324
[16:57:03.572] [lua] Loading vz_all_job002_d (static: true)  @mrxlayermanager:375
[16:57:03.582] [lua] true	Unable to load layer vz_all_job002_d  @mrxlayermanager:403
[16:57:03.592] [lua] Request fulfilled: Load layer vz_pir_job002_c (static: nil)  @mrxlayermanager:446
[16:57:03.600] [lua] Layer request 1: 99 of 170 complete  @mrxlayermanager:479
[16:57:03.612] [lua] Culling op for layer vz_pir_job002_c!  @mrxlayermanager:318
[16:57:03.621] [lua] (nPendingOps = 177)  @mrxlayermanager:324
[16:57:03.630] [lua] Loading vz_mer_commercial (static: true)  @mrxlayermanager:375
[16:57:03.638] [lua] true	Unable to load layer vz_mer_commercial  @mrxlayermanager:403
[16:57:03.648] [lua] Request fulfilled: Load layer vz_all_job002_d (static: nil)  @mrxlayermanager:446
[16:57:03.656] [lua] Layer request 1: 100 of 170 complete  @mrxlayermanager:479
[16:57:03.665] [lua] Culling op for layer vz_all_job002_d!  @mrxlayermanager:318
[16:57:03.674] [lua] (nPendingOps = 176)  @mrxlayermanager:324
[16:57:03.683] [lua] Loading vz_state_chijob002_05_pristine (static: false)  @mrxlayermanager:375
[16:57:03.692] [lua] true	Unable to load layer vz_state_chijob002_05_pristine  @mrxlayermanager:403
[16:57:03.701] [lua] Request fulfilled: Load layer vz_state_alljob001_03_pristine (static: nil)  @mrxlayermanager:446
[16:57:03.710] [lua] Layer request 2: 145 of 250 complete  @mrxlayermanager:479
[16:57:03.718] [lua] Culling op for layer vz_state_alljob001_03_pristine!  @mrxlayermanager:318
[16:57:03.728] [lua] (nPendingOps = 175)  @mrxlayermanager:324
[16:57:03.737] [lua] Loading vz_state_oiljob008_a_staging (static: false)  @mrxlayermanager:375
[16:57:03.746] [lua] true	Unable to load layer vz_state_oiljob008_a_staging  @mrxlayermanager:403
[16:57:03.756] [lua] Request fulfilled: Load layer vz_mer_commercial (static: nil)  @mrxlayermanager:446
[16:57:03.765] [lua] Layer request 1: 101 of 170 complete  @mrxlayermanager:479
[16:57:03.774] [lua] Culling op for layer vz_mer_commercial!  @mrxlayermanager:318
[16:57:03.783] [lua] (nPendingOps = 174)  @mrxlayermanager:324
[16:57:03.791] [lua] Loading vz_pir_job012_b (static: true)  @mrxlayermanager:375
[16:57:03.800] [lua] true	Unable to load layer vz_pir_job012_b  @mrxlayermanager:403
[16:57:03.808] [lua] Request fulfilled: Load layer vz_state_pmc_pristine (static: nil)  @mrxlayermanager:446
[16:57:03.817] [lua] Layer request 2: 146 of 250 complete  @mrxlayermanager:479
[16:57:03.826] [lua] Culling op for layer vz_state_pmc_pristine!  @mrxlayermanager:318
[16:57:03.838] [lua] (nPendingOps = 173)  @mrxlayermanager:324
[16:57:03.846] [lua] Loading vz_state_mer_oilrig_pristine (static: false)  @mrxlayermanager:375
[16:57:03.855] [lua] true	Unable to load layer vz_state_mer_oilrig_pristine  @mrxlayermanager:403
[16:57:03.865] [lua] Request fulfilled: Load layer vz_pir_job012_b (static: nil)  @mrxlayermanager:446
[16:57:03.877] [lua] Layer request 1: 102 of 170 complete  @mrxlayermanager:479
[16:57:03.885] [lua] Culling op for layer vz_pir_job012_b!  @mrxlayermanager:318
[16:57:03.895] [lua] (nPendingOps = 172)  @mrxlayermanager:324
[16:57:03.904] [lua] Loading vz_oil_job011_f (static: true)  @mrxlayermanager:375
[16:57:03.913] [lua] true	Unable to load layer vz_oil_job011_f  @mrxlayermanager:403
[16:57:03.922] [lua] Request fulfilled: Load layer vz_state_oiljob008_a_staging (static: nil)  @mrxlayermanager:446
[16:57:03.931] [lua] Layer request 2: 147 of 250 complete  @mrxlayermanager:479
[16:57:03.939] [lua] Culling op for layer vz_state_oiljob008_a_staging!  @mrxlayermanager:318
[16:57:03.948] [lua] (nPendingOps = 171)  @mrxlayermanager:324
[16:57:03.956] [lua] Loading vz_gur_job005 (static: true)  @mrxlayermanager:375
[16:57:03.969] [lua] true	Unable to load layer vz_gur_job005  @mrxlayermanager:403
[16:57:03.979] [lua] Request fulfilled: Load layer vz_oil_job011_f (static: nil)  @mrxlayermanager:446
[16:57:03.988] [lua] Layer request 1: 103 of 170 complete  @mrxlayermanager:479
[16:57:03.997] [lua] Culling op for layer vz_oil_job011_f!  @mrxlayermanager:318
[16:57:04.006] [lua] (nPendingOps = 170)  @mrxlayermanager:324
[16:57:04.015] [lua] Loading vz_pir_job012_c (static: true)  @mrxlayermanager:375
[16:57:04.023] [lua] true	Unable to load layer vz_pir_job012_c  @mrxlayermanager:403
[16:57:04.033] [lua] Request fulfilled: Load layer vz_state_ocgate_dynamic (static: nil)  @mrxlayermanager:446
[16:57:04.042] [lua] Layer request 2: 148 of 250 complete  @mrxlayermanager:479
[16:57:04.050] [lua] Culling op for layer vz_state_ocgate_dynamic!  @mrxlayermanager:318
[16:57:04.059] [lua] (nPendingOps = 169)  @mrxlayermanager:324
[16:57:04.068] [lua] Loading vz_state_pirjob012_06_staging (static: false)  @mrxlayermanager:375
[16:57:04.078] [lua] true	Unable to load layer vz_state_pirjob012_06_staging  @mrxlayermanager:403
[16:57:04.087] [lua] Request fulfilled: Load layer vz_gur_job005 (static: nil)  @mrxlayermanager:446
[16:57:04.095] [lua] Layer request 1: 104 of 170 complete  @mrxlayermanager:479
[16:57:04.105] [lua] Culling op for layer vz_gur_job005!  @mrxlayermanager:318
[16:57:04.115] [lua] (nPendingOps = 168)  @mrxlayermanager:324
[16:57:04.123] [lua] Loading vz_state_margarita_precrash (static: false)  @mrxlayermanager:375
[16:57:04.132] [lua] true	Unable to load layer vz_state_margarita_precrash  @mrxlayermanager:403
[16:57:04.143] [lua] Request fulfilled: Load layer vz_pir_job012_c (static: nil)  @mrxlayermanager:446
[16:57:04.151] [lua] Layer request 1: 105 of 170 complete  @mrxlayermanager:479
[16:57:04.160] [lua] Culling op for layer vz_pir_job012_c!  @mrxlayermanager:318
[16:57:04.171] [lua] (nPendingOps = 167)  @mrxlayermanager:324
[16:57:04.179] [lua] Loading vz_pirate_isles_scrub (static: true)  @mrxlayermanager:375
[16:57:04.188] [lua] true	Unable to load layer vz_pirate_isles_scrub  @mrxlayermanager:403
[16:57:04.198] [lua] Request fulfilled: Load layer vz_state_chijob002_05_pristine (static: nil)  @mrxlayermanager:446
[16:57:04.206] [lua] Layer request 2: 149 of 250 complete  @mrxlayermanager:479
[16:57:04.215] [lua] Culling op for layer vz_state_chijob002_05_pristine!  @mrxlayermanager:318
[16:57:04.225] [lua] (nPendingOps = 166)  @mrxlayermanager:324
[16:57:04.235] [lua] Loading vz_cumana_foilage (static: true)  @mrxlayermanager:375
[16:57:04.244] [lua] true	Unable to load layer vz_cumana_foilage  @mrxlayermanager:403
[16:57:04.254] [lua] Request fulfilled: Load layer vz_pirate_isles_scrub (static: nil)  @mrxlayermanager:446
[16:57:04.262] [lua] Layer request 1: 106 of 170 complete  @mrxlayermanager:479
[16:57:04.274] [lua] Culling op for layer vz_pirate_isles_scrub!  @mrxlayermanager:318
[16:57:04.283] [lua] (nPendingOps = 165)  @mrxlayermanager:324
[16:57:04.292] [lua] Loading vz_state_oiljob008_g_staging (static: false)  @mrxlayermanager:375
[16:57:04.302] [lua] true	Unable to load layer vz_state_oiljob008_g_staging  @mrxlayermanager:403
[16:57:04.311] [lua] Request fulfilled: Load layer vz_cumana_foilage (static: nil)  @mrxlayermanager:446
[16:57:04.324] [lua] Layer request 1: 107 of 170 complete  @mrxlayermanager:479
[16:57:04.334] [lua] Culling op for layer vz_cumana_foilage!  @mrxlayermanager:318
[16:57:04.343] [lua] (nPendingOps = 164)  @mrxlayermanager:324
[16:57:04.354] [lua] Loading vz_state_oiljob008_e_pristine (static: false)  @mrxlayermanager:375
[16:57:04.362] [lua] true	Unable to load layer vz_state_oiljob008_e_pristine  @mrxlayermanager:403
[16:57:04.372] [lua] Request fulfilled: Load layer vz_state_pirjob007_g_staging (static: nil)  @mrxlayermanager:446
[16:57:04.380] [lua] Layer request 2: 150 of 250 complete  @mrxlayermanager:479
[16:57:04.389] [lua] Culling op for layer vz_state_pirjob007_g_staging!  @mrxlayermanager:318
[16:57:04.398] [lua] (nPendingOps = 163)  @mrxlayermanager:324
[16:57:04.407] [lua] Loading vz_mer_residential (static: true)  @mrxlayermanager:375
[16:57:04.415] [lua] true	Unable to load layer vz_mer_residential  @mrxlayermanager:403
[16:57:04.425] [lua] Request fulfilled: Load layer vz_state_chijob001_03_pristine (static: nil)  @mrxlayermanager:446
[16:57:04.435] [lua] Layer request 2: 151 of 250 complete  @mrxlayermanager:479
[16:57:04.444] [lua] Culling op for layer vz_state_chijob001_03_pristine!  @mrxlayermanager:318
[16:57:04.453] [lua] (nPendingOps = 162)  @mrxlayermanager:324
[16:57:04.462] [lua] Loading vz_car_estate (static: true)  @mrxlayermanager:375
[16:57:04.470] [lua] true	Unable to load layer vz_car_estate  @mrxlayermanager:403
[16:57:04.480] [lua] Request fulfilled: Load layer vz_mer_residential (static: nil)  @mrxlayermanager:446
[16:57:04.489] [lua] Layer request 1: 108 of 170 complete  @mrxlayermanager:479
[16:57:04.498] [lua] Culling op for layer vz_mer_residential!  @mrxlayermanager:318
[16:57:04.507] [lua] (nPendingOps = 161)  @mrxlayermanager:324
[16:57:04.516] [lua] Loading vz_chi_job001_d (static: true)  @mrxlayermanager:375
[16:57:04.525] [lua] true	Unable to load layer vz_chi_job001_d  @mrxlayermanager:403
[16:57:04.537] [lua] Request fulfilled: Load layer vz_car_estate (static: nil)  @mrxlayermanager:446
[16:57:04.546] [lua] Layer request 1: 109 of 170 complete  @mrxlayermanager:479
[16:57:04.555] [lua] Culling op for layer vz_car_estate!  @mrxlayermanager:318
[16:57:04.564] [lua] (nPendingOps = 160)  @mrxlayermanager:324
[16:57:04.576] [lua] Loading vz_gua_upperclass (static: true)  @mrxlayermanager:375
[16:57:04.585] [lua] true	Unable to load layer vz_gua_upperclass  @mrxlayermanager:403
[16:57:04.597] [lua] Request fulfilled: Load layer vz_chi_job001_d (static: nil)  @mrxlayermanager:446
[16:57:04.606] [lua] Layer request 1: 110 of 170 complete  @mrxlayermanager:479
[16:57:04.615] [lua] Culling op for layer vz_chi_job001_d!  @mrxlayermanager:318
[16:57:04.623] [lua] (nPendingOps = 159)  @mrxlayermanager:324
[16:57:04.632] [lua] Loading vz_state_alljob001_04_pristine (static: false)  @mrxlayermanager:375
[16:57:04.641] [lua] true	Unable to load layer vz_state_alljob001_04_pristine  @mrxlayermanager:403
[16:57:04.650] [lua] Request fulfilled: Load layer vz_state_mer_oilrig_pristine (static: nil)  @mrxlayermanager:446
[16:57:04.659] [lua] Layer request 2: 152 of 250 complete  @mrxlayermanager:479
[16:57:04.668] [lua] Culling op for layer vz_state_mer_oilrig_pristine!  @mrxlayermanager:318
[16:57:04.677] [lua] (nPendingOps = 158)  @mrxlayermanager:324
[16:57:04.685] [lua] Loading vz_state_oiljob002_pristine (static: false)  @mrxlayermanager:375
[16:57:04.694] [lua] true	Unable to load layer vz_state_oiljob002_pristine  @mrxlayermanager:403
[16:57:04.705] [lua] Request fulfilled: Load layer vz_gua_upperclass (static: nil)  @mrxlayermanager:446
[16:57:04.715] [lua] Layer request 1: 111 of 170 complete  @mrxlayermanager:479
[16:57:04.724] [lua] Culling op for layer vz_gua_upperclass!  @mrxlayermanager:318
[16:57:04.734] [lua] (nPendingOps = 157)  @mrxlayermanager:324
[16:57:04.743] [lua] Loading vz_chi_job010_c (static: true)  @mrxlayermanager:375
[16:57:04.752] [lua] true	Unable to load layer vz_chi_job010_c  @mrxlayermanager:403
[16:57:04.761] [lua] Request fulfilled: Load layer vz_state_chijob002_02_staging (static: nil)  @mrxlayermanager:446
[16:57:04.770] [lua] Layer request 2: 153 of 250 complete  @mrxlayermanager:479
[16:57:04.778] [lua] Culling op for layer vz_state_chijob002_02_staging!  @mrxlayermanager:318
[16:57:04.789] [lua] (nPendingOps = 156)  @mrxlayermanager:324
[16:57:04.800] [lua] Loading vz_cum_city (static: true)  @mrxlayermanager:375
[16:57:04.809] [lua] true	Unable to load layer vz_cum_city  @mrxlayermanager:403
[16:57:04.822] [lua] Request fulfilled: Load layer vz_chi_job010_c (static: nil)  @mrxlayermanager:446
[16:57:04.830] [lua] Layer request 1: 112 of 170 complete  @mrxlayermanager:479
[16:57:04.843] [lua] Culling op for layer vz_chi_job010_c!  @mrxlayermanager:318
[16:57:04.852] [lua] (nPendingOps = 155)  @mrxlayermanager:324
[16:57:04.861] [lua] Loading vz_state_pirjob007_a_pristine (static: false)  @mrxlayermanager:375
[16:57:04.869] [lua] true	Unable to load layer vz_state_pirjob007_a_pristine  @mrxlayermanager:403
[16:57:04.879] [lua] Request fulfilled: Load layer vz_cum_city (static: nil)  @mrxlayermanager:446
[16:57:04.888] [lua] Layer request 1: 113 of 170 complete  @mrxlayermanager:479
[16:57:04.899] [lua] Culling op for layer vz_cum_city!  @mrxlayermanager:318
[16:57:04.908] [lua] (nPendingOps = 154)  @mrxlayermanager:324
[16:57:04.917] [lua] Loading vz_state_pirjob012_06_pristine (static: false)  @mrxlayermanager:375
[16:57:04.925] [lua] true	Unable to load layer vz_state_pirjob012_06_pristine  @mrxlayermanager:403
[16:57:04.933] [lua] Request fulfilled: Load layer vz_state_oiljob002_pristine (static: nil)  @mrxlayermanager:446
[16:57:04.943] [lua] Layer request 2: 154 of 250 complete  @mrxlayermanager:479
[16:57:04.951] [lua] Culling op for layer vz_state_oiljob002_pristine!  @mrxlayermanager:318
[16:57:04.961] [lua] (nPendingOps = 153)  @mrxlayermanager:324
[16:57:04.970] [lua] Loading vz_jungle_mountain_scrub (static: true)  @mrxlayermanager:375
[16:57:04.979] [lua] true	Unable to load layer vz_jungle_mountain_scrub  @mrxlayermanager:403
[16:57:04.989] [lua] Request fulfilled: Load layer vz_state_pirjob012_06_staging (static: nil)  @mrxlayermanager:446
[16:57:05.003] [lua] Layer request 2: 155 of 250 complete  @mrxlayermanager:479
[16:57:05.013] [lua] Culling op for layer vz_state_pirjob012_06_staging!  @mrxlayermanager:318
[16:57:05.022] [lua] (nPendingOps = 152)  @mrxlayermanager:324
[16:57:05.031] [lua] Loading vz_mar_outskirt (static: true)  @mrxlayermanager:375
[16:57:05.039] [lua] true	Unable to load layer vz_mar_outskirt  @mrxlayermanager:403
[16:57:05.048] [lua] Request fulfilled: Load layer vz_jungle_mountain_scrub (static: nil)  @mrxlayermanager:446
[16:57:05.061] [lua] Layer request 1: 114 of 170 complete  @mrxlayermanager:479
[16:57:05.074] [lua] Culling op for layer vz_jungle_mountain_scrub!  @mrxlayermanager:318
[16:57:05.084] [lua] (nPendingOps = 151)  @mrxlayermanager:324
[16:57:05.092] [lua] Loading vz_state_oc_depot (static: false)  @mrxlayermanager:375
[16:57:05.101] [lua] true	Unable to load layer vz_state_oc_depot  @mrxlayermanager:403
[16:57:05.111] [lua] Request fulfilled: Load layer vz_mar_outskirt (static: nil)  @mrxlayermanager:446
[16:57:05.120] [lua] Layer request 1: 115 of 170 complete  @mrxlayermanager:479
[16:57:05.128] [lua] Culling op for layer vz_mar_outskirt!  @mrxlayermanager:318
[16:57:05.137] [lua] (nPendingOps = 150)  @mrxlayermanager:324
[16:57:05.146] [lua] Loading vz_all_job001_b (static: true)  @mrxlayermanager:375
[16:57:05.155] [lua] true	Unable to load layer vz_all_job001_b  @mrxlayermanager:403
[16:57:05.163] [lua] Request fulfilled: Load layer vz_state_alljob001_04_pristine (static: nil)  @mrxlayermanager:446
[16:57:05.172] [lua] Layer request 2: 156 of 250 complete  @mrxlayermanager:479
[16:57:05.180] [lua] Culling op for layer vz_state_alljob001_04_pristine!  @mrxlayermanager:318
[16:57:05.189] [lua] (nPendingOps = 149)  @mrxlayermanager:324
[16:57:05.200] [lua] Loading vz_jungle_mountain_foilage (static: true)  @mrxlayermanager:375
[16:57:05.211] [lua] true	Unable to load layer vz_jungle_mountain_foilage  @mrxlayermanager:403
[16:57:05.221] [lua] Request fulfilled: Load layer vz_all_job001_b (static: nil)  @mrxlayermanager:446
[16:57:05.230] [lua] Layer request 1: 116 of 170 complete  @mrxlayermanager:479
[16:57:05.238] [lua] Culling op for layer vz_all_job001_b!  @mrxlayermanager:318
[16:57:05.247] [lua] (nPendingOps = 148)  @mrxlayermanager:324
[16:57:05.255] [lua] Loading vz_all_job010_b (static: true)  @mrxlayermanager:375
[16:57:05.264] [lua] true	Unable to load layer vz_all_job010_b  @mrxlayermanager:403
[16:57:05.277] [lua] Request fulfilled: Load layer vz_jungle_mountain_foilage (static: nil)  @mrxlayermanager:446
[16:57:05.287] [lua] Layer request 1: 117 of 170 complete  @mrxlayermanager:479
[16:57:05.296] [lua] Culling op for layer vz_jungle_mountain_foilage!  @mrxlayermanager:318
[16:57:05.305] [lua] (nPendingOps = 147)  @mrxlayermanager:324
[16:57:05.314] [lua] Loading vz_gur_job008_a (static: true)  @mrxlayermanager:375
[16:57:05.323] [lua] true	Unable to load layer vz_gur_job008_a  @mrxlayermanager:403
[16:57:05.332] [lua] Request fulfilled: Load layer vz_state_oiljob008_d_pristine (static: nil)  @mrxlayermanager:446
[16:57:05.340] [lua] Layer request 2: 157 of 250 complete  @mrxlayermanager:479
[16:57:05.349] [lua] Culling op for layer vz_state_oiljob008_d_pristine!  @mrxlayermanager:318
[16:57:05.358] [lua] (nPendingOps = 146)  @mrxlayermanager:324
[16:57:05.366] [lua] Loading vz_all_job005_e (static: true)  @mrxlayermanager:375
[16:57:05.376] [lua] true	Unable to load layer vz_all_job005_e  @mrxlayermanager:403
[16:57:05.388] [lua] Request fulfilled: Load layer vz_all_job010_b (static: nil)  @mrxlayermanager:446
[16:57:05.396] [lua] Layer request 1: 118 of 170 complete  @mrxlayermanager:479
[16:57:05.406] [lua] Culling op for layer vz_all_job010_b!  @mrxlayermanager:318
[16:57:05.415] [lua] (nPendingOps = 145)  @mrxlayermanager:324
[16:57:05.424] [lua] Loading vz_state_staging_pirhq (static: false)  @mrxlayermanager:375
[16:57:05.433] [lua] true	Unable to load layer vz_state_staging_pirhq  @mrxlayermanager:403
[16:57:05.441] [lua] Request fulfilled: Load layer vz_gur_job008_a (static: nil)  @mrxlayermanager:446
[16:57:05.454] [lua] Layer request 1: 119 of 170 complete  @mrxlayermanager:479
[16:57:05.462] [lua] Culling op for layer vz_gur_job008_a!  @mrxlayermanager:318
[16:57:05.470] [lua] (nPendingOps = 144)  @mrxlayermanager:324
[16:57:05.479] [lua] Loading vz_caracas_foilage (static: true)  @mrxlayermanager:375
[16:57:05.487] [lua] true	Unable to load layer vz_caracas_foilage  @mrxlayermanager:403
[16:57:05.501] [lua] Request fulfilled: Load layer vz_all_job005_e (static: nil)  @mrxlayermanager:446
[16:57:05.510] [lua] Layer request 1: 120 of 170 complete  @mrxlayermanager:479
[16:57:05.518] [lua] Culling op for layer vz_all_job005_e!  @mrxlayermanager:318
[16:57:05.526] [lua] (nPendingOps = 143)  @mrxlayermanager:324
[16:57:05.535] [lua] Loading vz_state_mar_city_pristine (static: false)  @mrxlayermanager:375
[16:57:05.544] [lua] true	Unable to load layer vz_state_mar_city_pristine  @mrxlayermanager:403
[16:57:05.554] [lua] Request fulfilled: Load layer vz_state_alljob009_05_pristine (static: nil)  @mrxlayermanager:446
[16:57:05.562] [lua] Layer request 2: 158 of 250 complete  @mrxlayermanager:479
[16:57:05.571] [lua] Culling op for layer vz_state_alljob009_05_pristine!  @mrxlayermanager:318
[16:57:05.580] [lua] (nPendingOps = 142)  @mrxlayermanager:324
[16:57:05.589] [lua] Loading vz_state_pirjob007_g_pristine (static: false)  @mrxlayermanager:375
[16:57:05.598] [lua] true	Unable to load layer vz_state_pirjob007_g_pristine  @mrxlayermanager:403
[16:57:05.608] [lua] Request fulfilled: Load layer vz_caracas_foilage (static: nil)  @mrxlayermanager:446
[16:57:05.618] [lua] Layer request 1: 121 of 170 complete  @mrxlayermanager:479
[16:57:05.625] [lua] Culling op for layer vz_caracas_foilage!  @mrxlayermanager:318
[16:57:05.635] [lua] (nPendingOps = 141)  @mrxlayermanager:324
[16:57:05.643] [lua] Loading vz_chi_job002_d (static: true)  @mrxlayermanager:375
[16:57:05.655] [lua] true	Unable to load layer vz_chi_job002_d  @mrxlayermanager:403
[16:57:05.664] [lua] Request fulfilled: Load layer vz_state_margarita_precrash (static: nil)  @mrxlayermanager:446
[16:57:05.672] [lua] Layer request 2: 159 of 250 complete  @mrxlayermanager:479
[16:57:05.685] [lua] Culling op for layer vz_state_margarita_precrash!  @mrxlayermanager:318
[16:57:05.699] [lua] (nPendingOps = 140)  @mrxlayermanager:324
[16:57:05.708] [lua] Loading vz_state_mar_village_act1 (static: false)  @mrxlayermanager:375
[16:57:05.716] [lua] true	Unable to load layer vz_state_mar_village_act1  @mrxlayermanager:403
[16:57:05.728] [lua] Request fulfilled: Load layer vz_state_oiljob008_g_staging (static: nil)  @mrxlayermanager:446
[16:57:05.740] [lua] Layer request 2: 160 of 250 complete  @mrxlayermanager:479
[16:57:05.750] [lua] Culling op for layer vz_state_oiljob008_g_staging!  @mrxlayermanager:318
[16:57:05.759] [lua] (nPendingOps = 139)  @mrxlayermanager:324
[16:57:05.769] [lua] Loading vz_state_chijob001_01_staging (static: false)  @mrxlayermanager:375
[16:57:05.778] [lua] true	Unable to load layer vz_state_chijob001_01_staging  @mrxlayermanager:403
[16:57:05.786] [lua] Request fulfilled: Load layer vz_chi_job002_d (static: nil)  @mrxlayermanager:446
[16:57:05.795] [lua] Layer request 1: 122 of 170 complete  @mrxlayermanager:479
[16:57:05.806] [lua] Culling op for layer vz_chi_job002_d!  @mrxlayermanager:318
[16:57:05.815] [lua] (nPendingOps = 138)  @mrxlayermanager:324
[16:57:05.823] [lua] Loading vz_cum_roads (static: true)  @mrxlayermanager:375
[16:57:05.835] [lua] true	Unable to load layer vz_cum_roads  @mrxlayermanager:403
[16:57:05.845] [lua] Request fulfilled: Load layer vz_cum_roads (static: nil)  @mrxlayermanager:446
[16:57:05.855] [lua] Layer request 1: 123 of 170 complete  @mrxlayermanager:479
[16:57:05.865] [lua] Culling op for layer vz_cum_roads!  @mrxlayermanager:318
[16:57:05.873] [lua] (nPendingOps = 137)  @mrxlayermanager:324
[16:57:05.882] [lua] Loading vz_state_alljob001_01_staging (static: false)  @mrxlayermanager:375
[16:57:05.890] [lua] true	Unable to load layer vz_state_alljob001_01_staging  @mrxlayermanager:403
[16:57:05.899] [lua] Request fulfilled: Load layer vz_state_pirjob007_g_pristine (static: nil)  @mrxlayermanager:446
[16:57:05.910] [lua] Layer request 2: 161 of 250 complete  @mrxlayermanager:479
[16:57:05.921] [lua] Culling op for layer vz_state_pirjob007_g_pristine!  @mrxlayermanager:318
[16:57:05.930] [lua] (nPendingOps = 136)  @mrxlayermanager:324
[16:57:05.938] [lua] Loading vz_state_chijob005_b_pristine (static: false)  @mrxlayermanager:375
[16:57:05.946] [lua] true	Unable to load layer vz_state_chijob005_b_pristine  @mrxlayermanager:403
[16:57:05.959] [lua] Request fulfilled: Load layer vz_state_oc_depot (static: nil)  @mrxlayermanager:446
[16:57:05.968] [lua] Layer request 2: 162 of 250 complete  @mrxlayermanager:479
[16:57:05.980] [lua] Culling op for layer vz_state_oc_depot!  @mrxlayermanager:318
[16:57:05.989] [lua] (nPendingOps = 135)  @mrxlayermanager:324
[16:57:05.998] [lua] Loading vz_state_alljob002_02_staging (static: false)  @mrxlayermanager:375
[16:57:06.006] [lua] true	Unable to load layer vz_state_alljob002_02_staging  @mrxlayermanager:403
[16:57:06.016] [lua] Request fulfilled: Load layer vz_state_chijob001_01_staging (static: nil)  @mrxlayermanager:446
[16:57:06.025] [lua] Layer request 2: 163 of 250 complete  @mrxlayermanager:479
[16:57:06.035] [lua] Culling op for layer vz_state_chijob001_01_staging!  @mrxlayermanager:318
[16:57:06.044] [lua] (nPendingOps = 134)  @mrxlayermanager:324
[16:57:06.053] [lua] Loading vz_state_gurjob008_01_pristine (static: false)  @mrxlayermanager:375
[16:57:06.062] [lua] true	Unable to load layer vz_state_gurjob008_01_pristine  @mrxlayermanager:403
[16:57:06.073] [lua] Request fulfilled: Load layer vz_state_staging_pirhq (static: nil)  @mrxlayermanager:446
[16:57:06.083] [lua] Layer request 2: 164 of 250 complete  @mrxlayermanager:479
[16:57:06.094] [lua] Culling op for layer vz_state_staging_pirhq!  @mrxlayermanager:318
[16:57:06.103] [lua] (nPendingOps = 133)  @mrxlayermanager:324
[16:57:06.112] [lua] Loading vz_state_pirjob012_02_pristine (static: false)  @mrxlayermanager:375
[16:57:06.122] [lua] true	Unable to load layer vz_state_pirjob012_02_pristine  @mrxlayermanager:403
[16:57:06.133] [lua] Request fulfilled: Load layer vz_state_alljob002_02_staging (static: nil)  @mrxlayermanager:446
[16:57:06.142] [lua] Layer request 2: 165 of 250 complete  @mrxlayermanager:479
[16:57:06.152] [lua] Culling op for layer vz_state_alljob002_02_staging!  @mrxlayermanager:318
[16:57:06.161] [lua] (nPendingOps = 132)  @mrxlayermanager:324
[16:57:06.172] [lua] Loading vz_state_chicon002_bridge_pristine (static: false)  @mrxlayermanager:375
[16:57:06.180] [lua] true	Unable to load layer vz_state_chicon002_bridge_pristine  @mrxlayermanager:403
[16:57:06.195] [lua] Request fulfilled: Load layer vz_state_pirjob012_06_pristine (static: nil)  @mrxlayermanager:446
[16:57:06.207] [lua] Layer request 2: 166 of 250 complete  @mrxlayermanager:479
[16:57:06.216] [lua] Culling op for layer vz_state_pirjob012_06_pristine!  @mrxlayermanager:318
[16:57:06.225] [lua] (nPendingOps = 131)  @mrxlayermanager:324
[16:57:06.234] [lua] Loading vz_state_oiljob011_02_staging (static: false)  @mrxlayermanager:375
[16:57:06.243] [lua] true	Unable to load layer vz_state_oiljob011_02_staging  @mrxlayermanager:403
[16:57:06.254] [lua] Request fulfilled: Load layer vz_state_oiljob008_e_pristine (static: nil)  @mrxlayermanager:446
[16:57:06.265] [lua] Layer request 2: 167 of 250 complete  @mrxlayermanager:479
[16:57:06.273] [lua] Culling op for layer vz_state_oiljob008_e_pristine!  @mrxlayermanager:318
[16:57:06.282] [lua] (nPendingOps = 130)  @mrxlayermanager:324
[16:57:06.292] [lua] Loading vz_state_gurjob008_02_staging (static: false)  @mrxlayermanager:375
[16:57:06.301] [lua] true	Unable to load layer vz_state_gurjob008_02_staging  @mrxlayermanager:403
[16:57:06.312] [lua] Request fulfilled: Load layer vz_state_alljob001_01_staging (static: nil)  @mrxlayermanager:446
[16:57:06.320] [lua] Layer request 2: 168 of 250 complete  @mrxlayermanager:479
[16:57:06.330] [lua] Culling op for layer vz_state_alljob001_01_staging!  @mrxlayermanager:318
[16:57:06.339] [lua] (nPendingOps = 129)  @mrxlayermanager:324
[16:57:06.347] [lua] Loading vz_chi_con006_d (static: true)  @mrxlayermanager:375
[16:57:06.356] [lua] true	Unable to load layer vz_chi_con006_d  @mrxlayermanager:403
[16:57:06.366] [lua] Request fulfilled: Load layer vz_chi_con006_d (static: nil)  @mrxlayermanager:446
[16:57:06.375] [lua] Layer request 1: 124 of 170 complete  @mrxlayermanager:479
[16:57:06.385] [lua] Culling op for layer vz_chi_con006_d!  @mrxlayermanager:318
[16:57:06.393] [lua] (nPendingOps = 128)  @mrxlayermanager:324
[16:57:06.402] [lua] Loading vz_state_gurjob002_01_pristine (static: false)  @mrxlayermanager:375
[16:57:06.411] [lua] true	Unable to load layer vz_state_gurjob002_01_pristine  @mrxlayermanager:403
[16:57:06.420] [lua] Request fulfilled: Load layer vz_state_mar_village_act1 (static: nil)  @mrxlayermanager:446
[16:57:06.429] [lua] Layer request 2: 169 of 250 complete  @mrxlayermanager:479
[16:57:06.438] [lua] Culling op for layer vz_state_mar_village_act1!  @mrxlayermanager:318
[16:57:06.446] [lua] (nPendingOps = 127)  @mrxlayermanager:324
[16:57:06.454] [lua] Loading vz_caracas_base (static: true)  @mrxlayermanager:375
[16:57:06.463] [lua] true	Unable to load layer vz_caracas_base  @mrxlayermanager:403
[16:57:06.474] [lua] Request fulfilled: Load layer vz_state_mar_city_pristine (static: nil)  @mrxlayermanager:446
[16:57:06.489] [lua] Layer request 2: 170 of 250 complete  @mrxlayermanager:479
[16:57:06.498] [lua] Culling op for layer vz_state_mar_city_pristine!  @mrxlayermanager:318
[16:57:06.506] [lua] (nPendingOps = 126)  @mrxlayermanager:324
[16:57:06.515] [lua] Loading vz_state_oiljob001_staging (static: false)  @mrxlayermanager:375
[16:57:06.524] [lua] true	Unable to load layer vz_state_oiljob001_staging  @mrxlayermanager:403
[16:57:06.532] [lua] Request fulfilled: Load layer vz_caracas_base (static: nil)  @mrxlayermanager:446
[16:57:06.541] [lua] Layer request 1: 125 of 170 complete  @mrxlayermanager:479
[16:57:06.550] [lua] Culling op for layer vz_caracas_base!  @mrxlayermanager:318
[16:57:06.562] [lua] (nPendingOps = 125)  @mrxlayermanager:324
[16:57:06.572] [lua] Loading vz_state_chijob002_02_pristine (static: false)  @mrxlayermanager:375
[16:57:06.580] [lua] true	Unable to load layer vz_state_chijob002_02_pristine  @mrxlayermanager:403
[16:57:06.590] [lua] Request fulfilled: Load layer vz_state_pirjob007_a_pristine (static: nil)  @mrxlayermanager:446
[16:57:06.606] [lua] Layer request 2: 171 of 250 complete  @mrxlayermanager:479
[16:57:06.615] [lua] Culling op for layer vz_state_pirjob007_a_pristine!  @mrxlayermanager:318
[16:57:06.625] [lua] (nPendingOps = 124)  @mrxlayermanager:324
[16:57:06.634] [lua] Loading vz_state_oiljob012_05_staging (static: false)  @mrxlayermanager:375
[16:57:06.643] [lua] true	Unable to load layer vz_state_oiljob012_05_staging  @mrxlayermanager:403
[16:57:06.653] [lua] Request fulfilled: Load layer vz_state_chijob005_b_pristine (static: nil)  @mrxlayermanager:446
[16:57:06.662] [lua] Layer request 2: 172 of 250 complete  @mrxlayermanager:479
[16:57:06.671] [lua] Culling op for layer vz_state_chijob005_b_pristine!  @mrxlayermanager:318
[16:57:06.682] [lua] (nPendingOps = 123)  @mrxlayermanager:324
[16:57:06.690] [lua] Loading vz_state_pirjob007_b_staging (static: false)  @mrxlayermanager:375
[16:57:06.699] [lua] true	Unable to load layer vz_state_pirjob007_b_staging  @mrxlayermanager:403
[16:57:06.710] [lua] Request fulfilled: Load layer vz_state_gurjob008_01_pristine (static: nil)  @mrxlayermanager:446
[16:57:06.719] [lua] Layer request 2: 173 of 250 complete  @mrxlayermanager:479
[16:57:06.728] [lua] Culling op for layer vz_state_gurjob008_01_pristine!  @mrxlayermanager:318
[16:57:06.738] [lua] (nPendingOps = 122)  @mrxlayermanager:324
[16:57:06.747] [lua] Loading vz_state_chijob002_04_staging (static: false)  @mrxlayermanager:375
[16:57:06.756] [lua] true	Unable to load layer vz_state_chijob002_04_staging  @mrxlayermanager:403
[16:57:06.766] [lua] Request fulfilled: Load layer vz_state_pirjob012_02_pristine (static: nil)  @mrxlayermanager:446
[16:57:06.775] [lua] Layer request 2: 174 of 250 complete  @mrxlayermanager:479
[16:57:06.785] [lua] Culling op for layer vz_state_pirjob012_02_pristine!  @mrxlayermanager:318
[16:57:06.795] [lua] (nPendingOps = 121)  @mrxlayermanager:324
[16:57:06.804] [lua] Loading vz_lowresterrain (static: true)  @mrxlayermanager:375
[16:57:06.813] [lua] true	Unable to load layer vz_lowresterrain  @mrxlayermanager:403
[16:57:06.823] [lua] Request fulfilled: Load layer vz_lowresterrain (static: nil)  @mrxlayermanager:446
[16:57:06.832] [lua] Layer request 1: 126 of 170 complete  @mrxlayermanager:479
[16:57:06.845] [lua] Culling op for layer vz_lowresterrain!  @mrxlayermanager:318
[16:57:06.855] [lua] (nPendingOps = 120)  @mrxlayermanager:324
[16:57:06.864] [lua] Loading vz_chi_job002_e (static: true)  @mrxlayermanager:375
[16:57:06.873] [lua] true	Unable to load layer vz_chi_job002_e  @mrxlayermanager:403
[16:57:06.881] [lua] Request fulfilled: Load layer vz_state_oiljob012_05_staging (static: nil)  @mrxlayermanager:446
[16:57:06.890] [lua] Layer request 2: 175 of 250 complete  @mrxlayermanager:479
[16:57:06.899] [lua] Culling op for layer vz_state_oiljob012_05_staging!  @mrxlayermanager:318
[16:57:06.911] [lua] (nPendingOps = 119)  @mrxlayermanager:324
[16:57:06.921] [lua] Loading vz_mar_altagracia_roads (static: true)  @mrxlayermanager:375
[16:57:06.930] [lua] true	Unable to load layer vz_mar_altagracia_roads  @mrxlayermanager:403
[16:57:06.940] [lua] Request fulfilled: Load layer vz_chi_job002_e (static: nil)  @mrxlayermanager:446
[16:57:06.950] [lua] Layer request 1: 127 of 170 complete  @mrxlayermanager:479
[16:57:06.959] [lua] Culling op for layer vz_chi_job002_e!  @mrxlayermanager:318
[16:57:06.967] [lua] (nPendingOps = 118)  @mrxlayermanager:324
[16:57:06.977] [lua] Loading vz_state_allcon003_and_chicon003_pristine (static: false)  @mrxlayermanager:375
[16:57:06.985] [lua] true	Unable to load layer vz_state_allcon003_and_chicon003_pristine  @mrxlayermanager:403
[16:57:06.993] [lua] Request fulfilled: Load layer vz_mar_altagracia_roads (static: nil)  @mrxlayermanager:446
[16:57:07.002] [lua] Layer request 1: 128 of 170 complete  @mrxlayermanager:479
[16:57:07.011] [lua] Culling op for layer vz_mar_altagracia_roads!  @mrxlayermanager:318
[16:57:07.020] [lua] (nPendingOps = 117)  @mrxlayermanager:324
[16:57:07.029] [lua] Loading vz_state_chijob010_04_pristine (static: false)  @mrxlayermanager:375
[16:57:07.038] [lua] true	Unable to load layer vz_state_chijob010_04_pristine  @mrxlayermanager:403
[16:57:07.046] [lua] Request fulfilled: Load layer vz_state_chicon002_bridge_pristine (static: nil)  @mrxlayermanager:446
[16:57:07.055] [lua] Layer request 2: 176 of 250 complete  @mrxlayermanager:479
[16:57:07.064] [lua] Culling op for layer vz_state_chicon002_bridge_pristine!  @mrxlayermanager:318
[16:57:07.072] [lua] (nPendingOps = 116)  @mrxlayermanager:324
[16:57:07.082] [lua] Loading vz_gur_job003 (static: true)  @mrxlayermanager:375
[16:57:07.091] [lua] true	Unable to load layer vz_gur_job003  @mrxlayermanager:403
[16:57:07.101] [lua] Request fulfilled: Load layer vz_state_oiljob011_02_staging (static: nil)  @mrxlayermanager:446
[16:57:07.110] [lua] Layer request 2: 177 of 250 complete  @mrxlayermanager:479
[16:57:07.122] [lua] Culling op for layer vz_state_oiljob011_02_staging!  @mrxlayermanager:318
[16:57:07.131] [lua] (nPendingOps = 115)  @mrxlayermanager:324
[16:57:07.140] [lua] Loading vz_state_gurhq_act1 (static: false)  @mrxlayermanager:375
[16:57:07.149] [lua] true	Unable to load layer vz_state_gurhq_act1  @mrxlayermanager:403
[16:57:07.158] [lua] Request fulfilled: Load layer vz_gur_job003 (static: nil)  @mrxlayermanager:446
[16:57:07.166] [lua] Layer request 1: 129 of 170 complete  @mrxlayermanager:479
[16:57:07.175] [lua] Culling op for layer vz_gur_job003!  @mrxlayermanager:318
[16:57:07.188] [lua] (nPendingOps = 114)  @mrxlayermanager:324
[16:57:07.197] [lua] Loading vz_all_job001_c (static: true)  @mrxlayermanager:375
[16:57:07.205] [lua] true	Unable to load layer vz_all_job001_c  @mrxlayermanager:403
[16:57:07.219] [lua] Request fulfilled: Load layer vz_state_gurjob008_02_staging (static: nil)  @mrxlayermanager:446
[16:57:07.228] [lua] Layer request 2: 178 of 250 complete  @mrxlayermanager:479
[16:57:07.236] [lua] Culling op for layer vz_state_gurjob008_02_staging!  @mrxlayermanager:318
[16:57:07.245] [lua] (nPendingOps = 113)  @mrxlayermanager:324
[16:57:07.253] [lua] Loading vz_gur_job012_g (static: true)  @mrxlayermanager:375
[16:57:07.261] [lua] true	Unable to load layer vz_gur_job012_g  @mrxlayermanager:403
[16:57:07.270] [lua] Request fulfilled: Load layer vz_all_job001_c (static: nil)  @mrxlayermanager:446
[16:57:07.282] [lua] Layer request 1: 130 of 170 complete  @mrxlayermanager:479
[16:57:07.291] [lua] Culling op for layer vz_all_job001_c!  @mrxlayermanager:318
[16:57:07.299] [lua] (nPendingOps = 112)  @mrxlayermanager:324
[16:57:07.308] [lua] Loading vz_state_oiljob008_h_pristine (static: false)  @mrxlayermanager:375
[16:57:07.317] [lua] true	Unable to load layer vz_state_oiljob008_h_pristine  @mrxlayermanager:403
[16:57:07.327] [lua] Request fulfilled: Load layer vz_gur_job012_g (static: nil)  @mrxlayermanager:446
[16:57:07.339] [lua] Layer request 1: 131 of 170 complete  @mrxlayermanager:479
[16:57:07.349] [lua] Culling op for layer vz_gur_job012_g!  @mrxlayermanager:318
[16:57:07.358] [lua] (nPendingOps = 111)  @mrxlayermanager:324
[16:57:07.367] [lua] Loading vz_state_chijob002_01_pristine (static: false)  @mrxlayermanager:375
[16:57:07.375] [lua] true	Unable to load layer vz_state_chijob002_01_pristine  @mrxlayermanager:403
[16:57:07.385] [lua] Request fulfilled: Load layer vz_state_chijob010_04_pristine (static: nil)  @mrxlayermanager:446
[16:57:07.394] [lua] Layer request 2: 179 of 250 complete  @mrxlayermanager:479
[16:57:07.403] [lua] Culling op for layer vz_state_chijob010_04_pristine!  @mrxlayermanager:318
[16:57:07.413] [lua] (nPendingOps = 110)  @mrxlayermanager:324
[16:57:07.421] [lua] Loading vz_state_chijob001_02_staging (static: false)  @mrxlayermanager:375
[16:57:07.430] [lua] true	Unable to load layer vz_state_chijob001_02_staging  @mrxlayermanager:403
[16:57:07.440] [lua] Request fulfilled: Load layer vz_state_chijob002_04_staging (static: nil)  @mrxlayermanager:446
[16:57:07.453] [lua] Layer request 2: 180 of 250 complete  @mrxlayermanager:479
[16:57:07.461] [lua] Culling op for layer vz_state_chijob002_04_staging!  @mrxlayermanager:318
[16:57:07.470] [lua] (nPendingOps = 109)  @mrxlayermanager:324
[16:57:07.480] [lua] Loading vz_state_gurjob012_05_pristine (static: false)  @mrxlayermanager:375
[16:57:07.489] [lua] true	Unable to load layer vz_state_gurjob012_05_pristine  @mrxlayermanager:403
[16:57:07.499] [lua] Request fulfilled: Load layer vz_state_gurhq_act1 (static: nil)  @mrxlayermanager:446
[16:57:07.510] [lua] Layer request 2: 181 of 250 complete  @mrxlayermanager:479
[16:57:07.519] [lua] Culling op for layer vz_state_gurhq_act1!  @mrxlayermanager:318
[16:57:07.529] [lua] (nPendingOps = 108)  @mrxlayermanager:324
[16:57:07.538] [lua] Loading vz_sol_base (static: true)  @mrxlayermanager:375
[16:57:07.546] [lua] true	Unable to load layer vz_sol_base  @mrxlayermanager:403
[16:57:07.556] [lua] Request fulfilled: Load layer vz_sol_base (static: nil)  @mrxlayermanager:446
[16:57:07.565] [lua] Layer request 1: 132 of 170 complete  @mrxlayermanager:479
[16:57:07.576] [lua] Culling op for layer vz_sol_base!  @mrxlayermanager:318
[16:57:07.587] [lua] (nPendingOps = 107)  @mrxlayermanager:324
[16:57:07.595] [lua] Loading vz_gur_job012_i (static: true)  @mrxlayermanager:375
[16:57:07.604] [lua] true	Unable to load layer vz_gur_job012_i  @mrxlayermanager:403
[16:57:07.613] [lua] Request fulfilled: Load layer vz_state_chijob002_02_pristine (static: nil)  @mrxlayermanager:446
[16:57:07.621] [lua] Layer request 2: 182 of 250 complete  @mrxlayermanager:479
[16:57:07.630] [lua] Culling op for layer vz_state_chijob002_02_pristine!  @mrxlayermanager:318
[16:57:07.641] [lua] (nPendingOps = 106)  @mrxlayermanager:324
[16:57:07.650] [lua] Loading vz_pir_con003 (static: true)  @mrxlayermanager:375
[16:57:07.658] [lua] true	Unable to load layer vz_pir_con003  @mrxlayermanager:403
[16:57:07.669] [lua] Request fulfilled: Load layer vz_state_chijob002_01_pristine (static: nil)  @mrxlayermanager:446
[16:57:07.678] [lua] Layer request 2: 183 of 250 complete  @mrxlayermanager:479
[16:57:07.687] [lua] Culling op for layer vz_state_chijob002_01_pristine!  @mrxlayermanager:318
[16:57:07.698] [lua] (nPendingOps = 105)  @mrxlayermanager:324
[16:57:07.707] [lua] Loading vz_state_oiljob012_03_pristine (static: false)  @mrxlayermanager:375
[16:57:07.715] [lua] true	Unable to load layer vz_state_oiljob012_03_pristine  @mrxlayermanager:403
[16:57:07.726] [lua] Request fulfilled: Load layer vz_gur_job012_i (static: nil)  @mrxlayermanager:446
[16:57:07.735] [lua] Layer request 1: 133 of 170 complete  @mrxlayermanager:479
[16:57:07.744] [lua] Culling op for layer vz_gur_job012_i!  @mrxlayermanager:318
[16:57:07.752] [lua] (nPendingOps = 104)  @mrxlayermanager:324
[16:57:07.761] [lua] Loading vz_car_shanty02 (static: true)  @mrxlayermanager:375
[16:57:07.776] [lua] true	Unable to load layer vz_car_shanty02  @mrxlayermanager:403
[16:57:07.785] [lua] Request fulfilled: Load layer vz_pir_con003 (static: nil)  @mrxlayermanager:446
[16:57:07.795] [lua] Layer request 1: 134 of 170 complete  @mrxlayermanager:479
[16:57:07.804] [lua] Culling op for layer vz_pir_con003!  @mrxlayermanager:318
[16:57:07.813] [lua] (nPendingOps = 103)  @mrxlayermanager:324
[16:57:07.821] [lua] Loading vz_state_alljob002_01_staging (static: false)  @mrxlayermanager:375
[16:57:07.830] [lua] true	Unable to load layer vz_state_alljob002_01_staging  @mrxlayermanager:403
[16:57:07.841] [lua] Request fulfilled: Load layer vz_car_shanty02 (static: nil)  @mrxlayermanager:446
[16:57:07.852] [lua] Layer request 1: 135 of 170 complete  @mrxlayermanager:479
[16:57:07.861] [lua] Culling op for layer vz_car_shanty02!  @mrxlayermanager:318
[16:57:07.870] [lua] (nPendingOps = 102)  @mrxlayermanager:324
[16:57:07.880] [lua] Loading vz_state_gurjob002_02_staging (static: false)  @mrxlayermanager:375
[16:57:07.888] [lua] true	Unable to load layer vz_state_gurjob002_02_staging  @mrxlayermanager:403
[16:57:07.897] [lua] Request fulfilled: Load layer vz_state_oiljob001_staging (static: nil)  @mrxlayermanager:446
[16:57:07.908] [lua] Layer request 2: 184 of 250 complete  @mrxlayermanager:479
[16:57:07.916] [lua] Culling op for layer vz_state_oiljob001_staging!  @mrxlayermanager:318
[16:57:07.925] [lua] (nPendingOps = 101)  @mrxlayermanager:324
[16:57:07.934] [lua] Loading vz_state_pmccon001_villasoldiers (static: false)  @mrxlayermanager:375
[16:57:07.942] [lua] true	Unable to load layer vz_state_pmccon001_villasoldiers  @mrxlayermanager:403
[16:57:07.954] [lua] Request fulfilled: Load layer vz_state_oiljob012_03_pristine (static: nil)  @mrxlayermanager:446
[16:57:07.963] [lua] Layer request 2: 185 of 250 complete  @mrxlayermanager:479
[16:57:07.974] [lua] Culling op for layer vz_state_oiljob012_03_pristine!  @mrxlayermanager:318
[16:57:07.983] [lua] (nPendingOps = 100)  @mrxlayermanager:324
[16:57:07.991] [lua] Loading vz_mar_scrub (static: true)  @mrxlayermanager:375
[16:57:08.000] [lua] true	Unable to load layer vz_mar_scrub  @mrxlayermanager:403
[16:57:08.010] [lua] Request fulfilled: Load layer vz_mar_scrub (static: nil)  @mrxlayermanager:446
[16:57:08.019] [lua] Layer request 1: 136 of 170 complete  @mrxlayermanager:479
[16:57:08.028] [lua] Culling op for layer vz_mar_scrub!  @mrxlayermanager:318
[16:57:08.037] [lua] (nPendingOps = 99)  @mrxlayermanager:324
[16:57:08.046] [lua] Loading vz_all_hq (static: true)  @mrxlayermanager:375
[16:57:08.054] [lua] true	Unable to load layer vz_all_hq  @mrxlayermanager:403
[16:57:08.062] [lua] Request fulfilled: Load layer vz_state_gurjob002_01_pristine (static: nil)  @mrxlayermanager:446
[16:57:08.072] [lua] Layer request 2: 186 of 250 complete  @mrxlayermanager:479
[16:57:08.085] [lua] Culling op for layer vz_state_gurjob002_01_pristine!  @mrxlayermanager:318
[16:57:08.093] [lua] (nPendingOps = 98)  @mrxlayermanager:324
[16:57:08.102] [lua] Loading vz_amazon_scrub (static: true)  @mrxlayermanager:375
[16:57:08.110] [lua] true	Unable to load layer vz_amazon_scrub  @mrxlayermanager:403
[16:57:08.123] [lua] Request fulfilled: Load layer vz_all_hq (static: nil)  @mrxlayermanager:446
[16:57:08.132] [lua] Layer request 1: 137 of 170 complete  @mrxlayermanager:479
[16:57:08.140] [lua] Culling op for layer vz_all_hq!  @mrxlayermanager:318
[16:57:08.149] [lua] (nPendingOps = 97)  @mrxlayermanager:324
[16:57:08.157] [lua] Loading vz_state_chijob005_e_pristine (static: false)  @mrxlayermanager:375
[16:57:08.165] [lua] true	Unable to load layer vz_state_chijob005_e_pristine  @mrxlayermanager:403
[16:57:08.174] [lua] Request fulfilled: Load layer vz_state_gurjob002_02_staging (static: nil)  @mrxlayermanager:446
[16:57:08.183] [lua] Layer request 2: 187 of 250 complete  @mrxlayermanager:479
[16:57:08.193] [lua] Culling op for layer vz_state_gurjob002_02_staging!  @mrxlayermanager:318
[16:57:08.201] [lua] (nPendingOps = 96)  @mrxlayermanager:324
[16:57:08.209] [lua] Loading vz_gur_job002_j (static: true)  @mrxlayermanager:375
[16:57:08.218] [lua] true	Unable to load layer vz_gur_job002_j  @mrxlayermanager:403
[16:57:08.230] [lua] Request fulfilled: Load layer vz_amazon_scrub (static: nil)  @mrxlayermanager:446
[16:57:08.239] [lua] Layer request 1: 138 of 170 complete  @mrxlayermanager:479
[16:57:08.248] [lua] Culling op for layer vz_amazon_scrub!  @mrxlayermanager:318
[16:57:08.257] [lua] (nPendingOps = 95)  @mrxlayermanager:324
[16:57:08.267] [lua] Loading vz_pmc_tiny (static: true)  @mrxlayermanager:375
[16:57:08.276] [lua] true	Unable to load layer vz_pmc_tiny  @mrxlayermanager:403
[16:57:08.286] [lua] Request fulfilled: Load layer vz_gur_job002_j (static: nil)  @mrxlayermanager:446
[16:57:08.295] [lua] Layer request 1: 139 of 170 complete  @mrxlayermanager:479
[16:57:08.306] [lua] Culling op for layer vz_gur_job002_j!  @mrxlayermanager:318
[16:57:08.315] [lua] (nPendingOps = 94)  @mrxlayermanager:324
[16:57:08.324] [lua] Loading vz_gur_job002_d (static: true)  @mrxlayermanager:375
[16:57:08.333] [lua] true	Unable to load layer vz_gur_job002_d  @mrxlayermanager:403
[16:57:08.341] [lua] Request fulfilled: Load layer vz_pmc_tiny (static: nil)  @mrxlayermanager:446
[16:57:08.353] [lua] Layer request 1: 140 of 170 complete  @mrxlayermanager:479
[16:57:08.362] [lua] Culling op for layer vz_pmc_tiny!  @mrxlayermanager:318
[16:57:08.371] [lua] (nPendingOps = 93)  @mrxlayermanager:324
[16:57:08.380] [lua] Loading vz_state_chijob001_03_staging (static: false)  @mrxlayermanager:375
[16:57:08.392] [lua] true	Unable to load layer vz_state_chijob001_03_staging  @mrxlayermanager:403
[16:57:08.401] [lua] Request fulfilled: Load layer vz_state_oiljob008_h_pristine (static: nil)  @mrxlayermanager:446
[16:57:08.409] [lua] Layer request 2: 188 of 250 complete  @mrxlayermanager:479
[16:57:08.419] [lua] Culling op for layer vz_state_oiljob008_h_pristine!  @mrxlayermanager:318
[16:57:08.428] [lua] (nPendingOps = 92)  @mrxlayermanager:324
[16:57:08.437] [lua] Loading vz_oil_job011_a (static: true)  @mrxlayermanager:375
[16:57:08.446] [lua] true	Unable to load layer vz_oil_job011_a  @mrxlayermanager:403
[16:57:08.460] [lua] Request fulfilled: Load layer vz_state_chijob001_02_staging (static: nil)  @mrxlayermanager:446
[16:57:08.469] [lua] Layer request 2: 189 of 250 complete  @mrxlayermanager:479
[16:57:08.477] [lua] Culling op for layer vz_state_chijob001_02_staging!  @mrxlayermanager:318
[16:57:08.486] [lua] (nPendingOps = 91)  @mrxlayermanager:324
[16:57:08.495] [lua] Loading vz_state_pirjob012_07_pristine (static: false)  @mrxlayermanager:375
[16:57:08.504] [lua] true	Unable to load layer vz_state_pirjob012_07_pristine  @mrxlayermanager:403
[16:57:08.512] [lua] Request fulfilled: Load layer vz_gur_job002_d (static: nil)  @mrxlayermanager:446
[16:57:08.520] [lua] Layer request 1: 141 of 170 complete  @mrxlayermanager:479
[16:57:08.529] [lua] Culling op for layer vz_gur_job002_d!  @mrxlayermanager:318
[16:57:08.541] [lua] (nPendingOps = 90)  @mrxlayermanager:324
[16:57:08.550] [lua] Loading vz_car_city_roads (static: true)  @mrxlayermanager:375
[16:57:08.560] [lua] true	Unable to load layer vz_car_city_roads  @mrxlayermanager:403
[16:57:08.569] [lua] Request fulfilled: Load layer vz_oil_job011_a (static: nil)  @mrxlayermanager:446
[16:57:08.578] [lua] Layer request 1: 142 of 170 complete  @mrxlayermanager:479
[16:57:08.587] [lua] Culling op for layer vz_oil_job011_a!  @mrxlayermanager:318
[16:57:08.595] [lua] (nPendingOps = 89)  @mrxlayermanager:324
[16:57:08.604] [lua] Loading vz_state_alljob002_03_staging (static: false)  @mrxlayermanager:375
[16:57:08.612] [lua] true	Unable to load layer vz_state_alljob002_03_staging  @mrxlayermanager:403
[16:57:08.624] [lua] Request fulfilled: Load layer vz_car_city_roads (static: nil)  @mrxlayermanager:446
[16:57:08.634] [lua] Layer request 1: 143 of 170 complete  @mrxlayermanager:479
[16:57:08.643] [lua] Culling op for layer vz_car_city_roads!  @mrxlayermanager:318
[16:57:08.653] [lua] (nPendingOps = 88)  @mrxlayermanager:324
[16:57:08.661] [lua] Loading vz_state_jetcon001_pristine (static: false)  @mrxlayermanager:375
[16:57:08.669] [lua] true	Unable to load layer vz_state_jetcon001_pristine  @mrxlayermanager:403
[16:57:08.677] [lua] Request fulfilled: Load layer vz_state_pirjob007_b_staging (static: nil)  @mrxlayermanager:446
[16:57:08.685] [lua] Layer request 2: 190 of 250 complete  @mrxlayermanager:479
[16:57:08.695] [lua] Culling op for layer vz_state_pirjob007_b_staging!  @mrxlayermanager:318
[16:57:08.705] [lua] (nPendingOps = 87)  @mrxlayermanager:324
[16:57:08.714] [lua] Loading vz_state_oiljob005_pristine (static: false)  @mrxlayermanager:375
[16:57:08.723] [lua] true	Unable to load layer vz_state_oiljob005_pristine  @mrxlayermanager:403
[16:57:08.734] [lua] Request fulfilled: Load layer vz_state_allcon003_and_chicon003_pristine (static: nil)  @mrxlayermanager:446
[16:57:08.743] [lua] Layer request 2: 191 of 250 complete  @mrxlayermanager:479
[16:57:08.753] [lua] Culling op for layer vz_state_allcon003_and_chicon003_pristine!  @mrxlayermanager:318
[16:57:08.762] [lua] (nPendingOps = 86)  @mrxlayermanager:324
[16:57:08.771] [lua] Loading vz_oil_job005 (static: true)  @mrxlayermanager:375
[16:57:08.780] [lua] true	Unable to load layer vz_oil_job005  @mrxlayermanager:403
[16:57:08.790] [lua] Request fulfilled: Load layer vz_state_gurjob012_05_pristine (static: nil)  @mrxlayermanager:446
[16:57:08.799] [lua] Layer request 2: 192 of 250 complete  @mrxlayermanager:479
[16:57:08.811] [lua] Culling op for layer vz_state_gurjob012_05_pristine!  @mrxlayermanager:318
[16:57:08.821] [lua] (nPendingOps = 85)  @mrxlayermanager:324
[16:57:08.829] [lua] Loading vz_mar_roads (static: true)  @mrxlayermanager:375
[16:57:08.838] [lua] true	Unable to load layer vz_mar_roads  @mrxlayermanager:403
[16:57:08.846] [lua] Request fulfilled: Load layer vz_oil_job005 (static: nil)  @mrxlayermanager:446
[16:57:08.855] [lua] Layer request 1: 144 of 170 complete  @mrxlayermanager:479
[16:57:08.863] [lua] Culling op for layer vz_oil_job005!  @mrxlayermanager:318
[16:57:08.873] [lua] (nPendingOps = 84)  @mrxlayermanager:324
[16:57:08.882] [lua] Loading vz_state_alljob009_03_pristine (static: false)  @mrxlayermanager:375
[16:57:08.892] [lua] true	Unable to load layer vz_state_alljob009_03_pristine  @mrxlayermanager:403
[16:57:08.909] [lua] Request fulfilled: Load layer vz_state_alljob002_01_staging (static: nil)  @mrxlayermanager:446
[16:57:08.917] [lua] Layer request 2: 193 of 250 complete  @mrxlayermanager:479
[16:57:08.929] [lua] Culling op for layer vz_state_alljob002_01_staging!  @mrxlayermanager:318
[16:57:08.939] [lua] (nPendingOps = 83)  @mrxlayermanager:324
[16:57:08.948] [lua] Loading vz_state_chijob006_d_pristine (static: false)  @mrxlayermanager:375
[16:57:08.955] [lua] true	Unable to load layer vz_state_chijob006_d_pristine  @mrxlayermanager:403
[16:57:08.966] [lua] Request fulfilled: Load layer vz_state_pmccon001_villasoldiers (static: nil)  @mrxlayermanager:446
[16:57:08.975] [lua] Layer request 2: 194 of 250 complete  @mrxlayermanager:479
[16:57:08.984] [lua] Culling op for layer vz_state_pmccon001_villasoldiers!  @mrxlayermanager:318
[16:57:08.993] [lua] (nPendingOps = 82)  @mrxlayermanager:324
[16:57:09.004] [lua] Loading vz_state_mar_city_act1 (static: false)  @mrxlayermanager:375
[16:57:09.013] [lua] true	Unable to load layer vz_state_mar_city_act1  @mrxlayermanager:403
[16:57:09.023] [lua] Request fulfilled: Load layer vz_state_alljob009_03_pristine (static: nil)  @mrxlayermanager:446
[16:57:09.032] [lua] Layer request 2: 195 of 250 complete  @mrxlayermanager:479
[16:57:09.042] [lua] Culling op for layer vz_state_alljob009_03_pristine!  @mrxlayermanager:318
[16:57:09.051] [lua] (nPendingOps = 81)  @mrxlayermanager:324
[16:57:09.060] [lua] Loading vz_state_pirjob002_02_staging (static: false)  @mrxlayermanager:375
[16:57:09.069] [lua] true	Unable to load layer vz_state_pirjob002_02_staging  @mrxlayermanager:403
[16:57:09.080] [lua] Request fulfilled: Load layer vz_state_oiljob005_pristine (static: nil)  @mrxlayermanager:446
[16:57:09.090] [lua] Layer request 2: 196 of 250 complete  @mrxlayermanager:479
[16:57:09.099] [lua] Culling op for layer vz_state_oiljob005_pristine!  @mrxlayermanager:318
[16:57:09.109] [lua] (nPendingOps = 80)  @mrxlayermanager:324
[16:57:09.118] [lua] Loading vz_oil_job011_h (static: true)  @mrxlayermanager:375
[16:57:09.126] [lua] true	Unable to load layer vz_oil_job011_h  @mrxlayermanager:403
[16:57:09.138] [lua] Request fulfilled: Load layer vz_state_mar_city_act1 (static: nil)  @mrxlayermanager:446
[16:57:09.147] [lua] Layer request 2: 197 of 250 complete  @mrxlayermanager:479
[16:57:09.155] [lua] Culling op for layer vz_state_mar_city_act1!  @mrxlayermanager:318
[16:57:09.164] [lua] (nPendingOps = 79)  @mrxlayermanager:324
[16:57:09.172] [lua] Loading vz_state_chijob001_04_pristine (static: false)  @mrxlayermanager:375
[16:57:09.181] [lua] true	Unable to load layer vz_state_chijob001_04_pristine  @mrxlayermanager:403
[16:57:09.190] [lua] Request fulfilled: Load layer vz_oil_job011_h (static: nil)  @mrxlayermanager:446
[16:57:09.198] [lua] Layer request 1: 145 of 170 complete  @mrxlayermanager:479
[16:57:09.206] [lua] Culling op for layer vz_oil_job011_h!  @mrxlayermanager:318
[16:57:09.218] [lua] (nPendingOps = 78)  @mrxlayermanager:324
[16:57:09.227] [lua] Loading vz_amazon_base (static: true)  @mrxlayermanager:375
[16:57:09.235] [lua] true	Unable to load layer vz_amazon_base  @mrxlayermanager:403
[16:57:09.246] [lua] Request fulfilled: Load layer vz_state_chijob001_03_staging (static: nil)  @mrxlayermanager:446
[16:57:09.255] [lua] Layer request 2: 198 of 250 complete  @mrxlayermanager:479
[16:57:09.263] [lua] Culling op for layer vz_state_chijob001_03_staging!  @mrxlayermanager:318
[16:57:09.272] [lua] (nPendingOps = 77)  @mrxlayermanager:324
[16:57:09.281] [lua] Loading vz_amazon_road (static: true)  @mrxlayermanager:375
[16:57:09.290] [lua] true	Unable to load layer vz_amazon_road  @mrxlayermanager:403
[16:57:09.301] [lua] Request fulfilled: Load layer vz_amazon_base (static: nil)  @mrxlayermanager:446
[16:57:09.310] [lua] Layer request 1: 146 of 170 complete  @mrxlayermanager:479
[16:57:09.319] [lua] Culling op for layer vz_amazon_base!  @mrxlayermanager:318
[16:57:09.330] [lua] (nPendingOps = 76)  @mrxlayermanager:324
[16:57:09.338] [lua] Loading vz_pirate_isles_tiny (static: true)  @mrxlayermanager:375
[16:57:09.347] [lua] true	Unable to load layer vz_pirate_isles_tiny  @mrxlayermanager:403
[16:57:09.357] [lua] Request fulfilled: Load layer vz_state_chijob005_e_pristine (static: nil)  @mrxlayermanager:446
[16:57:09.368] [lua] Layer request 2: 199 of 250 complete  @mrxlayermanager:479
[16:57:09.378] [lua] Culling op for layer vz_state_chijob005_e_pristine!  @mrxlayermanager:318
[16:57:09.387] [lua] (nPendingOps = 75)  @mrxlayermanager:324
[16:57:09.396] [lua] Loading vz_chi_job002_c (static: true)  @mrxlayermanager:375
[16:57:09.408] [lua] true	Unable to load layer vz_chi_job002_c  @mrxlayermanager:403
[16:57:09.416] [lua] Request fulfilled: Load layer vz_amazon_road (static: nil)  @mrxlayermanager:446
[16:57:09.425] [lua] Layer request 1: 147 of 170 complete  @mrxlayermanager:479
[16:57:09.434] [lua] Culling op for layer vz_amazon_road!  @mrxlayermanager:318
[16:57:09.444] [lua] (nPendingOps = 74)  @mrxlayermanager:324
[16:57:09.452] [lua] Loading vz_poi_lineregions (static: true)  @mrxlayermanager:375
[16:57:09.461] [lua] true	Unable to load layer vz_poi_lineregions  @mrxlayermanager:403
[16:57:09.470] [lua] Request fulfilled: Load layer vz_pirate_isles_tiny (static: nil)  @mrxlayermanager:446
[16:57:09.479] [lua] Layer request 1: 148 of 170 complete  @mrxlayermanager:479
[16:57:09.490] [lua] Culling op for layer vz_pirate_isles_tiny!  @mrxlayermanager:318
[16:57:09.499] [lua] (nPendingOps = 73)  @mrxlayermanager:324
[16:57:09.508] [lua] Loading vz_state_oiljob011_03_pristine (static: false)  @mrxlayermanager:375
[16:57:09.516] [lua] true	Unable to load layer vz_state_oiljob011_03_pristine  @mrxlayermanager:403
[16:57:09.527] [lua] Request fulfilled: Load layer vz_chi_job002_c (static: nil)  @mrxlayermanager:446
[16:57:09.538] [lua] Layer request 1: 149 of 170 complete  @mrxlayermanager:479
[16:57:09.546] [lua] Culling op for layer vz_chi_job002_c!  @mrxlayermanager:318
[16:57:09.555] [lua] (nPendingOps = 72)  @mrxlayermanager:324
[16:57:09.566] [lua] Loading vz_pir_job012_i (static: true)  @mrxlayermanager:375
[16:57:09.575] [lua] true	Unable to load layer vz_pir_job012_i  @mrxlayermanager:403
[16:57:09.583] [lua] Request fulfilled: Load layer vz_state_pirjob012_07_pristine (static: nil)  @mrxlayermanager:446
[16:57:09.591] [lua] Layer request 2: 200 of 250 complete  @mrxlayermanager:479
[16:57:09.603] [lua] Culling op for layer vz_state_pirjob012_07_pristine!  @mrxlayermanager:318
[16:57:09.612] [lua] (nPendingOps = 71)  @mrxlayermanager:324
[16:57:09.621] [lua] Loading vz_car_billboard (static: true)  @mrxlayermanager:375
[16:57:09.629] [lua] true	Unable to load layer vz_car_billboard  @mrxlayermanager:403
[16:57:09.637] [lua] Request fulfilled: Load layer vz_poi_lineregions (static: nil)  @mrxlayermanager:446
[16:57:09.649] [lua] Layer request 1: 150 of 170 complete  @mrxlayermanager:479
[16:57:09.658] [lua] Culling op for layer vz_poi_lineregions!  @mrxlayermanager:318
[16:57:09.666] [lua] (nPendingOps = 70)  @mrxlayermanager:324
[16:57:09.675] [lua] Loading vz_state_alljob009_01_pristine (static: false)  @mrxlayermanager:375
[16:57:09.686] [lua] true	Unable to load layer vz_state_alljob009_01_pristine  @mrxlayermanager:403
[16:57:09.698] [lua] Request fulfilled: Load layer vz_pir_job012_i (static: nil)  @mrxlayermanager:446
[16:57:09.707] [lua] Layer request 1: 151 of 170 complete  @mrxlayermanager:479
[16:57:09.714] [lua] Culling op for layer vz_pir_job012_i!  @mrxlayermanager:318
[16:57:09.723] [lua] (nPendingOps = 69)  @mrxlayermanager:324
[16:57:09.732] [lua] Loading vz_state_chijob006_a_staging (static: false)  @mrxlayermanager:375
[16:57:09.741] [lua] true	Unable to load layer vz_state_chijob006_a_staging  @mrxlayermanager:403
[16:57:09.749] [lua] Request fulfilled: Load layer vz_car_billboard (static: nil)  @mrxlayermanager:446
[16:57:09.758] [lua] Layer request 1: 152 of 170 complete  @mrxlayermanager:479
[16:57:09.768] [lua] Culling op for layer vz_car_billboard!  @mrxlayermanager:318
[16:57:09.780] [lua] (nPendingOps = 68)  @mrxlayermanager:324
[16:57:09.789] [lua] Loading vz_state_gurjob012_05_staging (static: false)  @mrxlayermanager:375
[16:57:09.797] [lua] true	Unable to load layer vz_state_gurjob012_05_staging  @mrxlayermanager:403
[16:57:09.806] [lua] Request fulfilled: Load layer vz_state_jetcon001_pristine (static: nil)  @mrxlayermanager:446
[16:57:09.816] [lua] Layer request 2: 201 of 250 complete  @mrxlayermanager:479
[16:57:09.825] [lua] Culling op for layer vz_state_jetcon001_pristine!  @mrxlayermanager:318
[16:57:09.834] [lua] (nPendingOps = 67)  @mrxlayermanager:324
[16:57:09.843] [lua] Loading vz_state_oiljob012_05_pristine (static: false)  @mrxlayermanager:375
[16:57:09.851] [lua] true	Unable to load layer vz_state_oiljob012_05_pristine  @mrxlayermanager:403
[16:57:09.867] [lua] Request fulfilled: Load layer vz_state_alljob009_01_pristine (static: nil)  @mrxlayermanager:446
[16:57:09.876] [lua] Layer request 2: 202 of 250 complete  @mrxlayermanager:479
[16:57:09.886] [lua] Culling op for layer vz_state_alljob009_01_pristine!  @mrxlayermanager:318
[16:57:09.901] [lua] (nPendingOps = 66)  @mrxlayermanager:324
[16:57:09.910] [lua] Loading vz_state_pirjob007_b_pristine (static: false)  @mrxlayermanager:375
[16:57:09.918] [lua] true	Unable to load layer vz_state_pirjob007_b_pristine  @mrxlayermanager:403
[16:57:09.928] [lua] Request fulfilled: Load layer vz_state_oiljob011_03_pristine (static: nil)  @mrxlayermanager:446
[16:57:09.938] [lua] Layer request 2: 203 of 250 complete  @mrxlayermanager:479
[16:57:09.948] [lua] Culling op for layer vz_state_oiljob011_03_pristine!  @mrxlayermanager:318
[16:57:09.957] [lua] (nPendingOps = 65)  @mrxlayermanager:324
[16:57:09.965] [lua] Loading vz_state_gurjob003_staging (static: false)  @mrxlayermanager:375
[16:57:09.974] [lua] true	Unable to load layer vz_state_gurjob003_staging  @mrxlayermanager:403
[16:57:09.985] [lua] Request fulfilled: Load layer vz_state_alljob002_03_staging (static: nil)  @mrxlayermanager:446
[16:57:09.993] [lua] Layer request 2: 204 of 250 complete  @mrxlayermanager:479
[16:57:10.005] [lua] Culling op for layer vz_state_alljob002_03_staging!  @mrxlayermanager:318
[16:57:10.013] [lua] (nPendingOps = 64)  @mrxlayermanager:324
[16:57:10.022] [lua] Loading vz_pir_job007_a (static: true)  @mrxlayermanager:375
[16:57:10.031] [lua] true	Unable to load layer vz_pir_job007_a  @mrxlayermanager:403
[16:57:10.043] [lua] Request fulfilled: Load layer vz_mar_roads (static: nil)  @mrxlayermanager:446
[16:57:10.051] [lua] Layer request 1: 153 of 170 complete  @mrxlayermanager:479
[16:57:10.062] [lua] Culling op for layer vz_mar_roads!  @mrxlayermanager:318
[16:57:10.071] [lua] (nPendingOps = 63)  @mrxlayermanager:324
[16:57:10.079] [lua] Loading vz_state_oiljob008_j_pristine (static: false)  @mrxlayermanager:375
[16:57:10.088] [lua] true	Unable to load layer vz_state_oiljob008_j_pristine  @mrxlayermanager:403
[16:57:10.096] [lua] Request fulfilled: Load layer vz_pir_job007_a (static: nil)  @mrxlayermanager:446
[16:57:10.105] [lua] Layer request 1: 154 of 170 complete  @mrxlayermanager:479
[16:57:10.115] [lua] Culling op for layer vz_pir_job007_a!  @mrxlayermanager:318
[16:57:10.124] [lua] (nPendingOps = 62)  @mrxlayermanager:324
[16:57:10.133] [lua] Loading vz_state_pirjob012_05_staging (static: false)  @mrxlayermanager:375
[16:57:10.141] [lua] true	Unable to load layer vz_state_pirjob012_05_staging  @mrxlayermanager:403
[16:57:10.159] [lua] Request fulfilled: Load layer vz_state_chijob001_04_pristine (static: nil)  @mrxlayermanager:446
[16:57:10.168] [lua] Layer request 2: 205 of 250 complete  @mrxlayermanager:479
[16:57:10.177] [lua] Culling op for layer vz_state_chijob001_04_pristine!  @mrxlayermanager:318
[16:57:10.185] [lua] (nPendingOps = 61)  @mrxlayermanager:324
[16:57:10.194] [lua] Loading vz_state_gurcon001_outpost_pristine (static: false)  @mrxlayermanager:375
[16:57:10.204] [lua] true	Unable to load layer vz_state_gurcon001_outpost_pristine  @mrxlayermanager:403
[16:57:10.215] [lua] Request fulfilled: Load layer vz_state_chijob006_d_pristine (static: nil)  @mrxlayermanager:446
[16:57:10.223] [lua] Layer request 2: 206 of 250 complete  @mrxlayermanager:479
[16:57:10.232] [lua] Culling op for layer vz_state_chijob006_d_pristine!  @mrxlayermanager:318
[16:57:10.240] [lua] (nPendingOps = 60)  @mrxlayermanager:324
[16:57:10.249] [lua] Loading vz_state_chicon002_depot_pristine (static: false)  @mrxlayermanager:375
[16:57:10.258] [lua] true	Unable to load layer vz_state_chicon002_depot_pristine  @mrxlayermanager:403
[16:57:10.269] [lua] Request fulfilled: Load layer vz_state_gurjob012_05_staging (static: nil)  @mrxlayermanager:446
[16:57:10.279] [lua] Layer request 2: 207 of 250 complete  @mrxlayermanager:479
[16:57:10.289] [lua] Culling op for layer vz_state_gurjob012_05_staging!  @mrxlayermanager:318
[16:57:10.301] [lua] (nPendingOps = 59)  @mrxlayermanager:324
[16:57:10.310] [lua] Loading vz_state_mer_commercialpristine (static: false)  @mrxlayermanager:375
[16:57:10.319] [lua] true	Unable to load layer vz_state_mer_commercialpristine  @mrxlayermanager:403
[16:57:10.330] [lua] Request fulfilled: Load layer vz_state_chijob006_a_staging (static: nil)  @mrxlayermanager:446
[16:57:10.339] [lua] Layer request 2: 208 of 250 complete  @mrxlayermanager:479
[16:57:10.347] [lua] Culling op for layer vz_state_chijob006_a_staging!  @mrxlayermanager:318
[16:57:10.355] [lua] (nPendingOps = 58)  @mrxlayermanager:324
[16:57:10.364] [lua] Loading vz_chi_job001_c (static: true)  @mrxlayermanager:375
[16:57:10.373] [lua] true	Unable to load layer vz_chi_job001_c  @mrxlayermanager:403
[16:57:10.385] [lua] Request fulfilled: Load layer vz_chi_job001_c (static: nil)  @mrxlayermanager:446
[16:57:10.395] [lua] Layer request 1: 155 of 170 complete  @mrxlayermanager:479
[16:57:10.404] [lua] Culling op for layer vz_chi_job001_c!  @mrxlayermanager:318
[16:57:10.413] [lua] (nPendingOps = 57)  @mrxlayermanager:324
[16:57:10.422] [lua] Loading vz_state_alljob010_02_pristine (static: false)  @mrxlayermanager:375
[16:57:10.430] [lua] true	Unable to load layer vz_state_alljob010_02_pristine  @mrxlayermanager:403
[16:57:10.439] [lua] Request fulfilled: Load layer vz_state_chicon002_depot_pristine (static: nil)  @mrxlayermanager:446
[16:57:10.448] [lua] Layer request 2: 209 of 250 complete  @mrxlayermanager:479
[16:57:10.457] [lua] Culling op for layer vz_state_chicon002_depot_pristine!  @mrxlayermanager:318
[16:57:10.466] [lua] (nPendingOps = 56)  @mrxlayermanager:324
[16:57:10.477] [lua] Loading vz_state_mer_oilrig_pristine_tg (static: false)  @mrxlayermanager:375
[16:57:10.488] [lua] true	Unable to load layer vz_state_mer_oilrig_pristine_tg  @mrxlayermanager:403
[16:57:10.501] [lua] Request fulfilled: Load layer vz_state_oiljob008_j_pristine (static: nil)  @mrxlayermanager:446
[16:57:10.511] [lua] Layer request 2: 210 of 250 complete  @mrxlayermanager:479
[16:57:10.519] [lua] Culling op for layer vz_state_oiljob008_j_pristine!  @mrxlayermanager:318
[16:57:10.530] [lua] (nPendingOps = 55)  @mrxlayermanager:324
[16:57:10.538] [lua] Loading vz_state_gurjob11_09 (static: false)  @mrxlayermanager:375
[16:57:10.547] [lua] true	Unable to load layer vz_state_gurjob11_09  @mrxlayermanager:403
[16:57:10.558] [lua] Request fulfilled: Load layer vz_state_pirjob012_05_staging (static: nil)  @mrxlayermanager:446
[16:57:10.568] [lua] Layer request 2: 211 of 250 complete  @mrxlayermanager:479
[16:57:10.577] [lua] Culling op for layer vz_state_pirjob012_05_staging!  @mrxlayermanager:318
[16:57:10.585] [lua] (nPendingOps = 54)  @mrxlayermanager:324
[16:57:10.594] [lua] Loading vz_state_guanare_act1 (static: false)  @mrxlayermanager:375
[16:57:10.603] [lua] true	Unable to load layer vz_state_guanare_act1  @mrxlayermanager:403
[16:57:10.615] [lua] Request fulfilled: Load layer vz_state_oiljob012_05_pristine (static: nil)  @mrxlayermanager:446
[16:57:10.624] [lua] Layer request 2: 212 of 250 complete  @mrxlayermanager:479
[16:57:10.639] [lua] Culling op for layer vz_state_oiljob012_05_pristine!  @mrxlayermanager:318
[16:57:10.648] [lua] (nPendingOps = 53)  @mrxlayermanager:324
[16:57:10.657] [lua] Loading vz_gur_base_mines (static: true)  @mrxlayermanager:375
[16:57:10.665] [lua] true	Unable to load layer vz_gur_base_mines  @mrxlayermanager:403
[16:57:10.675] [lua] Request fulfilled: Load layer vz_gur_base_mines (static: nil)  @mrxlayermanager:446
[16:57:10.686] [lua] Layer request 1: 156 of 170 complete  @mrxlayermanager:479
[16:57:10.696] [lua] Culling op for layer vz_gur_base_mines!  @mrxlayermanager:318
[16:57:10.705] [lua] (nPendingOps = 52)  @mrxlayermanager:324
[16:57:10.713] [lua] Loading vz_state_gurcon001_staging (static: false)  @mrxlayermanager:375
[16:57:10.722] [lua] true	Unable to load layer vz_state_gurcon001_staging  @mrxlayermanager:403
[16:57:10.732] [lua] Request fulfilled: Load layer vz_state_mer_oilrig_pristine_tg (static: nil)  @mrxlayermanager:446
[16:57:10.741] [lua] Layer request 2: 213 of 250 complete  @mrxlayermanager:479
[16:57:10.750] [lua] Culling op for layer vz_state_mer_oilrig_pristine_tg!  @mrxlayermanager:318
[16:57:10.758] [lua] (nPendingOps = 51)  @mrxlayermanager:324
[16:57:10.766] [lua] Loading vz_state_chijob006_e_staging (static: false)  @mrxlayermanager:375
[16:57:10.775] [lua] true	Unable to load layer vz_state_chijob006_e_staging  @mrxlayermanager:403
[16:57:10.785] [lua] Request fulfilled: Load layer vz_state_guanare_act1 (static: nil)  @mrxlayermanager:446
[16:57:10.795] [lua] Layer request 2: 214 of 250 complete  @mrxlayermanager:479
[16:57:10.805] [lua] Culling op for layer vz_state_guanare_act1!  @mrxlayermanager:318
[16:57:10.819] [lua] (nPendingOps = 50)  @mrxlayermanager:324
[16:57:10.827] [lua] Loading vz_state_chijob009_a_pristine_tg (static: false)  @mrxlayermanager:375
[16:57:10.835] [lua] true	Unable to load layer vz_state_chijob009_a_pristine_tg  @mrxlayermanager:403
[16:57:10.847] [lua] Request fulfilled: Load layer vz_state_chijob006_e_staging (static: nil)  @mrxlayermanager:446
[16:57:10.856] [lua] Layer request 2: 215 of 250 complete  @mrxlayermanager:479
[16:57:10.865] [lua] Culling op for layer vz_state_chijob006_e_staging!  @mrxlayermanager:318
[16:57:10.873] [lua] (nPendingOps = 49)  @mrxlayermanager:324
[16:57:10.882] [lua] Loading vz_state_chijob009_b_pristine (static: false)  @mrxlayermanager:375
[16:57:10.890] [lua] true	Unable to load layer vz_state_chijob009_b_pristine  @mrxlayermanager:403
[16:57:10.901] [lua] Request fulfilled: Load layer vz_state_pirjob002_02_staging (static: nil)  @mrxlayermanager:446
[16:57:10.911] [lua] Layer request 2: 216 of 250 complete  @mrxlayermanager:479
[16:57:10.921] [lua] Culling op for layer vz_state_pirjob002_02_staging!  @mrxlayermanager:318
[16:57:10.930] [lua] (nPendingOps = 48)  @mrxlayermanager:324
[16:57:10.938] [lua] Loading vz_state_pircon004_pristine (static: false)  @mrxlayermanager:375
[16:57:10.947] [lua] true	Unable to load layer vz_state_pircon004_pristine  @mrxlayermanager:403
[16:57:10.962] [lua] Request fulfilled: Load layer vz_state_mer_commercialpristine (static: nil)  @mrxlayermanager:446
[16:57:10.970] [lua] Layer request 2: 217 of 250 complete  @mrxlayermanager:479
[16:57:10.979] [lua] Culling op for layer vz_state_mer_commercialpristine!  @mrxlayermanager:318
[16:57:10.989] [lua] (nPendingOps = 47)  @mrxlayermanager:324
[16:57:10.997] [lua] Loading vz_state_jungle_mountain_act1 (static: false)  @mrxlayermanager:375
[16:57:11.005] [lua] true	Unable to load layer vz_state_jungle_mountain_act1  @mrxlayermanager:403
[16:57:11.016] [lua] Request fulfilled: Load layer vz_state_gurcon001_outpost_pristine (static: nil)  @mrxlayermanager:446
[16:57:11.024] [lua] Layer request 2: 218 of 250 complete  @mrxlayermanager:479
[16:57:11.033] [lua] Culling op for layer vz_state_gurcon001_outpost_pristine!  @mrxlayermanager:318
[16:57:11.041] [lua] (nPendingOps = 46)  @mrxlayermanager:324
[16:57:11.050] [lua] Loading vz_pir_job012_h (static: true)  @mrxlayermanager:375
[16:57:11.058] [lua] true	Unable to load layer vz_pir_job012_h  @mrxlayermanager:403
[16:57:11.069] [lua] Request fulfilled: Load layer vz_state_pirjob007_b_pristine (static: nil)  @mrxlayermanager:446
[16:57:11.077] [lua] Layer request 2: 219 of 250 complete  @mrxlayermanager:479
[16:57:11.086] [lua] Culling op for layer vz_state_pirjob007_b_pristine!  @mrxlayermanager:318
[16:57:11.095] [lua] (nPendingOps = 45)  @mrxlayermanager:324
[16:57:11.104] [lua] Loading vz_state_chijob002_05_staging (static: false)  @mrxlayermanager:375
[16:57:11.112] [lua] true	Unable to load layer vz_state_chijob002_05_staging  @mrxlayermanager:403
[16:57:11.121] [lua] Request fulfilled: Load layer vz_pir_job012_h (static: nil)  @mrxlayermanager:446
[16:57:11.134] [lua] Layer request 1: 157 of 170 complete  @mrxlayermanager:479
[16:57:11.142] [lua] Culling op for layer vz_pir_job012_h!  @mrxlayermanager:318
[16:57:11.151] [lua] (nPendingOps = 44)  @mrxlayermanager:324
[16:57:11.159] [lua] Loading vz_state_gurjob11_07 (static: false)  @mrxlayermanager:375
[16:57:11.170] [lua] true	Unable to load layer vz_state_gurjob11_07  @mrxlayermanager:403
[16:57:11.182] [lua] Request fulfilled: Load layer vz_state_pircon004_pristine (static: nil)  @mrxlayermanager:446
[16:57:11.194] [lua] Layer request 2: 220 of 250 complete  @mrxlayermanager:479
[16:57:11.203] [lua] Culling op for layer vz_state_pircon004_pristine!  @mrxlayermanager:318
[16:57:11.212] [lua] (nPendingOps = 43)  @mrxlayermanager:324
[16:57:11.221] [lua] Loading vz_oil_job011_j (static: true)  @mrxlayermanager:375
[16:57:11.231] [lua] true	Unable to load layer vz_oil_job011_j  @mrxlayermanager:403
[16:57:11.245] [lua] Request fulfilled: Load layer vz_oil_job011_j (static: nil)  @mrxlayermanager:446
[16:57:11.255] [lua] Layer request 1: 158 of 170 complete  @mrxlayermanager:479
[16:57:11.263] [lua] Culling op for layer vz_oil_job011_j!  @mrxlayermanager:318
[16:57:11.272] [lua] (nPendingOps = 42)  @mrxlayermanager:324
[16:57:11.280] [lua] Loading vz_state_gurjob11_02 (static: false)  @mrxlayermanager:375
[16:57:11.289] [lua] true	Unable to load layer vz_state_gurjob11_02  @mrxlayermanager:403
[16:57:11.298] [lua] Request fulfilled: Load layer vz_state_gurjob003_staging (static: nil)  @mrxlayermanager:446
[16:57:11.307] [lua] Layer request 2: 221 of 250 complete  @mrxlayermanager:479
[16:57:11.320] [lua] Culling op for layer vz_state_gurjob003_staging!  @mrxlayermanager:318
[16:57:11.328] [lua] (nPendingOps = 41)  @mrxlayermanager:324
[16:57:11.337] [lua] Loading vz_state_chicon001_pristine (static: false)  @mrxlayermanager:375
[16:57:11.345] [lua] true	Unable to load layer vz_state_chicon001_pristine  @mrxlayermanager:403
[16:57:11.363] [lua] Request fulfilled: Load layer vz_state_alljob010_02_pristine (static: nil)  @mrxlayermanager:446
[16:57:11.371] [lua] Layer request 2: 222 of 250 complete  @mrxlayermanager:479
[16:57:11.382] [lua] Culling op for layer vz_state_alljob010_02_pristine!  @mrxlayermanager:318
[16:57:11.391] [lua] (nPendingOps = 40)  @mrxlayermanager:324
[16:57:11.401] [lua] Loading vz_state_chijob006_c_staging (static: false)  @mrxlayermanager:375
[16:57:11.410] [lua] true	Unable to load layer vz_state_chijob006_c_staging  @mrxlayermanager:403
[16:57:11.420] [lua] Request fulfilled: Load layer vz_state_gurjob11_09 (static: nil)  @mrxlayermanager:446
[16:57:11.429] [lua] Layer request 2: 223 of 250 complete  @mrxlayermanager:479
[16:57:11.438] [lua] Culling op for layer vz_state_gurjob11_09!  @mrxlayermanager:318
[16:57:11.448] [lua] (nPendingOps = 39)  @mrxlayermanager:324
[16:57:11.458] [lua] Loading vz_all_job002_b (static: true)  @mrxlayermanager:375
[16:57:11.467] [lua] true	Unable to load layer vz_all_job002_b  @mrxlayermanager:403
[16:57:11.478] [lua] Request fulfilled: Load layer vz_all_job002_b (static: nil)  @mrxlayermanager:446
[16:57:11.487] [lua] Layer request 1: 159 of 170 complete  @mrxlayermanager:479
[16:57:11.496] [lua] Culling op for layer vz_all_job002_b!  @mrxlayermanager:318
[16:57:11.504] [lua] (nPendingOps = 38)  @mrxlayermanager:324
[16:57:11.514] [lua] Loading vz_state_vzacon001_pregate2 (static: false)  @mrxlayermanager:375
[16:57:11.524] [lua] true	Unable to load layer vz_state_vzacon001_pregate2  @mrxlayermanager:403
[16:57:11.532] [lua] Request fulfilled: Load layer vz_state_chicon001_pristine (static: nil)  @mrxlayermanager:446
[16:57:11.541] [lua] Layer request 2: 224 of 250 complete  @mrxlayermanager:479
[16:57:11.549] [lua] Culling op for layer vz_state_chicon001_pristine!  @mrxlayermanager:318
[16:57:11.561] [lua] (nPendingOps = 37)  @mrxlayermanager:324
[16:57:11.570] [lua] Loading vz_state_gurjob002_05_staging (static: false)  @mrxlayermanager:375
[16:57:11.579] [lua] true	Unable to load layer vz_state_gurjob002_05_staging  @mrxlayermanager:403
[16:57:11.591] [lua] Request fulfilled: Load layer vz_state_chijob009_b_pristine (static: nil)  @mrxlayermanager:446
[16:57:11.599] [lua] Layer request 2: 225 of 250 complete  @mrxlayermanager:479
[16:57:11.611] [lua] Culling op for layer vz_state_chijob009_b_pristine!  @mrxlayermanager:318
[16:57:11.621] [lua] (nPendingOps = 36)  @mrxlayermanager:324
[16:57:11.630] [lua] Loading vz_pmc_roads (static: true)  @mrxlayermanager:375
[16:57:11.639] [lua] true	Unable to load layer vz_pmc_roads  @mrxlayermanager:403
[16:57:11.652] [lua] Request fulfilled: Load layer vz_state_gurcon001_staging (static: nil)  @mrxlayermanager:446
[16:57:11.661] [lua] Layer request 2: 226 of 250 complete  @mrxlayermanager:479
[16:57:11.671] [lua] Culling op for layer vz_state_gurcon001_staging!  @mrxlayermanager:318
[16:57:11.680] [lua] (nPendingOps = 35)  @mrxlayermanager:324
[16:57:11.690] [lua] Loading vz_jungle_mountain_road (static: true)  @mrxlayermanager:375
[16:57:11.699] [lua] true	Unable to load layer vz_jungle_mountain_road  @mrxlayermanager:403
[16:57:11.708] [lua] Request fulfilled: Load layer vz_pmc_roads (static: nil)  @mrxlayermanager:446
[16:57:11.716] [lua] Layer request 1: 160 of 170 complete  @mrxlayermanager:479
[16:57:11.726] [lua] Culling op for layer vz_pmc_roads!  @mrxlayermanager:318
[16:57:11.735] [lua] (nPendingOps = 34)  @mrxlayermanager:324
[16:57:11.745] [lua] Loading vz_chi_job010_b (static: true)  @mrxlayermanager:375
[16:57:11.754] [lua] true	Unable to load layer vz_chi_job010_b  @mrxlayermanager:403
[16:57:11.764] [lua] Request fulfilled: Load layer vz_jungle_mountain_road (static: nil)  @mrxlayermanager:446
[16:57:11.773] [lua] Layer request 1: 161 of 170 complete  @mrxlayermanager:479
[16:57:11.783] [lua] Culling op for layer vz_jungle_mountain_road!  @mrxlayermanager:318
[16:57:11.792] [lua] (nPendingOps = 33)  @mrxlayermanager:324
[16:57:11.801] [lua] Loading vz_mar_industrial (static: true)  @mrxlayermanager:375
[16:57:11.810] [lua] true	Unable to load layer vz_mar_industrial  @mrxlayermanager:403
[16:57:11.819] [lua] Request fulfilled: Load layer vz_state_chijob009_a_pristine_tg (static: nil)  @mrxlayermanager:446
[16:57:11.827] [lua] Layer request 2: 227 of 250 complete  @mrxlayermanager:479
[16:57:11.836] [lua] Culling op for layer vz_state_chijob009_a_pristine_tg!  @mrxlayermanager:318
[16:57:11.845] [lua] (nPendingOps = 32)  @mrxlayermanager:324
[16:57:11.854] [lua] Loading vz_state_oiljob012_02_pristine (static: false)  @mrxlayermanager:375
[16:57:11.862] [lua] true	Unable to load layer vz_state_oiljob012_02_pristine  @mrxlayermanager:403
[16:57:11.870] [lua] Request fulfilled: Load layer vz_chi_job010_b (static: nil)  @mrxlayermanager:446
[16:57:11.879] [lua] Layer request 1: 162 of 170 complete  @mrxlayermanager:479
[16:57:11.889] [lua] Culling op for layer vz_chi_job010_b!  @mrxlayermanager:318
[16:57:11.898] [lua] (nPendingOps = 31)  @mrxlayermanager:324
[16:57:11.905] [lua] Loading vz_state_mar_big_lineregion (static: false)  @mrxlayermanager:375
[16:57:11.915] [lua] true	Unable to load layer vz_state_mar_big_lineregion  @mrxlayermanager:403
[16:57:11.929] [lua] Request fulfilled: Load layer vz_state_jungle_mountain_act1 (static: nil)  @mrxlayermanager:446
[16:57:11.937] [lua] Layer request 2: 228 of 250 complete  @mrxlayermanager:479
[16:57:11.946] [lua] Culling op for layer vz_state_jungle_mountain_act1!  @mrxlayermanager:318
[16:57:11.954] [lua] (nPendingOps = 30)  @mrxlayermanager:324
[16:57:11.965] [lua] Loading vz_state_mar_industrial_pristine (static: false)  @mrxlayermanager:375
[16:57:11.974] [lua] true	Unable to load layer vz_state_mar_industrial_pristine  @mrxlayermanager:403
[16:57:11.982] [lua] Request fulfilled: Load layer vz_mar_industrial (static: nil)  @mrxlayermanager:446
[16:57:11.993] [lua] Layer request 1: 163 of 170 complete  @mrxlayermanager:479
[16:57:12.005] [lua] Culling op for layer vz_mar_industrial!  @mrxlayermanager:318
[16:57:12.014] [lua] (nPendingOps = 29)  @mrxlayermanager:324
[16:57:12.023] [lua] Loading vz_pir_job012_a (static: true)  @mrxlayermanager:375
[16:57:12.032] [lua] true	Unable to load layer vz_pir_job012_a  @mrxlayermanager:403
[16:57:12.050] [lua] Request fulfilled: Load layer vz_pir_job012_a (static: nil)  @mrxlayermanager:446
[16:57:12.061] [lua] Layer request 1: 164 of 170 complete  @mrxlayermanager:479
[16:57:12.071] [lua] Culling op for layer vz_pir_job012_a!  @mrxlayermanager:318
[16:57:12.080] [lua] (nPendingOps = 28)  @mrxlayermanager:324
[16:57:12.089] [lua] Loading vz_chi_con005_d (static: true)  @mrxlayermanager:375
[16:57:12.098] [lua] true	Unable to load layer vz_chi_con005_d  @mrxlayermanager:403
[16:57:12.107] [lua] Request fulfilled: Load layer vz_state_chijob002_05_staging (static: nil)  @mrxlayermanager:446
[16:57:12.115] [lua] Layer request 2: 229 of 250 complete  @mrxlayermanager:479
[16:57:12.125] [lua] Culling op for layer vz_state_chijob002_05_staging!  @mrxlayermanager:318
[16:57:12.134] [lua] (nPendingOps = 27)  @mrxlayermanager:324
[16:57:12.143] [lua] Loading vz_state_staging_oildepot (static: false)  @mrxlayermanager:375
[16:57:12.152] [lua] true	Unable to load layer vz_state_staging_oildepot  @mrxlayermanager:403
[16:57:12.163] [lua] Request fulfilled: Load layer vz_chi_con005_d (static: nil)  @mrxlayermanager:446
[16:57:12.171] [lua] Layer request 1: 165 of 170 complete  @mrxlayermanager:479
[16:57:12.180] [lua] Culling op for layer vz_chi_con005_d!  @mrxlayermanager:318
[16:57:12.189] [lua] (nPendingOps = 26)  @mrxlayermanager:324
[16:57:12.199] [lua] Loading vz_mar_altagracia (static: true)  @mrxlayermanager:375
[16:57:12.211] [lua] true	Unable to load layer vz_mar_altagracia  @mrxlayermanager:403
[16:57:12.221] [lua] Request fulfilled: Load layer vz_state_gurjob11_07 (static: nil)  @mrxlayermanager:446
[16:57:12.233] [lua] Layer request 2: 230 of 250 complete  @mrxlayermanager:479
[16:57:12.242] [lua] Culling op for layer vz_state_gurjob11_07!  @mrxlayermanager:318
[16:57:12.250] [lua] (nPendingOps = 25)  @mrxlayermanager:324
[16:57:12.258] [lua] Loading vz_state_gurjob002_03_staging (static: false)  @mrxlayermanager:375
[16:57:12.267] [lua] true	Unable to load layer vz_state_gurjob002_03_staging  @mrxlayermanager:403
[16:57:12.284] [lua] Request fulfilled: Load layer vz_mar_altagracia (static: nil)  @mrxlayermanager:446
[16:57:12.292] [lua] Layer request 1: 166 of 170 complete  @mrxlayermanager:479
[16:57:12.301] [lua] Culling op for layer vz_mar_altagracia!  @mrxlayermanager:318
[16:57:12.309] [lua] (nPendingOps = 24)  @mrxlayermanager:324
[16:57:12.318] [lua] Loading vz_state_oiljob008_m_staging (static: false)  @mrxlayermanager:375
[16:57:12.326] [lua] true	Unable to load layer vz_state_oiljob008_m_staging  @mrxlayermanager:403
[16:57:12.335] [lua] Request fulfilled: Load layer vz_state_gurjob002_05_staging (static: nil)  @mrxlayermanager:446
[16:57:12.344] [lua] Layer request 2: 231 of 250 complete  @mrxlayermanager:479
[16:57:12.353] [lua] Culling op for layer vz_state_gurjob002_05_staging!  @mrxlayermanager:318
[16:57:12.362] [lua] (nPendingOps = 23)  @mrxlayermanager:324
[16:57:12.371] [lua] Loading vz_state_gurjob012_01_staging (static: false)  @mrxlayermanager:375
[16:57:12.384] [lua] true	Unable to load layer vz_state_gurjob012_01_staging  @mrxlayermanager:403
[16:57:12.404] [lua] Request fulfilled: Load layer vz_state_chijob006_c_staging (static: nil)  @mrxlayermanager:446
[16:57:12.412] [lua] Layer request 2: 232 of 250 complete  @mrxlayermanager:479
[16:57:12.422] [lua] Culling op for layer vz_state_chijob006_c_staging!  @mrxlayermanager:318
[16:57:12.431] [lua] (nPendingOps = 22)  @mrxlayermanager:324
[16:57:12.439] [lua] Loading vz_state_chijob006_e_pristine (static: false)  @mrxlayermanager:375
[16:57:12.447] [lua] true	Unable to load layer vz_state_chijob006_e_pristine  @mrxlayermanager:403
[16:57:12.458] [lua] Request fulfilled: Load layer vz_state_mar_big_lineregion (static: nil)  @mrxlayermanager:446
[16:57:12.466] [lua] Layer request 2: 233 of 250 complete  @mrxlayermanager:479
[16:57:12.478] [lua] Culling op for layer vz_state_mar_big_lineregion!  @mrxlayermanager:318
[16:57:12.487] [lua] (nPendingOps = 21)  @mrxlayermanager:324
[16:57:12.497] [lua] Loading vz_start_location (static: true)  @mrxlayermanager:375
[16:57:12.505] [lua] true	Unable to load layer vz_start_location  @mrxlayermanager:403
[16:57:12.521] [lua] Request fulfilled: Load layer vz_state_oiljob012_02_pristine (static: nil)  @mrxlayermanager:446
[16:57:12.530] [lua] Layer request 2: 234 of 250 complete  @mrxlayermanager:479
[16:57:12.539] [lua] Culling op for layer vz_state_oiljob012_02_pristine!  @mrxlayermanager:318
[16:57:12.549] [lua] (nPendingOps = 20)  @mrxlayermanager:324
[16:57:12.557] [lua] Loading vz_state_chijob006_c_pristine (static: false)  @mrxlayermanager:375
[16:57:12.566] [lua] true	Unable to load layer vz_state_chijob006_c_pristine  @mrxlayermanager:403
[16:57:12.574] [lua] Request fulfilled: Load layer vz_start_location (static: nil)  @mrxlayermanager:446
[16:57:12.583] [lua] Layer request 1: 167 of 170 complete  @mrxlayermanager:479
[16:57:12.594] [lua] Culling op for layer vz_start_location!  @mrxlayermanager:318
[16:57:12.603] [lua] (nPendingOps = 19)  @mrxlayermanager:324
[16:57:12.611] [lua] Loading vz_chi_job006_e (static: true)  @mrxlayermanager:375
[16:57:12.620] [lua] true	Unable to load layer vz_chi_job006_e  @mrxlayermanager:403
[16:57:12.632] [lua] Request fulfilled: Load layer vz_state_gurjob11_02 (static: nil)  @mrxlayermanager:446
[16:57:12.641] [lua] Layer request 2: 235 of 250 complete  @mrxlayermanager:479
[16:57:12.649] [lua] Culling op for layer vz_state_gurjob11_02!  @mrxlayermanager:318
[16:57:12.659] [lua] (nPendingOps = 18)  @mrxlayermanager:324
[16:57:12.668] [lua] Loading vz_state_oiljob012_02_staging (static: false)  @mrxlayermanager:375
[16:57:12.676] [lua] true	Unable to load layer vz_state_oiljob012_02_staging  @mrxlayermanager:403
[16:57:12.685] [lua] Request fulfilled: Load layer vz_chi_job006_e (static: nil)  @mrxlayermanager:446
[16:57:12.693] [lua] Layer request 1: 168 of 170 complete  @mrxlayermanager:479
[16:57:12.702] [lua] Culling op for layer vz_chi_job006_e!  @mrxlayermanager:318
[16:57:12.711] [lua] (nPendingOps = 17)  @mrxlayermanager:324
[16:57:12.719] [lua] Loading vz_state_gurjob007_02 (static: false)  @mrxlayermanager:375
[16:57:12.728] [lua] true	Unable to load layer vz_state_gurjob007_02  @mrxlayermanager:403
[16:57:12.739] [lua] Request fulfilled: Load layer vz_state_vzacon001_pregate2 (static: nil)  @mrxlayermanager:446
[16:57:12.749] [lua] Layer request 2: 236 of 250 complete  @mrxlayermanager:479
[16:57:12.757] [lua] Culling op for layer vz_state_vzacon001_pregate2!  @mrxlayermanager:318
[16:57:12.767] [lua] (nPendingOps = 16)  @mrxlayermanager:324
[16:57:12.775] [lua] Loading vz_state_pirjob007_c_pristine (static: false)  @mrxlayermanager:375
[16:57:12.784] [lua] true	Unable to load layer vz_state_pirjob007_c_pristine  @mrxlayermanager:403
[16:57:12.795] [lua] Request fulfilled: Load layer vz_state_mar_industrial_pristine (static: nil)  @mrxlayermanager:446
[16:57:12.808] [lua] Layer request 2: 237 of 250 complete  @mrxlayermanager:479
[16:57:12.815] [lua] Culling op for layer vz_state_mar_industrial_pristine!  @mrxlayermanager:318
[16:57:12.824] [lua] (nPendingOps = 15)  @mrxlayermanager:324
[16:57:12.833] [lua] Loading vz_chi_job006_b (static: true)  @mrxlayermanager:375
[16:57:12.842] [lua] true	Unable to load layer vz_chi_job006_b  @mrxlayermanager:403
[16:57:12.855] [lua] Request fulfilled: Load layer vz_chi_job006_b (static: nil)  @mrxlayermanager:446
[16:57:12.867] [lua] Layer request 1: 169 of 170 complete  @mrxlayermanager:479
[16:57:12.876] [lua] Culling op for layer vz_chi_job006_b!  @mrxlayermanager:318
[16:57:12.885] [lua] (nPendingOps = 14)  @mrxlayermanager:324
[16:57:12.893] [lua] Loading vz_state_staging_oilhq (static: false)  @mrxlayermanager:375
[16:57:12.901] [lua] true	Unable to load layer vz_state_staging_oilhq  @mrxlayermanager:403
[16:57:12.910] [lua] Request fulfilled: Load layer vz_state_oiljob008_m_staging (static: nil)  @mrxlayermanager:446
[16:57:12.918] [lua] Layer request 2: 238 of 250 complete  @mrxlayermanager:479
[16:57:12.929] [lua] Culling op for layer vz_state_oiljob008_m_staging!  @mrxlayermanager:318
[16:57:12.938] [lua] (nPendingOps = 13)  @mrxlayermanager:324
[16:57:12.950] [lua] Loading vz_state_gurjob002_01_staging (static: false)  @mrxlayermanager:375
[16:57:12.958] [lua] true	Unable to load layer vz_state_gurjob002_01_staging  @mrxlayermanager:403
[16:57:12.971] [lua] Request fulfilled: Load layer vz_state_staging_oildepot (static: nil)  @mrxlayermanager:446
[16:57:12.980] [lua] Layer request 2: 239 of 250 complete  @mrxlayermanager:479
[16:57:12.989] [lua] Culling op for layer vz_state_staging_oildepot!  @mrxlayermanager:318
[16:57:12.998] [lua] (nPendingOps = 12)  @mrxlayermanager:324
[16:57:13.006] [lua] Loading vz_state_pirjob012_08_pristine (static: false)  @mrxlayermanager:375
[16:57:13.015] [lua] true	Unable to load layer vz_state_pirjob012_08_pristine  @mrxlayermanager:403
[16:57:13.026] [lua] Request fulfilled: Load layer vz_state_gurjob002_03_staging (static: nil)  @mrxlayermanager:446
[16:57:13.038] [lua] Layer request 2: 240 of 250 complete  @mrxlayermanager:479
[16:57:13.048] [lua] Culling op for layer vz_state_gurjob002_03_staging!  @mrxlayermanager:318
[16:57:13.057] [lua] (nPendingOps = 11)  @mrxlayermanager:324
[16:57:13.065] [lua] Loading vz_state_pirjob002_01_staging (static: false)  @mrxlayermanager:375
[16:57:13.074] [lua] true	Unable to load layer vz_state_pirjob002_01_staging  @mrxlayermanager:403
[16:57:13.086] [lua] Request fulfilled: Load layer vz_state_gurjob012_01_staging (static: nil)  @mrxlayermanager:446
[16:57:13.094] [lua] Layer request 2: 241 of 250 complete  @mrxlayermanager:479
[16:57:13.103] [lua] Culling op for layer vz_state_gurjob012_01_staging!  @mrxlayermanager:318
[16:57:13.112] [lua] (nPendingOps = 10)  @mrxlayermanager:324
[16:57:13.121] [lua] Loading vz_gur_base (static: true)  @mrxlayermanager:375
[16:57:13.129] [lua] true	Unable to load layer vz_gur_base  @mrxlayermanager:403
[16:57:13.144] [lua] Request fulfilled: Load layer vz_state_gurjob002_01_staging (static: nil)  @mrxlayermanager:446
[16:57:13.154] [lua] Layer request 2: 242 of 250 complete  @mrxlayermanager:479
[16:57:13.164] [lua] Culling op for layer vz_state_gurjob002_01_staging!  @mrxlayermanager:318
[16:57:13.172] [lua] (nPendingOps = 9)  @mrxlayermanager:324
[16:57:13.181] [lua] Request fulfilled: Load layer vz_gur_base (static: nil)  @mrxlayermanager:446
[16:57:13.189] [lua] Layer request 1: 170 of 170 complete  @mrxlayermanager:479
[16:57:13.204] [lua] Layer request 1 completed!  @mrxlayermanager:482
[16:57:13.212] [lua] Culling op for layer vz_gur_base!  @mrxlayermanager:318
[16:57:13.221] [lua] (nPendingOps = 8)  @mrxlayermanager:324
[16:57:13.229] [lua] registering player callbacks  @mrxplayer:175
[16:57:13.239] [lua] Request fulfilled: Load layer vz_state_gurjob007_02 (static: nil)  @mrxlayermanager:446
[16:57:13.251] [lua] Layer request 2: 243 of 250 complete  @mrxlayermanager:479
[16:57:13.259] [lua] Culling op for layer vz_state_gurjob007_02!  @mrxlayermanager:318
[16:57:13.268] [lua] (nPendingOps = 7)  @mrxlayermanager:324
[16:57:13.279] [lua] Request fulfilled: Load layer vz_state_pirjob002_01_staging (static: nil)  @mrxlayermanager:446
[16:57:13.289] [lua] Layer request 2: 244 of 250 complete  @mrxlayermanager:479
[16:57:13.298] [lua] Culling op for layer vz_state_pirjob002_01_staging!  @mrxlayermanager:318
[16:57:13.307] [lua] (nPendingOps = 6)  @mrxlayermanager:324
[16:57:13.325] [lua] Request fulfilled: Load layer vz_state_chijob006_e_pristine (static: nil)  @mrxlayermanager:446
[16:57:13.336] [lua] Layer request 2: 245 of 250 complete  @mrxlayermanager:479
[16:57:13.346] [lua] Culling op for layer vz_state_chijob006_e_pristine!  @mrxlayermanager:318
[16:57:13.355] [lua] (nPendingOps = 5)  @mrxlayermanager:324
[16:57:13.365] [lua] Request fulfilled: Load layer vz_state_chijob006_c_pristine (static: nil)  @mrxlayermanager:446
[16:57:13.374] [lua] Layer request 2: 246 of 250 complete  @mrxlayermanager:479
[16:57:13.383] [lua] Culling op for layer vz_state_chijob006_c_pristine!  @mrxlayermanager:318
[16:57:13.393] [lua] (nPendingOps = 4)  @mrxlayermanager:324
[16:57:13.405] [lua] Request fulfilled: Load layer vz_state_oiljob012_02_staging (static: nil)  @mrxlayermanager:446
[16:57:13.413] [lua] Layer request 2: 247 of 250 complete  @mrxlayermanager:479
[16:57:13.423] [lua] Culling op for layer vz_state_oiljob012_02_staging!  @mrxlayermanager:318
[16:57:13.431] [lua] (nPendingOps = 3)  @mrxlayermanager:324
[16:57:13.441] [lua] Request fulfilled: Load layer vz_state_pirjob007_c_pristine (static: nil)  @mrxlayermanager:446
[16:57:13.454] [lua] Layer request 2: 248 of 250 complete  @mrxlayermanager:479
[16:57:13.465] [lua] Culling op for layer vz_state_pirjob007_c_pristine!  @mrxlayermanager:318
[16:57:13.474] [lua] (nPendingOps = 2)  @mrxlayermanager:324
[16:57:13.484] [lua] Request fulfilled: Load layer vz_state_pirjob012_08_pristine (static: nil)  @mrxlayermanager:446
[16:57:13.492] [lua] Layer request 2: 249 of 250 complete  @mrxlayermanager:479
[16:57:13.502] [lua] Culling op for layer vz_state_pirjob012_08_pristine!  @mrxlayermanager:318
[16:57:13.511] [lua] (nPendingOps = 1)  @mrxlayermanager:324
[16:57:13.520] [lua] LUA: player joined as player 0, and is local true  @mrxplayer:245
[16:57:13.529] [lua] LUA: player joined as player 0, character chris, costume nil  @mrxplayer:257
[16:57:13.537] [lua] @@@@@@@@@@ MrxPlayer.CreatePlayerCharacter: id = 0: type = chris: model = nil: location = PmcCon001_Start1  @mrxplayer:821
[16:57:13.537] [world] >>> @@@@@@@@@@ MrxPlayer.CreatePlayerCharacter: id = 0: type = chris: model = nil: location = PmcCon001_Start1  @mrxplayer:821
[16:57:13.545] [lua] true  @mrxguimanager:23
[16:57:13.553] [lua] local player joined  @mrxbootstrap:97
[16:57:13.564] [lua] LUA: Net.IsClient() - false bLocalPlayer - true  @mrxplayer:320
[16:57:13.578] [lua] Request fulfilled: Load layer vz_state_staging_oilhq (static: nil)  @mrxlayermanager:446
[16:57:13.586] [lua] Layer request 2: 250 of 250 complete  @mrxlayermanager:479
[16:57:13.595] [lua] Layer request 2 completed!  @mrxlayermanager:482
[16:57:13.605] [lua] Culling op for layer vz_state_staging_oilhq!  @mrxlayermanager:318
[16:57:13.613] [lua] (nPendingOps = 0)  @mrxlayermanager:324
[16:57:13.623] [lua] All layer operations processed and fulfilled...resetting asset request max to 16  @mrxlayermanager:330
[16:57:13.662] [lua] table:0x1F1A83E0  @mrxguibase:1353
[16:57:13.670] [lua] table:0x1F18FFC0  @mrxguibase:1353
[16:57:13.677] [lua] table:0x1F18F440  @mrxguibase:1353
[16:57:13.686] [lua] table:0x1F189FA0  @mrxguibase:1353
[16:57:13.692] [lua] table:0x1F189B00  @mrxguibase:1353
[16:57:13.700] [lua] table:0x1F189E20  @mrxguibase:1353
[16:57:13.707] [lua] table:0x1F189CA0  @mrxguibase:1353
[16:57:13.715] [lua] table:0x1F1890A0  @mrxguibase:1353
[16:57:13.722] [lua] table:0x1F188FA0  @mrxguibase:1353
[16:57:13.729] [lua] table:0x1F188E80  @mrxguibase:1353
[16:57:13.736] [lua] table:0x1F188880  @mrxguibase:1353
[16:57:13.744] [lua] table:0x1F188780  @mrxguibase:1353
[16:57:13.752] [lua] table:0x1F188660  @mrxguibase:1353
[16:57:13.759] [lua] table:0x1F1880E0  @mrxguibase:1353
[16:57:13.770] [lua] table:0x1F16FF40  @mrxguibase:1353
[16:57:13.779] [lua] table:0x1F16F7C0  @mrxguibase:1353
[16:57:13.788] [lua] table:0x1F16F6C0  @mrxguibase:1353
[16:57:13.796] [lua] true  @mrxguimanager:482
[16:57:13.803] [lua] true  @mrxguimanager:490
[16:57:13.812] [lua] table:0x1F16AB20  @mrxguibase:1353
[16:57:13.820] [lua] table:0x1F16A800  @mrxguibase:1353
[16:57:13.827] [lua] true  @mrxguimanager:482
[16:57:13.835] [lua] true  @mrxguimanager:502
[16:57:13.844] [lua] table:0x1F1681A0  @mrxguibase:1353
[16:57:13.851] [lua] table:0x1F157CE0  @mrxguibase:1353
[16:57:13.858] [lua] table:0x1F157B80  @mrxguibase:1353
[16:57:13.866] [lua] table:0x1F157A20  @mrxguibase:1353
[16:57:13.875] [lua] table:0x1F157E20  @mrxguibase:1353
[16:57:13.881] [lua] table:0x1F1578C0  @mrxguibase:1353
[16:57:13.888] [lua] table:0x1F157CE0  @mrxguibase:1353
[16:57:13.895] [lua] table:0x1F157B80  @mrxguibase:1353
[16:57:13.904] [lua] true  @mrxguimanager:482
[16:57:13.912] [lua] true  @mrxguimanager:496
[16:57:13.922] [lua] created player join event userdata: 00100028  @mrxguipda:2333
[16:57:13.929] [lua] true  @mrxguimanager:482
[16:57:13.937] [lua] true  @mrxguimanager:508
[16:57:13.944] [lua] true  @mrxguimanager:23
[16:57:13.955] [lua] gui loaded  @mrxbootstrap:83
[16:57:13.964] [lua] **********FACTION MOOD ACHIEVEMENT  @mrxachievements:270
[16:57:13.973] [lua] Disguise.Init function: 1F40A7A0  @mrxfactionmanager:278
[16:57:13.982] [lua] FactionZone.Init function: 1F40A780  @mrxfactionmanager:285
[16:57:13.991] [lua] CAN'T SET RELATION ... ATTITUDE IS NOT MUTABLE  @mrxfactionmanager:547
[16:57:14.000] [lua] ***********************  CivCasualtySetup function has been called  @mrxfactionmanager:883
[16:57:14.014] [lua] @@@@@@@@@@ MrxState.Enter: state STATE_WAITFORGAME (refcount=1)  @mrxstate:381
[16:57:14.014] [world] >>> @@@@@@@@@@ MrxState.Enter: state STATE_WAITFORGAME (refcount=1)  @mrxstate:381
[16:57:14.025] [lua] ###! GlobalEnter - Begin  @mrxstate:172
[16:57:14.025] [world] >>> ###! GlobalEnter - Begin  @mrxstate:172
[16:57:14.033] [lua] table:0x1F18F0A0  @mrxguibase:1353
[16:57:14.040] [lua] table:0x1F18F2E0  @mrxguibase:1353
[16:57:14.047] [lua] table:0x1F18F440  @mrxguibase:1353
[16:57:14.054] [lua] table:0x1F18F9A0  @mrxguibase:1353
[16:57:14.061] [lua] table:0x1F18FBC0  @mrxguibase:1353
[16:57:14.068] [lua] table:0x1F1A8160  @mrxguibase:1353
[16:57:14.076] [lua] table:0x1F1A8720  @mrxguibase:1353
[16:57:14.084] [lua] table:0x1F1A83E0  @mrxguibase:1353
[16:57:15.093] [lua] BLACKSCREEN - FadeFromColor called from hero.EndSurvivalMode  @hero:396
[16:57:15.103] [lua] Atmosphere: default VZ settings  @wifvzatmosphere:26
[16:57:15.112] [lua] afternoon  @wifvzatmosphere:29
[16:57:15.120] [lua] Re-enabling all DBs--you have exited Caracas (or you're not there)  @wifvzregionnames:77
[16:57:15.129] [lua] ***************Staging Act One is GO GO GO  @stagingact1:2
[16:57:15.130] [world] >>> ***************Staging Act One is GO GO GO  @stagingact1:2
[16:57:15.139] [lua] @@@@@@@@@@ WifVzBoundary.RemoveWorldBoundary (_sBoundaryName=nil)  @wifvzboundary:129
[16:57:15.148] [lua] @@@@@@@@@@ WifVzBoundary.SetupBoundary Boundary00  @wifvzboundary:72
[16:57:15.157] [lua] @@@@@@@@@@ WifVzBoundary.RemoveWorldBoundary (_sBoundaryName=nil)  @wifvzboundary:129
[16:57:15.166] [lua] CAN'T SET RELATION ... ATTITUDE IS NOT MUTABLE  @mrxfactionmanager:547
[16:57:15.175] [lua] CAN'T SET RELATION ... ATTITUDE IS NOT MUTABLE  @mrxfactionmanager:547
[16:57:15.184] [lua] CAN'T SET RELATION ... ATTITUDE IS NOT MUTABLE  @mrxfactionmanager:547
[16:57:15.193] [lua] CAN'T SET RELATION ... ATTITUDE IS NOT MUTABLE  @mrxfactionmanager:547
[16:57:15.202] [lua] CAN'T SET RELATION ... ATTITUDE IS NOT MUTABLE  @mrxfactionmanager:547
[16:57:15.211] [lua] CAN'T SET RELATION ... ATTITUDE IS NOT MUTABLE  @mrxfactionmanager:547
[16:57:15.220] [lua] CAN'T SET RELATION ... ATTITUDE IS NOT MUTABLE  @mrxfactionmanager:547
[16:57:15.229] [lua] Adding attitude events for All  @mrxtransit:563
[16:57:15.238] [lua] Adding attitude events for Chi  @mrxtransit:563
[16:57:15.247] [lua] Adding attitude events for Civ  @mrxtransit:563
[16:57:15.256] [lua] Adding attitude events for Gur  @mrxtransit:563
[16:57:15.265] [lua] Adding attitude events for Oil  @mrxtransit:563
[16:57:15.274] [lua] Adding attitude events for Pir  @mrxtransit:563
[16:57:15.282] [lua] Adding attitude events for Pmc  @mrxtransit:563
[16:57:15.292] [lua] Adding attitude events for Vza  @mrxtransit:563
[16:57:15.301] [lua] SetSystemEnabled( false, nil, nil  @mrxtransit:418
[16:57:15.309] [lua] Loading Mission State....  @vz:1443
[16:57:15.318] [lua] *** Loading layers from task system activation  @vz:1447
[16:57:15.325] [lua] 0  @mrxtask:440
[16:57:15.334] [lua] 0  @mrxtask:440
[16:57:15.342] [lua] 0  @mrxtask:440
[16:57:15.350] [lua] true  @mrxtask:291
[16:57:15.357] [lua] 0  @mrxtask:440
[16:57:15.364] [lua] 0  @mrxtask:440
[16:57:15.371] [lua] true  @mrxtask:291
[16:57:15.381] [lua] active  @mrxtaskstate:32
[16:57:15.390] [lua] _SetState "Missions" active  @mrxtask:299
[16:57:15.397] [lua] 1  @mrxtask:440
[16:57:15.404] [lua] 1  @mrxtask:440
[16:57:15.411] [lua] 1  @mrxtask:440
[16:57:15.422] [lua] 1  @mrxtask:440
[16:57:15.430] [lua] 1  @mrxtask:440
[16:57:15.437] [lua] 1  @mrxtask:440
[16:57:15.445] [lua] @@@@@@@@@@ MrxMissionFlow.Reset: resetting refresh callback  @mrxmissionflow:54
[16:57:15.454] [lua] Setting flow data (67 bindings)  @mrxmissionflow:154
[16:57:15.455] [world] >>> Setting flow data (67 bindings)  @mrxmissionflow:154
[16:57:15.464] [lua] @@@@@@@@@@ MrxState.Enter: state STATE_WAITFORSTREAMING (refcount=1)  @mrxstate:381
[16:57:15.464] [world] >>> @@@@@@@@@@ MrxState.Enter: state STATE_WAITFORSTREAMING (refcount=1)  @mrxstate:381
[16:57:15.474] [lua] ###! GlobalEnter - Complete  @mrxstate:432
[16:57:15.474] [world] >>> ###! GlobalEnter - Complete  @mrxstate:432
[16:57:15.482] [lua] @@@@@@@@@@ MrxState._StateComplete:  state STATE_WAITFORGAME, about to _AttemptGlobalExit  @mrxstate:325
[16:57:15.482] [world] >>> @@@@@@@@@@ MrxState._StateComplete:  state STATE_WAITFORGAME, about to _AttemptGlobalExit  @mrxstate:325
[16:57:15.491] [lua] @@@@@@@@@@ MrxState._AttemptGlobalExit  @mrxstate:495
[16:57:15.502] [lua] @@@@@@@@@@ MrxState._AttemptGlobalExit:  state STATE_WAITFORSTREAMING still active .. (refcount=1,bLocked=true)  @mrxstate:512
[16:57:15.502] [world] >>> @@@@@@@@@@ MrxState._AttemptGlobalExit:  state STATE_WAITFORSTREAMING still active .. (refcount=1,bLocked=true)  @mrxstate:512
[16:57:15.511] [lua] ###! GlobalEnter - Complete  @mrxstate:432
[16:57:15.511] [world] >>> ###! GlobalEnter - Complete  @mrxstate:432
[16:57:20.309] [lua] table:0x1F16E840  @mrxguibase:1353
[16:57:20.504] [lua] table:0x1F1A8160  @mrxguibase:1353
[16:57:20.513] [lua] table:0x1F1A8720  @mrxguibase:1353
[16:57:20.633] [lua] +++++++++++++++++++++++++++ Transfer Activate  @hero:538
[16:57:20.643] [lua] Equipment 2 - Parent userdata: 80005FD3  @mrxplayer:1058
[16:57:20.652] [lua] Equipment 1 - Parent userdata: 8000436F  @mrxplayer:1058
[16:57:20.661] [lua] Equipment 3 - Parent userdata: 80002331  @mrxplayer:1058
[16:57:20.676] [lua] New Equipment 1 - Parent userdata: 8000436F Guid userdata: 4000565B  @mrxplayer:1065
[16:57:20.686] [lua] New Equipment 2 - Parent userdata: 80005FD3 Guid userdata: 4000565D  @mrxplayer:1065
[16:57:20.696] [lua] New Equipment 3 - Parent userdata: 80002331 Guid userdata: 4000565E  @mrxplayer:1065
[16:57:20.703] [lua] table:0x1F18EAE0  @mrxguibase:1353
[16:57:20.711] [lua] table:0x1F18F2E0  @mrxguibase:1353
[16:57:20.720] [lua] table:0x1F18F2E0  @mrxguibase:1353
[16:57:20.728] [lua] table:0x1F18F440  @mrxguibase:1353
[16:57:20.738] [lua] table:0x1E6227C0  @mrxguibase:1353
[16:57:20.746] [lua] table:0x1F18FBC0  @mrxguibase:1353
[16:57:20.754] [lua] table:0x1F1A8160  @mrxguibase:1353
[16:57:20.762] [lua] table:0x1F1A8720  @mrxguibase:1353
[16:57:20.770] [lua] table:0x1F1A83E0  @mrxguibase:1353
[16:57:20.777] [lua] table:0x1F1A8720  @mrxguibase:1353
[16:57:20.807] [lua] table:0x1F18F2E0  @mrxguibase:1353
[16:57:21.689] [lua] @@@@@@@@@@ MrxState._StateComplete:  state STATE_WAITFORSTREAMING, about to _AttemptGlobalExit  @mrxstate:325
[16:57:21.689] [world] >>> @@@@@@@@@@ MrxState._StateComplete:  state STATE_WAITFORSTREAMING, about to _AttemptGlobalExit  @mrxstate:325
[16:57:21.699] [lua] @@@@@@@@@@ MrxState.Exit: state STATE_WAITFORSTREAMING (refcount=0)  @mrxstate:476
[16:57:21.699] [world] >>> @@@@@@@@@@ MrxState.Exit: state STATE_WAITFORSTREAMING (refcount=0)  @mrxstate:476
[16:57:21.715] [lua] @@@@@@@@@@ MrxState._AttemptGlobalExit  @mrxstate:495
[16:57:21.732] [lua] @@@@@@@@@@ MrxState._AttemptGlobalExit:  state STATE_WAITFORGAME still active .. (refcount=1,bLocked=false)  @mrxstate:512
[16:57:21.733] [world] >>> @@@@@@@@@@ MrxState._AttemptGlobalExit:  state STATE_WAITFORGAME still active .. (refcount=1,bLocked=false)  @mrxstate:512
[16:57:21.745] [lua] Culling 2 bindings....  @mrxmissionflow:1068
[16:57:21.759] [lua] Culling binding "Start"  @mrxmissionflow:1079
[16:57:21.769] [lua] Culling binding "VzaCon001"  @mrxmissionflow:1079
[16:57:21.777] [lua] table:0x1F04D1C0  @mrxmissionflow:169
[16:57:21.788] [lua] Unlocking mission PmcCon001  @mrxmissionflow:201
[16:57:21.795] [lua] 0  @mrxtask:440
[16:57:21.808] [lua] 0  @mrxtask:440
[16:57:21.819] [lua] Adding PmcCon001 as a child of Missions  @mrxtask:718
[16:57:21.828] [lua] true  @mrxtask:722
[16:57:21.835] [lua] 0  @mrxtask:440
[16:57:21.843] [lua] 0  @mrxtask:440
[16:57:21.852] [lua] Adding PmcCon001Mission as a child of PmcCon001  @mrxtask:718
[16:57:21.861] [lua] true  @mrxtask:722
[16:57:21.869] [lua] 0  @mrxtask:440
[16:57:21.877] [lua] true  @mrxtask:291
[16:57:21.885] [lua] 0  @mrxtask:440
[16:57:21.893] [lua] 0  @mrxtask:440
[16:57:21.904] [lua] Equipment 1 - Parent userdata: 8000436F Reserve 16  @mrxplayer:1014
[16:57:21.914] [lua] Equipment 2 - Parent userdata: 80005FD3 Reserve 0  @mrxplayer:1014
[16:57:21.924] [lua] Equipment 3 - Parent userdata: 80002331 Reserve 0  @mrxplayer:1014
[16:57:21.934] [lua] SaveSingleton VerifyManager  @mrxverifymanager:100
[16:57:21.944] [lua] @@@@@@@@@@ MrxState.Enter: state STATE_WAITFORSTREAMING (refcount=1)  @mrxstate:381
[16:57:21.945] [world] >>> @@@@@@@@@@ MrxState.Enter: state STATE_WAITFORSTREAMING (refcount=1)  @mrxstate:381
[16:57:21.955] [lua] 0  @mrxtask:440
[16:57:21.964] [lua] true  @mrxtask:291
[16:57:21.974] [lua] ###! GlobalEnter - Complete  @mrxstate:432
[16:57:21.975] [world] >>> ###! GlobalEnter - Complete  @mrxstate:432
[16:57:21.987] [lua] LoadSingleton VerifyManager  @mrxverifymanager:93
[16:57:21.998] [lua] @@@@@@@@@@ MrxMissionFlow.Refresh: setting refresh callback  @mrxmissionflow:845
[16:57:22.008] [lua] Refreshing (65 bindings)...  @mrxmissionflow:863
[16:57:22.017] [lua] No additional actions taken.  @mrxmissionflow:935
[16:57:22.029] [lua] @@@@@@@@@@ _EndBlockingSequence: _bDoMissionAutosave=nil  @mrxmissionflow:1361
[16:57:22.039] [lua] @@@@@@@@@@ MrxState.Exit: state STATE_WAITFORGAME (refcount=0)  @mrxstate:476
[16:57:22.039] [world] >>> @@@@@@@@@@ MrxState.Exit: state STATE_WAITFORGAME (refcount=0)  @mrxstate:476
[16:57:22.049] [lua] @@@@@@@@@@ MrxState._AttemptGlobalExit  @mrxstate:495
[16:57:22.060] [lua] @@@@@@@@@@ MrxState._AttemptGlobalExit:  state STATE_WAITFORSTREAMING still active .. (refcount=1,bLocked=true)  @mrxstate:512
[16:57:22.061] [world] >>> @@@@@@@@@@ MrxState._AttemptGlobalExit:  state STATE_WAITFORSTREAMING still active .. (refcount=1,bLocked=true)  @mrxstate:512
[16:57:22.071] [lua] @@@@@@@@@@ MrxMissionFlow._RefreshComplete: resetting refresh callback  @mrxmissionflow:1403
[16:57:22.079] [lua] table:0x1F16E2C0  @mrxguibase:1353
[16:57:22.086] [lua] table:0x1F16E1C0  @mrxguibase:1353
[16:57:22.095] [lua] table:0x1F16E0C0  @mrxguibase:1353
[16:57:22.106] [lua] @@@@@@@@@@ MrxState._AttemptGlobalExit  @mrxstate:495
[16:57:22.116] [lua] @@@@@@@@@@ MrxState._AttemptGlobalExit:  state STATE_WAITFORSTREAMING still active .. (refcount=1,bLocked=true)  @mrxstate:512
[16:57:22.116] [world] >>> @@@@@@@@@@ MrxState._AttemptGlobalExit:  state STATE_WAITFORSTREAMING still active .. (refcount=1,bLocked=true)  @mrxstate:512
[16:57:22.128] [lua] table:0x1F18FBC0  @mrxguibase:1353
[16:57:22.136] [lua] table:0x1F18F2E0  @mrxguibase:1353
[16:57:22.145] [lua] table:0x1F1890A0  @mrxguibase:1353
[16:57:22.153] [lua] table:0x1F188FA0  @mrxguibase:1353
[16:57:22.161] [lua] table:0x1F188880  @mrxguibase:1353
[16:57:22.169] [lua] table:0x1F188780  @mrxguibase:1353
[16:57:22.178] [lua] table:0x1F1A8720  @mrxguibase:1353
[16:57:22.187] [lua] table:0x1F1A83E0  @mrxguibase:1353
[16:57:22.195] [lua] table:0x1F1A8160  @mrxguibase:1353
[16:57:22.204] [lua] table:0x1F18FFC0  @mrxguibase:1353
[16:57:22.213] [lua] table:0x1F18FBC0  @mrxguibase:1353
[16:57:22.225] [lua] table:0x1F18F2E0  @mrxguibase:1353
[16:57:22.234] [lua] table:0x1F188E80  @mrxguibase:1353
[16:57:22.244] [lua] table:0x1F188660  @mrxguibase:1353
[16:57:22.258] [lua] table:0x1F189FA0  @mrxguibase:1353
[16:57:22.269] [lua] table:0x1F189E20  @mrxguibase:1353
[16:57:22.278] [lua] table:0x1F189CA0  @mrxguibase:1353
[16:57:22.285] [lua] table:0x1F189B00  @mrxguibase:1353
[16:57:22.294] [lua] table:0x1F16AB20  @mrxguibase:1353
[16:57:22.303] [lua] table:0x1F16A800  @mrxguibase:1353
[16:57:22.315] [lua] table:0x1F18F440  @mrxguibase:1353
[16:57:22.324] [lua] table:0x1F18F440  @mrxguibase:1353
[16:57:22.332] [lua] table:0x1F1880E0  @mrxguibase:1353
[16:57:22.339] [lua] table:0x1F16FF40  @mrxguibase:1353
[16:57:22.347] [lua] table:0x1F16E1C0  @mrxguibase:1353
[16:57:22.355] [lua] table:0x1F16E0C0  @mrxguibase:1353
[16:57:22.417] [lua] table:0x1F5972C0  @mrxtask:649
[16:57:22.428] [lua] Dynamically imported module MrxTask  @mrxtask:654
[16:57:22.428] [world] >>> Dynamically imported module MrxTask  @mrxtask:654
[16:57:22.436] [lua] 0  @mrxtask:440
[16:57:22.445] [lua] 0  @mrxtask:440
[16:57:22.452] [lua] true  @mrxtask:291
[16:57:22.462] [lua] active  @mrxtaskstate:32
[16:57:22.472] [lua] _SetState "Missions.PmcCon001" active  @mrxtask:299
[16:57:22.483] [lua] 1  @mrxtask:440
[16:57:22.491] [lua] 1  @mrxtask:440
[16:57:22.499] [lua] 1  @mrxtask:440
[16:57:22.507] [lua] 1  @mrxtask:440
[16:57:22.514] [lua] 1  @mrxtask:440
[16:57:22.523] [lua] 1  @mrxtask:440
[16:57:22.532] [lua] table:0x1F18F8E0  @mrxguibase:1353
[16:57:22.542] [lua] table:0x1F18F820  @mrxguibase:1353
[16:57:22.554] [lua] table:0x1F18EFE0  @mrxguibase:1353
[16:57:22.566] [lua] table:0x1F18EF20  @mrxguibase:1353
[16:57:22.577] [lua] table:0x1F1890A0  @mrxguibase:1353
[16:57:22.585] [lua] table:0x1F188FA0  @mrxguibase:1353
[16:57:22.593] [lua] table:0x1F188880  @mrxguibase:1353
[16:57:22.603] [lua] table:0x1F188780  @mrxguibase:1353
[16:57:22.621] [lua] table:0x1E39A900  @mrxtask:649
[16:57:22.632] [lua] Dynamically imported module PmcCon001  @mrxtask:654
[16:57:22.632] [world] >>> Dynamically imported module PmcCon001  @mrxtask:654
[16:57:22.650] [lua] New operation (0 layers)  @mrxlayermanager:181
[16:57:22.668] [lua] After culling, 0 layers in operation  @mrxlayermanager:250
[16:57:22.686] [lua] New operation (3 layers)  @mrxlayermanager:181
[16:57:22.705] [lua] After culling, 3 layers in operation  @mrxlayermanager:250
[16:57:22.715] [lua] Adding new request (1): adding 3 layers  @mrxlayermanager:281
[16:57:22.728] [lua] (Currently, there are 1 requests for layer vz_state_pmccon001)  @mrxlayermanager:298
[16:57:22.737] [lua] (Currently, there are 1 requests for layer vz_state_pmc_pristine)  @mrxlayermanager:298
[16:57:22.748] [lua] (Currently, there are 1 requests for layer vz_state_pmccon001_villasoldiers)  @mrxlayermanager:298
[16:57:22.758] [lua] (nPendingOps = 3)  @mrxlayermanager:324
[16:57:22.768] [lua] Reloading vz_state_pmccon001  @mrxlayermanager:389
[16:57:22.781] [lua] true	Unable to load layer vz_state_pmccon001  @mrxlayermanager:403
[16:57:22.791] [lua] Reloading vz_state_pmccon001_villasoldiers  @mrxlayermanager:389
[16:57:22.800] [lua] true	Unable to load layer vz_state_pmccon001_villasoldiers  @mrxlayermanager:403
[16:57:22.810] [lua] Reloading vz_state_pmc_pristine  @mrxlayermanager:389
[16:57:22.821] [lua] true	Unable to load layer vz_state_pmc_pristine  @mrxlayermanager:403
[16:57:22.843] [lua] Request fulfilled: Reload layer vz_state_pmccon001_villasoldiers (static: nil)  @mrxlayermanager:446
[16:57:22.852] [lua] Layer request 1: 1 of 3 complete  @mrxlayermanager:479
[16:57:22.862] [lua] Culling op for layer vz_state_pmccon001_villasoldiers!  @mrxlayermanager:318
[16:57:22.871] [lua] (nPendingOps = 2)  @mrxlayermanager:324
[16:57:22.882] [lua] Request fulfilled: Reload layer vz_state_pmc_pristine (static: nil)  @mrxlayermanager:446
[16:57:22.891] [lua] Layer request 1: 2 of 3 complete  @mrxlayermanager:479
[16:57:22.901] [lua] Culling op for layer vz_state_pmc_pristine!  @mrxlayermanager:318
[16:57:22.910] [lua] (nPendingOps = 1)  @mrxlayermanager:324
[16:57:22.956] [lua] table:0x1F18F2E0  @mrxguibase:1353
[16:57:22.965] [lua] table:0x1F18F440  @mrxguibase:1353
[16:57:22.974] [lua] table:0x1F18FBC0  @mrxguibase:1353
[16:57:22.984] [lua] table:0x1F1A83E0  @mrxguibase:1353
[16:57:22.992] [lua] table:0x1F18FBC0  @mrxguibase:1353
[16:57:23.003] [lua] table:0x1F18F2E0  @mrxguibase:1353
[16:57:23.012] [lua] table:0x1F18F440  @mrxguibase:1353
[16:57:23.020] [lua] table:0x1F18F440  @mrxguibase:1353
[16:57:23.028] [lua] table:0x1F1A83E0  @mrxguibase:1353
[16:57:23.276] [lua] Request fulfilled: Reload layer vz_state_pmccon001 (static: nil)  @mrxlayermanager:446
[16:57:23.288] [lua] Layer request 1: 3 of 3 complete  @mrxlayermanager:479
[16:57:23.300] [lua] Layer request 1 completed!  @mrxlayermanager:482
[16:57:23.310] [lua] Culling op for layer vz_state_pmccon001!  @mrxlayermanager:318
[16:57:23.319] [lua] (nPendingOps = 0)  @mrxlayermanager:324
[16:57:23.328] [lua] All layer operations processed and fulfilled...resetting asset request max to 16  @mrxlayermanager:330
[16:57:23.338] [lua] @@@@@@@@@@ MrxState.Exit: state STATE_WAITFORSTREAMING (refcount=0)  @mrxstate:476
[16:57:23.338] [world] >>> @@@@@@@@@@ MrxState.Exit: state STATE_WAITFORSTREAMING (refcount=0)  @mrxstate:476
[16:57:23.349] [lua] @@@@@@@@@@ MrxState._AttemptGlobalExit  @mrxstate:495
[16:57:23.358] [lua] @@@@@@@@@@ MrxState._AttemptGlobalExit:  state STATE_WAITFORSTREAMING still active .. (refcount=0,bLocked=true)  @mrxstate:512
[16:57:23.359] [world] >>> @@@@@@@@@@ MrxState._AttemptGlobalExit:  state STATE_WAITFORSTREAMING still active .. (refcount=0,bLocked=true)  @mrxstate:512
[16:57:23.368] [lua] @@@@@@@@@@ MrxState.Exit: UNPAIRED EXIT to state STATE_WAITFORGAME  @mrxstate:447
[16:57:23.368] [world] >>> @@@@@@@@@@ MrxState.Exit: UNPAIRED EXIT to state STATE_WAITFORGAME  @mrxstate:447
[16:57:23.916] [lua] @@@@@@@@@@ MrxState._StateComplete:  state STATE_WAITFORSTREAMING, about to _AttemptGlobalExit  @mrxstate:325
[16:57:23.916] [world] >>> @@@@@@@@@@ MrxState._StateComplete:  state STATE_WAITFORSTREAMING, about to _AttemptGlobalExit  @mrxstate:325
[16:57:23.926] [lua] @@@@@@@@@@ MrxState._AttemptGlobalExit  @mrxstate:495
[16:57:23.940] [lua] @@@@@@@@@@ MrxState._AttemptGlobalExit: all states exited; success  @mrxstate:524
[16:57:23.951] [lua] ###! GlobalExit - Begin  @mrxstate:233
[16:57:23.960] [lua] @@@@@@@@@@ MrxState.EnableFade: bEnable=true  @mrxstate:550
[16:57:23.970] [lua] Fade-In in 1.1000000238419s...  @mrxstate:273
[16:57:24.065] [lua] table:0x1F18F760  @mrxguibase:1353
[16:57:24.074] [lua] table:0x1F18EE60  @mrxguibase:1353
[16:57:24.136] [lua] table:0x1F18F6A0  @mrxguibase:1353
[16:57:24.143] [lua] table:0x1F355760  @mrxguibase:1353
[16:57:24.152] [lua] table:0x1F18FA60  @mrxguibase:1353
[16:57:24.159] [lua] table:0x1F18EDA0  @mrxguibase:1353
[16:57:24.167] [lua] table:0x1F355340  @mrxguibase:1353
[16:57:24.176] [lua] table:0x1F18F160  @mrxguibase:1353
[16:57:24.183] [lua] table:0x1F16E2C0  @mrxguibase:1353
[16:57:24.192] [lua] table:0x1F16E1C0  @mrxguibase:1353
[16:57:24.200] [lua] table:0x1F16E0C0  @mrxguibase:1353
[16:57:24.265] [lua] table:0x1F354DA0  @mrxguibase:1353
[16:57:24.278] [lua] table:0x1F354B00  @mrxguibase:1353
[16:57:24.338] [lua] table:0x1E6227C0  @mrxguibase:1353
[16:57:24.345] [lua] table:0x1E6227C0  @mrxguibase:1353
[16:57:24.353] [lua] table:0x1F16E840  @mrxguibase:1353
[16:57:24.361] [lua] table:0x1F355340  @mrxguibase:1353
[16:57:24.368] [lua] table:0x1F355340  @mrxguibase:1353
[16:57:24.376] [lua] table:0x1F355760  @mrxguibase:1353
[16:57:24.383] [lua] table:0x1F355760  @mrxguibase:1353
[16:57:24.440] [lua] table:0x1F18F9A0  @mrxguibase:1353
[16:57:24.448] [lua] table:0x1F18F0A0  @mrxguibase:1353
[16:57:24.457] [lua] table:0x1F354B00  @mrxguibase:1353
[16:57:24.464] [lua] table:0x1F354B00  @mrxguibase:1353
[16:57:24.472] [lua] table:0x1F354DA0  @mrxguibase:1353
[16:57:24.479] [lua] table:0x1F354DA0  @mrxguibase:1353
[16:57:24.536] [lua] table:0x1F18EF20  @mrxguibase:1353
[16:57:24.544] [lua] table:0x1F18EFE0  @mrxguibase:1353
[16:57:24.552] [lua] table:0x1F18F820  @mrxguibase:1353
[16:57:24.559] [lua] table:0x1F18F8E0  @mrxguibase:1353
[16:57:24.567] [lua] table:0x1F355340  @mrxguibase:1353
[16:57:24.575] [lua] table:0x1F355760  @mrxguibase:1353
[16:57:24.634] [lua] table:0x1F18EE60  @mrxguibase:1353
[16:57:24.641] [lua] table:0x1F18F760  @mrxguibase:1353
[16:57:24.649] [lua] table:0x1F354B00  @mrxguibase:1353
[16:57:24.659] [lua] table:0x1F354DA0  @mrxguibase:1353
[16:57:24.718] [lua] table:0x1F16E0C0  @mrxguibase:1353
[16:57:24.725] [lua] table:0x1F16E1C0  @mrxguibase:1353
[16:57:24.735] [lua] table:0x1F18F160  @mrxguibase:1353
[16:57:24.742] [lua] table:0x1F18EDA0  @mrxguibase:1353
[16:57:24.750] [lua] table:0x1F18FA60  @mrxguibase:1353
[16:57:24.758] [lua] table:0x1F18F6A0  @mrxguibase:1353
[16:57:24.811] [lua] table:0x1E6227C0  @mrxguibase:1353
[16:57:24.818] [lua] table:0x1E6227C0  @mrxguibase:1353
[16:57:24.916] [lua] table:0x1F18EAE0  @mrxguibase:1353
[16:57:25.020] [lua] table:0x1F18F440  @mrxguibase:1353
[16:57:25.028] [lua] table:0x1F18F440  @mrxguibase:1353
[16:57:25.078] [lua] mission  @mrxplaystate:49
[16:57:25.088] [lua] Play state: mission  @mrxplaystate:66
[16:57:25.099] [lua] Current contract set to PmcCon001Mission.  @mrxplaystate:120
[16:57:25.108] [lua] SETSELECTEDMISSION!!!!!!!!!!!!!!!!!!!!!!!!  @mrxguipda:691
[16:57:25.117] [lua] -- sSelectedMission = PmcCon001  @mrxguipda:702
[16:57:25.126] [lua] 0  @mrxtask:440
[16:57:25.135] [lua] 0  @mrxtask:440
[16:57:25.143] [lua] true  @mrxtask:291
[16:57:25.153] [lua] active  @mrxtaskstate:32
[16:57:25.162] [lua] _SetState "Missions.PmcCon001.PmcCon001Mission" active  @mrxtask:299
[16:57:25.170] [lua] 1  @mrxtask:440
[16:57:25.179] [lua] 1  @mrxtask:440
[16:57:25.186] [lua] 1  @mrxtask:440
[16:57:25.195] [lua] 1  @mrxtask:440
[16:57:25.204] [lua] 1  @mrxtask:440
[16:57:25.212] [lua] 1  @mrxtask:440
[16:57:25.224] [lua] MRXMUSIC ------------ EnterContractMusic(pmc)  @mrxmusic:424
[16:57:25.234] [lua] Saving Missions.PmcCon001.PmcCon001Mission  @mrxtask:839
[16:57:25.242] [lua] 1  @mrxtask:440
[16:57:25.254] [lua] Equipment 1 - Parent userdata: 8000436F Reserve 16  @mrxplayer:1014
[16:57:25.266] [lua] Equipment 2 - Parent userdata: 80005FD3 Reserve 0  @mrxplayer:1014
[16:57:25.275] [lua] Equipment 3 - Parent userdata: 80002331 Reserve 0  @mrxplayer:1014
[16:57:25.285] [lua] SaveSingleton VerifyManager  @mrxverifymanager:100
[16:57:25.297] [lua]  =-= UnmarkVehicle 	nil  @mrxparkinglotmanager:242
[16:57:25.305] [lua] nil	1	false  @pmccon001:200
[16:57:25.317] [lua] lightuserdata:0x000D3C9A	1	false  @pmccon001:201
[16:57:25.327] [lua] MrxVoSequence: Stage 1: Playing cue Fiona-In-Mission-Contract-Pmc01-72  @mrxvosequence:339
[16:57:25.351] [lua] ********************* VZ Jeep Pursuit Region Active!   @pmccon001:324
[16:57:25.360] [lua] ********************* Gate Closer Region Active!   @pmccon001:427
[16:57:25.370] [lua] ********************* Banter Region Set Up!  @pmccon001:1367
[16:57:25.381] [lua] Reporting DISABLED  @mrxfactionmanager:1629
[16:57:25.390] [lua] FanfareQueue: Pending  @mrxguiinterface:1340
[16:57:25.399] [lua] ###! GlobalExit - Complete  @mrxstate:298
[16:57:25.399] [world] >>> ###! GlobalExit - Complete  @mrxstate:298
[16:57:25.545] [lua] table:0x1E6227C0  @mrxguibase:1353
[16:57:25.554] [lua] table:0x1E6227C0  @mrxguibase:1353
[16:57:25.944] [lua] table:0x1E6227C0  @mrxguibase:1353
[16:57:25.952] [lua] table:0x1E6227C0  @mrxguibase:1353
[16:57:26.181] [lua] Atmosphere: creating boundary check for boundary "rgn_atmo_GRstripmine" enter  @wifvzatmosphere:59
[16:57:26.191] [lua] Atmosphere: creating boundary check for boundary "rgn_atmo_Caracas" enter  @wifvzatmosphere:59
[16:57:26.200] [lua] Atmosphere: creating boundary check for boundary "rgn_atmo_GR Cave" enter  @wifvzatmosphere:59
[16:57:26.210] [lua] Atmosphere: creating boundary check for boundary "rgn_atmo_PMC Outpost" enter  @wifvzatmosphere:59
[16:57:26.307] [lua] table:0x1F18F440  @mrxguibase:1353
[16:57:26.343] [lua] table:0x1E6227C0  @mrxguibase:1353
[16:57:26.351] [lua] table:0x1E6227C0  @mrxguibase:1353
[16:57:26.767] [lua] table:0x1E6227C0  @mrxguibase:1353
[16:57:26.779] [lua] table:0x1E6227C0  @mrxguibase:1353
[16:57:27.191] [lua] table:0x1F18ED00  @mrxguibase:1353
[16:57:27.198] [lua] table:0x1E6227C0  @mrxguibase:1353
[16:57:27.207] [lua] table:0x1E6227C0  @mrxguibase:1353
[16:57:27.292] [lua] table:0x1F18FBC0  @mrxguibase:1353
[16:57:27.300] [lua] table:0x1F18F2E0  @mrxguibase:1353
[16:57:27.307] [lua] table:0x1F188880  @mrxguibase:1353
[16:57:27.316] [lua] table:0x1F188780  @mrxguibase:1353
[16:57:27.324] [lua] table:0x1F188660  @mrxguibase:1353
[16:57:27.336] [lua] table:0x1F188300  @mrxguibase:1353
[16:57:27.344] [lua] table:0x1F1890A0  @mrxguibase:1353
[16:57:27.351] [lua] table:0x1F188FA0  @mrxguibase:1353
[16:57:27.359] [lua] table:0x1F188E80  @mrxguibase:1353
[16:57:27.367] [lua] table:0x1F188B00  @mrxguibase:1353
[16:57:27.404] [lua] table:0x1F18ED00  @mrxguibase:1353
[16:57:27.411] [lua] table:0x1F188660  @mrxguibase:1353
[16:57:27.420] [lua] table:0x1F188E80  @mrxguibase:1353
[16:57:27.427] [lua] table:0x1F188B00  @mrxguibase:1353
[16:57:27.435] [lua] table:0x1F188FA0  @mrxguibase:1353
[16:57:27.443] [lua] table:0x1F1890A0  @mrxguibase:1353
[16:57:27.451] [lua] table:0x1F188300  @mrxguibase:1353
[16:57:27.460] [lua] table:0x1F188780  @mrxguibase:1353
[16:57:27.467] [lua] table:0x1F188880  @mrxguibase:1353
[16:57:27.612] [lua] table:0x1E6227C0  @mrxguibase:1353
[16:57:27.620] [lua] table:0x1E6227C0  @mrxguibase:1353
[16:57:27.645] [lua] 1  @mrxtask:440
[16:57:28.033] [lua] table:0x1E6227C0  @mrxguibase:1353
[16:57:28.040] [lua] table:0x1E6227C0  @mrxguibase:1353
[16:57:28.315] [lua] table:0x1F18F2E0  @mrxguibase:1353
[16:57:28.324] [lua] table:0x1F18FBC0  @mrxguibase:1353
[16:57:28.455] [lua] table:0x1E6227C0  @mrxguibase:1353
[16:57:28.464] [lua] table:0x1E6227C0  @mrxguibase:1353
[16:57:28.869] [lua] table:0x1E6227C0  @mrxguibase:1353
[16:57:28.879] [lua] table:0x1E6227C0  @mrxguibase:1353
[16:57:29.045] [lua] MrxVoSequence._NextStage: sVoState=complete  @mrxvosequence:246
[16:57:29.056] [lua] MrxVoSequence: nNextStage=2  @mrxvosequence:293
[16:57:29.065] [lua] MrxVoSequence: Delaying 0.25s   @mrxvosequence:323
[16:57:29.284] [lua] table:0x1E6227C0  @mrxguibase:1353
[16:57:29.293] [lua] table:0x1E6227C0  @mrxguibase:1353
[16:57:29.323] [lua] MrxVoSequence: Stage 2: Playing cue Chris-In-Mission-Contract-Pmc01-75  @mrxvosequence:339
[16:57:29.703] [lua] table:0x1E6227C0  @mrxguibase:1353
[16:57:29.711] [lua] table:0x1E6227C0  @mrxguibase:1353
[16:57:30.109] [lua] table:0x1E6227C0  @mrxguibase:1353
[16:57:30.117] [lua] table:0x1E6227C0  @mrxguibase:1353
[16:57:30.518] [lua] table:0x1E6227C0  @mrxguibase:1353
[16:57:30.526] [lua] table:0x1E6227C0  @mrxguibase:1353
[16:57:30.686] [lua] 1  @mrxtask:440
[16:57:30.937] [lua] table:0x1E6227C0  @mrxguibase:1353
[16:57:30.951] [lua] table:0x1E6227C0  @mrxguibase:1353
[16:57:31.346] [lua] table:0x1E6227C0  @mrxguibase:1353
[16:57:31.355] [lua] table:0x1E6227C0  @mrxguibase:1353
[16:57:31.755] [lua] table:0x1E6227C0  @mrxguibase:1353
[16:57:31.762] [lua] table:0x1E6227C0  @mrxguibase:1353
