[16:28:03.524] [blackbox] ============================================
[16:28:03.524] [blackbox]   Mercenaries 2: World in Flames
[16:28:03.524] [blackbox]   PMC Blackbox v0.4.1 (ASI Loader)
[16:28:03.524] [blackbox] ============================================
[16:28:03.524] [blackbox]   PID: 760
[16:28:03.524] [blackbox]   SecuROM event: created (signaled)
[16:28:03.524] [blackbox] ============================================
[16:28:03.524] [crash] Crash handler armed (VEH + UnhandledExceptionFilter) — faults logged to source [crash].
[16:28:03.561] [lualog] Stripped-log capture installed: MinHook @0x006D5640 (shared print/Debug.Printf/subsystem stub). Watch sources [lua]/[world].
[16:28:03.561] [blackbox] Spawn validation flag set (0x00DFBD74 = 0x01)
[16:28:03.561] [blackbox] [ASI Loader]
[16:28:03.561] [blackbox]   Base: C:\Users\Shadow\Desktop\Mercenaries 2 World in Flames\
[16:28:03.600] [blackbox]   [LOADED] scripts\multiplayer_restore.asi
[16:28:03.632] [blackbox]   [LOADED] scripts\quiet_freeplay_vo.asi
[16:28:04.165] [blackbox]   [LOADED] scripts\windowed_mode.asi
[16:28:04.166] [blackbox]   Summary: 3 loaded, 0 failed, 3 total
[16:28:04.361] [lualog] first stripped-log call intercepted — hook live (arg=0x20007800)
[16:28:06.361] [lua] SoundShellBootstrap.Init  @mrxsoundshellbootstrap:18
[16:28:06.361] [world] >>> SoundShellBootstrap.Init  @mrxsoundshellbootstrap:18
[16:28:06.364] [lua] Top of ShellBootstrap::Init()  @shellbootstrap:98
[16:28:06.364] [world] >>> Top of ShellBootstrap::Init()  @shellbootstrap:98
[16:28:06.367] [lua] Attempting to play movie 1  @shellbootstrap:26
[16:28:06.369] [lua] Playing EA for -1 seconds...  @shellbootstrap:50
[16:28:06.437] [lua] MrxGuiCinematic._Hide  @mrxguicinematic:279
[16:28:09.408] [lua] Movie EA time up...  @shellbootstrap:53
[16:28:09.410] [lua] Attempting to play movie 2  @shellbootstrap:26
[16:28:09.411] [lua] Playing Pandemic for -1 seconds...  @shellbootstrap:50
[16:28:09.529] [lua] Movie Pandemic time up...  @shellbootstrap:53
[16:28:09.530] [lua] Attempting to play movie 3  @shellbootstrap:26
[16:28:09.532] [lua] All movies complete  @shellbootstrap:29
[16:28:09.532] [world] >>> All movies complete  @shellbootstrap:29
[16:28:09.535] [lua]  StartPrecache()  @shellbootstrap:85
[16:28:09.535] [world] >>>  StartPrecache()  @shellbootstrap:85
[16:28:09.543] [lua] Opening filename .\Data\Audios\vo_stream.english.pws with alias vo_stream.pws  @mrxsoundbanks:103
[16:28:09.573] [lua] Opening filename .\Data\Audios\music.pws with alias music.pws  @mrxsoundbanks:103
[16:28:09.587] [lua] Opening filename .\Data\Audios\ambience.pws with alias ambience.pws  @mrxsoundbanks:103
[16:28:09.597] [lua] Added request ui_shell, soundbank, true  @mrxsoundbanks:71
[16:28:09.599] [lua] Submitted request for ui_shell, soundbank with 1 submitted, 0 last index, and 1 outstanding  @mrxsoundbanks:66
[16:28:09.601] [lua] Added request ui_shell, wavebank, true  @mrxsoundbanks:71
[16:28:09.603] [lua] Submitted request for ui_shell, wavebank with 2 submitted, 0 last index, and 2 outstanding  @mrxsoundbanks:66
[16:28:09.605] [lua] Added request ui_hud, soundbank, true  @mrxsoundbanks:71
[16:28:09.607] [lua] Submitted request for ui_hud, soundbank with 3 submitted, 0 last index, and 3 outstanding  @mrxsoundbanks:66
[16:28:09.609] [lua] Added request ui_hud, wavebank, true  @mrxsoundbanks:71
[16:28:09.611] [lua] Submitted request for ui_hud, wavebank with 4 submitted, 0 last index, and 4 outstanding  @mrxsoundbanks:66
[16:28:09.613] [lua] Added request music, soundbank, true  @mrxsoundbanks:71
[16:28:09.615] [lua] Submitted request for music, soundbank with 5 submitted, 0 last index, and 5 outstanding  @mrxsoundbanks:66
[16:28:09.617] [lua] Added request music, wavebank, true  @mrxsoundbanks:71
[16:28:09.619] [lua] Submitted request for music, wavebank with 6 submitted, 0 last index, and 6 outstanding  @mrxsoundbanks:66
[16:28:09.826] [lua] AssetOpComplete: 6 submitted, 6 oustanding, 0 last added  @mrxsoundbanks:148
[16:28:09.829] [lua] AssetOpComplete: 5 submitted, 5 oustanding, 0 last added  @mrxsoundbanks:148
[16:28:09.912] [lua] AssetOpComplete: 4 submitted, 4 oustanding, 0 last added  @mrxsoundbanks:148
[16:28:09.914] [lua] AssetOpComplete: 3 submitted, 3 oustanding, 0 last added  @mrxsoundbanks:148
[16:28:10.125] [lua] AssetOpComplete: 2 submitted, 2 oustanding, 0 last added  @mrxsoundbanks:148
[16:28:10.129] [lua] AssetOpComplete: 1 submitted, 1 oustanding, 0 last added  @mrxsoundbanks:148
[16:28:10.132] [lua] AssetOp Batch Complete  @mrxsoundbanks:157
[16:28:10.136] [lua] Shell music started.  @mrxsound:41
[16:28:10.136] [world] >>> Shell music started.  @mrxsound:41
[16:28:45.020] [lua] true  @mrxguishell:966
[16:28:46.873] [lua] Added request ui_shell, soundbank, false  @mrxsoundbanks:71
[16:28:46.877] [lua] Submitted request for ui_shell, soundbank with 1 submitted, 0 last index, and 1 outstanding  @mrxsoundbanks:66
[16:28:46.881] [lua] Added request ui_shell, wavebank, false  @mrxsoundbanks:71
[16:28:46.884] [lua] Submitted request for ui_shell, wavebank with 2 submitted, 0 last index, and 2 outstanding  @mrxsoundbanks:66
[16:28:46.887] [lua] Added request ui_hud, soundbank, false  @mrxsoundbanks:71
[16:28:46.891] [lua] Submitted request for ui_hud, soundbank with 3 submitted, 0 last index, and 3 outstanding  @mrxsoundbanks:66
[16:28:46.894] [lua] Added request ui_hud, wavebank, false  @mrxsoundbanks:71
[16:28:46.898] [lua] Submitted request for ui_hud, wavebank with 4 submitted, 0 last index, and 4 outstanding  @mrxsoundbanks:66
[16:28:46.901] [lua] Added request music, soundbank, false  @mrxsoundbanks:71
[16:28:46.904] [lua] Submitted request for music, soundbank with 5 submitted, 0 last index, and 5 outstanding  @mrxsoundbanks:66
[16:28:46.908] [lua] Added request music, wavebank, false  @mrxsoundbanks:71
[16:28:46.911] [lua] Submitted request for music, wavebank with 6 submitted, 0 last index, and 6 outstanding  @mrxsoundbanks:66
[16:28:46.914] [lua] Shell exited  @mrxsound:37
[16:28:46.914] [world] >>> Shell exited  @mrxsound:37
[16:28:47.030] [lua] AssetOpComplete: 6 submitted, 6 oustanding, 0 last added  @mrxsoundbanks:148
[16:28:47.033] [lua] AssetOpComplete: 5 submitted, 5 oustanding, 0 last added  @mrxsoundbanks:148
[16:28:47.037] [lua] AssetOpComplete: 4 submitted, 4 oustanding, 0 last added  @mrxsoundbanks:148
[16:28:47.040] [lua] AssetOpComplete: 3 submitted, 3 oustanding, 0 last added  @mrxsoundbanks:148
[16:28:47.043] [lua] AssetOpComplete: 2 submitted, 2 oustanding, 0 last added  @mrxsoundbanks:148
[16:28:47.046] [lua] AssetOpComplete: 1 submitted, 1 oustanding, 0 last added  @mrxsoundbanks:148
[16:28:47.574] [lua] MrxSoundBootstrap.Init  @mrxsoundbootstrap:18
[16:28:47.578] [lua] Loading sound assets  @mrxsoundbootstrap:286
[16:28:47.581] [lua] Opening filename .\Data\Audios\vo_stream.english.pws with alias vo_stream.pws  @mrxsoundbanks:103
[16:28:47.585] [lua] Opening filename .\Data\Audios\music.pws with alias music.pws  @mrxsoundbanks:103
[16:28:47.588] [lua] Opening filename .\Data\Audios\ambience.pws with alias ambience.pws  @mrxsoundbanks:103
[16:28:47.591] [lua] Added request ambience, wavebank, true  @mrxsoundbanks:71
[16:28:47.595] [lua] Submitted request for ambience, wavebank with 1 submitted, 0 last index, and 1 outstanding  @mrxsoundbanks:66
[16:28:47.598] [lua] Added request ambience, soundbank, true  @mrxsoundbanks:71
[16:28:47.601] [lua] Submitted request for ambience, soundbank with 2 submitted, 0 last index, and 2 outstanding  @mrxsoundbanks:66
[16:28:47.605] [lua] Added request amb_birds, wavebank, true  @mrxsoundbanks:71
[16:28:47.608] [lua] Submitted request for amb_birds, wavebank with 3 submitted, 0 last index, and 3 outstanding  @mrxsoundbanks:66
[16:28:47.611] [lua] Added request amb_birds, soundbank, true  @mrxsoundbanks:71
[16:28:47.615] [lua] Submitted request for amb_birds, soundbank with 4 submitted, 0 last index, and 4 outstanding  @mrxsoundbanks:66
[16:28:47.618] [lua] Added request amb_shared, wavebank, true  @mrxsoundbanks:71
[16:28:47.622] [lua] Submitted request for amb_shared, wavebank with 5 submitted, 0 last index, and 5 outstanding  @mrxsoundbanks:66
[16:28:47.625] [lua] Added request collision_shared, wavebank, true  @mrxsoundbanks:71
[16:28:47.628] [lua] Submitted request for collision_shared, wavebank with 6 submitted, 0 last index, and 6 outstanding  @mrxsoundbanks:66
[16:28:47.632] [lua] Added request collision_shared, soundbank, true  @mrxsoundbanks:71
[16:28:47.636] [lua] Submitted request for collision_shared, soundbank with 7 submitted, 0 last index, and 7 outstanding  @mrxsoundbanks:66
[16:28:47.640] [lua] Added request destruction_shared, wavebank, true  @mrxsoundbanks:71
[16:28:47.643] [lua] Submitted request for destruction_shared, wavebank with 8 submitted, 0 last index, and 8 outstanding  @mrxsoundbanks:66
[16:28:47.647] [lua] Added request destruction_shared, soundbank, true  @mrxsoundbanks:71
[16:28:47.650] [lua] Submitted request for destruction_shared, soundbank with 9 submitted, 0 last index, and 9 outstanding  @mrxsoundbanks:66
[16:28:47.653] [lua] Added request fol_shared, wavebank, true  @mrxsoundbanks:71
[16:28:47.657] [lua] Submitted request for fol_shared, wavebank with 10 submitted, 0 last index, and 10 outstanding  @mrxsoundbanks:66
[16:28:47.660] [lua] Added request fol_shared, soundbank, true  @mrxsoundbanks:71
[16:28:47.663] [lua] Submitted request for fol_shared, soundbank with 11 submitted, 0 last index, and 11 outstanding  @mrxsoundbanks:66
[16:28:47.667] [lua] Added request veh_shared, soundbank, true  @mrxsoundbanks:71
[16:28:47.670] [lua] Submitted request for veh_shared, soundbank with 12 submitted, 0 last index, and 12 outstanding  @mrxsoundbanks:66
[16:28:47.673] [lua] Added request veh_shared, wavebank, true  @mrxsoundbanks:71
[16:28:47.677] [lua] Submitted request for veh_shared, wavebank with 13 submitted, 0 last index, and 13 outstanding  @mrxsoundbanks:66
[16:28:47.680] [lua] Added request wpn_shared, soundbank, true  @mrxsoundbanks:71
[16:28:47.684] [lua] Submitted request for wpn_shared, soundbank with 14 submitted, 0 last index, and 14 outstanding  @mrxsoundbanks:66
[16:28:47.687] [lua] Added request wpn_shared, wavebank, true  @mrxsoundbanks:71
[16:28:47.691] [lua] Submitted request for wpn_shared, wavebank with 15 submitted, 0 last index, and 15 outstanding  @mrxsoundbanks:66
[16:28:47.694] [lua] Added request building_destruct, soundbank, true  @mrxsoundbanks:71
[16:28:47.697] [lua] Submitted request for building_destruct, soundbank with 16 submitted, 0 last index, and 16 outstanding  @mrxsoundbanks:66
[16:28:47.701] [lua] Added request bulding_destruct, wavebank, true  @mrxsoundbanks:71
[16:28:47.704] [lua] Submitted request for bulding_destruct, wavebank with 17 submitted, 0 last index, and 17 outstanding  @mrxsoundbanks:66
[16:28:47.707] [lua] Added request veh_support, soundbank, true  @mrxsoundbanks:71
[16:28:47.710] [lua] Submitted request for veh_support, soundbank with 18 submitted, 0 last index, and 18 outstanding  @mrxsoundbanks:66
[16:28:47.714] [lua] Added request veh_support, wavebank, true  @mrxsoundbanks:71
[16:28:47.717] [lua] Submitted request for veh_support, wavebank with 19 submitted, 0 last index, and 19 outstanding  @mrxsoundbanks:66
[16:28:47.720] [lua] Added request music, soundbank, true  @mrxsoundbanks:71
[16:28:47.724] [lua] Submitted request for music, soundbank with 20 submitted, 0 last index, and 20 outstanding  @mrxsoundbanks:66
[16:28:47.727] [lua] Added request music, wavebank, true  @mrxsoundbanks:71
[16:28:47.730] [lua] Submitted request for music, wavebank with 21 submitted, 0 last index, and 21 outstanding  @mrxsoundbanks:66
[16:28:47.734] [lua] Added request ui_hud, wavebank, true  @mrxsoundbanks:71
[16:28:47.737] [lua] Submitted request for ui_hud, wavebank with 22 submitted, 0 last index, and 22 outstanding  @mrxsoundbanks:66
[16:28:47.740] [lua] Added request ui_hud, soundbank, true  @mrxsoundbanks:71
[16:28:47.744] [lua] Submitted request for ui_hud, soundbank with 23 submitted, 0 last index, and 23 outstanding  @mrxsoundbanks:66
[16:28:47.747] [lua] Added request vo_stream, wavebank, true  @mrxsoundbanks:71
[16:28:47.750] [lua] Submitted request for vo_stream.english, wavebank with 24 submitted, 0 last index, and 24 outstanding  @mrxsoundbanks:66
[16:28:47.754] [lua] Added request vo_mattias, soundbank, true  @mrxsoundbanks:71
[16:28:47.757] [lua] Submitted request for vo_mattias.english, soundbank with 25 submitted, 0 last index, and 25 outstanding  @mrxsoundbanks:66
[16:28:47.762] [lua] Added request vo_Chris, soundbank, true  @mrxsoundbanks:71
[16:28:47.765] [lua] Submitted request for vo_Chris.english, soundbank with 26 submitted, 0 last index, and 26 outstanding  @mrxsoundbanks:66
[16:28:47.768] [lua] Added request vo_carmona, soundbank, true  @mrxsoundbanks:71
[16:28:47.772] [lua] Submitted request for vo_carmona.english, soundbank with 27 submitted, 0 last index, and 27 outstanding  @mrxsoundbanks:66
[16:28:47.775] [lua] Added request vo_Jen, soundbank, true  @mrxsoundbanks:71
[16:28:47.779] [lua] Submitted request for vo_Jen.english, soundbank with 28 submitted, 0 last index, and 28 outstanding  @mrxsoundbanks:66
[16:28:47.782] [lua] Added request vo_Fiona, soundbank, true  @mrxsoundbanks:71
[16:28:47.785] [lua] Submitted request for vo_Fiona.english, soundbank with 29 submitted, 0 last index, and 29 outstanding  @mrxsoundbanks:66
[16:28:47.789] [lua] Added request vo_Ewan, soundbank, true  @mrxsoundbanks:71
[16:28:47.794] [lua] Submitted request for vo_Ewan.english, soundbank with 30 submitted, 0 last index, and 30 outstanding  @mrxsoundbanks:66
[16:28:47.797] [lua] Added request vo_Misha, soundbank, true  @mrxsoundbanks:71
[16:28:47.801] [lua] Submitted request for vo_Misha.english, soundbank with 31 submitted, 0 last index, and 31 outstanding  @mrxsoundbanks:66
[16:28:47.804] [lua] Added request vo_Misc, soundbank, true  @mrxsoundbanks:71
[16:28:47.807] [lua] Submitted request for vo_Misc.english, soundbank with 32 submitted, 0 last index, and 32 outstanding  @mrxsoundbanks:66
[16:28:47.811] [lua] Added request vo_alliedSoldier_01, soundbank, true  @mrxsoundbanks:71
[16:28:47.814] [lua] Submitted request for vo_alliedSoldier_01.english, soundbank with 33 submitted, 0 last index, and 33 outstanding  @mrxsoundbanks:66
[16:28:47.817] [lua] Added request vo_alliedSoldier_02, soundbank, true  @mrxsoundbanks:71
[16:28:47.820] [lua] Submitted request for vo_alliedSoldier_02.english, soundbank with 34 submitted, 0 last index, and 34 outstanding  @mrxsoundbanks:66
[16:28:47.826] [lua] Added request vo_alliedSoldier_black_03, soundbank, true  @mrxsoundbanks:71
[16:28:47.829] [lua] Submitted request for vo_alliedSoldier_black_03.english, soundbank with 35 submitted, 0 last index, and 35 outstanding  @mrxsoundbanks:66
[16:28:47.833] [lua] Added request vo_chinSoldier_01, soundbank, true  @mrxsoundbanks:71
[16:28:47.836] [lua] Submitted request for vo_chinSoldier_01.english, soundbank with 36 submitted, 0 last index, and 36 outstanding  @mrxsoundbanks:66
[16:28:47.840] [lua] Added request vo_chinSoldier_02, soundbank, true  @mrxsoundbanks:71
[16:28:47.843] [lua] Submitted request for vo_chinSoldier_02.english, soundbank with 37 submitted, 0 last index, and 37 outstanding  @mrxsoundbanks:66
[16:28:47.847] [lua] Added request vo_oc_merc_01, soundbank, true  @mrxsoundbanks:71
[16:28:47.850] [lua] Submitted request for vo_oc_merc_01.english, soundbank with 38 submitted, 0 last index, and 38 outstanding  @mrxsoundbanks:66
[16:28:47.853] [lua] Added request vo_oc_merc_02, soundbank, true  @mrxsoundbanks:71
[16:28:47.857] [lua] Submitted request for vo_oc_merc_02.english, soundbank with 39 submitted, 0 last index, and 39 outstanding  @mrxsoundbanks:66
[16:28:47.862] [lua] Added request vo_vzCiv_01, soundbank, true  @mrxsoundbanks:71
[16:28:47.866] [lua] Submitted request for vo_vzCiv_01.english, soundbank with 40 submitted, 0 last index, and 40 outstanding  @mrxsoundbanks:66
[16:28:47.871] [lua] Added request vo_vzCiv_02, soundbank, true  @mrxsoundbanks:71
[16:28:47.874] [lua] Submitted request for vo_vzCiv_02.english, soundbank with 41 submitted, 0 last index, and 41 outstanding  @mrxsoundbanks:66
[16:28:47.877] [lua] Added request vo_vzCiv_female_01, soundbank, true  @mrxsoundbanks:71
[16:28:47.881] [lua] Submitted request for vo_vzCiv_female_01.english, soundbank with 42 submitted, 0 last index, and 42 outstanding  @mrxsoundbanks:66
[16:28:47.886] [lua] Added request vo_vzCiv_female_02, soundbank, true  @mrxsoundbanks:71
[16:28:47.888] [lua] Submitted request for vo_vzCiv_female_02.english, soundbank with 43 submitted, 0 last index, and 43 outstanding  @mrxsoundbanks:66
[16:28:47.892] [lua] Added request vo_vzGurSoldier_01, soundbank, true  @mrxsoundbanks:71
[16:28:47.895] [lua] Submitted request for vo_vzGurSoldier_01.english, soundbank with 44 submitted, 0 last index, and 44 outstanding  @mrxsoundbanks:66
[16:28:47.899] [lua] Added request vo_vzGurSoldier_02, soundbank, true  @mrxsoundbanks:71
[16:28:47.902] [lua] Submitted request for vo_vzGurSoldier_02.english, soundbank with 45 submitted, 0 last index, and 45 outstanding  @mrxsoundbanks:66
[16:28:47.908] [lua] Added request vo_vzGurSoldier_female_01, soundbank, true  @mrxsoundbanks:71
[16:28:47.911] [lua] Submitted request for vo_vzGurSoldier_female_01.english, soundbank with 46 submitted, 0 last index, and 46 outstanding  @mrxsoundbanks:66
[16:28:47.916] [lua] Added request vo_vzSoldier_01, soundbank, true  @mrxsoundbanks:71
[16:28:47.919] [lua] Submitted request for vo_vzSoldier_01.english, soundbank with 47 submitted, 0 last index, and 47 outstanding  @mrxsoundbanks:66
[16:28:47.922] [lua] Added request vo_vzSoldier_02, soundbank, true  @mrxsoundbanks:71
[16:28:47.926] [lua] Submitted request for vo_vzSoldier_02.english, soundbank with 48 submitted, 0 last index, and 48 outstanding  @mrxsoundbanks:66
[16:28:47.929] [lua] Added request vo_pirate_01, soundbank, true  @mrxsoundbanks:71
[16:28:47.933] [lua] Submitted request for vo_pirate_01.english, soundbank with 49 submitted, 0 last index, and 49 outstanding  @mrxsoundbanks:66
[16:28:47.937] [lua] Added request vo_pirate_02, soundbank, true  @mrxsoundbanks:71
[16:28:47.940] [lua] Submitted request for vo_pirate_02.english, soundbank with 50 submitted, 0 last index, and 50 outstanding  @mrxsoundbanks:66
[16:28:47.944] [lua] Added request vo_pirate_female_01, soundbank, true  @mrxsoundbanks:71
[16:28:47.947] [lua] Submitted request for vo_pirate_female_01.english, soundbank with 51 submitted, 0 last index, and 51 outstanding  @mrxsoundbanks:66
[16:28:47.951] [lua] ##@ GameBootstrap - bailing because finished shell  @gamebootstrap:68
[16:28:47.951] [world] >>> ##@ GameBootstrap - bailing because finished shell  @gamebootstrap:68
[16:28:47.966] [lua] MrxGuiCinematic._Hide  @mrxguicinematic:279
[16:28:48.296] [lua] AssetOpComplete: 51 submitted, 51 oustanding, 0 last added  @mrxsoundbanks:148
[16:28:48.300] [lua] AssetOpComplete: 50 submitted, 50 oustanding, 0 last added  @mrxsoundbanks:148
[16:28:49.206] [lua] AssetOpComplete: 49 submitted, 49 oustanding, 0 last added  @mrxsoundbanks:148
[16:28:49.214] [lua] AssetOpComplete: 48 submitted, 48 oustanding, 0 last added  @mrxsoundbanks:148
[16:28:49.222] [lua] AssetOpComplete: 47 submitted, 47 oustanding, 0 last added  @mrxsoundbanks:148
[16:28:49.231] [lua] AssetOpComplete: 46 submitted, 46 oustanding, 0 last added  @mrxsoundbanks:148
[16:28:49.240] [lua] AssetOpComplete: 45 submitted, 45 oustanding, 0 last added  @mrxsoundbanks:148
[16:28:49.248] [lua] AssetOpComplete: 44 submitted, 44 oustanding, 0 last added  @mrxsoundbanks:148
[16:28:49.256] [lua] AssetOpComplete: 43 submitted, 43 oustanding, 0 last added  @mrxsoundbanks:148
[16:28:49.265] [lua] AssetOpComplete: 42 submitted, 42 oustanding, 0 last added  @mrxsoundbanks:148
[16:28:49.273] [lua] AssetOpComplete: 41 submitted, 41 oustanding, 0 last added  @mrxsoundbanks:148
[16:28:49.281] [lua] AssetOpComplete: 40 submitted, 40 oustanding, 0 last added  @mrxsoundbanks:148
[16:28:49.290] [lua] AssetOpComplete: 39 submitted, 39 oustanding, 0 last added  @mrxsoundbanks:148
[16:28:49.299] [lua] AssetOpComplete: 38 submitted, 38 oustanding, 0 last added  @mrxsoundbanks:148
[16:28:49.307] [lua] AssetOpComplete: 37 submitted, 37 oustanding, 0 last added  @mrxsoundbanks:148
[16:28:49.315] [lua] AssetOpComplete: 36 submitted, 36 oustanding, 0 last added  @mrxsoundbanks:148
[16:28:49.324] [lua] AssetOpComplete: 35 submitted, 35 oustanding, 0 last added  @mrxsoundbanks:148
[16:28:49.334] [lua] AssetOpComplete: 34 submitted, 34 oustanding, 0 last added  @mrxsoundbanks:148
[16:28:49.342] [lua] AssetOpComplete: 33 submitted, 33 oustanding, 0 last added  @mrxsoundbanks:148
[16:28:49.350] [lua] AssetOpComplete: 32 submitted, 32 oustanding, 0 last added  @mrxsoundbanks:148
[16:28:49.702] [lua] AssetOpComplete: 31 submitted, 31 oustanding, 0 last added  @mrxsoundbanks:148
[16:28:49.795] [lua] Loading vz level with vz masterscript  @levelbootstrap:16
[16:28:49.795] [world] >>> Loading vz level with vz masterscript  @levelbootstrap:16
[16:28:49.965] [lua] AssetOpComplete: 30 submitted, 30 oustanding, 0 last added  @mrxsoundbanks:148
[16:28:49.974] [lua] AssetOpComplete: 29 submitted, 29 oustanding, 0 last added  @mrxsoundbanks:148
[16:28:50.030] [lua] AssetOpComplete: 28 submitted, 28 oustanding, 0 last added  @mrxsoundbanks:148
[16:28:50.039] [lua] AssetOpComplete: 27 submitted, 27 oustanding, 0 last added  @mrxsoundbanks:148
[16:28:50.052] [lua] AssetOpComplete: 26 submitted, 26 oustanding, 0 last added  @mrxsoundbanks:148
[16:28:50.061] [lua] AssetOpComplete: 25 submitted, 25 oustanding, 0 last added  @mrxsoundbanks:148
[16:28:50.070] [lua] AssetOpComplete: 24 submitted, 24 oustanding, 0 last added  @mrxsoundbanks:148
[16:28:50.079] [lua] AssetOpComplete: 23 submitted, 23 oustanding, 0 last added  @mrxsoundbanks:148
[16:28:50.088] [lua] AssetOpComplete: 22 submitted, 22 oustanding, 0 last added  @mrxsoundbanks:148
[16:28:50.096] [lua] AssetOpComplete: 21 submitted, 21 oustanding, 0 last added  @mrxsoundbanks:148
[16:28:50.105] [lua] AssetOpComplete: 20 submitted, 20 oustanding, 0 last added  @mrxsoundbanks:148
[16:28:50.116] [lua] AssetOpComplete: 19 submitted, 19 oustanding, 0 last added  @mrxsoundbanks:148
[16:28:50.125] [lua] AssetOpComplete: 18 submitted, 18 oustanding, 0 last added  @mrxsoundbanks:148
[16:28:50.134] [lua] AssetOpComplete: 17 submitted, 17 oustanding, 0 last added  @mrxsoundbanks:148
[16:28:50.144] [lua] AssetOpComplete: 16 submitted, 16 oustanding, 0 last added  @mrxsoundbanks:148
[16:28:50.153] [lua] AssetOpComplete: 15 submitted, 15 oustanding, 0 last added  @mrxsoundbanks:148
[16:28:50.162] [lua] AssetOpComplete: 14 submitted, 14 oustanding, 0 last added  @mrxsoundbanks:148
[16:28:50.171] [lua] AssetOpComplete: 13 submitted, 13 oustanding, 0 last added  @mrxsoundbanks:148
[16:28:50.184] [lua] AssetOpComplete: 12 submitted, 12 oustanding, 0 last added  @mrxsoundbanks:148
[16:28:50.193] [lua] AssetOpComplete: 11 submitted, 11 oustanding, 0 last added  @mrxsoundbanks:148
[16:28:50.202] [lua] AssetOpComplete: 10 submitted, 10 oustanding, 0 last added  @mrxsoundbanks:148
[16:28:50.211] [lua] AssetOpComplete: 9 submitted, 9 oustanding, 0 last added  @mrxsoundbanks:148
[16:28:50.220] [lua] AssetOpComplete: 8 submitted, 8 oustanding, 0 last added  @mrxsoundbanks:148
[16:28:50.228] [lua] AssetOpComplete: 7 submitted, 7 oustanding, 0 last added  @mrxsoundbanks:148
[16:28:50.238] [lua] AssetOpComplete: 6 submitted, 6 oustanding, 0 last added  @mrxsoundbanks:148
[16:28:50.247] [lua] AssetOpComplete: 5 submitted, 5 oustanding, 0 last added  @mrxsoundbanks:148
[16:28:50.256] [lua] AssetOpComplete: 4 submitted, 4 oustanding, 0 last added  @mrxsoundbanks:148
[16:28:50.264] [lua] AssetOpComplete: 3 submitted, 3 oustanding, 0 last added  @mrxsoundbanks:148
[16:28:50.278] [lua] AssetOpComplete: 2 submitted, 2 oustanding, 0 last added  @mrxsoundbanks:148
[16:28:50.288] [lua] AssetOpComplete: 1 submitted, 1 oustanding, 0 last added  @mrxsoundbanks:148
[16:28:50.329] [lua] true  @mrxrewarddata:2166
[16:28:50.337] [lua] true  @mrxrewarddata:2218
[16:28:50.345] [lua] true  @mrxrewarddata:2166
[16:28:50.353] [lua] true  @mrxrewarddata:2166
[16:28:50.361] [lua] true  @mrxrewarddata:2218
[16:28:50.369] [lua] true  @mrxrewarddata:2166
[16:28:50.376] [lua] true  @mrxrewarddata:2166
[16:28:50.384] [lua] true  @mrxrewarddata:2218
[16:28:50.392] [lua] true  @mrxrewarddata:2218
[16:28:50.398] [lua] true  @mrxrewarddata:2166
[16:28:50.407] [lua] true  @mrxrewarddata:2218
[16:28:50.414] [lua] true  @mrxrewarddata:2166
[16:28:50.422] [lua] true  @mrxrewarddata:2166
[16:28:50.430] [lua] true  @mrxrewarddata:2166
[16:28:50.438] [lua] true  @mrxrewarddata:2166
[16:28:50.446] [lua] true  @mrxrewarddata:2166
[16:28:50.455] [lua] true  @mrxrewarddata:2166
[16:28:50.462] [lua] true  @mrxrewarddata:2166
[16:28:50.470] [lua] true  @mrxrewarddata:2166
[16:28:50.477] [lua] true  @mrxrewarddata:2166
[16:28:50.485] [lua] true  @mrxrewarddata:2166
[16:28:50.493] [lua] true  @mrxrewarddata:2166
[16:28:50.501] [lua] true  @mrxrewarddata:2166
[16:28:50.508] [lua] true  @mrxrewarddata:2166
[16:28:50.516] [lua] true  @mrxrewarddata:2166
[16:28:50.529] [lua] true  @mrxrewarddata:2166
[16:28:50.537] [lua] true  @mrxrewarddata:2166
[16:28:50.544] [lua] true  @mrxrewarddata:2166
[16:28:50.552] [lua] true  @mrxrewarddata:2218
[16:28:50.559] [lua] true  @mrxrewarddata:2166
[16:28:50.567] [lua] true  @mrxrewarddata:2166
[16:28:50.574] [lua] true  @mrxrewarddata:2166
[16:28:50.582] [lua] true  @mrxrewarddata:2166
[16:28:50.590] [lua] true  @mrxrewarddata:2166
[16:28:50.597] [lua] true  @mrxrewarddata:2192
[16:28:50.605] [lua] true  @mrxrewarddata:2166
[16:28:50.612] [lua] true  @mrxrewarddata:2166
[16:28:50.623] [lua] true  @mrxrewarddata:2166
[16:28:50.630] [lua] true  @mrxrewarddata:2192
[16:28:50.638] [lua] true  @mrxrewarddata:2218
[16:28:50.645] [lua] true  @mrxrewarddata:2218
[16:28:50.653] [lua] true  @mrxrewarddata:2166
[16:28:50.660] [lua] true  @mrxrewarddata:2218
[16:28:50.668] [lua] true  @mrxrewarddata:2166
[16:28:50.675] [lua] true  @mrxrewarddata:2166
[16:28:50.683] [lua] true  @mrxrewarddata:2166
[16:28:50.690] [lua] true  @mrxrewarddata:2218
[16:28:50.698] [lua] true  @mrxrewarddata:2166
[16:28:50.706] [lua] true  @mrxrewarddata:2166
[16:28:50.713] [lua] true  @mrxrewarddata:2166
[16:28:50.721] [lua] true  @mrxrewarddata:2192
[16:28:50.728] [lua] true  @mrxrewarddata:2166
[16:28:50.736] [lua] true  @mrxrewarddata:2218
[16:28:50.744] [lua] true  @mrxrewarddata:2166
[16:28:50.753] [lua] true  @mrxrewarddata:2166
[16:28:50.760] [lua] true  @mrxrewarddata:2166
[16:28:50.768] [lua] true  @mrxrewarddata:2166
[16:28:50.775] [lua] true  @mrxrewarddata:2166
[16:28:50.783] [lua] true  @mrxrewarddata:2218
[16:28:50.790] [lua] true  @mrxrewarddata:2166
[16:28:50.798] [lua] true  @mrxrewarddata:2166
[16:28:50.811] [lua] true  @mrxrewarddata:2166
[16:28:50.818] [lua] true  @mrxrewarddata:2192
[16:28:50.827] [lua] true  @mrxrewarddata:2166
[16:28:50.834] [lua] true  @mrxrewarddata:2166
[16:28:50.842] [lua] true  @mrxrewarddata:2166
[16:28:50.850] [lua] true  @mrxrewarddata:2166
[16:28:50.858] [lua] true  @mrxrewarddata:2166
[16:28:50.865] [lua] true  @mrxrewarddata:2218
[16:28:50.875] [lua] true  @mrxrewarddata:2166
[16:28:50.883] [lua] true  @mrxrewarddata:2166
[16:28:50.891] [lua] true  @mrxrewarddata:2166
[16:28:50.898] [lua] true  @mrxrewarddata:2166
[16:28:50.906] [lua] true  @mrxrewarddata:2218
[16:28:50.914] [lua] true  @mrxrewarddata:2166
[16:28:50.922] [lua] true  @mrxrewarddata:2166
[16:28:50.929] [lua] true  @mrxrewarddata:2166
[16:28:50.937] [lua] true  @mrxrewarddata:2192
[16:28:50.944] [lua] true  @mrxrewarddata:2218
[16:28:50.952] [lua] true  @mrxrewarddata:2218
[16:28:50.959] [lua] true  @mrxrewarddata:2218
[16:28:50.967] [lua] true  @mrxrewarddata:2166
[16:28:50.975] [lua] true  @mrxrewarddata:2166
[16:28:50.983] [lua] true  @mrxrewarddata:2166
[16:28:50.990] [lua] true  @mrxrewarddata:2218
[16:28:50.998] [lua] true  @mrxrewarddata:2166
[16:28:51.006] [lua] true  @mrxrewarddata:2166
[16:28:51.013] [lua] true  @mrxrewarddata:2166
[16:28:51.021] [lua] true  @mrxrewarddata:2192
[16:28:51.028] [lua] true  @mrxrewarddata:2166
[16:28:51.040] [lua] true  @mrxrewarddata:2166
[16:28:51.047] [lua] true  @mrxrewarddata:2166
[16:28:51.055] [lua] true  @mrxrewarddata:2166
[16:28:51.062] [lua] true  @mrxrewarddata:2192
[16:28:51.070] [lua] true  @mrxrewarddata:2166
[16:28:51.080] [lua] true  @mrxrewarddata:2166
[16:28:51.087] [lua] true  @mrxrewarddata:2166
[16:28:51.098] [lua] true  @mrxrewarddata:2166
[16:28:51.106] [lua] true  @mrxrewarddata:2166
[16:28:51.114] [lua] true  @mrxrewarddata:2166
[16:28:51.122] [lua] true  @mrxrewarddata:2166
[16:28:51.129] [lua] true  @mrxrewarddata:2166
[16:28:51.138] [lua] true  @mrxrewarddata:2166
[16:28:51.146] [lua] true  @mrxrewarddata:2166
[16:28:51.155] [lua] true  @mrxrewarddata:2166
[16:28:51.162] [lua] true  @mrxrewarddata:2166
[16:28:51.170] [lua] true  @mrxrewarddata:2166
[16:28:51.178] [lua] true  @mrxrewarddata:2166
[16:28:51.187] [lua] true  @mrxrewarddata:2166
[16:28:51.198] [lua] true  @mrxrewarddata:2166
[16:28:51.206] [lua] true  @mrxrewarddata:2166
[16:28:51.213] [lua] true  @mrxrewarddata:2166
[16:28:51.222] [lua] true  @mrxrewarddata:2166
[16:28:51.230] [lua] true  @mrxrewarddata:2166
[16:28:51.238] [lua] true  @mrxrewarddata:2166
[16:28:51.245] [lua] true  @mrxrewarddata:2166
[16:28:51.253] [lua] true  @mrxrewarddata:2166
[16:28:51.260] [lua] true  @mrxrewarddata:2166
[16:28:51.268] [lua] true  @mrxrewarddata:2166
[16:28:51.276] [lua] true  @mrxrewarddata:2166
[16:28:51.284] [lua] true  @mrxrewarddata:2166
[16:28:51.291] [lua] true  @mrxrewarddata:2166
[16:28:51.298] [lua] true  @mrxrewarddata:2166
[16:28:51.306] [lua] true  @mrxrewarddata:2166
[16:28:51.313] [lua] true  @mrxrewarddata:2166
[16:28:51.321] [lua] true  @mrxrewarddata:2166
[16:28:51.329] [lua] true  @mrxrewarddata:2166
[16:28:51.337] [lua] true  @mrxrewarddata:2166
[16:28:51.345] [lua] true  @mrxrewarddata:2218
[16:28:51.353] [lua] true  @mrxrewarddata:2166
[16:28:51.360] [lua] true  @mrxrewarddata:2218
[16:28:51.368] [lua] true  @mrxrewarddata:2166
[16:28:51.375] [lua] true  @mrxrewarddata:2166
[16:28:51.383] [lua] true  @mrxrewarddata:2218
[16:28:51.390] [lua] true  @mrxrewarddata:2218
[16:28:51.398] [lua] true  @mrxrewarddata:2218
[16:28:51.410] [lua] true  @mrxrewarddata:2218
[16:28:51.418] [lua] true  @mrxrewarddata:2218
[16:28:51.425] [lua] true  @mrxrewarddata:2166
[16:28:51.432] [lua] true  @mrxrewarddata:2166
[16:28:51.440] [lua] true  @mrxrewarddata:2218
[16:28:51.448] [lua] true  @mrxrewarddata:2166
[16:28:51.456] [lua] true  @mrxrewarddata:2166
[16:28:51.463] [lua] true  @mrxrewarddata:2166
[16:28:51.471] [lua] true  @mrxrewarddata:2218
[16:28:51.478] [lua] true  @mrxrewarddata:2218
[16:28:51.487] [lua] true  @mrxrewarddata:2166
[16:28:51.494] [lua] true  @mrxrewarddata:2166
[16:28:51.502] [lua] true  @mrxrewarddata:2192
[16:28:51.508] [lua] true  @mrxrewarddata:2166
[16:28:51.517] [lua] true  @mrxrewarddata:2218
[16:28:51.524] [lua] true  @mrxrewarddata:2166
[16:28:51.531] [lua] true  @mrxrewarddata:2166
[16:28:51.543] [lua] true  @mrxrewarddata:2166
[16:28:51.556] [lua] true  @mrxrewarddata:2166
[16:28:51.564] [lua] true  @mrxrewarddata:2166
[16:28:51.571] [lua] true  @mrxrewarddata:2218
[16:28:51.579] [lua] true  @mrxrewarddata:2218
[16:28:51.587] [lua] true  @mrxrewarddata:2218
[16:28:51.595] [lua] true  @mrxrewarddata:2218
[16:28:51.602] [lua] true  @mrxrewarddata:2218
[16:28:51.610] [lua] true  @mrxrewarddata:2166
[16:28:51.617] [lua] true  @mrxrewarddata:2218
[16:28:51.625] [lua] true  @mrxrewarddata:2166
[16:28:51.632] [lua] true  @mrxrewarddata:2166
[16:28:51.641] [lua] true  @mrxrewarddata:2166
[16:28:51.648] [lua] true  @mrxrewarddata:2166
[16:28:51.656] [lua] true  @mrxrewarddata:2166
[16:28:51.663] [lua] true  @mrxrewarddata:2192
[16:28:51.671] [lua] true  @mrxrewarddata:2166
[16:28:51.678] [lua] true  @mrxrewarddata:2166
[16:28:51.686] [lua] true  @mrxrewarddata:2166
[16:28:51.693] [lua] true  @mrxrewarddata:2218
[16:28:51.701] [lua] true  @mrxrewarddata:2218
[16:28:51.709] [lua] true  @mrxrewarddata:2218
[16:28:51.718] [lua] true  @mrxrewarddata:2218
[16:28:51.725] [lua] true  @mrxrewarddata:2166
[16:28:51.733] [lua] true  @mrxrewarddata:2166
[16:28:51.740] [lua] true  @mrxrewarddata:2166
[16:28:51.748] [lua] true  @mrxrewarddata:2166
[16:28:51.756] [lua] true  @mrxrewarddata:2166
[16:28:51.763] [lua] true  @mrxrewarddata:2166
[16:28:51.771] [lua] true  @mrxrewarddata:2166
[16:28:51.778] [lua] true  @mrxrewarddata:2218
[16:28:51.787] [lua] true  @mrxrewarddata:2166
[16:28:51.794] [lua] true  @mrxrewarddata:2166
[16:28:51.803] [lua] true  @mrxrewarddata:2166
[16:28:51.810] [lua] true  @mrxrewarddata:2192
[16:28:51.817] [lua] true  @mrxrewarddata:2166
[16:28:51.825] [lua] true  @mrxrewarddata:2166
[16:28:51.832] [lua] true  @mrxrewarddata:2166
[16:28:51.839] [lua] true  @mrxrewarddata:2192
[16:28:51.847] [lua] true  @mrxrewarddata:2218
[16:28:51.854] [lua] true  @mrxrewarddata:2166
[16:28:51.862] [lua] true  @mrxrewarddata:2166
[16:28:51.870] [lua] true  @mrxrewarddata:2166
[16:28:51.877] [lua] true  @mrxrewarddata:2166
[16:28:51.885] [lua] true  @mrxrewarddata:2166
[16:28:51.892] [lua] true  @mrxrewarddata:2192
[16:28:51.900] [lua] true  @mrxrewarddata:2218
[16:28:51.908] [lua] true  @mrxrewarddata:2166
[16:28:51.915] [lua] true  @mrxrewarddata:2166
[16:28:51.924] [lua] true  @mrxrewarddata:2192
[16:28:51.931] [lua] true  @mrxrewarddata:2166
[16:28:51.939] [lua] true  @mrxrewarddata:2166
[16:28:51.946] [lua] true  @mrxrewarddata:2192
[16:28:51.954] [lua] true  @mrxrewarddata:2166
[16:28:51.961] [lua] true  @mrxrewarddata:2218
[16:28:51.969] [lua] true  @mrxrewarddata:2166
[16:28:51.977] [lua] true  @mrxrewarddata:2218
[16:28:51.984] [lua] true  @mrxrewarddata:2218
[16:28:51.993] [lua] Shop - Generating Global ShopList...  @mrxshop:39
[16:28:52.005] [lua] creating player 0  @mrxplayer:149
[16:28:52.014] [lua] creating player 1  @mrxplayer:149
[16:28:52.024] [lua] Careless is set to nil  @mrxsupportdelivery:163
[16:28:52.033] [lua] Careless is set to true  @mrxsupportdelivery:163
[16:28:52.045] [lua] Careless is set to nil  @mrxsupportdelivery:163
[16:28:52.054] [lua] Careless is set to true  @mrxsupportdelivery:163
[16:28:52.063] [lua] Careless is set to nil  @mrxsupportdelivery:163
[16:28:52.073] [lua] Careless is set to true  @mrxsupportdelivery:163
[16:28:52.082] [lua] Careless is set to nil  @mrxsupportdelivery:163
[16:28:52.092] [lua] Careless is set to true  @mrxsupportdelivery:163
[16:28:52.101] [lua] Careless is set to nil  @mrxsupportdelivery:163
[16:28:52.111] [lua] Careless is set to nil  @mrxsupportdelivery:163
[16:28:52.120] [lua] Careless is set to nil  @mrxsupportdelivery:163
[16:28:52.129] [lua] Careless is set to nil  @mrxsupportdelivery:163
[16:28:52.139] [lua] Careless is set to true  @mrxsupportdelivery:163
[16:28:52.148] [lua] Careless is set to nil  @mrxsupportdelivery:163
[16:28:52.157] [lua] Careless is set to true  @mrxsupportdelivery:163
[16:28:52.166] [lua] Careless is set to nil  @mrxsupportdelivery:163
[16:28:52.175] [lua] Careless is set to nil  @mrxsupportdelivery:163
[16:28:52.184] [lua] Careless is set to true  @mrxsupportdelivery:163
[16:28:52.193] [lua] Careless is set to nil  @mrxsupportdelivery:163
[16:28:52.203] [lua] Careless is set to nil  @mrxsupportdelivery:163
[16:28:52.212] [lua] Careless is set to nil  @mrxsupportdelivery:163
[16:28:52.221] [lua] Careless is set to true  @mrxsupportdelivery:163
[16:28:52.230] [lua] Careless is set to nil  @mrxsupportdelivery:163
[16:28:52.240] [lua] Careless is set to true  @mrxsupportdelivery:163
[16:28:52.248] [lua] Careless is set to nil  @mrxsupportdelivery:163
[16:28:52.262] [lua] Careless is set to nil  @mrxsupportdelivery:163
[16:28:52.271] [lua] Careless is set to true  @mrxsupportdelivery:163
[16:28:52.281] [lua] Careless is set to nil  @mrxsupportdelivery:163
[16:28:52.291] [lua] Careless is set to true  @mrxsupportdelivery:163
[16:28:52.301] [lua] Careless is set to true  @mrxsupportdelivery:163
[16:28:52.311] [lua] Careless is set to nil  @mrxsupportdelivery:163
[16:28:52.321] [lua] Careless is set to nil  @mrxsupportdelivery:163
[16:28:52.330] [lua] Careless is set to nil  @mrxsupportdelivery:163
[16:28:52.340] [lua] Careless is set to nil  @mrxsupportdelivery:163
[16:28:52.349] [lua] Careless is set to true  @mrxsupportdelivery:163
[16:28:52.359] [lua] Careless is set to nil  @mrxsupportdelivery:163
[16:28:52.369] [lua] Careless is set to true  @mrxsupportdelivery:163
[16:28:52.378] [lua] Careless is set to nil  @mrxsupportdelivery:163
[16:28:52.387] [lua] Careless is set to true  @mrxsupportdelivery:163
[16:28:52.396] [lua] Careless is set to nil  @mrxsupportdelivery:163
[16:28:52.406] [lua] Careless is set to nil  @mrxsupportdelivery:163
[16:28:52.416] [lua] Careless is set to nil  @mrxsupportdelivery:163
[16:28:52.425] [lua] Careless is set to nil  @mrxsupportdelivery:163
[16:28:52.435] [lua] Careless is set to nil  @mrxsupportdelivery:163
[16:28:52.445] [lua] Careless is set to nil  @mrxsupportdelivery:163
[16:28:52.455] [lua] Careless is set to true  @mrxsupportdelivery:163
[16:28:52.464] [lua] Careless is set to nil  @mrxsupportdelivery:163
[16:28:52.474] [lua] Careless is set to nil  @mrxsupportdelivery:163
[16:28:52.483] [lua] Careless is set to nil  @mrxsupportdelivery:163
[16:28:52.492] [lua] Careless is set to nil  @mrxsupportdelivery:163
[16:28:52.502] [lua] Careless is set to nil  @mrxsupportdelivery:163
[16:28:52.511] [lua] Careless is set to nil  @mrxsupportdelivery:163
[16:28:52.520] [lua] Careless is set to nil  @mrxsupportdelivery:163
[16:28:52.530] [lua] Careless is set to nil  @mrxsupportdelivery:163
[16:28:52.540] [lua] Careless is set to true  @mrxsupportdelivery:163
[16:28:52.549] [lua] Careless is set to nil  @mrxsupportdelivery:163
[16:28:52.558] [lua] Careless is set to nil  @mrxsupportdelivery:163
[16:28:52.567] [lua] Careless is set to nil  @mrxsupportdelivery:163
[16:28:52.577] [lua] Careless is set to nil  @mrxsupportdelivery:163
[16:28:52.586] [lua] Careless is set to nil  @mrxsupportdelivery:163
[16:28:52.596] [lua] Careless is set to nil  @mrxsupportdelivery:163
[16:28:52.605] [lua] Careless is set to nil  @mrxsupportdelivery:163
[16:28:52.614] [lua] Careless is set to nil  @mrxsupportdelivery:163
[16:28:52.623] [lua] Careless is set to nil  @mrxsupportdelivery:163
[16:28:52.632] [lua] Careless is set to nil  @mrxsupportdelivery:163
[16:28:52.641] [lua] Careless is set to nil  @mrxsupportdelivery:163
[16:28:52.650] [lua] Careless is set to nil  @mrxsupportdelivery:163
[16:28:52.660] [lua] Careless is set to nil  @mrxsupportdelivery:163
[16:28:52.670] [lua] Careless is set to nil  @mrxsupportdelivery:163
[16:28:52.679] [lua] Careless is set to nil  @mrxsupportdelivery:163
[16:28:52.689] [lua] Careless is set to nil  @mrxsupportdelivery:163
[16:28:52.698] [lua] Careless is set to nil  @mrxsupportdelivery:163
[16:28:52.707] [lua] Careless is set to nil  @mrxsupportdelivery:163
[16:28:52.716] [lua] Careless is set to nil  @mrxsupportdelivery:163
[16:28:52.726] [lua] Careless is set to nil  @mrxsupportdelivery:163
[16:28:52.735] [lua] Careless is set to nil  @mrxsupportdelivery:163
[16:28:52.743] [lua] Careless is set to nil  @mrxsupportdelivery:163
[16:28:52.753] [lua] Careless is set to nil  @mrxsupportdelivery:163
[16:28:52.762] [lua] Careless is set to true  @mrxsupportdelivery:163
[16:28:52.772] [lua] Careless is set to true  @mrxsupportdelivery:163
[16:28:52.781] [lua] Careless is set to nil  @mrxsupportdelivery:163
[16:28:52.790] [lua] Careless is set to true  @mrxsupportdelivery:163
[16:28:52.804] [lua] Careless is set to true  @mrxsupportdelivery:163
[16:28:52.813] [lua] Careless is set to nil  @mrxsupportdelivery:163
[16:28:52.822] [lua] Careless is set to nil  @mrxsupportdelivery:163
[16:28:52.831] [lua] Careless is set to true  @mrxsupportdelivery:163
[16:28:52.840] [lua] Careless is set to nil  @mrxsupportdelivery:163
[16:28:52.849] [lua] Careless is set to nil  @mrxsupportdelivery:163
[16:28:52.859] [lua] Careless is set to true  @mrxsupportdelivery:163
[16:28:52.869] [lua] Careless is set to nil  @mrxsupportdelivery:163
[16:28:52.878] [lua] Careless is set to true  @mrxsupportdelivery:163
[16:28:52.887] [lua] Careless is set to nil  @mrxsupportdelivery:163
[16:28:52.896] [lua] Careless is set to nil  @mrxsupportdelivery:163
[16:28:52.907] [lua] Careless is set to nil  @mrxsupportdelivery:163
[16:28:52.916] [lua] Careless is set to true  @mrxsupportdelivery:163
[16:28:52.925] [lua] Careless is set to nil  @mrxsupportdelivery:163
[16:28:52.936] [lua] Careless is set to true  @mrxsupportdelivery:163
[16:28:52.945] [lua] Careless is set to true  @mrxsupportdelivery:163
[16:28:52.955] [lua] Careless is set to nil  @mrxsupportdelivery:163
[16:28:52.964] [lua] Careless is set to nil  @mrxsupportdelivery:163
[16:28:52.974] [lua] Careless is set to nil  @mrxsupportdelivery:163
[16:28:52.982] [lua] Careless is set to true  @mrxsupportdelivery:163
[16:28:52.991] [lua] Careless is set to nil  @mrxsupportdelivery:163
[16:28:53.001] [lua] Careless is set to nil  @mrxsupportdelivery:163
[16:28:53.010] [lua] Careless is set to nil  @mrxsupportdelivery:163
[16:28:53.019] [lua] Careless is set to true  @mrxsupportdelivery:163
[16:28:53.028] [lua] Careless is set to true  @mrxsupportdelivery:163
[16:28:53.038] [lua] Careless is set to nil  @mrxsupportdelivery:163
[16:28:53.047] [lua] Careless is set to nil  @mrxsupportdelivery:163
[16:28:53.057] [lua] Careless is set to nil  @mrxsupportdelivery:163
[16:28:53.066] [lua] Careless is set to nil  @mrxsupportdelivery:163
[16:28:53.075] [lua] Careless is set to nil  @mrxsupportdelivery:163
[16:28:53.084] [lua] Careless is set to nil  @mrxsupportdelivery:163
[16:28:53.094] [lua] Careless is set to nil  @mrxsupportdelivery:163
[16:28:53.103] [lua] Setting satellite cost (default)  @mrxsatelliteguidedbomb:28
[16:28:53.112] [lua] Setting satellite cost (default)  @mrxsatelliteguidedbomb:28
[16:28:53.121] [lua] Careless is set to nil  @mrxsupportdelivery:163
[16:28:53.130] [lua] Careless is set to true  @mrxsupportdelivery:163
[16:28:53.140] [lua] Careless is set to nil  @mrxsupportdelivery:163
[16:28:53.149] [lua] Careless is set to nil  @mrxsupportdelivery:163
[16:28:53.158] [lua] Careless is set to true  @mrxsupportdelivery:163
[16:28:53.167] [lua] Careless is set to nil  @mrxsupportdelivery:163
[16:28:53.177] [lua] Careless is set to true  @mrxsupportdelivery:163
[16:28:53.187] [lua] Careless is set to nil  @mrxsupportdelivery:163
[16:28:53.197] [lua] Careless is set to true  @mrxsupportdelivery:163
[16:28:53.206] [lua] Careless is set to nil  @mrxsupportdelivery:163
[16:28:53.215] [lua] Careless is set to true  @mrxsupportdelivery:163
[16:28:53.228] [lua] Careless is set to nil  @mrxsupportdelivery:163
[16:28:53.238] [lua] registering player callbacks  @mrxplayer:175
[16:28:53.247] [lua] de-registering player callbacks  @mrxplayer:184
[16:28:53.257] [lua] @@@@@@@@@@ MrxState.EnableFade: bEnable=false  @mrxstate:550
[16:28:53.269] [lua] MRXMUSIC ------------ EnterFreeplayMusic()  @mrxmusic:410
[16:28:53.281] [lua] free  @mrxplaystate:49
[16:28:53.290] [lua] Play state: free  @mrxplaystate:66
[16:28:53.298] [lua] MRXMUSIC ------------ EnterFreeplayMusic()  @mrxmusic:410
[16:28:53.311] [lua] SetSpawnLocations Pmc_Entry1  @mrxplayer:208
[16:28:53.321] [lua] New operation (170 layers)  @mrxlayermanager:181
[16:28:53.330] [lua] After culling, 170 layers in operation  @mrxlayermanager:250
[16:28:53.339] [lua] Adding new request (1): adding 170 layers  @mrxlayermanager:281
[16:28:53.348] [lua] (Currently, there are 1 requests for layer vz_all_hq)  @mrxlayermanager:298
[16:28:53.357] [lua] (Currently, there are 1 requests for layer vz_all_job001_a)  @mrxlayermanager:298
[16:28:53.365] [lua] (Currently, there are 1 requests for layer vz_all_job001_b)  @mrxlayermanager:298
[16:28:53.374] [lua] (Currently, there are 1 requests for layer vz_all_job001_c)  @mrxlayermanager:298
[16:28:53.383] [lua] (Currently, there are 1 requests for layer vz_all_job001_d)  @mrxlayermanager:298
[16:28:53.392] [lua] (Currently, there are 1 requests for layer vz_all_job002_a)  @mrxlayermanager:298
[16:28:53.401] [lua] (Currently, there are 1 requests for layer vz_all_job002_b)  @mrxlayermanager:298
[16:28:53.410] [lua] (Currently, there are 1 requests for layer vz_all_job002_c)  @mrxlayermanager:298
[16:28:53.419] [lua] (Currently, there are 1 requests for layer vz_all_job002_d)  @mrxlayermanager:298
[16:28:53.428] [lua] (Currently, there are 1 requests for layer vz_all_job002_e)  @mrxlayermanager:298
[16:28:53.438] [lua] (Currently, there are 1 requests for layer vz_all_job005_a)  @mrxlayermanager:298
[16:28:53.447] [lua] (Currently, there are 1 requests for layer vz_all_job005_e)  @mrxlayermanager:298
[16:28:53.457] [lua] (Currently, there are 1 requests for layer vz_all_job005_d)  @mrxlayermanager:298
[16:28:53.469] [lua] (Currently, there are 1 requests for layer vz_all_job010_a)  @mrxlayermanager:298
[16:28:53.478] [lua] (Currently, there are 1 requests for layer vz_all_job010_b)  @mrxlayermanager:298
[16:28:53.487] [lua] (Currently, there are 1 requests for layer vz_all_job010_c)  @mrxlayermanager:298
[16:28:53.496] [lua] (Currently, there are 1 requests for layer vz_all_job010_d)  @mrxlayermanager:298
[16:28:53.505] [lua] (Currently, there are 1 requests for layer vz_all_job010_e)  @mrxlayermanager:298
[16:28:53.514] [lua] (Currently, there are 1 requests for layer vz_amazon_base)  @mrxlayermanager:298
[16:28:53.525] [lua] (Currently, there are 1 requests for layer vz_amazon_scrub)  @mrxlayermanager:298
[16:28:53.534] [lua] (Currently, there are 1 requests for layer vz_amazon_road)  @mrxlayermanager:298
[16:28:53.544] [lua] (Currently, there are 1 requests for layer vz_amazon_foilage)  @mrxlayermanager:298
[16:28:53.553] [lua] (Currently, there are 1 requests for layer vz_amazon_billboard)  @mrxlayermanager:298
[16:28:53.567] [lua] (Currently, there are 1 requests for layer vz_angel_falls_foilage)  @mrxlayermanager:298
[16:28:53.576] [lua] (Currently, there are 1 requests for layer vz_angel_falls_road)  @mrxlayermanager:298
[16:28:53.587] [lua] (Currently, there are 1 requests for layer vz_atmosphere_regions)  @mrxlayermanager:298
[16:28:53.596] [lua] (Currently, there are 1 requests for layer vz_boundary_regions)  @mrxlayermanager:298
[16:28:53.606] [lua] (Currently, there are 1 requests for layer vz_caracas_base)  @mrxlayermanager:298
[16:28:53.615] [lua] (Currently, there are 1 requests for layer vz_caracas_scrub)  @mrxlayermanager:298
[16:28:53.624] [lua] (Currently, there are 1 requests for layer vz_car_city)  @mrxlayermanager:298
[16:28:53.633] [lua] (Currently, there are 1 requests for layer vz_car_billboard)  @mrxlayermanager:298
[16:28:53.642] [lua] (Currently, there are 1 requests for layer vz_car_city_roads)  @mrxlayermanager:298
[16:28:53.651] [lua] (Currently, there are 1 requests for layer vz_car_estate)  @mrxlayermanager:298
[16:28:53.660] [lua] (Currently, there are 1 requests for layer vz_caracas_foilage)  @mrxlayermanager:298
[16:28:53.670] [lua] (Currently, there are 1 requests for layer vz_car_shanty02)  @mrxlayermanager:298
[16:28:53.679] [lua] (Currently, there are 1 requests for layer vz_car_shanty_roads)  @mrxlayermanager:298
[16:28:53.690] [lua] (Currently, there are 1 requests for layer vz_chi_con005_d)  @mrxlayermanager:298
[16:28:53.699] [lua] (Currently, there are 1 requests for layer vz_chi_con006_d)  @mrxlayermanager:298
[16:28:53.709] [lua] (Currently, there are 1 requests for layer vz_chi_con054)  @mrxlayermanager:298
[16:28:53.718] [lua] (Currently, there are 1 requests for layer vz_chi_job001_a)  @mrxlayermanager:298
[16:28:53.727] [lua] (Currently, there are 1 requests for layer vz_chi_job001_b)  @mrxlayermanager:298
[16:28:53.736] [lua] (Currently, there are 1 requests for layer vz_chi_job001_c)  @mrxlayermanager:298
[16:28:53.745] [lua] (Currently, there are 1 requests for layer vz_chi_job001_d)  @mrxlayermanager:298
[16:28:53.754] [lua] (Currently, there are 1 requests for layer vz_chi_job002_a)  @mrxlayermanager:298
[16:28:53.763] [lua] (Currently, there are 1 requests for layer vz_chi_job002_b)  @mrxlayermanager:298
[16:28:53.773] [lua] (Currently, there are 1 requests for layer vz_chi_job002_c)  @mrxlayermanager:298
[16:28:53.782] [lua] (Currently, there are 1 requests for layer vz_chi_job002_d)  @mrxlayermanager:298
[16:28:53.791] [lua] (Currently, there are 1 requests for layer vz_chi_job002_e)  @mrxlayermanager:298
[16:28:53.801] [lua] (Currently, there are 1 requests for layer vz_chi_job006_a)  @mrxlayermanager:298
[16:28:53.810] [lua] (Currently, there are 1 requests for layer vz_chi_job006_b)  @mrxlayermanager:298
[16:28:53.819] [lua] (Currently, there are 1 requests for layer vz_chi_job006_c)  @mrxlayermanager:298
[16:28:53.828] [lua] (Currently, there are 1 requests for layer vz_chi_job006_d)  @mrxlayermanager:298
[16:28:53.838] [lua] (Currently, there are 1 requests for layer vz_chi_job006_e)  @mrxlayermanager:298
[16:28:53.847] [lua] (Currently, there are 1 requests for layer vz_chi_job010_a)  @mrxlayermanager:298
[16:28:53.858] [lua] (Currently, there are 1 requests for layer vz_chi_job010_b)  @mrxlayermanager:298
[16:28:53.867] [lua] (Currently, there are 1 requests for layer vz_chi_job010_c)  @mrxlayermanager:298
[16:28:53.876] [lua] (Currently, there are 1 requests for layer vz_chi_job010_d)  @mrxlayermanager:298
[16:28:53.885] [lua] (Currently, there are 1 requests for layer vz_chi_job010_e)  @mrxlayermanager:298
[16:28:53.895] [lua] (Currently, there are 1 requests for layer vz_commonlocations)  @mrxlayermanager:298
[16:28:53.904] [lua] (Currently, there are 1 requests for layer vz_cum_city)  @mrxlayermanager:298
[16:28:53.913] [lua] (Currently, there are 1 requests for layer vz_cum_billboard)  @mrxlayermanager:298
[16:28:53.922] [lua] (Currently, there are 1 requests for layer vz_cum_margarita)  @mrxlayermanager:298
[16:28:53.931] [lua] (Currently, there are 1 requests for layer vz_cum_outskirt)  @mrxlayermanager:298
[16:28:53.940] [lua] (Currently, there are 1 requests for layer vz_cum_fortress)  @mrxlayermanager:298
[16:28:53.949] [lua] (Currently, there are 1 requests for layer vz_cum_roads)  @mrxlayermanager:298
[16:28:53.960] [lua] (Currently, there are 1 requests for layer vz_cumana_scrub)  @mrxlayermanager:298
[16:28:53.968] [lua] (Currently, there are 1 requests for layer vz_cumana_foilage)  @mrxlayermanager:298
[16:28:53.978] [lua] (Currently, there are 1 requests for layer vz_gua_upperclass)  @mrxlayermanager:298
[16:28:53.987] [lua] (Currently, there are 1 requests for layer vz_gua_billboard)  @mrxlayermanager:298
[16:28:53.996] [lua] (Currently, there are 1 requests for layer vz_guanare_road)  @mrxlayermanager:298
[16:28:54.006] [lua] (Currently, there are 1 requests for layer vz_gua_vzbase)  @mrxlayermanager:298
[16:28:54.015] [lua] (Currently, there are 1 requests for layer vz_gur_base)  @mrxlayermanager:298
[16:28:54.025] [lua] (Currently, there are 1 requests for layer vz_gur_base_mines)  @mrxlayermanager:298
[16:28:54.034] [lua] (Currently, there are 1 requests for layer vz_gur_hq)  @mrxlayermanager:298
[16:28:54.043] [lua] (Currently, there are 1 requests for layer vz_gur_job002_b)  @mrxlayermanager:298
[16:28:54.052] [lua] (Currently, there are 1 requests for layer vz_gur_job002_c)  @mrxlayermanager:298
[16:28:54.061] [lua] (Currently, there are 1 requests for layer vz_gur_job002_d)  @mrxlayermanager:298
[16:28:54.071] [lua] (Currently, there are 1 requests for layer vz_gur_job002_f)  @mrxlayermanager:298
[16:28:54.079] [lua] (Currently, there are 1 requests for layer vz_gur_job002_h)  @mrxlayermanager:298
[16:28:54.089] [lua] (Currently, there are 1 requests for layer vz_gur_job002_j)  @mrxlayermanager:298
[16:28:54.098] [lua] (Currently, there are 1 requests for layer vz_gur_job003)  @mrxlayermanager:298
[16:28:54.107] [lua] (Currently, there are 1 requests for layer vz_gur_job005)  @mrxlayermanager:298
[16:28:54.116] [lua] (Currently, there are 1 requests for layer vz_gur_job008_a)  @mrxlayermanager:298
[16:28:54.125] [lua] (Currently, there are 1 requests for layer vz_gur_job008_b)  @mrxlayermanager:298
[16:28:54.134] [lua] (Currently, there are 1 requests for layer vz_gur_job012_a)  @mrxlayermanager:298
[16:28:54.142] [lua] (Currently, there are 1 requests for layer vz_gur_job012_g)  @mrxlayermanager:298
[16:28:54.152] [lua] (Currently, there are 1 requests for layer vz_gur_job012_i)  @mrxlayermanager:298
[16:28:54.161] [lua] (Currently, there are 1 requests for layer vz_jet_con001)  @mrxlayermanager:298
[16:28:54.170] [lua] (Currently, there are 1 requests for layer vz_jungle_mountain_billboard)  @mrxlayermanager:298
[16:28:54.180] [lua] (Currently, there are 1 requests for layer vz_jungle_mountain_foilage)  @mrxlayermanager:298
[16:28:54.192] [lua] (Currently, there are 1 requests for layer vz_jungle_mountain_road)  @mrxlayermanager:298
[16:28:54.200] [lua] (Currently, there are 1 requests for layer vz_jungle_mountain_scrub)  @mrxlayermanager:298
[16:28:54.209] [lua] (Currently, there are 1 requests for layer vz_landingzone)  @mrxlayermanager:298
[16:28:54.218] [lua] (Currently, there are 1 requests for layer vz_mar_altagracia)  @mrxlayermanager:298
[16:28:54.228] [lua] (Currently, there are 1 requests for layer vz_mar_altagracia_roads)  @mrxlayermanager:298
[16:28:54.237] [lua] (Currently, there are 1 requests for layer vz_mar_city)  @mrxlayermanager:298
[16:28:54.246] [lua] (Currently, there are 1 requests for layer vz_mar_fortress)  @mrxlayermanager:298
[16:28:54.255] [lua] (Currently, there are 1 requests for layer vz_mar_roads)  @mrxlayermanager:298
[16:28:54.264] [lua] (Currently, there are 1 requests for layer vz_mar_billboard)  @mrxlayermanager:298
[16:28:54.273] [lua] (Currently, there are 1 requests for layer vz_mar_foilage)  @mrxlayermanager:298
[16:28:54.282] [lua] (Currently, there are 1 requests for layer vz_mar_scrub)  @mrxlayermanager:298
[16:28:54.291] [lua] (Currently, there are 1 requests for layer vz_mar_industrial)  @mrxlayermanager:298
[16:28:54.300] [lua] (Currently, there are 1 requests for layer vz_mar_industrial_roads)  @mrxlayermanager:298
[16:28:54.309] [lua] (Currently, there are 1 requests for layer vz_mar_outskirt)  @mrxlayermanager:298
[16:28:54.319] [lua] (Currently, there are 1 requests for layer vz_mar_outskirt_roads)  @mrxlayermanager:298
[16:28:54.334] [lua] (Currently, there are 1 requests for layer vz_mar_village)  @mrxlayermanager:298
[16:28:54.346] [lua] (Currently, there are 1 requests for layer vz_mar_village_roads)  @mrxlayermanager:298
[16:28:54.355] [lua] (Currently, there are 1 requests for layer vz_mer_commercial)  @mrxlayermanager:298
[16:28:54.364] [lua] (Currently, there are 1 requests for layer vz_mer_billboard)  @mrxlayermanager:298
[16:28:54.373] [lua] (Currently, there are 1 requests for layer vz_mer_dock)  @mrxlayermanager:298
[16:28:54.382] [lua] (Currently, there are 1 requests for layer vz_mer_outskirt)  @mrxlayermanager:298
[16:28:54.391] [lua] (Currently, there are 1 requests for layer vz_mer_residential)  @mrxlayermanager:298
[16:28:54.401] [lua] (Currently, there are 1 requests for layer vz_mer_white)  @mrxlayermanager:298
[16:28:54.409] [lua] (Currently, there are 1 requests for layer vz_merida_foilage)  @mrxlayermanager:298
[16:28:54.418] [lua] (Currently, there are 1 requests for layer vz_merida_roads)  @mrxlayermanager:298
[16:28:54.428] [lua] (Currently, there are 1 requests for layer vz_merida_scrub)  @mrxlayermanager:298
[16:28:54.437] [lua] (Currently, there are 1 requests for layer vz_oil_job001)  @mrxlayermanager:298
[16:28:54.450] [lua] (Currently, there are 1 requests for layer vz_oil_job002)  @mrxlayermanager:298
[16:28:54.460] [lua] (Currently, there are 1 requests for layer vz_oil_job005)  @mrxlayermanager:298
[16:28:54.469] [lua] (Currently, there are 1 requests for layer vz_oil_job008_d)  @mrxlayermanager:298
[16:28:54.478] [lua] (Currently, there are 1 requests for layer vz_oil_job011_a)  @mrxlayermanager:298
[16:28:54.488] [lua] (Currently, there are 1 requests for layer vz_oil_job011_c)  @mrxlayermanager:298
[16:28:54.497] [lua] (Currently, there are 1 requests for layer vz_oil_job011_e)  @mrxlayermanager:298
[16:28:54.506] [lua] (Currently, there are 1 requests for layer vz_oil_job011_h)  @mrxlayermanager:298
[16:28:54.515] [lua] (Currently, there are 1 requests for layer vz_oil_job011_i)  @mrxlayermanager:298
[16:28:54.524] [lua] (Currently, there are 1 requests for layer vz_oil_job011_j)  @mrxlayermanager:298
[16:28:54.534] [lua] (Currently, there are 1 requests for layer vz_oil_job011_f)  @mrxlayermanager:298
[16:28:54.543] [lua] (Currently, there are 1 requests for layer vz_oil_job011_g)  @mrxlayermanager:298
[16:28:54.551] [lua] (Currently, there are 1 requests for layer vz_pir_hq)  @mrxlayermanager:298
[16:28:54.560] [lua] (Currently, there are 1 requests for layer vz_pir_con003)  @mrxlayermanager:298
[16:28:54.571] [lua] (Currently, there are 1 requests for layer vz_pir_job002_a)  @mrxlayermanager:298
[16:28:54.580] [lua] (Currently, there are 1 requests for layer vz_pir_job002_b)  @mrxlayermanager:298
[16:28:54.589] [lua] (Currently, there are 1 requests for layer vz_pir_job002_c)  @mrxlayermanager:298
[16:28:54.598] [lua] (Currently, there are 1 requests for layer vz_pir_job007_a)  @mrxlayermanager:298
[16:28:54.611] [lua] (Currently, there are 1 requests for layer vz_pir_job012_a)  @mrxlayermanager:298
[16:28:54.620] [lua] (Currently, there are 1 requests for layer vz_pir_job012_b)  @mrxlayermanager:298
[16:28:54.632] [lua] (Currently, there are 1 requests for layer vz_pir_job012_c)  @mrxlayermanager:298
[16:28:54.641] [lua] (Currently, there are 1 requests for layer vz_pir_job012_d)  @mrxlayermanager:298
[16:28:54.650] [lua] (Currently, there are 1 requests for layer vz_pir_job012_e)  @mrxlayermanager:298
[16:28:54.659] [lua] (Currently, there are 1 requests for layer vz_pir_job012_f)  @mrxlayermanager:298
[16:28:54.668] [lua] (Currently, there are 1 requests for layer vz_pir_job012_g)  @mrxlayermanager:298
[16:28:54.678] [lua] (Currently, there are 1 requests for layer vz_pir_job012_h)  @mrxlayermanager:298
[16:28:54.687] [lua] (Currently, there are 1 requests for layer vz_pir_job012_i)  @mrxlayermanager:298
[16:28:54.695] [lua] (Currently, there are 1 requests for layer vz_pir_job012_j)  @mrxlayermanager:298
[16:28:54.705] [lua] (Currently, there are 1 requests for layer vz_pirate_isles_foilage)  @mrxlayermanager:298
[16:28:54.713] [lua] (Currently, there are 1 requests for layer vz_pirate_isles_roads)  @mrxlayermanager:298
[16:28:54.722] [lua] (Currently, there are 1 requests for layer vz_pirate_isles_scrub)  @mrxlayermanager:298
[16:28:54.732] [lua] (Currently, there are 1 requests for layer vz_pmc)  @mrxlayermanager:298
[16:28:54.741] [lua] (Currently, there are 1 requests for layer vz_pmc_roads)  @mrxlayermanager:298
[16:28:54.750] [lua] (Currently, there are 1 requests for layer vz_pmc_scrub)  @mrxlayermanager:298
[16:28:54.759] [lua] (Currently, there are 1 requests for layer vz_pmc_foilage)  @mrxlayermanager:298
[16:28:54.768] [lua] (Currently, there are 1 requests for layer vz_poi_lineregions)  @mrxlayermanager:298
[16:28:54.777] [lua] (Currently, there are 1 requests for layer vz_rover_camera_test)  @mrxlayermanager:298
[16:28:54.786] [lua] (Currently, there are 1 requests for layer vz_sfx_ambience)  @mrxlayermanager:298
[16:28:54.795] [lua] (Currently, there are 1 requests for layer vz_watersounds)  @mrxlayermanager:298
[16:28:54.805] [lua] (Currently, there are 1 requests for layer vz_sol_base)  @mrxlayermanager:298
[16:28:54.814] [lua] (Currently, there are 1 requests for layer vz_start_location)  @mrxlayermanager:298
[16:28:54.823] [lua] (Currently, there are 1 requests for layer vz_teleporter)  @mrxlayermanager:298
[16:28:54.832] [lua] (Currently, there are 1 requests for layer vz_lowresterrain)  @mrxlayermanager:298
[16:28:54.841] [lua] (Currently, there are 1 requests for layer vz_terrain)  @mrxlayermanager:298
[16:28:54.850] [lua] (Currently, there are 1 requests for layer vz_caracas_tiny)  @mrxlayermanager:298
[16:28:54.858] [lua] (Currently, there are 1 requests for layer vz_maracaibo_tiny)  @mrxlayermanager:298
[16:28:54.867] [lua] (Currently, there are 1 requests for layer vz_amazon_tiny)  @mrxlayermanager:298
[16:28:54.877] [lua] (Currently, there are 1 requests for layer vz_angel_falls_tiny)  @mrxlayermanager:298
[16:28:54.886] [lua] (Currently, there are 1 requests for layer vz_jungle_mountain_tiny)  @mrxlayermanager:298
[16:28:54.895] [lua] (Currently, there are 1 requests for layer vz_merida_tiny)  @mrxlayermanager:298
[16:28:54.904] [lua] (Currently, there are 1 requests for layer vz_guanare_tiny)  @mrxlayermanager:298
[16:28:54.913] [lua] (Currently, there are 1 requests for layer vz_cumana_tiny)  @mrxlayermanager:298
[16:28:54.922] [lua] (Currently, there are 1 requests for layer vz_pirate_isles_tiny)  @mrxlayermanager:298
[16:28:54.931] [lua] (Currently, there are 1 requests for layer vz_pmc_tiny)  @mrxlayermanager:298
[16:28:54.943] [lua] (nPendingOps = 170)  @mrxlayermanager:324
[16:28:54.951] [lua] Setting asset request max to 170  @mrxlayermanager:338
[16:28:54.961] [lua] Loading vz_all_job005_d (static: true)  @mrxlayermanager:375
[16:28:54.970] [lua] true	Unable to load layer vz_all_job005_d  @mrxlayermanager:403
[16:28:54.979] [lua] Loading vz_mar_city (static: true)  @mrxlayermanager:375
[16:28:54.989] [lua] true	Unable to load layer vz_mar_city  @mrxlayermanager:403
[16:28:54.998] [lua] Loading vz_caracas_tiny (static: true)  @mrxlayermanager:375
[16:28:55.008] [lua] true	Unable to load layer vz_caracas_tiny  @mrxlayermanager:403
[16:28:55.017] [lua] Loading vz_landingzone (static: true)  @mrxlayermanager:375
[16:28:55.027] [lua] true	Unable to load layer vz_landingzone  @mrxlayermanager:403
[16:28:55.036] [lua] Loading vz_pirate_isles_foilage (static: true)  @mrxlayermanager:375
[16:28:55.045] [lua] true	Unable to load layer vz_pirate_isles_foilage  @mrxlayermanager:403
[16:28:55.056] [lua] Loading vz_mer_white (static: true)  @mrxlayermanager:375
[16:28:55.065] [lua] true	Unable to load layer vz_mer_white  @mrxlayermanager:403
[16:28:55.074] [lua] Loading vz_commonlocations (static: true)  @mrxlayermanager:375
[16:28:55.083] [lua] true	Unable to load layer vz_commonlocations  @mrxlayermanager:403
[16:28:55.092] [lua] Loading vz_terrain (static: true)  @mrxlayermanager:375
[16:28:55.101] [lua] true	Unable to load layer vz_terrain  @mrxlayermanager:403
[16:28:55.111] [lua] Loading vz_oil_job008_d (static: true)  @mrxlayermanager:375
[16:28:55.120] [lua] true	Unable to load layer vz_oil_job008_d  @mrxlayermanager:403
[16:28:55.129] [lua] Loading vz_oil_job001 (static: true)  @mrxlayermanager:375
[16:28:55.138] [lua] true	Unable to load layer vz_oil_job001  @mrxlayermanager:403
[16:28:55.148] [lua]   ----=== # dynamic layers: 	0	 save data: 	238  @mrxlayermanager:560
[16:28:55.159] [lua]   ----=== # culling: 	0	 adding: 	238  @mrxlayermanager:561
[16:28:55.169] [lua] New operation (0 layers)  @mrxlayermanager:181
[16:28:55.178] [lua] After culling, 0 layers in operation  @mrxlayermanager:250
[16:28:55.188] [lua] New operation (238 layers)  @mrxlayermanager:181
[16:28:55.197] [lua] After culling, 238 layers in operation  @mrxlayermanager:250
[16:28:55.208] [lua] Adding new request (2): adding 238 layers  @mrxlayermanager:281
[16:28:55.217] [lua] (Currently, there are 1 requests for layer vz_state_all_fuel_amazon)  @mrxlayermanager:298
[16:28:55.227] [lua] (Currently, there are 1 requests for layer vz_state_all_hq_structures)  @mrxlayermanager:298
[16:28:55.237] [lua] (Currently, there are 1 requests for layer vz_state_allcon001_pristine)  @mrxlayermanager:298
[16:28:55.246] [lua] (Currently, there are 1 requests for layer vz_state_allcon002_boats)  @mrxlayermanager:298
[16:28:55.256] [lua] (Currently, there are 1 requests for layer vz_state_allcon002_mlrs)  @mrxlayermanager:298
[16:28:55.265] [lua] (Currently, there are 1 requests for layer vz_state_allcon002_officers)  @mrxlayermanager:298
[16:28:55.275] [lua] (Currently, there are 1 requests for layer vz_state_allcon003_and_chicon003_pristine)  @mrxlayermanager:298
[16:28:55.284] [lua] (Currently, there are 1 requests for layer vz_state_alljob001_01_captured)  @mrxlayermanager:298
[16:28:55.294] [lua] (Currently, there are 1 requests for layer vz_state_alljob001_01_pristine)  @mrxlayermanager:298
[16:28:55.304] [lua] (Currently, there are 1 requests for layer vz_state_alljob001_02_pristine)  @mrxlayermanager:298
[16:28:55.313] [lua] (Currently, there are 1 requests for layer vz_state_alljob001_03_captured)  @mrxlayermanager:298
[16:28:55.322] [lua] (Currently, there are 1 requests for layer vz_state_alljob001_03_pristine)  @mrxlayermanager:298
[16:28:55.332] [lua] (Currently, there are 1 requests for layer vz_state_alljob001_04_captured)  @mrxlayermanager:298
[16:28:55.341] [lua] (Currently, there are 1 requests for layer vz_state_alljob001_04_pristine)  @mrxlayermanager:298
[16:28:55.350] [lua] (Currently, there are 1 requests for layer vz_state_alljob002_01_pristine)  @mrxlayermanager:298
[16:28:55.361] [lua] (Currently, there are 1 requests for layer vz_state_alljob002_01_staging)  @mrxlayermanager:298
[16:28:55.370] [lua] (Currently, there are 1 requests for layer vz_state_alljob002_02_pristine)  @mrxlayermanager:298
[16:28:55.380] [lua] (Currently, there are 1 requests for layer vz_state_alljob002_02_staging)  @mrxlayermanager:298
[16:28:55.389] [lua] (Currently, there are 1 requests for layer vz_state_alljob002_03_pristine)  @mrxlayermanager:298
[16:28:55.398] [lua] (Currently, there are 1 requests for layer vz_state_alljob002_03_staging)  @mrxlayermanager:298
[16:28:55.409] [lua] (Currently, there are 1 requests for layer vz_state_alljob002_04_pristine)  @mrxlayermanager:298
[16:28:55.418] [lua] (Currently, there are 1 requests for layer vz_state_alljob002_04_staging)  @mrxlayermanager:298
[16:28:55.428] [lua] (Currently, there are 1 requests for layer vz_state_alljob002_05_pristine)  @mrxlayermanager:298
[16:28:55.437] [lua] (Currently, there are 1 requests for layer vz_state_alljob002_05_staging)  @mrxlayermanager:298
[16:28:55.447] [lua] (Currently, there are 1 requests for layer vz_state_alljob005_01_destroyed)  @mrxlayermanager:298
[16:28:55.459] [lua] (Currently, there are 1 requests for layer vz_state_alljob005_02_destroyed)  @mrxlayermanager:298
[16:28:55.468] [lua] (Currently, there are 1 requests for layer vz_state_alljob005_03_destroyed)  @mrxlayermanager:298
[16:28:55.478] [lua] (Currently, there are 1 requests for layer vz_state_alljob005_04_destroyed)  @mrxlayermanager:298
[16:28:55.487] [lua] (Currently, there are 1 requests for layer vz_state_alljob005_05_destroyed)  @mrxlayermanager:298
[16:28:55.496] [lua] (Currently, there are 1 requests for layer vz_state_alljob009_01_destroyed)  @mrxlayermanager:298
[16:28:55.506] [lua] (Currently, there are 1 requests for layer vz_state_alljob009_01_pristine)  @mrxlayermanager:298
[16:28:55.514] [lua] (Currently, there are 1 requests for layer vz_state_alljob009_02_destroyed)  @mrxlayermanager:298
[16:28:55.524] [lua] (Currently, there are 1 requests for layer vz_state_alljob009_02_pristine)  @mrxlayermanager:298
[16:28:55.533] [lua] (Currently, there are 1 requests for layer vz_state_alljob009_03_destroyed)  @mrxlayermanager:298
[16:28:55.542] [lua] (Currently, there are 1 requests for layer vz_state_alljob009_03_pristine)  @mrxlayermanager:298
[16:28:55.551] [lua] (Currently, there are 1 requests for layer vz_state_alljob009_04_destroyed)  @mrxlayermanager:298
[16:28:55.560] [lua] (Currently, there are 1 requests for layer vz_state_alljob009_04_pristine)  @mrxlayermanager:298
[16:28:55.568] [lua] (Currently, there are 1 requests for layer vz_state_alljob009_05_destroyed)  @mrxlayermanager:298
[16:28:55.578] [lua] (Currently, there are 1 requests for layer vz_state_alljob009_05_pristine)  @mrxlayermanager:298
[16:28:55.588] [lua] (Currently, there are 1 requests for layer vz_state_alljob010_02_pristine)  @mrxlayermanager:298
[16:28:55.597] [lua] (Currently, there are 1 requests for layer vz_state_alljob010_03_pristine)  @mrxlayermanager:298
[16:28:55.606] [lua] (Currently, there are 1 requests for layer vz_state_alljob010_04_pristine)  @mrxlayermanager:298
[16:28:55.616] [lua] (Currently, there are 1 requests for layer vz_state_alljob010_05_pristine)  @mrxlayermanager:298
[16:28:55.624] [lua] (Currently, there are 1 requests for layer vz_state_amazon_act2)  @mrxlayermanager:298
[16:28:55.633] [lua] (Currently, there are 1 requests for layer vz_state_angel_falls_act1)  @mrxlayermanager:298
[16:28:55.643] [lua] (Currently, there are 1 requests for layer vz_state_car_big_lineregion)  @mrxlayermanager:298
[16:28:55.652] [lua] (Currently, there are 1 requests for layer vz_state_car_city_act1)  @mrxlayermanager:298
[16:28:55.662] [lua] (Currently, there are 1 requests for layer vz_state_car_city_act2chi)  @mrxlayermanager:298
[16:28:55.671] [lua] (Currently, there are 1 requests for layer vz_state_car_city_act2chi_staging)  @mrxlayermanager:298
[16:28:55.680] [lua] (Currently, there are 1 requests for layer vz_state_car_city_pristine)  @mrxlayermanager:298
[16:28:55.690] [lua] (Currently, there are 1 requests for layer vz_state_car_shanty_act1)  @mrxlayermanager:298
[16:28:55.698] [lua] (Currently, there are 1 requests for layer vz_state_cashpickups)  @mrxlayermanager:298
[16:28:55.708] [lua] (Currently, there are 1 requests for layer vz_state_chi_fuel_amazon)  @mrxlayermanager:298
[16:28:55.718] [lua] (Currently, there are 1 requests for layer vz_state_chi_hq_structures)  @mrxlayermanager:298
[16:28:55.727] [lua] (Currently, there are 1 requests for layer vz_state_chicon001_pristine)  @mrxlayermanager:298
[16:28:55.736] [lua] (Currently, there are 1 requests for layer vz_state_chicon002_bridge_destroyed)  @mrxlayermanager:298
[16:28:55.746] [lua] (Currently, there are 1 requests for layer vz_state_chicon002_depot_destroyed)  @mrxlayermanager:298
[16:28:55.755] [lua] (Currently, there are 1 requests for layer vz_state_chicon002_hq_destroyed)  @mrxlayermanager:298
[16:28:55.764] [lua] (Currently, there are 1 requests for layer vz_state_chicon005_a_pristine)  @mrxlayermanager:298
[16:28:55.773] [lua] (Currently, there are 1 requests for layer vz_state_chicon005_b_pristine)  @mrxlayermanager:298
[16:28:55.786] [lua] (Currently, there are 1 requests for layer vz_state_chicon005_c_pristine)  @mrxlayermanager:298
[16:28:55.795] [lua] (Currently, there are 1 requests for layer vz_state_chicon006_a_pristine)  @mrxlayermanager:298
[16:28:55.805] [lua] (Currently, there are 1 requests for layer vz_state_chicon006_b_pristine)  @mrxlayermanager:298
[16:28:55.814] [lua] (Currently, there are 1 requests for layer vz_state_chicon006_c_pristine)  @mrxlayermanager:298
[16:28:55.823] [lua] (Currently, there are 1 requests for layer vz_state_chicon054_pristine)  @mrxlayermanager:298
[16:28:55.832] [lua] (Currently, there are 1 requests for layer vz_state_chicon054_staging)  @mrxlayermanager:298
[16:28:55.843] [lua] (Currently, there are 1 requests for layer vz_state_chijob001_01_captured)  @mrxlayermanager:298
[16:28:55.851] [lua] (Currently, there are 1 requests for layer vz_state_chijob001_01_pristine)  @mrxlayermanager:298
[16:28:55.861] [lua] (Currently, there are 1 requests for layer vz_state_chijob001_02_captured)  @mrxlayermanager:298
[16:28:55.870] [lua] (Currently, there are 1 requests for layer vz_state_chijob001_02_pristine)  @mrxlayermanager:298
[16:28:55.879] [lua] (Currently, there are 1 requests for layer vz_state_chijob001_03_pristine)  @mrxlayermanager:298
[16:28:55.888] [lua] (Currently, there are 1 requests for layer vz_state_chijob001_03_staging)  @mrxlayermanager:298
[16:28:55.898] [lua] (Currently, there are 1 requests for layer vz_state_chijob001_04_captured)  @mrxlayermanager:298
[16:28:55.906] [lua] (Currently, there are 1 requests for layer vz_state_chijob001_04_pristine)  @mrxlayermanager:298
[16:28:55.915] [lua] (Currently, there are 1 requests for layer vz_state_chijob002_01_pristine)  @mrxlayermanager:298
[16:28:55.925] [lua] (Currently, there are 1 requests for layer vz_state_chijob002_01_staging)  @mrxlayermanager:298
[16:28:55.934] [lua] (Currently, there are 1 requests for layer vz_state_chijob002_02_pristine)  @mrxlayermanager:298
[16:28:55.943] [lua] (Currently, there are 1 requests for layer vz_state_chijob002_02_staging)  @mrxlayermanager:298
[16:28:55.952] [lua] (Currently, there are 1 requests for layer vz_state_chijob002_03_pristine)  @mrxlayermanager:298
[16:28:55.967] [lua] (Currently, there are 1 requests for layer vz_state_chijob002_03_staging)  @mrxlayermanager:298
[16:28:55.976] [lua] (Currently, there are 1 requests for layer vz_state_chijob002_04_pristine)  @mrxlayermanager:298
[16:28:55.985] [lua] (Currently, there are 1 requests for layer vz_state_chijob002_05_pristine)  @mrxlayermanager:298
[16:28:55.994] [lua] (Currently, there are 1 requests for layer vz_state_chijob005_a_destroyed)  @mrxlayermanager:298
[16:28:56.004] [lua] (Currently, there are 1 requests for layer vz_state_chijob005_b_destroyed)  @mrxlayermanager:298
[16:28:56.014] [lua] (Currently, there are 1 requests for layer vz_state_chijob005_c_destroyed)  @mrxlayermanager:298
[16:28:56.024] [lua] (Currently, there are 1 requests for layer vz_state_chijob005_d_destroyed)  @mrxlayermanager:298
[16:28:56.033] [lua] (Currently, there are 1 requests for layer vz_state_chijob005_e_destroyed)  @mrxlayermanager:298
[16:28:56.042] [lua] (Currently, there are 1 requests for layer vz_state_chijob005_f_destroyed)  @mrxlayermanager:298
[16:28:56.051] [lua] (Currently, there are 1 requests for layer vz_state_chijob005_g_destroyed)  @mrxlayermanager:298
[16:28:56.061] [lua] (Currently, there are 1 requests for layer vz_state_chijob006_a_destroyed)  @mrxlayermanager:298
[16:28:56.070] [lua] (Currently, there are 1 requests for layer vz_state_chijob006_b_destroyed)  @mrxlayermanager:298
[16:28:56.080] [lua] (Currently, there are 1 requests for layer vz_state_chijob006_c_destroyed)  @mrxlayermanager:298
[16:28:56.089] [lua] (Currently, there are 1 requests for layer vz_state_chijob006_d_destroyed)  @mrxlayermanager:298
[16:28:56.098] [lua] (Currently, there are 1 requests for layer vz_state_chijob006_e_destroyed)  @mrxlayermanager:298
[16:28:56.108] [lua] (Currently, there are 1 requests for layer vz_state_chijob009_a_destroyed)  @mrxlayermanager:298
[16:28:56.117] [lua] (Currently, there are 1 requests for layer vz_state_chijob010_01_pristine)  @mrxlayermanager:298
[16:28:56.126] [lua] (Currently, there are 1 requests for layer vz_state_chijob010_02_pristine)  @mrxlayermanager:298
[16:28:56.136] [lua] (Currently, there are 1 requests for layer vz_state_chijob010_04_pristine)  @mrxlayermanager:298
[16:28:56.145] [lua] (Currently, there are 1 requests for layer vz_state_cumana_act1chi)  @mrxlayermanager:298
[16:28:56.154] [lua] (Currently, there are 1 requests for layer vz_state_cumana_act2chi)  @mrxlayermanager:298
[16:28:56.163] [lua] (Currently, there are 1 requests for layer vz_state_gua_upperclass_pristine)  @mrxlayermanager:298
[16:28:56.173] [lua] (Currently, there are 1 requests for layer vz_state_guanare_act1)  @mrxlayermanager:298
[16:28:56.182] [lua] (Currently, there are 1 requests for layer vz_state_gur_fuel_junglemountains)  @mrxlayermanager:298
[16:28:56.191] [lua] (Currently, there are 1 requests for layer vz_state_gurcon001_fortress_destroyed)  @mrxlayermanager:298
[16:28:56.201] [lua] (Currently, there are 1 requests for layer vz_state_gurcon002_pristine)  @mrxlayermanager:298
[16:28:56.210] [lua] (Currently, there are 1 requests for layer vz_state_gurcon003_med)  @mrxlayermanager:298
[16:28:56.219] [lua] (Currently, there are 1 requests for layer vz_state_gurcon005_airportdefbase)  @mrxlayermanager:298
[16:28:56.235] [lua] (Currently, there are 1 requests for layer vz_state_gurcon005_depot)  @mrxlayermanager:298
[16:28:56.244] [lua] (Currently, there are 1 requests for layer vz_state_gurcon005_junglebase)  @mrxlayermanager:298
[16:28:56.253] [lua] (Currently, there are 1 requests for layer vz_state_gurhq_act1)  @mrxlayermanager:298
[16:28:56.263] [lua] (Currently, there are 1 requests for layer vz_state_gurjob002_01_pristine)  @mrxlayermanager:298
[16:28:56.273] [lua] (Currently, there are 1 requests for layer vz_state_gurjob002_02_pristine)  @mrxlayermanager:298
[16:28:56.282] [lua] (Currently, there are 1 requests for layer vz_state_gurjob002_03_pristine)  @mrxlayermanager:298
[16:28:56.291] [lua] (Currently, there are 1 requests for layer vz_state_gurjob002_04_pristine)  @mrxlayermanager:298
[16:28:56.300] [lua] (Currently, there are 1 requests for layer vz_state_gurjob002_05_pristine)  @mrxlayermanager:298
[16:28:56.309] [lua] (Currently, there are 1 requests for layer vz_state_gurjob003_captured)  @mrxlayermanager:298
[16:28:56.318] [lua] (Currently, there are 1 requests for layer vz_state_gurjob003_pristine)  @mrxlayermanager:298
[16:28:56.327] [lua] (Currently, there are 1 requests for layer vz_state_gurjob005_captured)  @mrxlayermanager:298
[16:28:56.335] [lua] (Currently, there are 1 requests for layer vz_state_gurjob006)  @mrxlayermanager:298
[16:28:56.345] [lua] (Currently, there are 1 requests for layer vz_state_gurjob007_01_destroyed)  @mrxlayermanager:298
[16:28:56.355] [lua] (Currently, there are 1 requests for layer vz_state_gurjob007_02_destroyed)  @mrxlayermanager:298
[16:28:56.364] [lua] (Currently, there are 1 requests for layer vz_state_gurjob007_03_destroyed)  @mrxlayermanager:298
[16:28:56.373] [lua] (Currently, there are 1 requests for layer vz_state_gurjob008_01_captured)  @mrxlayermanager:298
[16:28:56.382] [lua] (Currently, there are 1 requests for layer vz_state_gurjob008_01_pristine)  @mrxlayermanager:298
[16:28:56.391] [lua] (Currently, there are 1 requests for layer vz_state_gurjob008_02_captured)  @mrxlayermanager:298
[16:28:56.400] [lua] (Currently, there are 1 requests for layer vz_state_gurjob008_02_pristine)  @mrxlayermanager:298
[16:28:56.410] [lua] (Currently, there are 1 requests for layer vz_state_gurjob011_01_destroyed)  @mrxlayermanager:298
[16:28:56.423] [lua] (Currently, there are 1 requests for layer vz_state_gurjob011_02_destroyed)  @mrxlayermanager:298
[16:28:56.432] [lua] (Currently, there are 1 requests for layer vz_state_gurjob011_03_destroyed)  @mrxlayermanager:298
[16:28:56.441] [lua] (Currently, there are 1 requests for layer vz_state_gurjob011_04_destroyed)  @mrxlayermanager:298
[16:28:56.449] [lua] (Currently, there are 1 requests for layer vz_state_gurjob011_05_destroyed)  @mrxlayermanager:298
[16:28:56.459] [lua] (Currently, there are 1 requests for layer vz_state_gurjob011_06_destroyed)  @mrxlayermanager:298
[16:28:56.468] [lua] (Currently, there are 1 requests for layer vz_state_gurjob011_07_destroyed)  @mrxlayermanager:298
[16:28:56.477] [lua] (Currently, there are 1 requests for layer vz_state_gurjob011_08_destroyed)  @mrxlayermanager:298
[16:28:56.486] [lua] (Currently, there are 1 requests for layer vz_state_gurjob011_09_destroyed)  @mrxlayermanager:298
[16:28:56.496] [lua] (Currently, there are 1 requests for layer vz_state_gurjob011_10_destroyed)  @mrxlayermanager:298
[16:28:56.505] [lua] (Currently, there are 1 requests for layer vz_state_gurjob012_01_pristine)  @mrxlayermanager:298
[16:28:56.513] [lua] (Currently, there are 1 requests for layer vz_state_gurjob012_02_pristine)  @mrxlayermanager:298
[16:28:56.522] [lua] (Currently, there are 1 requests for layer vz_state_gurjob012_03_pristine)  @mrxlayermanager:298
[16:28:56.532] [lua] (Currently, there are 1 requests for layer vz_state_gurjob012_04_pristine)  @mrxlayermanager:298
[16:28:56.541] [lua] (Currently, there are 1 requests for layer vz_state_gurjob012_05_pristine)  @mrxlayermanager:298
[16:28:56.549] [lua] (Currently, there are 1 requests for layer vz_state_jetcon001_copterattack)  @mrxlayermanager:298
[16:28:56.559] [lua] (Currently, there are 1 requests for layer vz_state_jetcon001_post)  @mrxlayermanager:298
[16:28:56.568] [lua] (Currently, there are 1 requests for layer vz_state_jungle_mountain_act2)  @mrxlayermanager:298
[16:28:56.583] [lua] (Currently, there are 1 requests for layer vz_state_mar_altagracia_act2)  @mrxlayermanager:298
[16:28:56.592] [lua] (Currently, there are 1 requests for layer vz_state_mar_big_lineregion)  @mrxlayermanager:298
[16:28:56.601] [lua] (Currently, there are 1 requests for layer vz_state_mar_city_act1)  @mrxlayermanager:298
[16:28:56.610] [lua] (Currently, there are 1 requests for layer vz_state_mar_city_act3)  @mrxlayermanager:298
[16:28:56.622] [lua] (Currently, there are 1 requests for layer vz_state_mar_city_ruined)  @mrxlayermanager:298
[16:28:56.630] [lua] (Currently, there are 1 requests for layer vz_state_mar_industrial_act3)  @mrxlayermanager:298
[16:28:56.640] [lua] (Currently, there are 1 requests for layer vz_state_mar_industrial_pristine)  @mrxlayermanager:298
[16:28:56.649] [lua] (Currently, there are 1 requests for layer vz_state_mar_outskirt_act2)  @mrxlayermanager:298
[16:28:56.658] [lua] (Currently, there are 1 requests for layer vz_state_mar_village_act1)  @mrxlayermanager:298
[16:28:56.667] [lua] (Currently, there are 1 requests for layer vz_state_margarita_act2)  @mrxlayermanager:298
[16:28:56.677] [lua] (Currently, there are 1 requests for layer vz_state_margarita_crash)  @mrxlayermanager:298
[16:28:56.686] [lua] (Currently, there are 1 requests for layer vz_state_mer_big_lineregion)  @mrxlayermanager:298
[16:28:56.694] [lua] (Currently, there are 1 requests for layer vz_state_mer_commercialpristine)  @mrxlayermanager:298
[16:28:56.704] [lua] (Currently, there are 1 requests for layer vz_state_merida_act2)  @mrxlayermanager:298
[16:28:56.713] [lua] (Currently, there are 1 requests for layer vz_state_merida_act2_helo)  @mrxlayermanager:298
[16:28:56.723] [lua] (Currently, there are 1 requests for layer vz_state_munitions_freeplay)  @mrxlayermanager:298
[16:28:56.731] [lua] (Currently, there are 1 requests for layer vz_state_oc_depot)  @mrxlayermanager:298
[16:28:56.741] [lua] (Currently, there are 1 requests for layer vz_state_oc_depot_pristine)  @mrxlayermanager:298
[16:28:56.750] [lua] (Currently, there are 1 requests for layer vz_state_ocgate_dynamic)  @mrxlayermanager:298
[16:28:56.760] [lua] (Currently, there are 1 requests for layer vz_state_oil_fuel_maroutskirts)  @mrxlayermanager:298
[16:28:56.770] [lua] (Currently, there are 1 requests for layer vz_state_oilcon001_post)  @mrxlayermanager:298
[16:28:56.778] [lua] (Currently, there are 1 requests for layer vz_state_oilcon002_pristine)  @mrxlayermanager:298
[16:28:56.788] [lua] (Currently, there are 1 requests for layer vz_state_oiljob001_captured)  @mrxlayermanager:298
[16:28:56.797] [lua] (Currently, there are 1 requests for layer vz_state_oiljob001_pristine)  @mrxlayermanager:298
[16:28:56.810] [lua] (Currently, there are 1 requests for layer vz_state_oiljob002_captured)  @mrxlayermanager:298
[16:28:56.818] [lua] (Currently, there are 1 requests for layer vz_state_oiljob002_pristine)  @mrxlayermanager:298
[16:28:56.828] [lua] (Currently, there are 1 requests for layer vz_state_oiljob004)  @mrxlayermanager:298
[16:28:56.838] [lua] (Currently, there are 1 requests for layer vz_state_oiljob005_captured)  @mrxlayermanager:298
[16:28:56.847] [lua] (Currently, there are 1 requests for layer vz_state_oiljob005_pristine)  @mrxlayermanager:298
[16:28:56.856] [lua] (Currently, there are 1 requests for layer vz_state_oiljob008_a_pristine)  @mrxlayermanager:298
[16:28:56.865] [lua] (Currently, there are 1 requests for layer vz_state_oiljob008_a_staging)  @mrxlayermanager:298
[16:28:56.874] [lua] (Currently, there are 1 requests for layer vz_state_oiljob008_b_destroyed)  @mrxlayermanager:298
[16:28:56.883] [lua] (Currently, there are 1 requests for layer vz_state_oiljob008_c_destroyed)  @mrxlayermanager:298
[16:28:56.892] [lua] (Currently, there are 1 requests for layer vz_state_oiljob008_d_ruined)  @mrxlayermanager:298
[16:28:56.901] [lua] (Currently, there are 1 requests for layer vz_state_oiljob008_i_pristine)  @mrxlayermanager:298
[16:28:56.910] [lua] (Currently, there are 1 requests for layer vz_state_oiljob008_k_ruined)  @mrxlayermanager:298
[16:28:56.920] [lua] (Currently, there are 1 requests for layer vz_state_oiljob008_l_ruined)  @mrxlayermanager:298
[16:28:56.928] [lua] (Currently, there are 1 requests for layer vz_state_oiljob008_m_ruined)  @mrxlayermanager:298
[16:28:56.938] [lua] (Currently, there are 1 requests for layer vz_state_oiljob011_01_pristine)  @mrxlayermanager:298
[16:28:56.947] [lua] (Currently, there are 1 requests for layer vz_state_oiljob011_02_pristine)  @mrxlayermanager:298
[16:28:56.956] [lua] (Currently, there are 1 requests for layer vz_state_oiljob011_03_pristine)  @mrxlayermanager:298
[16:28:56.965] [lua] (Currently, there are 1 requests for layer vz_state_oiljob011_04_pristine)  @mrxlayermanager:298
[16:28:56.975] [lua] (Currently, there are 1 requests for layer vz_state_oiljob011_05_pristine)  @mrxlayermanager:298
[16:28:56.984] [lua] (Currently, there are 1 requests for layer vz_state_oiljob012_01_pristine)  @mrxlayermanager:298
[16:28:56.993] [lua] (Currently, there are 1 requests for layer vz_state_oiljob012_01_staging)  @mrxlayermanager:298
[16:28:57.001] [lua] (Currently, there are 1 requests for layer vz_state_oiljob012_02_pristine)  @mrxlayermanager:298
[16:28:57.011] [lua] (Currently, there are 1 requests for layer vz_state_oiljob012_02_staging)  @mrxlayermanager:298
[16:28:57.019] [lua] (Currently, there are 1 requests for layer vz_state_oiljob012_03_pristine)  @mrxlayermanager:298
[16:28:57.028] [lua] (Currently, there are 1 requests for layer vz_state_oiljob012_03_staging)  @mrxlayermanager:298
[16:28:57.038] [lua] (Currently, there are 1 requests for layer vz_state_oiljob012_04_pristine)  @mrxlayermanager:298
[16:28:57.047] [lua] (Currently, there are 1 requests for layer vz_state_oiljob012_04_staging)  @mrxlayermanager:298
[16:28:57.057] [lua] (Currently, there are 1 requests for layer vz_state_oiljob012_05_pristine)  @mrxlayermanager:298
[16:28:57.066] [lua] (Currently, there are 1 requests for layer vz_state_oiljob012_05_staging)  @mrxlayermanager:298
[16:28:57.075] [lua] (Currently, there are 1 requests for layer vz_state_pircon004_pristine)  @mrxlayermanager:298
[16:28:57.084] [lua] (Currently, there are 1 requests for layer vz_state_pirjob002_01_captured)  @mrxlayermanager:298
[16:28:57.093] [lua] (Currently, there are 1 requests for layer vz_state_pirjob002_02_captured)  @mrxlayermanager:298
[16:28:57.104] [lua] (Currently, there are 1 requests for layer vz_state_pirjob002_02_pristine)  @mrxlayermanager:298
[16:28:57.113] [lua] (Currently, there are 1 requests for layer vz_state_pirjob002_03_captured)  @mrxlayermanager:298
[16:28:57.122] [lua] (Currently, there are 1 requests for layer vz_state_pirjob002_03_pristine)  @mrxlayermanager:298
[16:28:57.131] [lua] (Currently, there are 1 requests for layer vz_state_pirjob007_a_destroyed)  @mrxlayermanager:298
[16:28:57.140] [lua] (Currently, there are 1 requests for layer vz_state_pirjob007_b_destroyed)  @mrxlayermanager:298
[16:28:57.149] [lua] (Currently, there are 1 requests for layer vz_state_pirjob007_c_destroyed)  @mrxlayermanager:298
[16:28:57.158] [lua] (Currently, there are 1 requests for layer vz_state_pirjob007_e_pristine)  @mrxlayermanager:298
[16:28:57.167] [lua] (Currently, there are 1 requests for layer vz_state_pirjob007_e_staging)  @mrxlayermanager:298
[16:28:57.176] [lua] (Currently, there are 1 requests for layer vz_state_pirjob007_f_destroyed)  @mrxlayermanager:298
[16:28:57.185] [lua] (Currently, there are 1 requests for layer vz_state_pirjob007_g_destroyed)  @mrxlayermanager:298
[16:28:57.194] [lua] (Currently, there are 1 requests for layer vz_state_pirjob010_01_destroyed)  @mrxlayermanager:298
[16:28:57.203] [lua] (Currently, there are 1 requests for layer vz_state_pirjob010_02_destroyed)  @mrxlayermanager:298
[16:28:57.213] [lua] (Currently, there are 1 requests for layer vz_state_pirjob010_03_destroyed)  @mrxlayermanager:298
[16:28:57.223] [lua] (Currently, there are 1 requests for layer vz_state_pirjob011_01_destroyed)  @mrxlayermanager:298
[16:28:57.232] [lua] (Currently, there are 1 requests for layer vz_state_pirjob011_02_destroyed)  @mrxlayermanager:298
[16:28:57.243] [lua] (Currently, there are 1 requests for layer vz_state_pirjob011_03_destroyed)  @mrxlayermanager:298
[16:28:57.252] [lua] (Currently, there are 1 requests for layer vz_state_pirjob012_01_pristine)  @mrxlayermanager:298
[16:28:57.261] [lua] (Currently, there are 1 requests for layer vz_state_pirjob012_02_pristine)  @mrxlayermanager:298
[16:28:57.270] [lua] (Currently, there are 1 requests for layer vz_state_pirjob012_03_pristine)  @mrxlayermanager:298
[16:28:57.280] [lua] (Currently, there are 1 requests for layer vz_state_pirjob012_05_pristine)  @mrxlayermanager:298
[16:28:57.289] [lua] (Currently, there are 1 requests for layer vz_state_pirjob012_06_pristine)  @mrxlayermanager:298
[16:28:57.304] [lua] (Currently, there are 1 requests for layer vz_state_pirjob012_07_pristine)  @mrxlayermanager:298
[16:28:57.313] [lua] (Currently, there are 1 requests for layer vz_state_pirjob012_08_pristine)  @mrxlayermanager:298
[16:28:57.323] [lua] (Currently, there are 1 requests for layer vz_state_pirjob012_09_pristine)  @mrxlayermanager:298
[16:28:57.332] [lua] (Currently, there are 1 requests for layer vz_state_pirjob012_10_pristine)  @mrxlayermanager:298
[16:28:57.342] [lua] (Currently, there are 1 requests for layer vz_state_pmc)  @mrxlayermanager:298
[16:28:57.350] [lua] (Currently, there are 1 requests for layer vz_state_pmc_act1)  @mrxlayermanager:298
[16:28:57.359] [lua] (Currently, there are 1 requests for layer vz_state_pmc_livedin)  @mrxlayermanager:298
[16:28:57.368] [lua] (Currently, there are 1 requests for layer vz_state_pmccon002_blanco)  @mrxlayermanager:298
[16:28:57.378] [lua] (Currently, there are 1 requests for layer vz_state_sol_bunker)  @mrxlayermanager:298
[16:28:57.392] [lua] (Currently, there are 1 requests for layer vz_state_staging_all_hq)  @mrxlayermanager:298
[16:28:57.401] [lua] (Currently, there are 1 requests for layer vz_state_staging_chi_hq)  @mrxlayermanager:298
[16:28:57.410] [lua] (Currently, there are 1 requests for layer vz_state_staging_pirhq)  @mrxlayermanager:298
[16:28:57.424] [lua] (Currently, there are 1 requests for layer vz_state_vza_con001)  @mrxlayermanager:298
[16:28:57.434] [lua] (Currently, there are 1 requests for layer vz_state_vza_con001_post)  @mrxlayermanager:298
[16:28:57.443] [lua] (Currently, there are 1 requests for layer vz_state_vzacon001_pregate1)  @mrxlayermanager:298
[16:28:57.452] [lua] (Currently, there are 1 requests for layer vz_state_vzacon001_pregate2)  @mrxlayermanager:298
[16:28:57.462] [lua] (Currently, there are 1 requests for layer vz_state_vzacon001_ruined)  @mrxlayermanager:298
[16:28:57.471] [lua] (nPendingOps = 408)  @mrxlayermanager:324
[16:28:57.480] [lua] Setting asset request max to 408  @mrxlayermanager:338
[16:28:57.948] [lua] Request fulfilled: Load layer vz_all_job005_d (static: nil)  @mrxlayermanager:446
[16:28:57.958] [lua] Layer request 1: 1 of 170 complete  @mrxlayermanager:479
[16:28:57.967] [lua] Culling op for layer vz_all_job005_d!  @mrxlayermanager:318
[16:28:57.977] [lua] (nPendingOps = 407)  @mrxlayermanager:324
[16:28:57.986] [lua] Loading vz_state_gurjob012_02_pristine (static: false)  @mrxlayermanager:375
[16:28:57.995] [lua] true	Unable to load layer vz_state_gurjob012_02_pristine  @mrxlayermanager:403
[16:28:58.004] [lua] Request fulfilled: Load layer vz_mar_city (static: nil)  @mrxlayermanager:446
[16:28:58.013] [lua] Layer request 1: 2 of 170 complete  @mrxlayermanager:479
[16:28:58.024] [lua] Culling op for layer vz_mar_city!  @mrxlayermanager:318
[16:28:58.033] [lua] (nPendingOps = 406)  @mrxlayermanager:324
[16:28:58.042] [lua] Loading vz_state_car_city_pristine (static: false)  @mrxlayermanager:375
[16:28:58.051] [lua] true	Unable to load layer vz_state_car_city_pristine  @mrxlayermanager:403
[16:28:58.061] [lua] Request fulfilled: Load layer vz_caracas_tiny (static: nil)  @mrxlayermanager:446
[16:28:58.069] [lua] Layer request 1: 3 of 170 complete  @mrxlayermanager:479
[16:28:58.079] [lua] Culling op for layer vz_caracas_tiny!  @mrxlayermanager:318
[16:28:58.089] [lua] (nPendingOps = 405)  @mrxlayermanager:324
[16:28:58.098] [lua] Loading vz_state_pirjob007_a_destroyed (static: false)  @mrxlayermanager:375
[16:28:58.108] [lua] true	Unable to load layer vz_state_pirjob007_a_destroyed  @mrxlayermanager:403
[16:28:58.118] [lua] Request fulfilled: Load layer vz_landingzone (static: nil)  @mrxlayermanager:446
[16:28:58.128] [lua] Layer request 1: 4 of 170 complete  @mrxlayermanager:479
[16:28:58.137] [lua] Culling op for layer vz_landingzone!  @mrxlayermanager:318
[16:28:58.149] [lua] (nPendingOps = 404)  @mrxlayermanager:324
[16:28:58.158] [lua] Loading vz_state_chijob005_c_destroyed (static: false)  @mrxlayermanager:375
[16:28:58.167] [lua] true	Unable to load layer vz_state_chijob005_c_destroyed  @mrxlayermanager:403
[16:28:58.176] [lua] Request fulfilled: Load layer vz_pirate_isles_foilage (static: nil)  @mrxlayermanager:446
[16:28:58.185] [lua] Layer request 1: 5 of 170 complete  @mrxlayermanager:479
[16:28:58.195] [lua] Culling op for layer vz_pirate_isles_foilage!  @mrxlayermanager:318
[16:28:58.205] [lua] (nPendingOps = 403)  @mrxlayermanager:324
[16:28:58.215] [lua] Loading vz_state_sol_bunker (static: false)  @mrxlayermanager:375
[16:28:58.226] [lua] true	Unable to load layer vz_state_sol_bunker  @mrxlayermanager:403
[16:28:58.235] [lua] Request fulfilled: Load layer vz_mer_white (static: nil)  @mrxlayermanager:446
[16:28:58.244] [lua] Layer request 1: 6 of 170 complete  @mrxlayermanager:479
[16:28:58.253] [lua] Culling op for layer vz_mer_white!  @mrxlayermanager:318
[16:28:58.262] [lua] (nPendingOps = 402)  @mrxlayermanager:324
[16:28:58.272] [lua] Loading vz_state_gurcon005_airportdefbase (static: false)  @mrxlayermanager:375
[16:28:58.281] [lua] true	Unable to load layer vz_state_gurcon005_airportdefbase  @mrxlayermanager:403
[16:28:58.290] [lua] Request fulfilled: Load layer vz_commonlocations (static: nil)  @mrxlayermanager:446
[16:28:58.299] [lua] Layer request 1: 7 of 170 complete  @mrxlayermanager:479
[16:28:58.309] [lua] Culling op for layer vz_commonlocations!  @mrxlayermanager:318
[16:28:58.322] [lua] (nPendingOps = 401)  @mrxlayermanager:324
[16:28:58.331] [lua] Loading vz_state_pmc_act1 (static: false)  @mrxlayermanager:375
[16:28:58.340] [lua] true	Unable to load layer vz_state_pmc_act1  @mrxlayermanager:403
[16:28:58.349] [lua] Request fulfilled: Load layer vz_terrain (static: nil)  @mrxlayermanager:446
[16:28:58.359] [lua] Layer request 1: 8 of 170 complete  @mrxlayermanager:479
[16:28:58.368] [lua] Culling op for layer vz_terrain!  @mrxlayermanager:318
[16:28:58.378] [lua] (nPendingOps = 400)  @mrxlayermanager:324
[16:28:58.386] [lua] Loading vz_merida_roads (static: true)  @mrxlayermanager:375
[16:28:58.396] [lua] true	Unable to load layer vz_merida_roads  @mrxlayermanager:403
[16:28:58.405] [lua] Request fulfilled: Load layer vz_oil_job008_d (static: nil)  @mrxlayermanager:446
[16:28:58.414] [lua] Layer request 1: 9 of 170 complete  @mrxlayermanager:479
[16:28:58.423] [lua] Culling op for layer vz_oil_job008_d!  @mrxlayermanager:318
[16:28:58.433] [lua] (nPendingOps = 399)  @mrxlayermanager:324
[16:28:58.442] [lua] Loading vz_state_vzacon001_pregate1 (static: false)  @mrxlayermanager:375
[16:28:58.451] [lua] true	Unable to load layer vz_state_vzacon001_pregate1  @mrxlayermanager:403
[16:28:58.461] [lua] Request fulfilled: Load layer vz_oil_job001 (static: nil)  @mrxlayermanager:446
[16:28:58.470] [lua] Layer request 1: 10 of 170 complete  @mrxlayermanager:479
[16:28:58.481] [lua] Culling op for layer vz_oil_job001!  @mrxlayermanager:318
[16:28:58.490] [lua] (nPendingOps = 398)  @mrxlayermanager:324
[16:28:58.499] [lua] Loading vz_pir_hq (static: true)  @mrxlayermanager:375
[16:28:58.508] [lua] true	Unable to load layer vz_pir_hq  @mrxlayermanager:403
[16:28:58.522] [lua] Request fulfilled: Load layer vz_merida_roads (static: nil)  @mrxlayermanager:446
[16:28:58.531] [lua] Layer request 1: 11 of 170 complete  @mrxlayermanager:479
[16:28:58.541] [lua] Culling op for layer vz_merida_roads!  @mrxlayermanager:318
[16:28:58.550] [lua] (nPendingOps = 397)  @mrxlayermanager:324
[16:28:58.559] [lua] Loading vz_maracaibo_tiny (static: true)  @mrxlayermanager:375
[16:28:58.569] [lua] true	Unable to load layer vz_maracaibo_tiny  @mrxlayermanager:403
[16:28:58.579] [lua] Request fulfilled: Load layer vz_pir_hq (static: nil)  @mrxlayermanager:446
[16:28:58.588] [lua] Layer request 1: 12 of 170 complete  @mrxlayermanager:479
[16:28:58.599] [lua] Culling op for layer vz_pir_hq!  @mrxlayermanager:318
[16:28:58.609] [lua] (nPendingOps = 396)  @mrxlayermanager:324
[16:28:58.618] [lua] Loading vz_cumana_scrub (static: true)  @mrxlayermanager:375
[16:28:58.627] [lua] true	Unable to load layer vz_cumana_scrub  @mrxlayermanager:403
[16:28:58.638] [lua] Request fulfilled: Load layer vz_state_gurjob012_02_pristine (static: nil)  @mrxlayermanager:446
[16:28:58.648] [lua] Layer request 2: 1 of 238 complete  @mrxlayermanager:479
[16:28:58.660] [lua] Culling op for layer vz_state_gurjob012_02_pristine!  @mrxlayermanager:318
[16:28:58.669] [lua] (nPendingOps = 395)  @mrxlayermanager:324
[16:28:58.678] [lua] Loading vz_chi_job006_d (static: true)  @mrxlayermanager:375
[16:28:58.688] [lua] true	Unable to load layer vz_chi_job006_d  @mrxlayermanager:403
[16:28:58.697] [lua] Request fulfilled: Load layer vz_maracaibo_tiny (static: nil)  @mrxlayermanager:446
[16:28:58.706] [lua] Layer request 1: 13 of 170 complete  @mrxlayermanager:479
[16:28:58.716] [lua] Culling op for layer vz_maracaibo_tiny!  @mrxlayermanager:318
[16:28:58.725] [lua] (nPendingOps = 394)  @mrxlayermanager:324
[16:28:58.734] [lua] Loading vz_state_merida_act2_helo (static: false)  @mrxlayermanager:375
[16:28:58.744] [lua] true	Unable to load layer vz_state_merida_act2_helo  @mrxlayermanager:403
[16:28:58.753] [lua] Request fulfilled: Load layer vz_cumana_scrub (static: nil)  @mrxlayermanager:446
[16:28:58.762] [lua] Layer request 1: 14 of 170 complete  @mrxlayermanager:479
[16:28:58.774] [lua] Culling op for layer vz_cumana_scrub!  @mrxlayermanager:318
[16:28:58.784] [lua] (nPendingOps = 393)  @mrxlayermanager:324
[16:28:58.793] [lua] Loading vz_state_chijob002_03_pristine (static: false)  @mrxlayermanager:375
[16:28:58.803] [lua] true	Unable to load layer vz_state_chijob002_03_pristine  @mrxlayermanager:403
[16:28:58.816] [lua] Request fulfilled: Load layer vz_chi_job006_d (static: nil)  @mrxlayermanager:446
[16:28:58.825] [lua] Layer request 1: 15 of 170 complete  @mrxlayermanager:479
[16:28:58.835] [lua] Culling op for layer vz_chi_job006_d!  @mrxlayermanager:318
[16:28:58.845] [lua] (nPendingOps = 392)  @mrxlayermanager:324
[16:28:58.854] [lua] Loading vz_state_oiljob008_d_ruined (static: false)  @mrxlayermanager:375
[16:28:58.864] [lua] true	Unable to load layer vz_state_oiljob008_d_ruined  @mrxlayermanager:403
[16:28:58.874] [lua] Request fulfilled: Load layer vz_state_pirjob007_a_destroyed (static: nil)  @mrxlayermanager:446
[16:28:58.883] [lua] Layer request 2: 2 of 238 complete  @mrxlayermanager:479
[16:28:58.894] [lua] Culling op for layer vz_state_pirjob007_a_destroyed!  @mrxlayermanager:318
[16:28:58.903] [lua] (nPendingOps = 391)  @mrxlayermanager:324
[16:28:58.919] [lua] Loading vz_state_gurjob008_02_captured (static: false)  @mrxlayermanager:375
[16:28:58.928] [lua] true	Unable to load layer vz_state_gurjob008_02_captured  @mrxlayermanager:403
[16:28:58.939] [lua] Request fulfilled: Load layer vz_state_pmc_act1 (static: nil)  @mrxlayermanager:446
[16:28:58.949] [lua] Layer request 2: 3 of 238 complete  @mrxlayermanager:479
[16:28:58.960] [lua] Culling op for layer vz_state_pmc_act1!  @mrxlayermanager:318
[16:28:58.969] [lua] (nPendingOps = 390)  @mrxlayermanager:324
[16:28:58.978] [lua] Loading vz_state_chijob010_01_pristine (static: false)  @mrxlayermanager:375
[16:28:58.987] [lua] true	Unable to load layer vz_state_chijob010_01_pristine  @mrxlayermanager:403
[16:28:58.999] [lua] Request fulfilled: Load layer vz_state_gurjob008_02_captured (static: nil)  @mrxlayermanager:446
[16:28:59.012] [lua] Layer request 2: 4 of 238 complete  @mrxlayermanager:479
[16:28:59.021] [lua] Culling op for layer vz_state_gurjob008_02_captured!  @mrxlayermanager:318
[16:28:59.030] [lua] (nPendingOps = 389)  @mrxlayermanager:324
[16:28:59.040] [lua] Loading vz_state_alljob002_04_staging (static: false)  @mrxlayermanager:375
[16:28:59.049] [lua] true	Unable to load layer vz_state_alljob002_04_staging  @mrxlayermanager:403
[16:28:59.060] [lua] Request fulfilled: Load layer vz_state_merida_act2_helo (static: nil)  @mrxlayermanager:446
[16:28:59.069] [lua] Layer request 2: 5 of 238 complete  @mrxlayermanager:479
[16:28:59.078] [lua] Culling op for layer vz_state_merida_act2_helo!  @mrxlayermanager:318
[16:28:59.087] [lua] (nPendingOps = 388)  @mrxlayermanager:324
[16:28:59.097] [lua] Loading vz_pir_job012_g (static: true)  @mrxlayermanager:375
[16:28:59.107] [lua] true	Unable to load layer vz_pir_job012_g  @mrxlayermanager:403
[16:28:59.117] [lua] Request fulfilled: Load layer vz_pir_job012_g (static: nil)  @mrxlayermanager:446
[16:28:59.127] [lua] Layer request 1: 16 of 170 complete  @mrxlayermanager:479
[16:28:59.136] [lua] Culling op for layer vz_pir_job012_g!  @mrxlayermanager:318
[16:28:59.146] [lua] (nPendingOps = 387)  @mrxlayermanager:324
[16:28:59.155] [lua] Loading vz_state_chi_hq_structures (static: false)  @mrxlayermanager:375
[16:28:59.164] [lua] true	Unable to load layer vz_state_chi_hq_structures  @mrxlayermanager:403
[16:28:59.174] [lua] Request fulfilled: Load layer vz_state_vzacon001_pregate1 (static: nil)  @mrxlayermanager:446
[16:28:59.183] [lua] Layer request 2: 6 of 238 complete  @mrxlayermanager:479
[16:28:59.192] [lua] Culling op for layer vz_state_vzacon001_pregate1!  @mrxlayermanager:318
[16:28:59.201] [lua] (nPendingOps = 386)  @mrxlayermanager:324
[16:28:59.210] [lua] Loading vz_all_job010_a (static: true)  @mrxlayermanager:375
[16:28:59.219] [lua] true	Unable to load layer vz_all_job010_a  @mrxlayermanager:403
[16:28:59.236] [lua] Request fulfilled: Load layer vz_state_car_city_pristine (static: nil)  @mrxlayermanager:446
[16:28:59.245] [lua] Layer request 2: 7 of 238 complete  @mrxlayermanager:479
[16:28:59.254] [lua] Culling op for layer vz_state_car_city_pristine!  @mrxlayermanager:318
[16:28:59.265] [lua] (nPendingOps = 385)  @mrxlayermanager:324
[16:28:59.274] [lua] Loading vz_state_chijob005_f_destroyed (static: false)  @mrxlayermanager:375
[16:28:59.283] [lua] true	Unable to load layer vz_state_chijob005_f_destroyed  @mrxlayermanager:403
[16:28:59.292] [lua] Request fulfilled: Load layer vz_all_job010_a (static: nil)  @mrxlayermanager:446
[16:28:59.301] [lua] Layer request 1: 17 of 170 complete  @mrxlayermanager:479
[16:28:59.312] [lua] Culling op for layer vz_all_job010_a!  @mrxlayermanager:318
[16:28:59.321] [lua] (nPendingOps = 384)  @mrxlayermanager:324
[16:28:59.331] [lua] Loading vz_state_gurcon002_pristine (static: false)  @mrxlayermanager:375
[16:28:59.342] [lua] true	Unable to load layer vz_state_gurcon002_pristine  @mrxlayermanager:403
[16:28:59.353] [lua] Request fulfilled: Load layer vz_state_gurcon005_airportdefbase (static: nil)  @mrxlayermanager:446
[16:28:59.363] [lua] Layer request 2: 8 of 238 complete  @mrxlayermanager:479
[16:28:59.373] [lua] Culling op for layer vz_state_gurcon005_airportdefbase!  @mrxlayermanager:318
[16:28:59.382] [lua] (nPendingOps = 383)  @mrxlayermanager:324
[16:28:59.392] [lua] Loading vz_state_pirjob010_02_destroyed (static: false)  @mrxlayermanager:375
[16:28:59.401] [lua] true	Unable to load layer vz_state_pirjob010_02_destroyed  @mrxlayermanager:403
[16:28:59.413] [lua] Request fulfilled: Load layer vz_state_sol_bunker (static: nil)  @mrxlayermanager:446
[16:28:59.421] [lua] Layer request 2: 9 of 238 complete  @mrxlayermanager:479
[16:28:59.433] [lua] Culling op for layer vz_state_sol_bunker!  @mrxlayermanager:318
[16:28:59.442] [lua] (nPendingOps = 382)  @mrxlayermanager:324
[16:28:59.451] [lua] Loading vz_state_gurjob007_03_destroyed (static: false)  @mrxlayermanager:375
[16:28:59.464] [lua] true	Unable to load layer vz_state_gurjob007_03_destroyed  @mrxlayermanager:403
[16:28:59.478] [lua] Request fulfilled: Load layer vz_state_chijob002_03_pristine (static: nil)  @mrxlayermanager:446
[16:28:59.491] [lua] Layer request 2: 10 of 238 complete  @mrxlayermanager:479
[16:28:59.502] [lua] Culling op for layer vz_state_chijob002_03_pristine!  @mrxlayermanager:318
[16:28:59.511] [lua] (nPendingOps = 381)  @mrxlayermanager:324
[16:28:59.520] [lua] Loading vz_state_gurjob008_02_pristine (static: false)  @mrxlayermanager:375
[16:28:59.530] [lua] true	Unable to load layer vz_state_gurjob008_02_pristine  @mrxlayermanager:403
[16:28:59.553] [lua] Request fulfilled: Load layer vz_state_pirjob010_02_destroyed (static: nil)  @mrxlayermanager:446
[16:28:59.562] [lua] Layer request 2: 11 of 238 complete  @mrxlayermanager:479
[16:28:59.575] [lua] Culling op for layer vz_state_pirjob010_02_destroyed!  @mrxlayermanager:318
[16:28:59.584] [lua] (nPendingOps = 380)  @mrxlayermanager:324
[16:28:59.596] [lua] Loading vz_boundary_regions (static: true)  @mrxlayermanager:375
[16:28:59.609] [lua] true	Unable to load layer vz_boundary_regions  @mrxlayermanager:403
[16:28:59.620] [lua] Request fulfilled: Load layer vz_boundary_regions (static: nil)  @mrxlayermanager:446
[16:28:59.634] [lua] Layer request 1: 18 of 170 complete  @mrxlayermanager:479
[16:28:59.644] [lua] Culling op for layer vz_boundary_regions!  @mrxlayermanager:318
[16:28:59.655] [lua] (nPendingOps = 379)  @mrxlayermanager:324
[16:28:59.664] [lua] Loading vz_state_allcon001_pristine (static: false)  @mrxlayermanager:375
[16:28:59.674] [lua] true	Unable to load layer vz_state_allcon001_pristine  @mrxlayermanager:403
[16:28:59.686] [lua] Request fulfilled: Load layer vz_state_chijob005_c_destroyed (static: nil)  @mrxlayermanager:446
[16:28:59.695] [lua] Layer request 2: 12 of 238 complete  @mrxlayermanager:479
[16:28:59.705] [lua] Culling op for layer vz_state_chijob005_c_destroyed!  @mrxlayermanager:318
[16:28:59.717] [lua] (nPendingOps = 378)  @mrxlayermanager:324
[16:28:59.729] [lua] Loading vz_state_alljob002_05_staging (static: false)  @mrxlayermanager:375
[16:28:59.739] [lua] true	Unable to load layer vz_state_alljob002_05_staging  @mrxlayermanager:403
[16:28:59.750] [lua] Request fulfilled: Load layer vz_state_gurjob007_03_destroyed (static: nil)  @mrxlayermanager:446
[16:28:59.759] [lua] Layer request 2: 13 of 238 complete  @mrxlayermanager:479
[16:28:59.768] [lua] Culling op for layer vz_state_gurjob007_03_destroyed!  @mrxlayermanager:318
[16:28:59.780] [lua] (nPendingOps = 377)  @mrxlayermanager:324
[16:28:59.794] [lua] Loading vz_gua_vzbase (static: true)  @mrxlayermanager:375
[16:28:59.809] [lua] true	Unable to load layer vz_gua_vzbase  @mrxlayermanager:403
[16:28:59.826] [lua] Request fulfilled: Load layer vz_state_alljob002_04_staging (static: nil)  @mrxlayermanager:446
[16:28:59.835] [lua] Layer request 2: 14 of 238 complete  @mrxlayermanager:479
[16:28:59.844] [lua] Culling op for layer vz_state_alljob002_04_staging!  @mrxlayermanager:318
[16:28:59.853] [lua] (nPendingOps = 376)  @mrxlayermanager:324
[16:28:59.863] [lua] Loading vz_cum_margarita (static: true)  @mrxlayermanager:375
[16:28:59.871] [lua] true	Unable to load layer vz_cum_margarita  @mrxlayermanager:403
[16:28:59.885] [lua] Request fulfilled: Load layer vz_gua_vzbase (static: nil)  @mrxlayermanager:446
[16:28:59.894] [lua] Layer request 1: 19 of 170 complete  @mrxlayermanager:479
[16:28:59.903] [lua] Culling op for layer vz_gua_vzbase!  @mrxlayermanager:318
[16:28:59.913] [lua] (nPendingOps = 375)  @mrxlayermanager:324
[16:28:59.922] [lua] Loading vz_state_oc_depot_pristine (static: false)  @mrxlayermanager:375
[16:28:59.931] [lua] true	Unable to load layer vz_state_oc_depot_pristine  @mrxlayermanager:403
[16:28:59.942] [lua] Request fulfilled: Load layer vz_cum_margarita (static: nil)  @mrxlayermanager:446
[16:28:59.951] [lua] Layer request 1: 20 of 170 complete  @mrxlayermanager:479
[16:28:59.960] [lua] Culling op for layer vz_cum_margarita!  @mrxlayermanager:318
[16:28:59.970] [lua] (nPendingOps = 374)  @mrxlayermanager:324
[16:28:59.979] [lua] Loading vz_state_alljob005_04_destroyed (static: false)  @mrxlayermanager:375
[16:28:59.988] [lua] true	Unable to load layer vz_state_alljob005_04_destroyed  @mrxlayermanager:403
[16:28:59.997] [lua] Request fulfilled: Load layer vz_state_chijob010_01_pristine (static: nil)  @mrxlayermanager:446
[16:29:00.006] [lua] Layer request 2: 15 of 238 complete  @mrxlayermanager:479
[16:29:00.016] [lua] Culling op for layer vz_state_chijob010_01_pristine!  @mrxlayermanager:318
[16:29:00.027] [lua] (nPendingOps = 373)  @mrxlayermanager:324
[16:29:00.036] [lua] Loading vz_state_alljob001_02_pristine (static: false)  @mrxlayermanager:375
[16:29:00.048] [lua] true	Unable to load layer vz_state_alljob001_02_pristine  @mrxlayermanager:403
[16:29:00.061] [lua] Request fulfilled: Load layer vz_state_alljob002_05_staging (static: nil)  @mrxlayermanager:446
[16:29:00.070] [lua] Layer request 2: 16 of 238 complete  @mrxlayermanager:479
[16:29:00.079] [lua] Culling op for layer vz_state_alljob002_05_staging!  @mrxlayermanager:318
[16:29:00.089] [lua] (nPendingOps = 372)  @mrxlayermanager:324
[16:29:00.098] [lua] Loading vz_gur_job002_c (static: true)  @mrxlayermanager:375
[16:29:00.107] [lua] true	Unable to load layer vz_gur_job002_c  @mrxlayermanager:403
[16:29:00.117] [lua] Request fulfilled: Load layer vz_state_chijob005_f_destroyed (static: nil)  @mrxlayermanager:446
[16:29:00.131] [lua] Layer request 2: 17 of 238 complete  @mrxlayermanager:479
[16:29:00.141] [lua] Culling op for layer vz_state_chijob005_f_destroyed!  @mrxlayermanager:318
[16:29:00.150] [lua] (nPendingOps = 371)  @mrxlayermanager:324
[16:29:00.159] [lua] Loading vz_watersounds (static: true)  @mrxlayermanager:375
[16:29:00.168] [lua] true	Unable to load layer vz_watersounds  @mrxlayermanager:403
[16:29:00.177] [lua] Request fulfilled: Load layer vz_gur_job002_c (static: nil)  @mrxlayermanager:446
[16:29:00.186] [lua] Layer request 1: 21 of 170 complete  @mrxlayermanager:479
[16:29:00.196] [lua] Culling op for layer vz_gur_job002_c!  @mrxlayermanager:318
[16:29:00.205] [lua] (nPendingOps = 370)  @mrxlayermanager:324
[16:29:00.214] [lua] Loading vz_state_gurcon001_fortress_destroyed (static: false)  @mrxlayermanager:375
[16:29:00.223] [lua] true	Unable to load layer vz_state_gurcon001_fortress_destroyed  @mrxlayermanager:403
[16:29:00.234] [lua] Request fulfilled: Load layer vz_state_oiljob008_d_ruined (static: nil)  @mrxlayermanager:446
[16:29:00.243] [lua] Layer request 2: 18 of 238 complete  @mrxlayermanager:479
[16:29:00.252] [lua] Culling op for layer vz_state_oiljob008_d_ruined!  @mrxlayermanager:318
[16:29:00.261] [lua] (nPendingOps = 369)  @mrxlayermanager:324
[16:29:00.270] [lua] Loading vz_mar_foilage (static: true)  @mrxlayermanager:375
[16:29:00.280] [lua] true	Unable to load layer vz_mar_foilage  @mrxlayermanager:403
[16:29:00.288] [lua] Request fulfilled: Load layer vz_watersounds (static: nil)  @mrxlayermanager:446
[16:29:00.298] [lua] Layer request 1: 22 of 170 complete  @mrxlayermanager:479
[16:29:00.308] [lua] Culling op for layer vz_watersounds!  @mrxlayermanager:318
[16:29:00.317] [lua] (nPendingOps = 368)  @mrxlayermanager:324
[16:29:00.326] [lua] Loading vz_state_gurcon005_junglebase (static: false)  @mrxlayermanager:375
[16:29:00.336] [lua] true	Unable to load layer vz_state_gurcon005_junglebase  @mrxlayermanager:403
[16:29:00.347] [lua] Request fulfilled: Load layer vz_mar_foilage (static: nil)  @mrxlayermanager:446
[16:29:00.356] [lua] Layer request 1: 23 of 170 complete  @mrxlayermanager:479
[16:29:00.366] [lua] Culling op for layer vz_mar_foilage!  @mrxlayermanager:318
[16:29:00.375] [lua] (nPendingOps = 367)  @mrxlayermanager:324
[16:29:00.390] [lua] Loading vz_pir_job012_f (static: true)  @mrxlayermanager:375
[16:29:00.399] [lua] true	Unable to load layer vz_pir_job012_f  @mrxlayermanager:403
[16:29:00.408] [lua] Request fulfilled: Load layer vz_state_chi_hq_structures (static: nil)  @mrxlayermanager:446
[16:29:00.417] [lua] Layer request 2: 19 of 238 complete  @mrxlayermanager:479
[16:29:00.426] [lua] Culling op for layer vz_state_chi_hq_structures!  @mrxlayermanager:318
[16:29:00.440] [lua] (nPendingOps = 366)  @mrxlayermanager:324
[16:29:00.450] [lua] Loading vz_pirate_isles_roads (static: true)  @mrxlayermanager:375
[16:29:00.460] [lua] true	Unable to load layer vz_pirate_isles_roads  @mrxlayermanager:403
[16:29:00.472] [lua] Request fulfilled: Load layer vz_pir_job012_f (static: nil)  @mrxlayermanager:446
[16:29:00.482] [lua] Layer request 1: 24 of 170 complete  @mrxlayermanager:479
[16:29:00.491] [lua] Culling op for layer vz_pir_job012_f!  @mrxlayermanager:318
[16:29:00.501] [lua] (nPendingOps = 365)  @mrxlayermanager:324
[16:29:00.510] [lua] Loading vz_mar_fortress (static: true)  @mrxlayermanager:375
[16:29:00.518] [lua] true	Unable to load layer vz_mar_fortress  @mrxlayermanager:403
[16:29:00.528] [lua] Request fulfilled: Load layer vz_state_gurcon005_junglebase (static: nil)  @mrxlayermanager:446
[16:29:00.537] [lua] Layer request 2: 20 of 238 complete  @mrxlayermanager:479
[16:29:00.546] [lua] Culling op for layer vz_state_gurcon005_junglebase!  @mrxlayermanager:318
[16:29:00.556] [lua] (nPendingOps = 364)  @mrxlayermanager:324
[16:29:00.565] [lua] Loading vz_state_pmc (static: false)  @mrxlayermanager:375
[16:29:00.575] [lua] true	Unable to load layer vz_state_pmc  @mrxlayermanager:403
[16:29:00.585] [lua] Request fulfilled: Load layer vz_pirate_isles_roads (static: nil)  @mrxlayermanager:446
[16:29:00.595] [lua] Layer request 1: 25 of 170 complete  @mrxlayermanager:479
[16:29:00.604] [lua] Culling op for layer vz_pirate_isles_roads!  @mrxlayermanager:318
[16:29:00.613] [lua] (nPendingOps = 363)  @mrxlayermanager:324
[16:29:00.622] [lua] Loading vz_all_job002_c (static: true)  @mrxlayermanager:375
[16:29:00.632] [lua] true	Unable to load layer vz_all_job002_c  @mrxlayermanager:403
[16:29:00.642] [lua] Request fulfilled: Load layer vz_mar_fortress (static: nil)  @mrxlayermanager:446
[16:29:00.651] [lua] Layer request 1: 26 of 170 complete  @mrxlayermanager:479
[16:29:00.660] [lua] Culling op for layer vz_mar_fortress!  @mrxlayermanager:318
[16:29:00.669] [lua] (nPendingOps = 362)  @mrxlayermanager:324
[16:29:00.680] [lua] Loading vz_state_oiljob001_pristine (static: false)  @mrxlayermanager:375
[16:29:00.688] [lua] true	Unable to load layer vz_state_oiljob001_pristine  @mrxlayermanager:403
[16:29:00.697] [lua] Request fulfilled: Load layer vz_state_allcon001_pristine (static: nil)  @mrxlayermanager:446
[16:29:00.706] [lua] Layer request 2: 21 of 238 complete  @mrxlayermanager:479
[16:29:00.716] [lua] Culling op for layer vz_state_allcon001_pristine!  @mrxlayermanager:318
[16:29:00.725] [lua] (nPendingOps = 361)  @mrxlayermanager:324
[16:29:00.734] [lua] Loading vz_state_mar_city_act3 (static: false)  @mrxlayermanager:375
[16:29:00.744] [lua] true	Unable to load layer vz_state_mar_city_act3  @mrxlayermanager:403
[16:29:00.753] [lua] Request fulfilled: Load layer vz_all_job002_c (static: nil)  @mrxlayermanager:446
[16:29:00.763] [lua] Layer request 1: 27 of 170 complete  @mrxlayermanager:479
[16:29:00.772] [lua] Culling op for layer vz_all_job002_c!  @mrxlayermanager:318
[16:29:00.781] [lua] (nPendingOps = 360)  @mrxlayermanager:324
[16:29:00.790] [lua] Loading vz_state_car_big_lineregion (static: false)  @mrxlayermanager:375
[16:29:00.799] [lua] true	Unable to load layer vz_state_car_big_lineregion  @mrxlayermanager:403
[16:29:00.810] [lua] Request fulfilled: Load layer vz_state_gurcon002_pristine (static: nil)  @mrxlayermanager:446
[16:29:00.820] [lua] Layer request 2: 22 of 238 complete  @mrxlayermanager:479
[16:29:00.829] [lua] Culling op for layer vz_state_gurcon002_pristine!  @mrxlayermanager:318
[16:29:00.839] [lua] (nPendingOps = 359)  @mrxlayermanager:324
[16:29:00.848] [lua] Loading vz_state_angel_falls_act1 (static: false)  @mrxlayermanager:375
[16:29:00.857] [lua] true	Unable to load layer vz_state_angel_falls_act1  @mrxlayermanager:403
[16:29:00.868] [lua] Request fulfilled: Load layer vz_state_alljob001_02_pristine (static: nil)  @mrxlayermanager:446
[16:29:00.877] [lua] Layer request 2: 23 of 238 complete  @mrxlayermanager:479
[16:29:00.886] [lua] Culling op for layer vz_state_alljob001_02_pristine!  @mrxlayermanager:318
[16:29:00.896] [lua] (nPendingOps = 358)  @mrxlayermanager:324
[16:29:00.905] [lua] Loading vz_state_staging_all_hq (static: false)  @mrxlayermanager:375
[16:29:00.914] [lua] true	Unable to load layer vz_state_staging_all_hq  @mrxlayermanager:403
[16:29:00.925] [lua] Request fulfilled: Load layer vz_state_gurjob008_02_pristine (static: nil)  @mrxlayermanager:446
[16:29:00.934] [lua] Layer request 2: 24 of 238 complete  @mrxlayermanager:479
[16:29:00.943] [lua] Culling op for layer vz_state_gurjob008_02_pristine!  @mrxlayermanager:318
[16:29:00.952] [lua] (nPendingOps = 357)  @mrxlayermanager:324
[16:29:00.962] [lua] Loading vz_merida_scrub (static: true)  @mrxlayermanager:375
[16:29:00.971] [lua] true	Unable to load layer vz_merida_scrub  @mrxlayermanager:403
[16:29:00.989] [lua] Request fulfilled: Load layer vz_state_oc_depot_pristine (static: nil)  @mrxlayermanager:446
[16:29:00.998] [lua] Layer request 2: 25 of 238 complete  @mrxlayermanager:479
[16:29:01.007] [lua] Culling op for layer vz_state_oc_depot_pristine!  @mrxlayermanager:318
[16:29:01.016] [lua] (nPendingOps = 356)  @mrxlayermanager:324
[16:29:01.027] [lua] Loading vz_gur_job002_b (static: true)  @mrxlayermanager:375
[16:29:01.036] [lua] true	Unable to load layer vz_gur_job002_b  @mrxlayermanager:403
[16:29:01.045] [lua] Request fulfilled: Load layer vz_merida_scrub (static: nil)  @mrxlayermanager:446
[16:29:01.054] [lua] Layer request 1: 28 of 170 complete  @mrxlayermanager:479
[16:29:01.064] [lua] Culling op for layer vz_merida_scrub!  @mrxlayermanager:318
[16:29:01.074] [lua] (nPendingOps = 355)  @mrxlayermanager:324
[16:29:01.084] [lua] Loading vz_state_alljob002_02_pristine (static: false)  @mrxlayermanager:375
[16:29:01.093] [lua] true	Unable to load layer vz_state_alljob002_02_pristine  @mrxlayermanager:403
[16:29:01.103] [lua] Request fulfilled: Load layer vz_gur_job002_b (static: nil)  @mrxlayermanager:446
[16:29:01.115] [lua] Layer request 1: 29 of 170 complete  @mrxlayermanager:479
[16:29:01.124] [lua] Culling op for layer vz_gur_job002_b!  @mrxlayermanager:318
[16:29:01.133] [lua] (nPendingOps = 354)  @mrxlayermanager:324
[16:29:01.142] [lua] Loading vz_state_pirjob007_e_pristine (static: false)  @mrxlayermanager:375
[16:29:01.157] [lua] true	Unable to load layer vz_state_pirjob007_e_pristine  @mrxlayermanager:403
[16:29:01.173] [lua] Request fulfilled: Load layer vz_state_car_big_lineregion (static: nil)  @mrxlayermanager:446
[16:29:01.182] [lua] Layer request 2: 26 of 238 complete  @mrxlayermanager:479
[16:29:01.192] [lua] Culling op for layer vz_state_car_big_lineregion!  @mrxlayermanager:318
[16:29:01.201] [lua] (nPendingOps = 353)  @mrxlayermanager:324
[16:29:01.210] [lua] Loading vz_oil_job011_i (static: true)  @mrxlayermanager:375
[16:29:01.218] [lua] true	Unable to load layer vz_oil_job011_i  @mrxlayermanager:403
[16:29:01.229] [lua] Request fulfilled: Load layer vz_state_alljob005_04_destroyed (static: nil)  @mrxlayermanager:446
[16:29:01.238] [lua] Layer request 2: 27 of 238 complete  @mrxlayermanager:479
[16:29:01.253] [lua] Culling op for layer vz_state_alljob005_04_destroyed!  @mrxlayermanager:318
[16:29:01.267] [lua] (nPendingOps = 352)  @mrxlayermanager:324
[16:29:01.282] [lua] Loading vz_angel_falls_road (static: true)  @mrxlayermanager:375
[16:29:01.291] [lua] true	Unable to load layer vz_angel_falls_road  @mrxlayermanager:403
[16:29:01.300] [lua] Request fulfilled: Load layer vz_oil_job011_i (static: nil)  @mrxlayermanager:446
[16:29:01.309] [lua] Layer request 1: 30 of 170 complete  @mrxlayermanager:479
[16:29:01.318] [lua] Culling op for layer vz_oil_job011_i!  @mrxlayermanager:318
[16:29:01.327] [lua] (nPendingOps = 351)  @mrxlayermanager:324
[16:29:01.336] [lua] Loading vz_chi_job002_b (static: true)  @mrxlayermanager:375
[16:29:01.345] [lua] true	Unable to load layer vz_chi_job002_b  @mrxlayermanager:403
[16:29:01.360] [lua] Request fulfilled: Load layer vz_angel_falls_road (static: nil)  @mrxlayermanager:446
[16:29:01.376] [lua] Layer request 1: 31 of 170 complete  @mrxlayermanager:479
[16:29:01.392] [lua] Culling op for layer vz_angel_falls_road!  @mrxlayermanager:318
[16:29:01.403] [lua] (nPendingOps = 350)  @mrxlayermanager:324
[16:29:01.414] [lua] Loading vz_all_job005_a (static: true)  @mrxlayermanager:375
[16:29:01.423] [lua] true	Unable to load layer vz_all_job005_a  @mrxlayermanager:403
[16:29:01.432] [lua] Request fulfilled: Load layer vz_state_staging_all_hq (static: nil)  @mrxlayermanager:446
[16:29:01.441] [lua] Layer request 2: 28 of 238 complete  @mrxlayermanager:479
[16:29:01.450] [lua] Culling op for layer vz_state_staging_all_hq!  @mrxlayermanager:318
[16:29:01.459] [lua] (nPendingOps = 349)  @mrxlayermanager:324
[16:29:01.468] [lua] Loading vz_state_oiljob008_a_pristine (static: false)  @mrxlayermanager:375
[16:29:01.478] [lua] true	Unable to load layer vz_state_oiljob008_a_pristine  @mrxlayermanager:403
[16:29:01.486] [lua] Request fulfilled: Load layer vz_chi_job002_b (static: nil)  @mrxlayermanager:446
[16:29:01.496] [lua] Layer request 1: 32 of 170 complete  @mrxlayermanager:479
[16:29:01.505] [lua] Culling op for layer vz_chi_job002_b!  @mrxlayermanager:318
[16:29:01.515] [lua] (nPendingOps = 348)  @mrxlayermanager:324
[16:29:01.524] [lua] Loading vz_chi_job010_d (static: true)  @mrxlayermanager:375
[16:29:01.533] [lua] true	Unable to load layer vz_chi_job010_d  @mrxlayermanager:403
[16:29:01.544] [lua] Request fulfilled: Load layer vz_all_job005_a (static: nil)  @mrxlayermanager:446
[16:29:01.553] [lua] Layer request 1: 33 of 170 complete  @mrxlayermanager:479
[16:29:01.563] [lua] Culling op for layer vz_all_job005_a!  @mrxlayermanager:318
[16:29:01.572] [lua] (nPendingOps = 347)  @mrxlayermanager:324
[16:29:01.581] [lua] Loading vz_state_alljob009_02_destroyed (static: false)  @mrxlayermanager:375
[16:29:01.590] [lua] true	Unable to load layer vz_state_alljob009_02_destroyed  @mrxlayermanager:403
[16:29:01.600] [lua] Request fulfilled: Load layer vz_state_gurcon001_fortress_destroyed (static: nil)  @mrxlayermanager:446
[16:29:01.608] [lua] Layer request 2: 29 of 238 complete  @mrxlayermanager:479
[16:29:01.618] [lua] Culling op for layer vz_state_gurcon001_fortress_destroyed!  @mrxlayermanager:318
[16:29:01.628] [lua] (nPendingOps = 346)  @mrxlayermanager:324
[16:29:01.637] [lua] Loading vz_merida_foilage (static: true)  @mrxlayermanager:375
[16:29:01.646] [lua] true	Unable to load layer vz_merida_foilage  @mrxlayermanager:403
[16:29:01.655] [lua] Request fulfilled: Load layer vz_chi_job010_d (static: nil)  @mrxlayermanager:446
[16:29:01.664] [lua] Layer request 1: 34 of 170 complete  @mrxlayermanager:479
[16:29:01.673] [lua] Culling op for layer vz_chi_job010_d!  @mrxlayermanager:318
[16:29:01.683] [lua] (nPendingOps = 345)  @mrxlayermanager:324
[16:29:01.692] [lua] Loading vz_caracas_scrub (static: true)  @mrxlayermanager:375
[16:29:01.706] [lua] true	Unable to load layer vz_caracas_scrub  @mrxlayermanager:403
[16:29:01.720] [lua] Request fulfilled: Load layer vz_state_pmc (static: nil)  @mrxlayermanager:446
[16:29:01.729] [lua] Layer request 2: 30 of 238 complete  @mrxlayermanager:479
[16:29:01.738] [lua] Culling op for layer vz_state_pmc!  @mrxlayermanager:318
[16:29:01.747] [lua] (nPendingOps = 344)  @mrxlayermanager:324
[16:29:01.756] [lua] Loading vz_all_job010_e (static: true)  @mrxlayermanager:375
[16:29:01.766] [lua] true	Unable to load layer vz_all_job010_e  @mrxlayermanager:403
[16:29:01.775] [lua] Request fulfilled: Load layer vz_merida_foilage (static: nil)  @mrxlayermanager:446
[16:29:01.784] [lua] Layer request 1: 35 of 170 complete  @mrxlayermanager:479
[16:29:01.793] [lua] Culling op for layer vz_merida_foilage!  @mrxlayermanager:318
[16:29:01.802] [lua] (nPendingOps = 343)  @mrxlayermanager:324
[16:29:01.812] [lua] Loading vz_mar_village_roads (static: true)  @mrxlayermanager:375
[16:29:01.821] [lua] true	Unable to load layer vz_mar_village_roads  @mrxlayermanager:403
[16:29:01.832] [lua] Request fulfilled: Load layer vz_caracas_scrub (static: nil)  @mrxlayermanager:446
[16:29:01.842] [lua] Layer request 1: 36 of 170 complete  @mrxlayermanager:479
[16:29:01.856] [lua] Culling op for layer vz_caracas_scrub!  @mrxlayermanager:318
[16:29:01.865] [lua] (nPendingOps = 342)  @mrxlayermanager:324
[16:29:01.874] [lua] Loading vz_atmosphere_regions (static: true)  @mrxlayermanager:375
[16:29:01.883] [lua] true	Unable to load layer vz_atmosphere_regions  @mrxlayermanager:403
[16:29:01.895] [lua] Request fulfilled: Load layer vz_all_job010_e (static: nil)  @mrxlayermanager:446
[16:29:01.904] [lua] Layer request 1: 37 of 170 complete  @mrxlayermanager:479
[16:29:01.913] [lua] Culling op for layer vz_all_job010_e!  @mrxlayermanager:318
[16:29:01.922] [lua] (nPendingOps = 341)  @mrxlayermanager:324
[16:29:01.931] [lua] Loading vz_state_chicon054_pristine (static: false)  @mrxlayermanager:375
[16:29:01.942] [lua] true	Unable to load layer vz_state_chicon054_pristine  @mrxlayermanager:403
[16:29:01.951] [lua] Request fulfilled: Load layer vz_mar_village_roads (static: nil)  @mrxlayermanager:446
[16:29:01.960] [lua] Layer request 1: 38 of 170 complete  @mrxlayermanager:479
[16:29:01.970] [lua] Culling op for layer vz_mar_village_roads!  @mrxlayermanager:318
[16:29:01.979] [lua] (nPendingOps = 340)  @mrxlayermanager:324
[16:29:01.988] [lua] Loading vz_state_chicon006_b_pristine (static: false)  @mrxlayermanager:375
[16:29:01.997] [lua] true	Unable to load layer vz_state_chicon006_b_pristine  @mrxlayermanager:403
[16:29:02.008] [lua] Request fulfilled: Load layer vz_state_mar_city_act3 (static: nil)  @mrxlayermanager:446
[16:29:02.017] [lua] Layer request 2: 31 of 238 complete  @mrxlayermanager:479
[16:29:02.026] [lua] Culling op for layer vz_state_mar_city_act3!  @mrxlayermanager:318
[16:29:02.035] [lua] (nPendingOps = 339)  @mrxlayermanager:324
[16:29:02.044] [lua] Loading vz_mar_billboard (static: true)  @mrxlayermanager:375
[16:29:02.054] [lua] true	Unable to load layer vz_mar_billboard  @mrxlayermanager:403
[16:29:02.063] [lua] Request fulfilled: Load layer vz_atmosphere_regions (static: nil)  @mrxlayermanager:446
[16:29:02.072] [lua] Layer request 1: 39 of 170 complete  @mrxlayermanager:479
[16:29:02.081] [lua] Culling op for layer vz_atmosphere_regions!  @mrxlayermanager:318
[16:29:02.090] [lua] (nPendingOps = 338)  @mrxlayermanager:324
[16:29:02.099] [lua] Loading vz_mar_outskirt_roads (static: true)  @mrxlayermanager:375
[16:29:02.108] [lua] true	Unable to load layer vz_mar_outskirt_roads  @mrxlayermanager:403
[16:29:02.121] [lua] Request fulfilled: Load layer vz_state_pirjob007_e_pristine (static: nil)  @mrxlayermanager:446
[16:29:02.130] [lua] Layer request 2: 32 of 238 complete  @mrxlayermanager:479
[16:29:02.139] [lua] Culling op for layer vz_state_pirjob007_e_pristine!  @mrxlayermanager:318
[16:29:02.149] [lua] (nPendingOps = 337)  @mrxlayermanager:324
[16:29:02.159] [lua] Loading vz_state_cashpickups (static: false)  @mrxlayermanager:375
[16:29:02.167] [lua] true	Unable to load layer vz_state_cashpickups  @mrxlayermanager:403
[16:29:02.176] [lua] Request fulfilled: Load layer vz_mar_billboard (static: nil)  @mrxlayermanager:446
[16:29:02.185] [lua] Layer request 1: 40 of 170 complete  @mrxlayermanager:479
[16:29:02.194] [lua] Culling op for layer vz_mar_billboard!  @mrxlayermanager:318
[16:29:02.203] [lua] (nPendingOps = 336)  @mrxlayermanager:324
[16:29:02.212] [lua] Loading vz_state_jetcon001_copterattack (static: false)  @mrxlayermanager:375
[16:29:02.221] [lua] true	Unable to load layer vz_state_jetcon001_copterattack  @mrxlayermanager:403
[16:29:02.230] [lua] Request fulfilled: Load layer vz_mar_outskirt_roads (static: nil)  @mrxlayermanager:446
[16:29:02.240] [lua] Layer request 1: 41 of 170 complete  @mrxlayermanager:479
[16:29:02.248] [lua] Culling op for layer vz_mar_outskirt_roads!  @mrxlayermanager:318
[16:29:02.258] [lua] (nPendingOps = 335)  @mrxlayermanager:324
[16:29:02.267] [lua] Loading vz_state_oiljob011_04_pristine (static: false)  @mrxlayermanager:375
[16:29:02.276] [lua] true	Unable to load layer vz_state_oiljob011_04_pristine  @mrxlayermanager:403
[16:29:02.287] [lua] Request fulfilled: Load layer vz_state_oiljob001_pristine (static: nil)  @mrxlayermanager:446
[16:29:02.297] [lua] Layer request 2: 33 of 238 complete  @mrxlayermanager:479
[16:29:02.307] [lua] Culling op for layer vz_state_oiljob001_pristine!  @mrxlayermanager:318
[16:29:02.316] [lua] (nPendingOps = 334)  @mrxlayermanager:324
[16:29:02.325] [lua] Loading vz_state_alljob009_02_pristine (static: false)  @mrxlayermanager:375
[16:29:02.334] [lua] true	Unable to load layer vz_state_alljob009_02_pristine  @mrxlayermanager:403
[16:29:02.345] [lua] Request fulfilled: Load layer vz_state_angel_falls_act1 (static: nil)  @mrxlayermanager:446
[16:29:02.355] [lua] Layer request 2: 34 of 238 complete  @mrxlayermanager:479
[16:29:02.364] [lua] Culling op for layer vz_state_angel_falls_act1!  @mrxlayermanager:318
[16:29:02.373] [lua] (nPendingOps = 333)  @mrxlayermanager:324
[16:29:02.382] [lua] Loading vz_jungle_mountain_billboard (static: true)  @mrxlayermanager:375
[16:29:02.391] [lua] true	Unable to load layer vz_jungle_mountain_billboard  @mrxlayermanager:403
[16:29:02.402] [lua] Request fulfilled: Load layer vz_state_oiljob008_a_pristine (static: nil)  @mrxlayermanager:446
[16:29:02.412] [lua] Layer request 2: 35 of 238 complete  @mrxlayermanager:479
[16:29:02.422] [lua] Culling op for layer vz_state_oiljob008_a_pristine!  @mrxlayermanager:318
[16:29:02.431] [lua] (nPendingOps = 332)  @mrxlayermanager:324
[16:29:02.440] [lua] Loading vz_state_chijob006_e_destroyed (static: false)  @mrxlayermanager:375
[16:29:02.449] [lua] true	Unable to load layer vz_state_chijob006_e_destroyed  @mrxlayermanager:403
[16:29:02.458] [lua] Request fulfilled: Load layer vz_jungle_mountain_billboard (static: nil)  @mrxlayermanager:446
[16:29:02.467] [lua] Layer request 1: 42 of 170 complete  @mrxlayermanager:479
[16:29:02.476] [lua] Culling op for layer vz_jungle_mountain_billboard!  @mrxlayermanager:318
[16:29:02.485] [lua] (nPendingOps = 331)  @mrxlayermanager:324
[16:29:02.494] [lua] Loading vz_state_oiljob005_captured (static: false)  @mrxlayermanager:375
[16:29:02.503] [lua] true	Unable to load layer vz_state_oiljob005_captured  @mrxlayermanager:403
[16:29:02.514] [lua] Request fulfilled: Load layer vz_state_chicon054_pristine (static: nil)  @mrxlayermanager:446
[16:29:02.522] [lua] Layer request 2: 36 of 238 complete  @mrxlayermanager:479
[16:29:02.533] [lua] Culling op for layer vz_state_chicon054_pristine!  @mrxlayermanager:318
[16:29:02.542] [lua] (nPendingOps = 330)  @mrxlayermanager:324
[16:29:02.552] [lua] Loading vz_cum_fortress (static: true)  @mrxlayermanager:375
[16:29:02.561] [lua] true	Unable to load layer vz_cum_fortress  @mrxlayermanager:403
[16:29:02.572] [lua] Request fulfilled: Load layer vz_cum_fortress (static: nil)  @mrxlayermanager:446
[16:29:02.581] [lua] Layer request 1: 43 of 170 complete  @mrxlayermanager:479
[16:29:02.592] [lua] Culling op for layer vz_cum_fortress!  @mrxlayermanager:318
[16:29:02.601] [lua] (nPendingOps = 329)  @mrxlayermanager:324
[16:29:02.611] [lua] Loading vz_guanare_road (static: true)  @mrxlayermanager:375
[16:29:02.620] [lua] true	Unable to load layer vz_guanare_road  @mrxlayermanager:403
[16:29:02.629] [lua] Request fulfilled: Load layer vz_state_chicon006_b_pristine (static: nil)  @mrxlayermanager:446
[16:29:02.638] [lua] Layer request 2: 37 of 238 complete  @mrxlayermanager:479
[16:29:02.647] [lua] Culling op for layer vz_state_chicon006_b_pristine!  @mrxlayermanager:318
[16:29:02.658] [lua] (nPendingOps = 328)  @mrxlayermanager:324
[16:29:02.667] [lua] Loading vz_mer_outskirt (static: true)  @mrxlayermanager:375
[16:29:02.676] [lua] true	Unable to load layer vz_mer_outskirt  @mrxlayermanager:403
[16:29:02.687] [lua] Request fulfilled: Load layer vz_guanare_road (static: nil)  @mrxlayermanager:446
[16:29:02.696] [lua] Layer request 1: 44 of 170 complete  @mrxlayermanager:479
[16:29:02.706] [lua] Culling op for layer vz_guanare_road!  @mrxlayermanager:318
[16:29:02.715] [lua] (nPendingOps = 327)  @mrxlayermanager:324
[16:29:02.724] [lua] Loading vz_state_alljob009_04_pristine (static: false)  @mrxlayermanager:375
[16:29:02.735] [lua] true	Unable to load layer vz_state_alljob009_04_pristine  @mrxlayermanager:403
[16:29:02.744] [lua] Request fulfilled: Load layer vz_mer_outskirt (static: nil)  @mrxlayermanager:446
[16:29:02.753] [lua] Layer request 1: 45 of 170 complete  @mrxlayermanager:479
[16:29:02.763] [lua] Culling op for layer vz_mer_outskirt!  @mrxlayermanager:318
[16:29:02.772] [lua] (nPendingOps = 326)  @mrxlayermanager:324
[16:29:02.781] [lua] Loading vz_angel_falls_foilage (static: true)  @mrxlayermanager:375
[16:29:02.790] [lua] true	Unable to load layer vz_angel_falls_foilage  @mrxlayermanager:403
[16:29:02.799] [lua] Request fulfilled: Load layer vz_state_oiljob005_captured (static: nil)  @mrxlayermanager:446
[16:29:02.808] [lua] Layer request 2: 38 of 238 complete  @mrxlayermanager:479
[16:29:02.817] [lua] Culling op for layer vz_state_oiljob005_captured!  @mrxlayermanager:318
[16:29:02.827] [lua] (nPendingOps = 325)  @mrxlayermanager:324
[16:29:02.836] [lua] Loading vz_guanare_tiny (static: true)  @mrxlayermanager:375
[16:29:02.846] [lua] true	Unable to load layer vz_guanare_tiny  @mrxlayermanager:403
[16:29:02.856] [lua] Request fulfilled: Load layer vz_angel_falls_foilage (static: nil)  @mrxlayermanager:446
[16:29:02.866] [lua] Layer request 1: 46 of 170 complete  @mrxlayermanager:479
[16:29:02.875] [lua] Culling op for layer vz_angel_falls_foilage!  @mrxlayermanager:318
[16:29:02.884] [lua] (nPendingOps = 324)  @mrxlayermanager:324
[16:29:02.893] [lua] Loading vz_all_job001_a (static: true)  @mrxlayermanager:375
[16:29:02.902] [lua] true	Unable to load layer vz_all_job001_a  @mrxlayermanager:403
[16:29:02.911] [lua] Request fulfilled: Load layer vz_state_chijob006_e_destroyed (static: nil)  @mrxlayermanager:446
[16:29:02.920] [lua] Layer request 2: 39 of 238 complete  @mrxlayermanager:479
[16:29:02.933] [lua] Culling op for layer vz_state_chijob006_e_destroyed!  @mrxlayermanager:318
[16:29:02.943] [lua] (nPendingOps = 323)  @mrxlayermanager:324
[16:29:02.951] [lua] Loading vz_cum_billboard (static: true)  @mrxlayermanager:375
[16:29:02.961] [lua] true	Unable to load layer vz_cum_billboard  @mrxlayermanager:403
[16:29:02.969] [lua] Request fulfilled: Load layer vz_guanare_tiny (static: nil)  @mrxlayermanager:446
[16:29:02.979] [lua] Layer request 1: 47 of 170 complete  @mrxlayermanager:479
[16:29:02.988] [lua] Culling op for layer vz_guanare_tiny!  @mrxlayermanager:318
[16:29:03.000] [lua] (nPendingOps = 322)  @mrxlayermanager:324
[16:29:03.010] [lua] Loading vz_state_allcon002_boats (static: false)  @mrxlayermanager:375
[16:29:03.019] [lua] true	Unable to load layer vz_state_allcon002_boats  @mrxlayermanager:403
[16:29:03.032] [lua] Request fulfilled: Load layer vz_all_job001_a (static: nil)  @mrxlayermanager:446
[16:29:03.045] [lua] Layer request 1: 48 of 170 complete  @mrxlayermanager:479
[16:29:03.053] [lua] Culling op for layer vz_all_job001_a!  @mrxlayermanager:318
[16:29:03.062] [lua] (nPendingOps = 321)  @mrxlayermanager:324
[16:29:03.071] [lua] Loading vz_state_gua_upperclass_pristine (static: false)  @mrxlayermanager:375
[16:29:03.082] [lua] true	Unable to load layer vz_state_gua_upperclass_pristine  @mrxlayermanager:403
[16:29:03.091] [lua] Request fulfilled: Load layer vz_state_cashpickups (static: nil)  @mrxlayermanager:446
[16:29:03.100] [lua] Layer request 2: 40 of 238 complete  @mrxlayermanager:479
[16:29:03.110] [lua] Culling op for layer vz_state_cashpickups!  @mrxlayermanager:318
[16:29:03.119] [lua] (nPendingOps = 320)  @mrxlayermanager:324
[16:29:03.128] [lua] Loading vz_oil_job011_c (static: true)  @mrxlayermanager:375
[16:29:03.137] [lua] true	Unable to load layer vz_oil_job011_c  @mrxlayermanager:403
[16:29:03.146] [lua] Request fulfilled: Load layer vz_cum_billboard (static: nil)  @mrxlayermanager:446
[16:29:03.155] [lua] Layer request 1: 49 of 170 complete  @mrxlayermanager:479
[16:29:03.164] [lua] Culling op for layer vz_cum_billboard!  @mrxlayermanager:318
[16:29:03.174] [lua] (nPendingOps = 319)  @mrxlayermanager:324
[16:29:03.184] [lua] Loading vz_pir_job002_b (static: true)  @mrxlayermanager:375
[16:29:03.193] [lua] true	Unable to load layer vz_pir_job002_b  @mrxlayermanager:403
[16:29:03.204] [lua] Request fulfilled: Load layer vz_oil_job011_c (static: nil)  @mrxlayermanager:446
[16:29:03.213] [lua] Layer request 1: 50 of 170 complete  @mrxlayermanager:479
[16:29:03.222] [lua] Culling op for layer vz_oil_job011_c!  @mrxlayermanager:318
[16:29:03.232] [lua] (nPendingOps = 318)  @mrxlayermanager:324
[16:29:03.242] [lua] Loading vz_state_vza_con001 (static: false)  @mrxlayermanager:375
[16:29:03.252] [lua] true	Unable to load layer vz_state_vza_con001  @mrxlayermanager:403
[16:29:03.261] [lua] Request fulfilled: Load layer vz_state_jetcon001_copterattack (static: nil)  @mrxlayermanager:446
[16:29:03.270] [lua] Layer request 2: 41 of 238 complete  @mrxlayermanager:479
[16:29:03.281] [lua] Culling op for layer vz_state_jetcon001_copterattack!  @mrxlayermanager:318
[16:29:03.290] [lua] (nPendingOps = 317)  @mrxlayermanager:324
[16:29:03.300] [lua] Loading vz_state_oiljob012_03_staging (static: false)  @mrxlayermanager:375
[16:29:03.312] [lua] true	Unable to load layer vz_state_oiljob012_03_staging  @mrxlayermanager:403
[16:29:03.321] [lua] Request fulfilled: Load layer vz_pir_job002_b (static: nil)  @mrxlayermanager:446
[16:29:03.330] [lua] Layer request 1: 51 of 170 complete  @mrxlayermanager:479
[16:29:03.339] [lua] Culling op for layer vz_pir_job002_b!  @mrxlayermanager:318
[16:29:03.349] [lua] (nPendingOps = 316)  @mrxlayermanager:324
[16:29:03.358] [lua] Loading vz_state_pirjob007_f_destroyed (static: false)  @mrxlayermanager:375
[16:29:03.367] [lua] true	Unable to load layer vz_state_pirjob007_f_destroyed  @mrxlayermanager:403
[16:29:03.379] [lua] Request fulfilled: Load layer vz_state_alljob009_04_pristine (static: nil)  @mrxlayermanager:446
[16:29:03.387] [lua] Layer request 2: 42 of 238 complete  @mrxlayermanager:479
[16:29:03.397] [lua] Culling op for layer vz_state_alljob009_04_pristine!  @mrxlayermanager:318
[16:29:03.406] [lua] (nPendingOps = 315)  @mrxlayermanager:324
[16:29:03.415] [lua] Loading vz_state_gurjob011_08_destroyed (static: false)  @mrxlayermanager:375
[16:29:03.425] [lua] true	Unable to load layer vz_state_gurjob011_08_destroyed  @mrxlayermanager:403
[16:29:03.436] [lua] Request fulfilled: Load layer vz_state_alljob009_02_pristine (static: nil)  @mrxlayermanager:446
[16:29:03.446] [lua] Layer request 2: 43 of 238 complete  @mrxlayermanager:479
[16:29:03.455] [lua] Culling op for layer vz_state_alljob009_02_pristine!  @mrxlayermanager:318
[16:29:03.465] [lua] (nPendingOps = 314)  @mrxlayermanager:324
[16:29:03.475] [lua] Loading vz_state_margarita_act2 (static: false)  @mrxlayermanager:375
[16:29:03.484] [lua] true	Unable to load layer vz_state_margarita_act2  @mrxlayermanager:403
[16:29:03.496] [lua] Request fulfilled: Load layer vz_state_allcon002_boats (static: nil)  @mrxlayermanager:446
[16:29:03.504] [lua] Layer request 2: 44 of 238 complete  @mrxlayermanager:479
[16:29:03.515] [lua] Culling op for layer vz_state_allcon002_boats!  @mrxlayermanager:318
[16:29:03.524] [lua] (nPendingOps = 313)  @mrxlayermanager:324
[16:29:03.539] [lua] Loading vz_state_pirjob002_03_pristine (static: false)  @mrxlayermanager:375
[16:29:03.548] [lua] true	Unable to load layer vz_state_pirjob002_03_pristine  @mrxlayermanager:403
[16:29:03.558] [lua] Request fulfilled: Load layer vz_state_margarita_act2 (static: nil)  @mrxlayermanager:446
[16:29:03.568] [lua] Layer request 2: 45 of 238 complete  @mrxlayermanager:479
[16:29:03.577] [lua] Culling op for layer vz_state_margarita_act2!  @mrxlayermanager:318
[16:29:03.586] [lua] (nPendingOps = 312)  @mrxlayermanager:324
[16:29:03.595] [lua] Loading vz_state_alljob002_03_pristine (static: false)  @mrxlayermanager:375
[16:29:03.604] [lua] true	Unable to load layer vz_state_alljob002_03_pristine  @mrxlayermanager:403
[16:29:03.615] [lua] Request fulfilled: Load layer vz_state_alljob002_02_pristine (static: nil)  @mrxlayermanager:446
[16:29:03.624] [lua] Layer request 2: 46 of 238 complete  @mrxlayermanager:479
[16:29:03.633] [lua] Culling op for layer vz_state_alljob002_02_pristine!  @mrxlayermanager:318
[16:29:03.643] [lua] (nPendingOps = 311)  @mrxlayermanager:324
[16:29:03.652] [lua] Loading vz_chi_job001_a (static: true)  @mrxlayermanager:375
[16:29:03.661] [lua] true	Unable to load layer vz_chi_job001_a  @mrxlayermanager:403
[16:29:03.671] [lua] Request fulfilled: Load layer vz_state_alljob009_02_destroyed (static: nil)  @mrxlayermanager:446
[16:29:03.681] [lua] Layer request 2: 47 of 238 complete  @mrxlayermanager:479
[16:29:03.690] [lua] Culling op for layer vz_state_alljob009_02_destroyed!  @mrxlayermanager:318
[16:29:03.699] [lua] (nPendingOps = 310)  @mrxlayermanager:324
[16:29:03.708] [lua] Loading vz_state_gurjob012_04_pristine (static: false)  @mrxlayermanager:375
[16:29:03.718] [lua] true	Unable to load layer vz_state_gurjob012_04_pristine  @mrxlayermanager:403
[16:29:03.727] [lua] Request fulfilled: Load layer vz_chi_job001_a (static: nil)  @mrxlayermanager:446
[16:29:03.736] [lua] Layer request 1: 52 of 170 complete  @mrxlayermanager:479
[16:29:03.746] [lua] Culling op for layer vz_chi_job001_a!  @mrxlayermanager:318
[16:29:03.755] [lua] (nPendingOps = 309)  @mrxlayermanager:324
[16:29:03.764] [lua] Loading vz_state_vza_con001_post (static: false)  @mrxlayermanager:375
[16:29:03.773] [lua] true	Unable to load layer vz_state_vza_con001_post  @mrxlayermanager:403
[16:29:03.785] [lua] Request fulfilled: Load layer vz_state_oiljob011_04_pristine (static: nil)  @mrxlayermanager:446
[16:29:03.795] [lua] Layer request 2: 48 of 238 complete  @mrxlayermanager:479
[16:29:03.805] [lua] Culling op for layer vz_state_oiljob011_04_pristine!  @mrxlayermanager:318
[16:29:03.814] [lua] (nPendingOps = 308)  @mrxlayermanager:324
[16:29:03.824] [lua] Loading vz_state_alljob010_05_pristine (static: false)  @mrxlayermanager:375
[16:29:03.833] [lua] true	Unable to load layer vz_state_alljob010_05_pristine  @mrxlayermanager:403
[16:29:03.844] [lua] Request fulfilled: Load layer vz_state_gurjob012_04_pristine (static: nil)  @mrxlayermanager:446
[16:29:03.858] [lua] Layer request 2: 49 of 238 complete  @mrxlayermanager:479
[16:29:03.868] [lua] Culling op for layer vz_state_gurjob012_04_pristine!  @mrxlayermanager:318
[16:29:03.877] [lua] (nPendingOps = 307)  @mrxlayermanager:324
[16:29:03.886] [lua] Loading vz_state_gurjob002_04_pristine (static: false)  @mrxlayermanager:375
[16:29:03.896] [lua] true	Unable to load layer vz_state_gurjob002_04_pristine  @mrxlayermanager:403
[16:29:03.907] [lua] Request fulfilled: Load layer vz_state_pirjob002_03_pristine (static: nil)  @mrxlayermanager:446
[16:29:03.918] [lua] Layer request 2: 50 of 238 complete  @mrxlayermanager:479
[16:29:03.927] [lua] Culling op for layer vz_state_pirjob002_03_pristine!  @mrxlayermanager:318
[16:29:03.936] [lua] (nPendingOps = 306)  @mrxlayermanager:324
[16:29:03.946] [lua] Loading vz_state_pirjob012_01_pristine (static: false)  @mrxlayermanager:375
[16:29:03.955] [lua] true	Unable to load layer vz_state_pirjob012_01_pristine  @mrxlayermanager:403
[16:29:03.967] [lua] Request fulfilled: Load layer vz_state_vza_con001_post (static: nil)  @mrxlayermanager:446
[16:29:03.976] [lua] Layer request 2: 51 of 238 complete  @mrxlayermanager:479
[16:29:03.986] [lua] Culling op for layer vz_state_vza_con001_post!  @mrxlayermanager:318
[16:29:03.998] [lua] (nPendingOps = 305)  @mrxlayermanager:324
[16:29:04.007] [lua] Loading vz_state_oiljob008_i_pristine (static: false)  @mrxlayermanager:375
[16:29:04.016] [lua] true	Unable to load layer vz_state_oiljob008_i_pristine  @mrxlayermanager:403
[16:29:04.028] [lua] Request fulfilled: Load layer vz_state_gua_upperclass_pristine (static: nil)  @mrxlayermanager:446
[16:29:04.036] [lua] Layer request 2: 52 of 238 complete  @mrxlayermanager:479
[16:29:04.046] [lua] Culling op for layer vz_state_gua_upperclass_pristine!  @mrxlayermanager:318
[16:29:04.056] [lua] (nPendingOps = 304)  @mrxlayermanager:324
[16:29:04.065] [lua] Loading vz_state_munitions_freeplay (static: false)  @mrxlayermanager:375
[16:29:04.075] [lua] true	Unable to load layer vz_state_munitions_freeplay  @mrxlayermanager:403
[16:29:04.086] [lua] Request fulfilled: Load layer vz_state_vza_con001 (static: nil)  @mrxlayermanager:446
[16:29:04.095] [lua] Layer request 2: 53 of 238 complete  @mrxlayermanager:479
[16:29:04.105] [lua] Culling op for layer vz_state_vza_con001!  @mrxlayermanager:318
[16:29:04.117] [lua] (nPendingOps = 303)  @mrxlayermanager:324
[16:29:04.126] [lua] Loading vz_state_chi_fuel_amazon (static: false)  @mrxlayermanager:375
[16:29:04.135] [lua] true	Unable to load layer vz_state_chi_fuel_amazon  @mrxlayermanager:403
[16:29:04.147] [lua] Request fulfilled: Load layer vz_state_oiljob008_i_pristine (static: nil)  @mrxlayermanager:446
[16:29:04.156] [lua] Layer request 2: 54 of 238 complete  @mrxlayermanager:479
[16:29:04.165] [lua] Culling op for layer vz_state_oiljob008_i_pristine!  @mrxlayermanager:318
[16:29:04.174] [lua] (nPendingOps = 302)  @mrxlayermanager:324
[16:29:04.184] [lua] Loading vz_pmc (static: true)  @mrxlayermanager:375
[16:29:04.193] [lua] true	Unable to load layer vz_pmc  @mrxlayermanager:403
[16:29:04.208] [lua] Request fulfilled: Load layer vz_state_chi_fuel_amazon (static: nil)  @mrxlayermanager:446
[16:29:04.218] [lua] Layer request 2: 55 of 238 complete  @mrxlayermanager:479
[16:29:04.227] [lua] Culling op for layer vz_state_chi_fuel_amazon!  @mrxlayermanager:318
[16:29:04.236] [lua] (nPendingOps = 301)  @mrxlayermanager:324
[16:29:04.245] [lua] Loading vz_state_chijob001_01_pristine (static: false)  @mrxlayermanager:375
[16:29:04.254] [lua] true	Unable to load layer vz_state_chijob001_01_pristine  @mrxlayermanager:403
[16:29:04.263] [lua] Request fulfilled: Load layer vz_pmc (static: nil)  @mrxlayermanager:446
[16:29:04.273] [lua] Layer request 1: 53 of 170 complete  @mrxlayermanager:479
[16:29:04.287] [lua] Culling op for layer vz_pmc!  @mrxlayermanager:318
[16:29:04.296] [lua] (nPendingOps = 300)  @mrxlayermanager:324
[16:29:04.306] [lua] Loading vz_jet_con001 (static: true)  @mrxlayermanager:375
[16:29:04.315] [lua] true	Unable to load layer vz_jet_con001  @mrxlayermanager:403
[16:29:04.327] [lua] Request fulfilled: Load layer vz_state_pirjob012_01_pristine (static: nil)  @mrxlayermanager:446
[16:29:04.337] [lua] Layer request 2: 56 of 238 complete  @mrxlayermanager:479
[16:29:04.346] [lua] Culling op for layer vz_state_pirjob012_01_pristine!  @mrxlayermanager:318
[16:29:04.356] [lua] (nPendingOps = 299)  @mrxlayermanager:324
[16:29:04.365] [lua] Loading vz_state_gur_fuel_junglemountains (static: false)  @mrxlayermanager:375
[16:29:04.374] [lua] true	Unable to load layer vz_state_gur_fuel_junglemountains  @mrxlayermanager:403
[16:29:04.384] [lua] Request fulfilled: Load layer vz_jet_con001 (static: nil)  @mrxlayermanager:446
[16:29:04.393] [lua] Layer request 1: 54 of 170 complete  @mrxlayermanager:479
[16:29:04.403] [lua] Culling op for layer vz_jet_con001!  @mrxlayermanager:318
[16:29:04.412] [lua] (nPendingOps = 298)  @mrxlayermanager:324
[16:29:04.421] [lua] Loading vz_state_oiljob001_captured (static: false)  @mrxlayermanager:375
[16:29:04.431] [lua] true	Unable to load layer vz_state_oiljob001_captured  @mrxlayermanager:403
[16:29:04.441] [lua] Request fulfilled: Load layer vz_state_gurjob011_08_destroyed (static: nil)  @mrxlayermanager:446
[16:29:04.451] [lua] Layer request 2: 57 of 238 complete  @mrxlayermanager:479
[16:29:04.460] [lua] Culling op for layer vz_state_gurjob011_08_destroyed!  @mrxlayermanager:318
[16:29:04.469] [lua] (nPendingOps = 297)  @mrxlayermanager:324
[16:29:04.479] [lua] Loading vz_sfx_ambience (static: true)  @mrxlayermanager:375
[16:29:04.488] [lua] true	Unable to load layer vz_sfx_ambience  @mrxlayermanager:403
[16:29:04.502] [lua] Request fulfilled: Load layer vz_sfx_ambience (static: nil)  @mrxlayermanager:446
[16:29:04.511] [lua] Layer request 1: 55 of 170 complete  @mrxlayermanager:479
[16:29:04.521] [lua] Culling op for layer vz_sfx_ambience!  @mrxlayermanager:318
[16:29:04.530] [lua] (nPendingOps = 296)  @mrxlayermanager:324
[16:29:04.539] [lua] Loading vz_state_gurjob002_05_pristine (static: false)  @mrxlayermanager:375
[16:29:04.548] [lua] true	Unable to load layer vz_state_gurjob002_05_pristine  @mrxlayermanager:403
[16:29:04.558] [lua] Request fulfilled: Load layer vz_state_gur_fuel_junglemountains (static: nil)  @mrxlayermanager:446
[16:29:04.567] [lua] Layer request 2: 58 of 238 complete  @mrxlayermanager:479
[16:29:04.577] [lua] Culling op for layer vz_state_gur_fuel_junglemountains!  @mrxlayermanager:318
[16:29:04.586] [lua] (nPendingOps = 295)  @mrxlayermanager:324
[16:29:04.595] [lua] Loading vz_chi_job010_e (static: true)  @mrxlayermanager:375
[16:29:04.605] [lua] true	Unable to load layer vz_chi_job010_e  @mrxlayermanager:403
[16:29:04.616] [lua] Request fulfilled: Load layer vz_state_pirjob007_f_destroyed (static: nil)  @mrxlayermanager:446
[16:29:04.625] [lua] Layer request 2: 59 of 238 complete  @mrxlayermanager:479
[16:29:04.635] [lua] Culling op for layer vz_state_pirjob007_f_destroyed!  @mrxlayermanager:318
[16:29:04.644] [lua] (nPendingOps = 294)  @mrxlayermanager:324
[16:29:04.653] [lua] Loading vz_state_gurjob002_02_pristine (static: false)  @mrxlayermanager:375
[16:29:04.662] [lua] true	Unable to load layer vz_state_gurjob002_02_pristine  @mrxlayermanager:403
[16:29:04.671] [lua] Request fulfilled: Load layer vz_chi_job010_e (static: nil)  @mrxlayermanager:446
[16:29:04.681] [lua] Layer request 1: 56 of 170 complete  @mrxlayermanager:479
[16:29:04.690] [lua] Culling op for layer vz_chi_job010_e!  @mrxlayermanager:318
[16:29:04.700] [lua] (nPendingOps = 293)  @mrxlayermanager:324
[16:29:04.708] [lua] Loading vz_state_alljob010_04_pristine (static: false)  @mrxlayermanager:375
[16:29:04.718] [lua] true	Unable to load layer vz_state_alljob010_04_pristine  @mrxlayermanager:403
[16:29:04.729] [lua] Request fulfilled: Load layer vz_state_oiljob012_03_staging (static: nil)  @mrxlayermanager:446
[16:29:04.738] [lua] Layer request 2: 60 of 238 complete  @mrxlayermanager:479
[16:29:04.748] [lua] Culling op for layer vz_state_oiljob012_03_staging!  @mrxlayermanager:318
[16:29:04.757] [lua] (nPendingOps = 292)  @mrxlayermanager:324
[16:29:04.766] [lua] Loading vz_state_chijob002_01_staging (static: false)  @mrxlayermanager:375
[16:29:04.775] [lua] true	Unable to load layer vz_state_chijob002_01_staging  @mrxlayermanager:403
[16:29:04.790] [lua] Request fulfilled: Load layer vz_state_alljob002_03_pristine (static: nil)  @mrxlayermanager:446
[16:29:04.799] [lua] Layer request 2: 61 of 238 complete  @mrxlayermanager:479
[16:29:04.810] [lua] Culling op for layer vz_state_alljob002_03_pristine!  @mrxlayermanager:318
[16:29:04.819] [lua] (nPendingOps = 291)  @mrxlayermanager:324
[16:29:04.828] [lua] Loading vz_state_gurjob003_pristine (static: false)  @mrxlayermanager:375
[16:29:04.837] [lua] true	Unable to load layer vz_state_gurjob003_pristine  @mrxlayermanager:403
[16:29:04.849] [lua] Request fulfilled: Load layer vz_state_alljob010_04_pristine (static: nil)  @mrxlayermanager:446
[16:29:04.858] [lua] Layer request 2: 62 of 238 complete  @mrxlayermanager:479
[16:29:04.867] [lua] Culling op for layer vz_state_alljob010_04_pristine!  @mrxlayermanager:318
[16:29:04.876] [lua] (nPendingOps = 290)  @mrxlayermanager:324
[16:29:04.887] [lua] Loading vz_chi_job001_b (static: true)  @mrxlayermanager:375
[16:29:04.897] [lua] true	Unable to load layer vz_chi_job001_b  @mrxlayermanager:403
[16:29:04.912] [lua] Request fulfilled: Load layer vz_state_gurjob002_04_pristine (static: nil)  @mrxlayermanager:446
[16:29:04.921] [lua] Layer request 2: 63 of 238 complete  @mrxlayermanager:479
[16:29:04.933] [lua] Culling op for layer vz_state_gurjob002_04_pristine!  @mrxlayermanager:318
[16:29:04.943] [lua] (nPendingOps = 289)  @mrxlayermanager:324
[16:29:04.951] [lua] Loading vz_jungle_mountain_tiny (static: true)  @mrxlayermanager:375
[16:29:04.962] [lua] true	Unable to load layer vz_jungle_mountain_tiny  @mrxlayermanager:403
[16:29:04.971] [lua] Request fulfilled: Load layer vz_chi_job001_b (static: nil)  @mrxlayermanager:446
[16:29:04.980] [lua] Layer request 1: 57 of 170 complete  @mrxlayermanager:479
[16:29:04.988] [lua] Culling op for layer vz_chi_job001_b!  @mrxlayermanager:318
[16:29:04.998] [lua] (nPendingOps = 288)  @mrxlayermanager:324
[16:29:05.007] [lua] Loading vz_state_chijob010_02_pristine (static: false)  @mrxlayermanager:375
[16:29:05.020] [lua] true	Unable to load layer vz_state_chijob010_02_pristine  @mrxlayermanager:403
[16:29:05.031] [lua] Request fulfilled: Load layer vz_jungle_mountain_tiny (static: nil)  @mrxlayermanager:446
[16:29:05.040] [lua] Layer request 1: 58 of 170 complete  @mrxlayermanager:479
[16:29:05.050] [lua] Culling op for layer vz_jungle_mountain_tiny!  @mrxlayermanager:318
[16:29:05.060] [lua] (nPendingOps = 287)  @mrxlayermanager:324
[16:29:05.069] [lua] Loading vz_state_alljob001_01_pristine (static: false)  @mrxlayermanager:375
[16:29:05.079] [lua] true	Unable to load layer vz_state_alljob001_01_pristine  @mrxlayermanager:403
[16:29:05.088] [lua] Request fulfilled: Load layer vz_state_alljob010_05_pristine (static: nil)  @mrxlayermanager:446
[16:29:05.097] [lua] Layer request 2: 64 of 238 complete  @mrxlayermanager:479
[16:29:05.106] [lua] Culling op for layer vz_state_alljob010_05_pristine!  @mrxlayermanager:318
[16:29:05.116] [lua] (nPendingOps = 286)  @mrxlayermanager:324
[16:29:05.125] [lua] Loading vz_amazon_foilage (static: true)  @mrxlayermanager:375
[16:29:05.134] [lua] true	Unable to load layer vz_amazon_foilage  @mrxlayermanager:403
[16:29:05.146] [lua] Request fulfilled: Load layer vz_state_munitions_freeplay (static: nil)  @mrxlayermanager:446
[16:29:05.154] [lua] Layer request 2: 65 of 238 complete  @mrxlayermanager:479
[16:29:05.165] [lua] Culling op for layer vz_state_munitions_freeplay!  @mrxlayermanager:318
[16:29:05.175] [lua] (nPendingOps = 285)  @mrxlayermanager:324
[16:29:05.185] [lua] Loading vz_state_gurjob011_02_destroyed (static: false)  @mrxlayermanager:375
[16:29:05.194] [lua] true	Unable to load layer vz_state_gurjob011_02_destroyed  @mrxlayermanager:403
[16:29:05.203] [lua] Request fulfilled: Load layer vz_amazon_foilage (static: nil)  @mrxlayermanager:446
[16:29:05.213] [lua] Layer request 1: 59 of 170 complete  @mrxlayermanager:479
[16:29:05.222] [lua] Culling op for layer vz_amazon_foilage!  @mrxlayermanager:318
[16:29:05.231] [lua] (nPendingOps = 284)  @mrxlayermanager:324
[16:29:05.240] [lua] Loading vz_state_pirjob002_03_captured (static: false)  @mrxlayermanager:375
[16:29:05.248] [lua] true	Unable to load layer vz_state_pirjob002_03_captured  @mrxlayermanager:403
[16:29:05.260] [lua] Request fulfilled: Load layer vz_state_chijob001_01_pristine (static: nil)  @mrxlayermanager:446
[16:29:05.273] [lua] Layer request 2: 66 of 238 complete  @mrxlayermanager:479
[16:29:05.282] [lua] Culling op for layer vz_state_chijob001_01_pristine!  @mrxlayermanager:318
[16:29:05.298] [lua] (nPendingOps = 283)  @mrxlayermanager:324
[16:29:05.312] [lua] Loading vz_state_allcon002_officers (static: false)  @mrxlayermanager:375
[16:29:05.322] [lua] true	Unable to load layer vz_state_allcon002_officers  @mrxlayermanager:403
[16:29:05.333] [lua] Request fulfilled: Load layer vz_state_chijob002_01_staging (static: nil)  @mrxlayermanager:446
[16:29:05.342] [lua] Layer request 2: 67 of 238 complete  @mrxlayermanager:479
[16:29:05.355] [lua] Culling op for layer vz_state_chijob002_01_staging!  @mrxlayermanager:318
[16:29:05.365] [lua] (nPendingOps = 282)  @mrxlayermanager:324
[16:29:05.374] [lua] Loading vz_pmc_foilage (static: true)  @mrxlayermanager:375
[16:29:05.383] [lua] true	Unable to load layer vz_pmc_foilage  @mrxlayermanager:403
[16:29:05.394] [lua] Request fulfilled: Load layer vz_pmc_foilage (static: nil)  @mrxlayermanager:446
[16:29:05.403] [lua] Layer request 1: 60 of 170 complete  @mrxlayermanager:479
[16:29:05.414] [lua] Culling op for layer vz_pmc_foilage!  @mrxlayermanager:318
[16:29:05.424] [lua] (nPendingOps = 281)  @mrxlayermanager:324
[16:29:05.436] [lua] Loading vz_state_alljob010_03_pristine (static: false)  @mrxlayermanager:375
[16:29:05.446] [lua] true	Unable to load layer vz_state_alljob010_03_pristine  @mrxlayermanager:403
[16:29:05.455] [lua] Request fulfilled: Load layer vz_state_oiljob001_captured (static: nil)  @mrxlayermanager:446
[16:29:05.464] [lua] Layer request 2: 68 of 238 complete  @mrxlayermanager:479
[16:29:05.473] [lua] Culling op for layer vz_state_oiljob001_captured!  @mrxlayermanager:318
[16:29:05.483] [lua] (nPendingOps = 280)  @mrxlayermanager:324
[16:29:05.492] [lua] Loading vz_all_job010_c (static: true)  @mrxlayermanager:375
[16:29:05.501] [lua] true	Unable to load layer vz_all_job010_c  @mrxlayermanager:403
[16:29:05.511] [lua] Request fulfilled: Load layer vz_state_allcon002_officers (static: nil)  @mrxlayermanager:446
[16:29:05.521] [lua] Layer request 2: 69 of 238 complete  @mrxlayermanager:479
[16:29:05.530] [lua] Culling op for layer vz_state_allcon002_officers!  @mrxlayermanager:318
[16:29:05.539] [lua] (nPendingOps = 279)  @mrxlayermanager:324
[16:29:05.548] [lua] Loading vz_state_chijob002_03_staging (static: false)  @mrxlayermanager:375
[16:29:05.558] [lua] true	Unable to load layer vz_state_chijob002_03_staging  @mrxlayermanager:403
[16:29:05.567] [lua] Request fulfilled: Load layer vz_all_job010_c (static: nil)  @mrxlayermanager:446
[16:29:05.576] [lua] Layer request 1: 61 of 170 complete  @mrxlayermanager:479
[16:29:05.585] [lua] Culling op for layer vz_all_job010_c!  @mrxlayermanager:318
[16:29:05.595] [lua] (nPendingOps = 278)  @mrxlayermanager:324
[16:29:05.608] [lua] Loading vz_amazon_tiny (static: true)  @mrxlayermanager:375
[16:29:05.618] [lua] true	Unable to load layer vz_amazon_tiny  @mrxlayermanager:403
[16:29:05.629] [lua] Request fulfilled: Load layer vz_state_chijob010_02_pristine (static: nil)  @mrxlayermanager:446
[16:29:05.638] [lua] Layer request 2: 70 of 238 complete  @mrxlayermanager:479
[16:29:05.648] [lua] Culling op for layer vz_state_chijob010_02_pristine!  @mrxlayermanager:318
[16:29:05.657] [lua] (nPendingOps = 277)  @mrxlayermanager:324
[16:29:05.666] [lua] Loading vz_state_oiljob012_01_pristine (static: false)  @mrxlayermanager:375
[16:29:05.675] [lua] true	Unable to load layer vz_state_oiljob012_01_pristine  @mrxlayermanager:403
[16:29:05.684] [lua] Request fulfilled: Load layer vz_amazon_tiny (static: nil)  @mrxlayermanager:446
[16:29:05.693] [lua] Layer request 1: 62 of 170 complete  @mrxlayermanager:479
[16:29:05.702] [lua] Culling op for layer vz_amazon_tiny!  @mrxlayermanager:318
[16:29:05.711] [lua] (nPendingOps = 276)  @mrxlayermanager:324
[16:29:05.720] [lua] Loading vz_cum_outskirt (static: true)  @mrxlayermanager:375
[16:29:05.729] [lua] true	Unable to load layer vz_cum_outskirt  @mrxlayermanager:403
[16:29:05.739] [lua] Request fulfilled: Load layer vz_state_gurjob002_05_pristine (static: nil)  @mrxlayermanager:446
[16:29:05.748] [lua] Layer request 2: 71 of 238 complete  @mrxlayermanager:479
[16:29:05.758] [lua] Culling op for layer vz_state_gurjob002_05_pristine!  @mrxlayermanager:318
[16:29:05.767] [lua] (nPendingOps = 275)  @mrxlayermanager:324
[16:29:05.777] [lua] Loading vz_state_gurjob002_03_pristine (static: false)  @mrxlayermanager:375
[16:29:05.786] [lua] true	Unable to load layer vz_state_gurjob002_03_pristine  @mrxlayermanager:403
[16:29:05.796] [lua] Request fulfilled: Load layer vz_cum_outskirt (static: nil)  @mrxlayermanager:446
[16:29:05.805] [lua] Layer request 1: 63 of 170 complete  @mrxlayermanager:479
[16:29:05.816] [lua] Culling op for layer vz_cum_outskirt!  @mrxlayermanager:318
[16:29:05.824] [lua] (nPendingOps = 274)  @mrxlayermanager:324
[16:29:05.834] [lua] Loading vz_mar_village (static: true)  @mrxlayermanager:375
[16:29:05.845] [lua] true	Unable to load layer vz_mar_village  @mrxlayermanager:403
[16:29:05.860] [lua] Request fulfilled: Load layer vz_state_gurjob002_02_pristine (static: nil)  @mrxlayermanager:446
[16:29:05.869] [lua] Layer request 2: 72 of 238 complete  @mrxlayermanager:479
[16:29:05.878] [lua] Culling op for layer vz_state_gurjob002_02_pristine!  @mrxlayermanager:318
[16:29:05.887] [lua] (nPendingOps = 273)  @mrxlayermanager:324
[16:29:05.896] [lua] Loading vz_all_job002_e (static: true)  @mrxlayermanager:375
[16:29:05.906] [lua] true	Unable to load layer vz_all_job002_e  @mrxlayermanager:403
[16:29:05.915] [lua] Request fulfilled: Load layer vz_mar_village (static: nil)  @mrxlayermanager:446
[16:29:05.924] [lua] Layer request 1: 64 of 170 complete  @mrxlayermanager:479
[16:29:05.933] [lua] Culling op for layer vz_mar_village!  @mrxlayermanager:318
[16:29:05.942] [lua] (nPendingOps = 272)  @mrxlayermanager:324
[16:29:05.951] [lua] Loading vz_state_car_city_act2chi (static: false)  @mrxlayermanager:375
[16:29:05.960] [lua] true	Unable to load layer vz_state_car_city_act2chi  @mrxlayermanager:403
[16:29:05.972] [lua] Request fulfilled: Load layer vz_state_gurjob003_pristine (static: nil)  @mrxlayermanager:446
[16:29:05.983] [lua] Layer request 2: 73 of 238 complete  @mrxlayermanager:479
[16:29:05.992] [lua] Culling op for layer vz_state_gurjob003_pristine!  @mrxlayermanager:318
[16:29:06.002] [lua] (nPendingOps = 271)  @mrxlayermanager:324
[16:29:06.011] [lua] Loading vz_state_alljob002_01_pristine (static: false)  @mrxlayermanager:375
[16:29:06.020] [lua] true	Unable to load layer vz_state_alljob002_01_pristine  @mrxlayermanager:403
[16:29:06.029] [lua] Request fulfilled: Load layer vz_all_job002_e (static: nil)  @mrxlayermanager:446
[16:29:06.039] [lua] Layer request 1: 65 of 170 complete  @mrxlayermanager:479
[16:29:06.048] [lua] Culling op for layer vz_all_job002_e!  @mrxlayermanager:318
[16:29:06.058] [lua] (nPendingOps = 270)  @mrxlayermanager:324
[16:29:06.067] [lua] Loading vz_state_oil_fuel_maroutskirts (static: false)  @mrxlayermanager:375
[16:29:06.076] [lua] true	Unable to load layer vz_state_oil_fuel_maroutskirts  @mrxlayermanager:403
[16:29:06.087] [lua] Request fulfilled: Load layer vz_state_gurjob002_03_pristine (static: nil)  @mrxlayermanager:446
[16:29:06.096] [lua] Layer request 2: 74 of 238 complete  @mrxlayermanager:479
[16:29:06.105] [lua] Culling op for layer vz_state_gurjob002_03_pristine!  @mrxlayermanager:318
[16:29:06.117] [lua] (nPendingOps = 269)  @mrxlayermanager:324
[16:29:06.125] [lua] Loading vz_state_pirjob010_01_destroyed (static: false)  @mrxlayermanager:375
[16:29:06.135] [lua] true	Unable to load layer vz_state_pirjob010_01_destroyed  @mrxlayermanager:403
[16:29:06.148] [lua] Request fulfilled: Load layer vz_state_oil_fuel_maroutskirts (static: nil)  @mrxlayermanager:446
[16:29:06.157] [lua] Layer request 2: 75 of 238 complete  @mrxlayermanager:479
[16:29:06.166] [lua] Culling op for layer vz_state_oil_fuel_maroutskirts!  @mrxlayermanager:318
[16:29:06.176] [lua] (nPendingOps = 268)  @mrxlayermanager:324
[16:29:06.185] [lua] Loading vz_rover_camera_test (static: true)  @mrxlayermanager:375
[16:29:06.195] [lua] true	Unable to load layer vz_rover_camera_test  @mrxlayermanager:403
[16:29:06.212] [lua] Request fulfilled: Load layer vz_rover_camera_test (static: nil)  @mrxlayermanager:446
[16:29:06.223] [lua] Layer request 1: 66 of 170 complete  @mrxlayermanager:479
[16:29:06.232] [lua] Culling op for layer vz_rover_camera_test!  @mrxlayermanager:318
[16:29:06.245] [lua] (nPendingOps = 267)  @mrxlayermanager:324
[16:29:06.255] [lua] Loading vz_state_cumana_act1chi (static: false)  @mrxlayermanager:375
[16:29:06.265] [lua] true	Unable to load layer vz_state_cumana_act1chi  @mrxlayermanager:403
[16:29:06.274] [lua] Request fulfilled: Load layer vz_state_pirjob002_03_captured (static: nil)  @mrxlayermanager:446
[16:29:06.284] [lua] Layer request 2: 76 of 238 complete  @mrxlayermanager:479
[16:29:06.293] [lua] Culling op for layer vz_state_pirjob002_03_captured!  @mrxlayermanager:318
[16:29:06.308] [lua] (nPendingOps = 266)  @mrxlayermanager:324
[16:29:06.318] [lua] Loading vz_state_oiljob011_01_pristine (static: false)  @mrxlayermanager:375
[16:29:06.328] [lua] true	Unable to load layer vz_state_oiljob011_01_pristine  @mrxlayermanager:403
[16:29:06.344] [lua] Request fulfilled: Load layer vz_state_oiljob012_01_pristine (static: nil)  @mrxlayermanager:446
[16:29:06.353] [lua] Layer request 2: 77 of 238 complete  @mrxlayermanager:479
[16:29:06.363] [lua] Culling op for layer vz_state_oiljob012_01_pristine!  @mrxlayermanager:318
[16:29:06.372] [lua] (nPendingOps = 265)  @mrxlayermanager:324
[16:29:06.382] [lua] Loading vz_state_vzacon001_ruined (static: false)  @mrxlayermanager:375
[16:29:06.392] [lua] true	Unable to load layer vz_state_vzacon001_ruined  @mrxlayermanager:403
[16:29:06.408] [lua] Request fulfilled: Load layer vz_state_alljob001_01_pristine (static: nil)  @mrxlayermanager:446
[16:29:06.420] [lua] Layer request 2: 78 of 238 complete  @mrxlayermanager:479
[16:29:06.429] [lua] Culling op for layer vz_state_alljob001_01_pristine!  @mrxlayermanager:318
[16:29:06.438] [lua] (nPendingOps = 264)  @mrxlayermanager:324
[16:29:06.447] [lua] Loading vz_state_alljob009_01_destroyed (static: false)  @mrxlayermanager:375
[16:29:06.456] [lua] true	Unable to load layer vz_state_alljob009_01_destroyed  @mrxlayermanager:403
[16:29:06.467] [lua] Request fulfilled: Load layer vz_state_gurjob011_02_destroyed (static: nil)  @mrxlayermanager:446
[16:29:06.476] [lua] Layer request 2: 79 of 238 complete  @mrxlayermanager:479
[16:29:06.486] [lua] Culling op for layer vz_state_gurjob011_02_destroyed!  @mrxlayermanager:318
[16:29:06.495] [lua] (nPendingOps = 263)  @mrxlayermanager:324
[16:29:06.505] [lua] Loading vz_state_oilcon002_pristine (static: false)  @mrxlayermanager:375
[16:29:06.514] [lua] true	Unable to load layer vz_state_oilcon002_pristine  @mrxlayermanager:403
[16:29:06.524] [lua] Request fulfilled: Load layer vz_state_pirjob010_01_destroyed (static: nil)  @mrxlayermanager:446
[16:29:06.535] [lua] Layer request 2: 80 of 238 complete  @mrxlayermanager:479
[16:29:06.544] [lua] Culling op for layer vz_state_pirjob010_01_destroyed!  @mrxlayermanager:318
[16:29:06.554] [lua] (nPendingOps = 262)  @mrxlayermanager:324
[16:29:06.565] [lua] Loading vz_state_chijob006_b_destroyed (static: false)  @mrxlayermanager:375
[16:29:06.574] [lua] true	Unable to load layer vz_state_chijob006_b_destroyed  @mrxlayermanager:403
[16:29:06.586] [lua] Request fulfilled: Load layer vz_state_alljob010_03_pristine (static: nil)  @mrxlayermanager:446
[16:29:06.596] [lua] Layer request 2: 81 of 238 complete  @mrxlayermanager:479
[16:29:06.605] [lua] Culling op for layer vz_state_alljob010_03_pristine!  @mrxlayermanager:318
[16:29:06.618] [lua] (nPendingOps = 261)  @mrxlayermanager:324
[16:29:06.627] [lua] Loading vz_state_chijob002_04_pristine (static: false)  @mrxlayermanager:375
[16:29:06.636] [lua] true	Unable to load layer vz_state_chijob002_04_pristine  @mrxlayermanager:403
[16:29:06.651] [lua] Request fulfilled: Load layer vz_state_chijob002_03_staging (static: nil)  @mrxlayermanager:446
[16:29:06.660] [lua] Layer request 2: 82 of 238 complete  @mrxlayermanager:479
[16:29:06.676] [lua] Culling op for layer vz_state_chijob002_03_staging!  @mrxlayermanager:318
[16:29:06.685] [lua] (nPendingOps = 260)  @mrxlayermanager:324
[16:29:06.694] [lua] Loading vz_state_oiljob012_04_staging (static: false)  @mrxlayermanager:375
[16:29:06.704] [lua] true	Unable to load layer vz_state_oiljob012_04_staging  @mrxlayermanager:403
[16:29:06.715] [lua] Request fulfilled: Load layer vz_state_car_city_act2chi (static: nil)  @mrxlayermanager:446
[16:29:06.724] [lua] Layer request 2: 83 of 238 complete  @mrxlayermanager:479
[16:29:06.734] [lua] Culling op for layer vz_state_car_city_act2chi!  @mrxlayermanager:318
[16:29:06.743] [lua] (nPendingOps = 259)  @mrxlayermanager:324
[16:29:06.752] [lua] Loading vz_state_mer_commercialpristine (static: false)  @mrxlayermanager:375
[16:29:06.762] [lua] true	Unable to load layer vz_state_mer_commercialpristine  @mrxlayermanager:403
[16:29:06.773] [lua] Request fulfilled: Load layer vz_state_alljob002_01_pristine (static: nil)  @mrxlayermanager:446
[16:29:06.782] [lua] Layer request 2: 84 of 238 complete  @mrxlayermanager:479
[16:29:06.791] [lua] Culling op for layer vz_state_alljob002_01_pristine!  @mrxlayermanager:318
[16:29:06.801] [lua] (nPendingOps = 258)  @mrxlayermanager:324
[16:29:06.811] [lua] Loading vz_chi_job001_c (static: true)  @mrxlayermanager:375
[16:29:06.820] [lua] true	Unable to load layer vz_chi_job001_c  @mrxlayermanager:403
[16:29:06.831] [lua] Request fulfilled: Load layer vz_chi_job001_c (static: nil)  @mrxlayermanager:446
[16:29:06.839] [lua] Layer request 1: 67 of 170 complete  @mrxlayermanager:479
[16:29:06.852] [lua] Culling op for layer vz_chi_job001_c!  @mrxlayermanager:318
[16:29:06.861] [lua] (nPendingOps = 257)  @mrxlayermanager:324
[16:29:06.871] [lua] Loading vz_state_staging_chi_hq (static: false)  @mrxlayermanager:375
[16:29:06.881] [lua] true	Unable to load layer vz_state_staging_chi_hq  @mrxlayermanager:403
[16:29:06.889] [lua] Request fulfilled: Load layer vz_state_chijob002_04_pristine (static: nil)  @mrxlayermanager:446
[16:29:06.898] [lua] Layer request 2: 85 of 238 complete  @mrxlayermanager:479
[16:29:06.908] [lua] Culling op for layer vz_state_chijob002_04_pristine!  @mrxlayermanager:318
[16:29:06.917] [lua] (nPendingOps = 256)  @mrxlayermanager:324
[16:29:06.926] [lua] Loading vz_state_chijob009_a_destroyed (static: false)  @mrxlayermanager:375
[16:29:06.935] [lua] true	Unable to load layer vz_state_chijob009_a_destroyed  @mrxlayermanager:403
[16:29:06.947] [lua] Request fulfilled: Load layer vz_state_alljob009_01_destroyed (static: nil)  @mrxlayermanager:446
[16:29:06.957] [lua] Layer request 2: 86 of 238 complete  @mrxlayermanager:479
[16:29:06.967] [lua] Culling op for layer vz_state_alljob009_01_destroyed!  @mrxlayermanager:318
[16:29:06.976] [lua] (nPendingOps = 255)  @mrxlayermanager:324
[16:29:06.986] [lua] Loading vz_state_gurcon003_med (static: false)  @mrxlayermanager:375
[16:29:06.997] [lua] true	Unable to load layer vz_state_gurcon003_med  @mrxlayermanager:403
[16:29:07.007] [lua] Request fulfilled: Load layer vz_state_vzacon001_ruined (static: nil)  @mrxlayermanager:446
[16:29:07.017] [lua] Layer request 2: 87 of 238 complete  @mrxlayermanager:479
[16:29:07.026] [lua] Culling op for layer vz_state_vzacon001_ruined!  @mrxlayermanager:318
[16:29:07.036] [lua] (nPendingOps = 254)  @mrxlayermanager:324
[16:29:07.046] [lua] Loading vz_state_mer_big_lineregion (static: false)  @mrxlayermanager:375
[16:29:07.055] [lua] true	Unable to load layer vz_state_mer_big_lineregion  @mrxlayermanager:403
[16:29:07.066] [lua] Request fulfilled: Load layer vz_state_oiljob011_01_pristine (static: nil)  @mrxlayermanager:446
[16:29:07.078] [lua] Layer request 2: 88 of 238 complete  @mrxlayermanager:479
[16:29:07.088] [lua] Culling op for layer vz_state_oiljob011_01_pristine!  @mrxlayermanager:318
[16:29:07.097] [lua] (nPendingOps = 253)  @mrxlayermanager:324
[16:29:07.106] [lua] Loading vz_state_alljob005_01_destroyed (static: false)  @mrxlayermanager:375
[16:29:07.116] [lua] true	Unable to load layer vz_state_alljob005_01_destroyed  @mrxlayermanager:403
[16:29:07.129] [lua] Request fulfilled: Load layer vz_state_oiljob012_04_staging (static: nil)  @mrxlayermanager:446
[16:29:07.138] [lua] Layer request 2: 89 of 238 complete  @mrxlayermanager:479
[16:29:07.148] [lua] Culling op for layer vz_state_oiljob012_04_staging!  @mrxlayermanager:318
[16:29:07.157] [lua] (nPendingOps = 252)  @mrxlayermanager:324
[16:29:07.166] [lua] Loading vz_state_gurjob012_03_pristine (static: false)  @mrxlayermanager:375
[16:29:07.175] [lua] true	Unable to load layer vz_state_gurjob012_03_pristine  @mrxlayermanager:403
[16:29:07.187] [lua] Request fulfilled: Load layer vz_state_oilcon002_pristine (static: nil)  @mrxlayermanager:446
[16:29:07.197] [lua] Layer request 2: 90 of 238 complete  @mrxlayermanager:479
[16:29:07.206] [lua] Culling op for layer vz_state_oilcon002_pristine!  @mrxlayermanager:318
[16:29:07.216] [lua] (nPendingOps = 251)  @mrxlayermanager:324
[16:29:07.225] [lua] Loading vz_state_alljob005_02_destroyed (static: false)  @mrxlayermanager:375
[16:29:07.234] [lua] true	Unable to load layer vz_state_alljob005_02_destroyed  @mrxlayermanager:403
[16:29:07.245] [lua] Request fulfilled: Load layer vz_state_gurjob012_03_pristine (static: nil)  @mrxlayermanager:446
[16:29:07.254] [lua] Layer request 2: 91 of 238 complete  @mrxlayermanager:479
[16:29:07.264] [lua] Culling op for layer vz_state_gurjob012_03_pristine!  @mrxlayermanager:318
[16:29:07.273] [lua] (nPendingOps = 250)  @mrxlayermanager:324
[16:29:07.282] [lua] Loading vz_state_oiljob012_01_staging (static: false)  @mrxlayermanager:375
[16:29:07.291] [lua] true	Unable to load layer vz_state_oiljob012_01_staging  @mrxlayermanager:403
[16:29:07.302] [lua] Request fulfilled: Load layer vz_state_gurcon003_med (static: nil)  @mrxlayermanager:446
[16:29:07.310] [lua] Layer request 2: 92 of 238 complete  @mrxlayermanager:479
[16:29:07.320] [lua] Culling op for layer vz_state_gurcon003_med!  @mrxlayermanager:318
[16:29:07.328] [lua] (nPendingOps = 249)  @mrxlayermanager:324
[16:29:07.338] [lua] Loading vz_car_city (static: true)  @mrxlayermanager:375
[16:29:07.347] [lua] true	Unable to load layer vz_car_city  @mrxlayermanager:403
[16:29:07.358] [lua] Request fulfilled: Load layer vz_car_city (static: nil)  @mrxlayermanager:446
[16:29:07.372] [lua] Layer request 1: 68 of 170 complete  @mrxlayermanager:479
[16:29:07.382] [lua] Culling op for layer vz_car_city!  @mrxlayermanager:318
[16:29:07.391] [lua] (nPendingOps = 248)  @mrxlayermanager:324
[16:29:07.401] [lua] Loading vz_chi_job006_a (static: true)  @mrxlayermanager:375
[16:29:07.410] [lua] true	Unable to load layer vz_chi_job006_a  @mrxlayermanager:403
[16:29:07.420] [lua] Request fulfilled: Load layer vz_state_cumana_act1chi (static: nil)  @mrxlayermanager:446
[16:29:07.430] [lua] Layer request 2: 93 of 238 complete  @mrxlayermanager:479
[16:29:07.439] [lua] Culling op for layer vz_state_cumana_act1chi!  @mrxlayermanager:318
[16:29:07.449] [lua] (nPendingOps = 247)  @mrxlayermanager:324
[16:29:07.458] [lua] Loading vz_all_job010_d (static: true)  @mrxlayermanager:375
[16:29:07.468] [lua] true	Unable to load layer vz_all_job010_d  @mrxlayermanager:403
[16:29:07.478] [lua] Request fulfilled: Load layer vz_state_staging_chi_hq (static: nil)  @mrxlayermanager:446
[16:29:07.494] [lua] Layer request 2: 94 of 238 complete  @mrxlayermanager:479
[16:29:07.505] [lua] Culling op for layer vz_state_staging_chi_hq!  @mrxlayermanager:318
[16:29:07.514] [lua] (nPendingOps = 246)  @mrxlayermanager:324
[16:29:07.523] [lua] Loading vz_chi_job010_a (static: true)  @mrxlayermanager:375
[16:29:07.533] [lua] true	Unable to load layer vz_chi_job010_a  @mrxlayermanager:403
[16:29:07.542] [lua] Request fulfilled: Load layer vz_chi_job006_a (static: nil)  @mrxlayermanager:446
[16:29:07.551] [lua] Layer request 1: 69 of 170 complete  @mrxlayermanager:479
[16:29:07.560] [lua] Culling op for layer vz_chi_job006_a!  @mrxlayermanager:318
[16:29:07.570] [lua] (nPendingOps = 245)  @mrxlayermanager:324
[16:29:07.579] [lua] Loading vz_state_chicon005_b_pristine (static: false)  @mrxlayermanager:375
[16:29:07.588] [lua] true	Unable to load layer vz_state_chicon005_b_pristine  @mrxlayermanager:403
[16:29:07.598] [lua] Request fulfilled: Load layer vz_all_job010_d (static: nil)  @mrxlayermanager:446
[16:29:07.607] [lua] Layer request 1: 70 of 170 complete  @mrxlayermanager:479
[16:29:07.616] [lua] Culling op for layer vz_all_job010_d!  @mrxlayermanager:318
[16:29:07.625] [lua] (nPendingOps = 244)  @mrxlayermanager:324
[16:29:07.638] [lua] Loading vz_state_gurcon005_depot (static: false)  @mrxlayermanager:375
[16:29:07.647] [lua] true	Unable to load layer vz_state_gurcon005_depot  @mrxlayermanager:403
[16:29:07.658] [lua] Request fulfilled: Load layer vz_chi_job010_a (static: nil)  @mrxlayermanager:446
[16:29:07.668] [lua] Layer request 1: 71 of 170 complete  @mrxlayermanager:479
[16:29:07.681] [lua] Culling op for layer vz_chi_job010_a!  @mrxlayermanager:318
[16:29:07.690] [lua] (nPendingOps = 243)  @mrxlayermanager:324
[16:29:07.700] [lua] Loading vz_mar_industrial_roads (static: true)  @mrxlayermanager:375
[16:29:07.709] [lua] true	Unable to load layer vz_mar_industrial_roads  @mrxlayermanager:403
[16:29:07.718] [lua] Request fulfilled: Load layer vz_state_chijob006_b_destroyed (static: nil)  @mrxlayermanager:446
[16:29:07.727] [lua] Layer request 2: 95 of 238 complete  @mrxlayermanager:479
[16:29:07.741] [lua] Culling op for layer vz_state_chijob006_b_destroyed!  @mrxlayermanager:318
[16:29:07.751] [lua] (nPendingOps = 242)  @mrxlayermanager:324
[16:29:07.759] [lua] Loading vz_state_chijob005_b_destroyed (static: false)  @mrxlayermanager:375
[16:29:07.769] [lua] true	Unable to load layer vz_state_chijob005_b_destroyed  @mrxlayermanager:403
[16:29:07.780] [lua] Request fulfilled: Load layer vz_mar_industrial_roads (static: nil)  @mrxlayermanager:446
[16:29:07.789] [lua] Layer request 1: 72 of 170 complete  @mrxlayermanager:479
[16:29:07.799] [lua] Culling op for layer vz_mar_industrial_roads!  @mrxlayermanager:318
[16:29:07.808] [lua] (nPendingOps = 241)  @mrxlayermanager:324
[16:29:07.817] [lua] Loading vz_state_oiljob012_02_pristine (static: false)  @mrxlayermanager:375
[16:29:07.826] [lua] true	Unable to load layer vz_state_oiljob012_02_pristine  @mrxlayermanager:403
[16:29:07.836] [lua] Request fulfilled: Load layer vz_state_alljob005_01_destroyed (static: nil)  @mrxlayermanager:446
[16:29:07.845] [lua] Layer request 2: 96 of 238 complete  @mrxlayermanager:479
[16:29:07.855] [lua] Culling op for layer vz_state_alljob005_01_destroyed!  @mrxlayermanager:318
[16:29:07.865] [lua] (nPendingOps = 240)  @mrxlayermanager:324
[16:29:07.874] [lua] Loading vz_state_oiljob012_04_pristine (static: false)  @mrxlayermanager:375
[16:29:07.883] [lua] true	Unable to load layer vz_state_oiljob012_04_pristine  @mrxlayermanager:403
[16:29:07.893] [lua] Request fulfilled: Load layer vz_state_mer_big_lineregion (static: nil)  @mrxlayermanager:446
[16:29:07.906] [lua] Layer request 2: 97 of 238 complete  @mrxlayermanager:479
[16:29:07.915] [lua] Culling op for layer vz_state_mer_big_lineregion!  @mrxlayermanager:318
[16:29:07.924] [lua] (nPendingOps = 239)  @mrxlayermanager:324
[16:29:07.934] [lua] Loading vz_state_pirjob012_09_pristine (static: false)  @mrxlayermanager:375
[16:29:07.943] [lua] true	Unable to load layer vz_state_pirjob012_09_pristine  @mrxlayermanager:403
[16:29:07.955] [lua] Request fulfilled: Load layer vz_state_mer_commercialpristine (static: nil)  @mrxlayermanager:446
[16:29:07.964] [lua] Layer request 2: 98 of 238 complete  @mrxlayermanager:479
[16:29:07.973] [lua] Culling op for layer vz_state_mer_commercialpristine!  @mrxlayermanager:318
[16:29:07.983] [lua] (nPendingOps = 238)  @mrxlayermanager:324
[16:29:07.992] [lua] Loading vz_gur_job002_f (static: true)  @mrxlayermanager:375
[16:29:08.001] [lua] true	Unable to load layer vz_gur_job002_f  @mrxlayermanager:403
[16:29:08.012] [lua] Request fulfilled: Load layer vz_state_chijob009_a_destroyed (static: nil)  @mrxlayermanager:446
[16:29:08.022] [lua] Layer request 2: 99 of 238 complete  @mrxlayermanager:479
[16:29:08.031] [lua] Culling op for layer vz_state_chijob009_a_destroyed!  @mrxlayermanager:318
[16:29:08.040] [lua] (nPendingOps = 237)  @mrxlayermanager:324
[16:29:08.050] [lua] Loading vz_mer_dock (static: true)  @mrxlayermanager:375
[16:29:08.058] [lua] true	Unable to load layer vz_mer_dock  @mrxlayermanager:403
[16:29:08.068] [lua] Request fulfilled: Load layer vz_gur_job002_f (static: nil)  @mrxlayermanager:446
[16:29:08.077] [lua] Layer request 1: 73 of 170 complete  @mrxlayermanager:479
[16:29:08.086] [lua] Culling op for layer vz_gur_job002_f!  @mrxlayermanager:318
[16:29:08.095] [lua] (nPendingOps = 236)  @mrxlayermanager:324
[16:29:08.105] [lua] Loading vz_all_job001_d (static: true)  @mrxlayermanager:375
[16:29:08.115] [lua] true	Unable to load layer vz_all_job001_d  @mrxlayermanager:403
[16:29:08.125] [lua] Request fulfilled: Load layer vz_state_alljob005_02_destroyed (static: nil)  @mrxlayermanager:446
[16:29:08.134] [lua] Layer request 2: 100 of 238 complete  @mrxlayermanager:479
[16:29:08.144] [lua] Culling op for layer vz_state_alljob005_02_destroyed!  @mrxlayermanager:318
[16:29:08.158] [lua] (nPendingOps = 235)  @mrxlayermanager:324
[16:29:08.168] [lua] Loading vz_chi_con054 (static: true)  @mrxlayermanager:375
[16:29:08.177] [lua] true	Unable to load layer vz_chi_con054  @mrxlayermanager:403
[16:29:08.191] [lua] Request fulfilled: Load layer vz_mer_dock (static: nil)  @mrxlayermanager:446
[16:29:08.201] [lua] Layer request 1: 74 of 170 complete  @mrxlayermanager:479
[16:29:08.210] [lua] Culling op for layer vz_mer_dock!  @mrxlayermanager:318
[16:29:08.220] [lua] (nPendingOps = 234)  @mrxlayermanager:324
[16:29:08.229] [lua] Loading vz_chi_job002_a (static: true)  @mrxlayermanager:375
[16:29:08.238] [lua] true	Unable to load layer vz_chi_job002_a  @mrxlayermanager:403
[16:29:08.248] [lua] Request fulfilled: Load layer vz_all_job001_d (static: nil)  @mrxlayermanager:446
[16:29:08.260] [lua] Layer request 1: 75 of 170 complete  @mrxlayermanager:479
[16:29:08.272] [lua] Culling op for layer vz_all_job001_d!  @mrxlayermanager:318
[16:29:08.281] [lua] (nPendingOps = 233)  @mrxlayermanager:324
[16:29:08.291] [lua] Loading vz_pir_job012_d (static: true)  @mrxlayermanager:375
[16:29:08.301] [lua] true	Unable to load layer vz_pir_job012_d  @mrxlayermanager:403
[16:29:08.311] [lua] Request fulfilled: Load layer vz_chi_con054 (static: nil)  @mrxlayermanager:446
[16:29:08.321] [lua] Layer request 1: 76 of 170 complete  @mrxlayermanager:479
[16:29:08.330] [lua] Culling op for layer vz_chi_con054!  @mrxlayermanager:318
[16:29:08.340] [lua] (nPendingOps = 232)  @mrxlayermanager:324
[16:29:08.349] [lua] Loading vz_gur_job008_b (static: true)  @mrxlayermanager:375
[16:29:08.358] [lua] true	Unable to load layer vz_gur_job008_b  @mrxlayermanager:403
[16:29:08.367] [lua] Request fulfilled: Load layer vz_chi_job002_a (static: nil)  @mrxlayermanager:446
[16:29:08.376] [lua] Layer request 1: 77 of 170 complete  @mrxlayermanager:479
[16:29:08.386] [lua] Culling op for layer vz_chi_job002_a!  @mrxlayermanager:318
[16:29:08.396] [lua] (nPendingOps = 231)  @mrxlayermanager:324
[16:29:08.405] [lua] Loading vz_state_alljob002_05_pristine (static: false)  @mrxlayermanager:375
[16:29:08.414] [lua] true	Unable to load layer vz_state_alljob002_05_pristine  @mrxlayermanager:403
[16:29:08.423] [lua] Request fulfilled: Load layer vz_state_pirjob012_09_pristine (static: nil)  @mrxlayermanager:446
[16:29:08.433] [lua] Layer request 2: 101 of 238 complete  @mrxlayermanager:479
[16:29:08.442] [lua] Culling op for layer vz_state_pirjob012_09_pristine!  @mrxlayermanager:318
[16:29:08.451] [lua] (nPendingOps = 230)  @mrxlayermanager:324
[16:29:08.459] [lua] Loading vz_amazon_billboard (static: true)  @mrxlayermanager:375
[16:29:08.476] [lua] true	Unable to load layer vz_amazon_billboard  @mrxlayermanager:403
[16:29:08.485] [lua] Request fulfilled: Load layer vz_pir_job012_d (static: nil)  @mrxlayermanager:446
[16:29:08.495] [lua] Layer request 1: 78 of 170 complete  @mrxlayermanager:479
[16:29:08.504] [lua] Culling op for layer vz_pir_job012_d!  @mrxlayermanager:318
[16:29:08.513] [lua] (nPendingOps = 229)  @mrxlayermanager:324
[16:29:08.522] [lua] Loading vz_state_oiljob004 (static: false)  @mrxlayermanager:375
[16:29:08.531] [lua] true	Unable to load layer vz_state_oiljob004  @mrxlayermanager:403
[16:29:08.542] [lua] Request fulfilled: Load layer vz_gur_job008_b (static: nil)  @mrxlayermanager:446
[16:29:08.552] [lua] Layer request 1: 79 of 170 complete  @mrxlayermanager:479
[16:29:08.561] [lua] Culling op for layer vz_gur_job008_b!  @mrxlayermanager:318
[16:29:08.570] [lua] (nPendingOps = 228)  @mrxlayermanager:324
[16:29:08.579] [lua] Loading vz_gur_job002_h (static: true)  @mrxlayermanager:375
[16:29:08.588] [lua] true	Unable to load layer vz_gur_job002_h  @mrxlayermanager:403
[16:29:08.598] [lua] Request fulfilled: Load layer vz_state_gurcon005_depot (static: nil)  @mrxlayermanager:446
[16:29:08.607] [lua] Layer request 2: 102 of 238 complete  @mrxlayermanager:479
[16:29:08.617] [lua] Culling op for layer vz_state_gurcon005_depot!  @mrxlayermanager:318
[16:29:08.626] [lua] (nPendingOps = 227)  @mrxlayermanager:324
[16:29:08.635] [lua] Loading vz_state_pirjob002_02_captured (static: false)  @mrxlayermanager:375
[16:29:08.647] [lua] true	Unable to load layer vz_state_pirjob002_02_captured  @mrxlayermanager:403
[16:29:08.656] [lua] Request fulfilled: Load layer vz_amazon_billboard (static: nil)  @mrxlayermanager:446
[16:29:08.665] [lua] Layer request 1: 80 of 170 complete  @mrxlayermanager:479
[16:29:08.674] [lua] Culling op for layer vz_amazon_billboard!  @mrxlayermanager:318
[16:29:08.684] [lua] (nPendingOps = 226)  @mrxlayermanager:324
[16:29:08.693] [lua] Loading vz_state_gurjob011_05_destroyed (static: false)  @mrxlayermanager:375
[16:29:08.702] [lua] true	Unable to load layer vz_state_gurjob011_05_destroyed  @mrxlayermanager:403
[16:29:08.715] [lua] Request fulfilled: Load layer vz_gur_job002_h (static: nil)  @mrxlayermanager:446
[16:29:08.725] [lua] Layer request 1: 81 of 170 complete  @mrxlayermanager:479
[16:29:08.738] [lua] Culling op for layer vz_gur_job002_h!  @mrxlayermanager:318
[16:29:08.748] [lua] (nPendingOps = 225)  @mrxlayermanager:324
[16:29:08.757] [lua] Loading vz_state_pirjob002_02_pristine (static: false)  @mrxlayermanager:375
[16:29:08.766] [lua] true	Unable to load layer vz_state_pirjob002_02_pristine  @mrxlayermanager:403
[16:29:08.775] [lua] Request fulfilled: Load layer vz_state_oiljob012_01_staging (static: nil)  @mrxlayermanager:446
[16:29:08.785] [lua] Layer request 2: 103 of 238 complete  @mrxlayermanager:479
[16:29:08.794] [lua] Culling op for layer vz_state_oiljob012_01_staging!  @mrxlayermanager:318
[16:29:08.803] [lua] (nPendingOps = 224)  @mrxlayermanager:324
[16:29:08.812] [lua] Loading vz_pir_job012_j (static: true)  @mrxlayermanager:375
[16:29:08.821] [lua] true	Unable to load layer vz_pir_job012_j  @mrxlayermanager:403
[16:29:08.832] [lua] Request fulfilled: Load layer vz_state_chicon005_b_pristine (static: nil)  @mrxlayermanager:446
[16:29:08.841] [lua] Layer request 2: 104 of 238 complete  @mrxlayermanager:479
[16:29:08.850] [lua] Culling op for layer vz_state_chicon005_b_pristine!  @mrxlayermanager:318
[16:29:08.859] [lua] (nPendingOps = 223)  @mrxlayermanager:324
[16:29:08.872] [lua] Loading vz_state_pirjob012_10_pristine (static: false)  @mrxlayermanager:375
[16:29:08.882] [lua] true	Unable to load layer vz_state_pirjob012_10_pristine  @mrxlayermanager:403
[16:29:08.891] [lua] Request fulfilled: Load layer vz_pir_job012_j (static: nil)  @mrxlayermanager:446
[16:29:08.901] [lua] Layer request 1: 82 of 170 complete  @mrxlayermanager:479
[16:29:08.910] [lua] Culling op for layer vz_pir_job012_j!  @mrxlayermanager:318
[16:29:08.918] [lua] (nPendingOps = 222)  @mrxlayermanager:324
[16:29:08.928] [lua] Loading vz_state_margarita_crash (static: false)  @mrxlayermanager:375
[16:29:08.938] [lua] true	Unable to load layer vz_state_margarita_crash  @mrxlayermanager:403
[16:29:08.949] [lua] Request fulfilled: Load layer vz_state_gurjob011_05_destroyed (static: nil)  @mrxlayermanager:446
[16:29:08.959] [lua] Layer request 2: 105 of 238 complete  @mrxlayermanager:479
[16:29:08.969] [lua] Culling op for layer vz_state_gurjob011_05_destroyed!  @mrxlayermanager:318
[16:29:08.978] [lua] (nPendingOps = 221)  @mrxlayermanager:324
[16:29:08.987] [lua] Loading vz_state_oiljob011_05_pristine (static: false)  @mrxlayermanager:375
[16:29:08.996] [lua] true	Unable to load layer vz_state_oiljob011_05_pristine  @mrxlayermanager:403
[16:29:09.007] [lua] Request fulfilled: Load layer vz_state_oiljob012_04_pristine (static: nil)  @mrxlayermanager:446
[16:29:09.020] [lua] Layer request 2: 106 of 238 complete  @mrxlayermanager:479
[16:29:09.033] [lua] Culling op for layer vz_state_oiljob012_04_pristine!  @mrxlayermanager:318
[16:29:09.042] [lua] (nPendingOps = 220)  @mrxlayermanager:324
[16:29:09.052] [lua] Loading vz_car_shanty_roads (static: true)  @mrxlayermanager:375
[16:29:09.061] [lua] true	Unable to load layer vz_car_shanty_roads  @mrxlayermanager:403
[16:29:09.080] [lua] Request fulfilled: Load layer vz_car_shanty_roads (static: nil)  @mrxlayermanager:446
[16:29:09.089] [lua] Layer request 1: 83 of 170 complete  @mrxlayermanager:479
[16:29:09.098] [lua] Culling op for layer vz_car_shanty_roads!  @mrxlayermanager:318
[16:29:09.108] [lua] (nPendingOps = 219)  @mrxlayermanager:324
[16:29:09.116] [lua] Loading vz_pmc_scrub (static: true)  @mrxlayermanager:375
[16:29:09.126] [lua] true	Unable to load layer vz_pmc_scrub  @mrxlayermanager:403
[16:29:09.135] [lua] Request fulfilled: Load layer vz_state_oiljob004 (static: nil)  @mrxlayermanager:446
[16:29:09.144] [lua] Layer request 2: 107 of 238 complete  @mrxlayermanager:479
[16:29:09.153] [lua] Culling op for layer vz_state_oiljob004!  @mrxlayermanager:318
[16:29:09.162] [lua] (nPendingOps = 218)  @mrxlayermanager:324
[16:29:09.173] [lua] Loading vz_oil_job011_g (static: true)  @mrxlayermanager:375
[16:29:09.184] [lua] true	Unable to load layer vz_oil_job011_g  @mrxlayermanager:403
[16:29:09.199] [lua] Request fulfilled: Load layer vz_state_pirjob002_02_captured (static: nil)  @mrxlayermanager:446
[16:29:09.208] [lua] Layer request 2: 108 of 238 complete  @mrxlayermanager:479
[16:29:09.218] [lua] Culling op for layer vz_state_pirjob002_02_captured!  @mrxlayermanager:318
[16:29:09.227] [lua] (nPendingOps = 217)  @mrxlayermanager:324
[16:29:09.236] [lua] Loading vz_state_oiljob002_captured (static: false)  @mrxlayermanager:375
[16:29:09.245] [lua] true	Unable to load layer vz_state_oiljob002_captured  @mrxlayermanager:403
[16:29:09.259] [lua] Request fulfilled: Load layer vz_pmc_scrub (static: nil)  @mrxlayermanager:446
[16:29:09.268] [lua] Layer request 1: 84 of 170 complete  @mrxlayermanager:479
[16:29:09.277] [lua] Culling op for layer vz_pmc_scrub!  @mrxlayermanager:318
[16:29:09.287] [lua] (nPendingOps = 216)  @mrxlayermanager:324
[16:29:09.296] [lua] Loading vz_state_chicon054_staging (static: false)  @mrxlayermanager:375
[16:29:09.306] [lua] true	Unable to load layer vz_state_chicon054_staging  @mrxlayermanager:403
[16:29:09.316] [lua] Request fulfilled: Load layer vz_oil_job011_g (static: nil)  @mrxlayermanager:446
[16:29:09.325] [lua] Layer request 1: 85 of 170 complete  @mrxlayermanager:479
[16:29:09.334] [lua] Culling op for layer vz_oil_job011_g!  @mrxlayermanager:318
[16:29:09.343] [lua] (nPendingOps = 215)  @mrxlayermanager:324
[16:29:09.352] [lua] Loading vz_state_oiljob011_02_pristine (static: false)  @mrxlayermanager:375
[16:29:09.361] [lua] true	Unable to load layer vz_state_oiljob011_02_pristine  @mrxlayermanager:403
[16:29:09.373] [lua] Request fulfilled: Load layer vz_state_oiljob012_02_pristine (static: nil)  @mrxlayermanager:446
[16:29:09.382] [lua] Layer request 2: 109 of 238 complete  @mrxlayermanager:479
[16:29:09.392] [lua] Culling op for layer vz_state_oiljob012_02_pristine!  @mrxlayermanager:318
[16:29:09.401] [lua] (nPendingOps = 214)  @mrxlayermanager:324
[16:29:09.410] [lua] Loading vz_state_mar_industrial_pristine (static: false)  @mrxlayermanager:375
[16:29:09.420] [lua] true	Unable to load layer vz_state_mar_industrial_pristine  @mrxlayermanager:403
[16:29:09.431] [lua] Request fulfilled: Load layer vz_state_pirjob002_02_pristine (static: nil)  @mrxlayermanager:446
[16:29:09.441] [lua] Layer request 2: 110 of 238 complete  @mrxlayermanager:479
[16:29:09.450] [lua] Culling op for layer vz_state_pirjob002_02_pristine!  @mrxlayermanager:318
[16:29:09.459] [lua] (nPendingOps = 213)  @mrxlayermanager:324
[16:29:09.468] [lua] Loading vz_state_gurjob007_01_destroyed (static: false)  @mrxlayermanager:375
[16:29:09.477] [lua] true	Unable to load layer vz_state_gurjob007_01_destroyed  @mrxlayermanager:403
[16:29:09.488] [lua] Request fulfilled: Load layer vz_state_chijob005_b_destroyed (static: nil)  @mrxlayermanager:446
[16:29:09.497] [lua] Layer request 2: 111 of 238 complete  @mrxlayermanager:479
[16:29:09.506] [lua] Culling op for layer vz_state_chijob005_b_destroyed!  @mrxlayermanager:318
[16:29:09.515] [lua] (nPendingOps = 212)  @mrxlayermanager:324
[16:29:09.524] [lua] Loading vz_pir_job012_b (static: true)  @mrxlayermanager:375
[16:29:09.534] [lua] true	Unable to load layer vz_pir_job012_b  @mrxlayermanager:403
[16:29:09.544] [lua] Request fulfilled: Load layer vz_pir_job012_b (static: nil)  @mrxlayermanager:446
[16:29:09.554] [lua] Layer request 1: 86 of 170 complete  @mrxlayermanager:479
[16:29:09.565] [lua] Culling op for layer vz_pir_job012_b!  @mrxlayermanager:318
[16:29:09.574] [lua] (nPendingOps = 211)  @mrxlayermanager:324
[16:29:09.584] [lua] Loading vz_state_alljob002_04_pristine (static: false)  @mrxlayermanager:375
[16:29:09.593] [lua] true	Unable to load layer vz_state_alljob002_04_pristine  @mrxlayermanager:403
[16:29:09.603] [lua] Request fulfilled: Load layer vz_state_alljob002_05_pristine (static: nil)  @mrxlayermanager:446
[16:29:09.612] [lua] Layer request 2: 112 of 238 complete  @mrxlayermanager:479
[16:29:09.621] [lua] Culling op for layer vz_state_alljob002_05_pristine!  @mrxlayermanager:318
[16:29:09.630] [lua] (nPendingOps = 210)  @mrxlayermanager:324
[16:29:09.640] [lua] Loading vz_state_chijob001_02_pristine (static: false)  @mrxlayermanager:375
[16:29:09.649] [lua] true	Unable to load layer vz_state_chijob001_02_pristine  @mrxlayermanager:403
[16:29:09.659] [lua] Request fulfilled: Load layer vz_state_pirjob012_10_pristine (static: nil)  @mrxlayermanager:446
[16:29:09.670] [lua] Layer request 2: 113 of 238 complete  @mrxlayermanager:479
[16:29:09.679] [lua] Culling op for layer vz_state_pirjob012_10_pristine!  @mrxlayermanager:318
[16:29:09.688] [lua] (nPendingOps = 209)  @mrxlayermanager:324
[16:29:09.698] [lua] Loading vz_angel_falls_tiny (static: true)  @mrxlayermanager:375
[16:29:09.707] [lua] true	Unable to load layer vz_angel_falls_tiny  @mrxlayermanager:403
[16:29:09.718] [lua] Request fulfilled: Load layer vz_angel_falls_tiny (static: nil)  @mrxlayermanager:446
[16:29:09.728] [lua] Layer request 1: 87 of 170 complete  @mrxlayermanager:479
[16:29:09.738] [lua] Culling op for layer vz_angel_falls_tiny!  @mrxlayermanager:318
[16:29:09.747] [lua] (nPendingOps = 208)  @mrxlayermanager:324
[16:29:09.756] [lua] Loading vz_state_pirjob007_e_staging (static: false)  @mrxlayermanager:375
[16:29:09.767] [lua] true	Unable to load layer vz_state_pirjob007_e_staging  @mrxlayermanager:403
[16:29:09.775] [lua] Request fulfilled: Load layer vz_state_margarita_crash (static: nil)  @mrxlayermanager:446
[16:29:09.785] [lua] Layer request 2: 114 of 238 complete  @mrxlayermanager:479
[16:29:09.794] [lua] Culling op for layer vz_state_margarita_crash!  @mrxlayermanager:318
[16:29:09.803] [lua] (nPendingOps = 207)  @mrxlayermanager:324
[16:29:09.814] [lua] Loading vz_state_chicon002_hq_destroyed (static: false)  @mrxlayermanager:375
[16:29:09.823] [lua] true	Unable to load layer vz_state_chicon002_hq_destroyed  @mrxlayermanager:403
[16:29:09.835] [lua] Request fulfilled: Load layer vz_state_mar_industrial_pristine (static: nil)  @mrxlayermanager:446
[16:29:09.845] [lua] Layer request 2: 115 of 238 complete  @mrxlayermanager:479
[16:29:09.854] [lua] Culling op for layer vz_state_mar_industrial_pristine!  @mrxlayermanager:318
[16:29:09.863] [lua] (nPendingOps = 206)  @mrxlayermanager:324
[16:29:09.873] [lua] Loading vz_state_gurjob012_01_pristine (static: false)  @mrxlayermanager:375
[16:29:09.889] [lua] true	Unable to load layer vz_state_gurjob012_01_pristine  @mrxlayermanager:403
[16:29:09.913] [lua] Request fulfilled: Load layer vz_state_oiljob002_captured (static: nil)  @mrxlayermanager:446
[16:29:09.928] [lua] Layer request 2: 116 of 238 complete  @mrxlayermanager:479
[16:29:09.948] [lua] Culling op for layer vz_state_oiljob002_captured!  @mrxlayermanager:318
[16:29:09.965] [lua] (nPendingOps = 205)  @mrxlayermanager:324
[16:29:09.977] [lua] Loading vz_gur_hq (static: true)  @mrxlayermanager:375
[16:29:09.987] [lua] true	Unable to load layer vz_gur_hq  @mrxlayermanager:403
[16:29:09.997] [lua] Request fulfilled: Load layer vz_state_chicon002_hq_destroyed (static: nil)  @mrxlayermanager:446
[16:29:10.012] [lua] Layer request 2: 117 of 238 complete  @mrxlayermanager:479
[16:29:10.022] [lua] Culling op for layer vz_state_chicon002_hq_destroyed!  @mrxlayermanager:318
[16:29:10.032] [lua] (nPendingOps = 204)  @mrxlayermanager:324
[16:29:10.041] [lua] Loading vz_mer_billboard (static: true)  @mrxlayermanager:375
[16:29:10.050] [lua] true	Unable to load layer vz_mer_billboard  @mrxlayermanager:403
[16:29:10.060] [lua] Request fulfilled: Load layer vz_gur_hq (static: nil)  @mrxlayermanager:446
[16:29:10.069] [lua] Layer request 1: 88 of 170 complete  @mrxlayermanager:479
[16:29:10.078] [lua] Culling op for layer vz_gur_hq!  @mrxlayermanager:318
[16:29:10.088] [lua] (nPendingOps = 203)  @mrxlayermanager:324
[16:29:10.099] [lua] Loading vz_state_alljob009_03_destroyed (static: false)  @mrxlayermanager:375
[16:29:10.110] [lua] true	Unable to load layer vz_state_alljob009_03_destroyed  @mrxlayermanager:403
[16:29:10.123] [lua] Request fulfilled: Load layer vz_mer_billboard (static: nil)  @mrxlayermanager:446
[16:29:10.137] [lua] Layer request 1: 89 of 170 complete  @mrxlayermanager:479
[16:29:10.147] [lua] Culling op for layer vz_mer_billboard!  @mrxlayermanager:318
[16:29:10.156] [lua] (nPendingOps = 202)  @mrxlayermanager:324
[16:29:10.165] [lua] Loading vz_state_mar_city_ruined (static: false)  @mrxlayermanager:375
[16:29:10.174] [lua] true	Unable to load layer vz_state_mar_city_ruined  @mrxlayermanager:403
[16:29:10.183] [lua] Request fulfilled: Load layer vz_state_chicon054_staging (static: nil)  @mrxlayermanager:446
[16:29:10.192] [lua] Layer request 2: 118 of 238 complete  @mrxlayermanager:479
[16:29:10.201] [lua] Culling op for layer vz_state_chicon054_staging!  @mrxlayermanager:318
[16:29:10.210] [lua] (nPendingOps = 201)  @mrxlayermanager:324
[16:29:10.219] [lua] Loading vz_oil_job011_e (static: true)  @mrxlayermanager:375
[16:29:10.228] [lua] true	Unable to load layer vz_oil_job011_e  @mrxlayermanager:403
[16:29:10.239] [lua] Request fulfilled: Load layer vz_state_pirjob007_e_staging (static: nil)  @mrxlayermanager:446
[16:29:10.248] [lua] Layer request 2: 119 of 238 complete  @mrxlayermanager:479
[16:29:10.258] [lua] Culling op for layer vz_state_pirjob007_e_staging!  @mrxlayermanager:318
[16:29:10.267] [lua] (nPendingOps = 200)  @mrxlayermanager:324
[16:29:10.278] [lua] Loading vz_all_job002_a (static: true)  @mrxlayermanager:375
[16:29:10.287] [lua] true	Unable to load layer vz_all_job002_a  @mrxlayermanager:403
[16:29:10.296] [lua] Request fulfilled: Load layer vz_oil_job011_e (static: nil)  @mrxlayermanager:446
[16:29:10.305] [lua] Layer request 1: 90 of 170 complete  @mrxlayermanager:479
[16:29:10.317] [lua] Culling op for layer vz_oil_job011_e!  @mrxlayermanager:318
[16:29:10.330] [lua] (nPendingOps = 199)  @mrxlayermanager:324
[16:29:10.340] [lua] Loading vz_state_chijob005_d_destroyed (static: false)  @mrxlayermanager:375
[16:29:10.350] [lua] true	Unable to load layer vz_state_chijob005_d_destroyed  @mrxlayermanager:403
[16:29:10.361] [lua] Request fulfilled: Load layer vz_all_job002_a (static: nil)  @mrxlayermanager:446
[16:29:10.370] [lua] Layer request 1: 91 of 170 complete  @mrxlayermanager:479
[16:29:10.380] [lua] Culling op for layer vz_all_job002_a!  @mrxlayermanager:318
[16:29:10.389] [lua] (nPendingOps = 198)  @mrxlayermanager:324
[16:29:10.399] [lua] Loading vz_oil_job002 (static: true)  @mrxlayermanager:375
[16:29:10.414] [lua] true	Unable to load layer vz_oil_job002  @mrxlayermanager:403
[16:29:10.424] [lua] Request fulfilled: Load layer vz_state_oiljob011_02_pristine (static: nil)  @mrxlayermanager:446
[16:29:10.435] [lua] Layer request 2: 120 of 238 complete  @mrxlayermanager:479
[16:29:10.443] [lua] Culling op for layer vz_state_oiljob011_02_pristine!  @mrxlayermanager:318
[16:29:10.453] [lua] (nPendingOps = 197)  @mrxlayermanager:324
[16:29:10.463] [lua] Loading vz_chi_job006_c (static: true)  @mrxlayermanager:375
[16:29:10.478] [lua] true	Unable to load layer vz_chi_job006_c  @mrxlayermanager:403
[16:29:10.497] [lua] Request fulfilled: Load layer vz_state_gurjob012_01_pristine (static: nil)  @mrxlayermanager:446
[16:29:10.506] [lua] Layer request 2: 121 of 238 complete  @mrxlayermanager:479
[16:29:10.515] [lua] Culling op for layer vz_state_gurjob012_01_pristine!  @mrxlayermanager:318
[16:29:10.524] [lua] (nPendingOps = 196)  @mrxlayermanager:324
[16:29:10.533] [lua] Loading vz_pir_job002_a (static: true)  @mrxlayermanager:375
[16:29:10.545] [lua] true	Unable to load layer vz_pir_job002_a  @mrxlayermanager:403
[16:29:10.554] [lua] Request fulfilled: Load layer vz_oil_job002 (static: nil)  @mrxlayermanager:446
[16:29:10.563] [lua] Layer request 1: 92 of 170 complete  @mrxlayermanager:479
[16:29:10.572] [lua] Culling op for layer vz_oil_job002!  @mrxlayermanager:318
[16:29:10.582] [lua] (nPendingOps = 195)  @mrxlayermanager:324
[16:29:10.592] [lua] Loading vz_state_ocgate_dynamic (static: false)  @mrxlayermanager:375
[16:29:10.601] [lua] true	Unable to load layer vz_state_ocgate_dynamic  @mrxlayermanager:403
[16:29:10.610] [lua] Request fulfilled: Load layer vz_chi_job006_c (static: nil)  @mrxlayermanager:446
[16:29:10.619] [lua] Layer request 1: 93 of 170 complete  @mrxlayermanager:479
[16:29:10.628] [lua] Culling op for layer vz_chi_job006_c!  @mrxlayermanager:318
[16:29:10.638] [lua] (nPendingOps = 194)  @mrxlayermanager:324
[16:29:10.647] [lua] Loading vz_state_gurjob011_03_destroyed (static: false)  @mrxlayermanager:375
[16:29:10.656] [lua] true	Unable to load layer vz_state_gurjob011_03_destroyed  @mrxlayermanager:403
[16:29:10.667] [lua] Request fulfilled: Load layer vz_pir_job002_a (static: nil)  @mrxlayermanager:446
[16:29:10.676] [lua] Layer request 1: 94 of 170 complete  @mrxlayermanager:479
[16:29:10.685] [lua] Culling op for layer vz_pir_job002_a!  @mrxlayermanager:318
[16:29:10.694] [lua] (nPendingOps = 193)  @mrxlayermanager:324
[16:29:10.709] [lua] Loading vz_state_pirjob012_05_pristine (static: false)  @mrxlayermanager:375
[16:29:10.718] [lua] true	Unable to load layer vz_state_pirjob012_05_pristine  @mrxlayermanager:403
[16:29:10.728] [lua] Request fulfilled: Load layer vz_state_oiljob011_05_pristine (static: nil)  @mrxlayermanager:446
[16:29:10.737] [lua] Layer request 2: 122 of 238 complete  @mrxlayermanager:479
[16:29:10.746] [lua] Culling op for layer vz_state_oiljob011_05_pristine!  @mrxlayermanager:318
[16:29:10.759] [lua] (nPendingOps = 192)  @mrxlayermanager:324
[16:29:10.768] [lua] Loading vz_state_gurjob011_09_destroyed (static: false)  @mrxlayermanager:375
[16:29:10.777] [lua] true	Unable to load layer vz_state_gurjob011_09_destroyed  @mrxlayermanager:403
[16:29:10.788] [lua] Request fulfilled: Load layer vz_state_chijob005_d_destroyed (static: nil)  @mrxlayermanager:446
[16:29:10.797] [lua] Layer request 2: 123 of 238 complete  @mrxlayermanager:479
[16:29:10.807] [lua] Culling op for layer vz_state_chijob005_d_destroyed!  @mrxlayermanager:318
[16:29:10.816] [lua] (nPendingOps = 191)  @mrxlayermanager:324
[16:29:10.825] [lua] Loading vz_state_all_fuel_amazon (static: false)  @mrxlayermanager:375
[16:29:10.835] [lua] true	Unable to load layer vz_state_all_fuel_amazon  @mrxlayermanager:403
[16:29:10.845] [lua] Request fulfilled: Load layer vz_state_gurjob007_01_destroyed (static: nil)  @mrxlayermanager:446
[16:29:10.854] [lua] Layer request 2: 124 of 238 complete  @mrxlayermanager:479
[16:29:10.864] [lua] Culling op for layer vz_state_gurjob007_01_destroyed!  @mrxlayermanager:318
[16:29:10.873] [lua] (nPendingOps = 190)  @mrxlayermanager:324
[16:29:10.882] [lua] Loading vz_gua_billboard (static: true)  @mrxlayermanager:375
[16:29:10.891] [lua] true	Unable to load layer vz_gua_billboard  @mrxlayermanager:403
[16:29:10.902] [lua] Request fulfilled: Load layer vz_gua_billboard (static: nil)  @mrxlayermanager:446
[16:29:10.911] [lua] Layer request 1: 95 of 170 complete  @mrxlayermanager:479
[16:29:10.920] [lua] Culling op for layer vz_gua_billboard!  @mrxlayermanager:318
[16:29:10.929] [lua] (nPendingOps = 189)  @mrxlayermanager:324
[16:29:10.940] [lua] Loading vz_state_pirjob007_c_destroyed (static: false)  @mrxlayermanager:375
[16:29:10.951] [lua] true	Unable to load layer vz_state_pirjob007_c_destroyed  @mrxlayermanager:403
[16:29:10.961] [lua] Request fulfilled: Load layer vz_state_chijob001_02_pristine (static: nil)  @mrxlayermanager:446
[16:29:10.970] [lua] Layer request 2: 125 of 238 complete  @mrxlayermanager:479
[16:29:10.979] [lua] Culling op for layer vz_state_chijob001_02_pristine!  @mrxlayermanager:318
[16:29:10.988] [lua] (nPendingOps = 188)  @mrxlayermanager:324
[16:29:11.001] [lua] Loading vz_pir_job012_e (static: true)  @mrxlayermanager:375
[16:29:11.010] [lua] true	Unable to load layer vz_pir_job012_e  @mrxlayermanager:403
[16:29:11.020] [lua] Request fulfilled: Load layer vz_pir_job012_e (static: nil)  @mrxlayermanager:446
[16:29:11.029] [lua] Layer request 1: 96 of 170 complete  @mrxlayermanager:479
[16:29:11.041] [lua] Culling op for layer vz_pir_job012_e!  @mrxlayermanager:318
[16:29:11.050] [lua] (nPendingOps = 187)  @mrxlayermanager:324
[16:29:11.064] [lua] Loading vz_state_alljob009_05_pristine (static: false)  @mrxlayermanager:375
[16:29:11.074] [lua] true	Unable to load layer vz_state_alljob009_05_pristine  @mrxlayermanager:403
[16:29:11.083] [lua] Request fulfilled: Load layer vz_state_gurjob011_09_destroyed (static: nil)  @mrxlayermanager:446
[16:29:11.092] [lua] Layer request 2: 126 of 238 complete  @mrxlayermanager:479
[16:29:11.102] [lua] Culling op for layer vz_state_gurjob011_09_destroyed!  @mrxlayermanager:318
[16:29:11.111] [lua] (nPendingOps = 186)  @mrxlayermanager:324
[16:29:11.121] [lua] Loading vz_state_chijob001_03_pristine (static: false)  @mrxlayermanager:375
[16:29:11.130] [lua] true	Unable to load layer vz_state_chijob001_03_pristine  @mrxlayermanager:403
[16:29:11.141] [lua] Request fulfilled: Load layer vz_state_gurjob011_03_destroyed (static: nil)  @mrxlayermanager:446
[16:29:11.150] [lua] Layer request 2: 127 of 238 complete  @mrxlayermanager:479
[16:29:11.160] [lua] Culling op for layer vz_state_gurjob011_03_destroyed!  @mrxlayermanager:318
[16:29:11.169] [lua] (nPendingOps = 185)  @mrxlayermanager:324
[16:29:11.180] [lua] Loading vz_state_alljob001_03_pristine (static: false)  @mrxlayermanager:375
[16:29:11.189] [lua] true	Unable to load layer vz_state_alljob001_03_pristine  @mrxlayermanager:403
[16:29:11.200] [lua] Request fulfilled: Load layer vz_state_alljob009_03_destroyed (static: nil)  @mrxlayermanager:446
[16:29:11.209] [lua] Layer request 2: 128 of 238 complete  @mrxlayermanager:479
[16:29:11.219] [lua] Culling op for layer vz_state_alljob009_03_destroyed!  @mrxlayermanager:318
[16:29:11.228] [lua] (nPendingOps = 184)  @mrxlayermanager:324
[16:29:11.241] [lua] Loading vz_state_pmccon002_blanco (static: false)  @mrxlayermanager:375
[16:29:11.250] [lua] true	Unable to load layer vz_state_pmccon002_blanco  @mrxlayermanager:403
[16:29:11.261] [lua] Request fulfilled: Load layer vz_state_mar_city_ruined (static: nil)  @mrxlayermanager:446
[16:29:11.270] [lua] Layer request 2: 129 of 238 complete  @mrxlayermanager:479
[16:29:11.279] [lua] Culling op for layer vz_state_mar_city_ruined!  @mrxlayermanager:318
[16:29:11.288] [lua] (nPendingOps = 183)  @mrxlayermanager:324
[16:29:11.298] [lua] Loading vz_state_chijob002_02_staging (static: false)  @mrxlayermanager:375
[16:29:11.307] [lua] true	Unable to load layer vz_state_chijob002_02_staging  @mrxlayermanager:403
[16:29:11.318] [lua] Request fulfilled: Load layer vz_state_alljob002_04_pristine (static: nil)  @mrxlayermanager:446
[16:29:11.327] [lua] Layer request 2: 130 of 238 complete  @mrxlayermanager:479
[16:29:11.337] [lua] Culling op for layer vz_state_alljob002_04_pristine!  @mrxlayermanager:318
[16:29:11.346] [lua] (nPendingOps = 182)  @mrxlayermanager:324
[16:29:11.356] [lua] Loading vz_merida_tiny (static: true)  @mrxlayermanager:375
[16:29:11.366] [lua] true	Unable to load layer vz_merida_tiny  @mrxlayermanager:403
[16:29:11.376] [lua] Request fulfilled: Load layer vz_merida_tiny (static: nil)  @mrxlayermanager:446
[16:29:11.389] [lua] Layer request 1: 97 of 170 complete  @mrxlayermanager:479
[16:29:11.400] [lua] Culling op for layer vz_merida_tiny!  @mrxlayermanager:318
[16:29:11.409] [lua] (nPendingOps = 181)  @mrxlayermanager:324
[16:29:11.418] [lua] Loading vz_gur_job012_a (static: true)  @mrxlayermanager:375
[16:29:11.427] [lua] true	Unable to load layer vz_gur_job012_a  @mrxlayermanager:403
[16:29:11.441] [lua] Request fulfilled: Load layer vz_state_ocgate_dynamic (static: nil)  @mrxlayermanager:446
[16:29:11.450] [lua] Layer request 2: 131 of 238 complete  @mrxlayermanager:479
[16:29:11.458] [lua] Culling op for layer vz_state_ocgate_dynamic!  @mrxlayermanager:318
[16:29:11.468] [lua] (nPendingOps = 180)  @mrxlayermanager:324
[16:29:11.479] [lua] Loading vz_all_job002_d (static: true)  @mrxlayermanager:375
[16:29:11.488] [lua] true	Unable to load layer vz_all_job002_d  @mrxlayermanager:403
[16:29:11.503] [lua] Request fulfilled: Load layer vz_state_pirjob012_05_pristine (static: nil)  @mrxlayermanager:446
[16:29:11.512] [lua] Layer request 2: 132 of 238 complete  @mrxlayermanager:479
[16:29:11.522] [lua] Culling op for layer vz_state_pirjob012_05_pristine!  @mrxlayermanager:318
[16:29:11.532] [lua] (nPendingOps = 179)  @mrxlayermanager:324
[16:29:11.543] [lua] Loading vz_state_pirjob011_03_destroyed (static: false)  @mrxlayermanager:375
[16:29:11.552] [lua] true	Unable to load layer vz_state_pirjob011_03_destroyed  @mrxlayermanager:403
[16:29:11.561] [lua] Request fulfilled: Load layer vz_gur_job012_a (static: nil)  @mrxlayermanager:446
[16:29:11.572] [lua] Layer request 1: 98 of 170 complete  @mrxlayermanager:479
[16:29:11.581] [lua] Culling op for layer vz_gur_job012_a!  @mrxlayermanager:318
[16:29:11.591] [lua] (nPendingOps = 178)  @mrxlayermanager:324
[16:29:11.602] [lua] Loading vz_mer_commercial (static: true)  @mrxlayermanager:375
[16:29:11.611] [lua] true	Unable to load layer vz_mer_commercial  @mrxlayermanager:403
[16:29:11.621] [lua] Request fulfilled: Load layer vz_all_job002_d (static: nil)  @mrxlayermanager:446
[16:29:11.630] [lua] Layer request 1: 99 of 170 complete  @mrxlayermanager:479
[16:29:11.639] [lua] Culling op for layer vz_all_job002_d!  @mrxlayermanager:318
[16:29:11.648] [lua] (nPendingOps = 177)  @mrxlayermanager:324
[16:29:11.658] [lua] Loading vz_cumana_tiny (static: true)  @mrxlayermanager:375
[16:29:11.670] [lua] true	Unable to load layer vz_cumana_tiny  @mrxlayermanager:403
[16:29:11.684] [lua] Request fulfilled: Load layer vz_mer_commercial (static: nil)  @mrxlayermanager:446
[16:29:11.697] [lua] Layer request 1: 100 of 170 complete  @mrxlayermanager:479
[16:29:11.707] [lua] Culling op for layer vz_mer_commercial!  @mrxlayermanager:318
[16:29:11.717] [lua] (nPendingOps = 176)  @mrxlayermanager:324
[16:29:11.726] [lua] Loading vz_pir_job002_c (static: true)  @mrxlayermanager:375
[16:29:11.736] [lua] true	Unable to load layer vz_pir_job002_c  @mrxlayermanager:403
[16:29:11.750] [lua] Request fulfilled: Load layer vz_cumana_tiny (static: nil)  @mrxlayermanager:446
[16:29:11.765] [lua] Layer request 1: 101 of 170 complete  @mrxlayermanager:479
[16:29:11.774] [lua] Culling op for layer vz_cumana_tiny!  @mrxlayermanager:318
[16:29:11.786] [lua] (nPendingOps = 175)  @mrxlayermanager:324
[16:29:11.795] [lua] Loading vz_state_chijob001_01_captured (static: false)  @mrxlayermanager:375
[16:29:11.805] [lua] true	Unable to load layer vz_state_chijob001_01_captured  @mrxlayermanager:403
[16:29:11.814] [lua] Request fulfilled: Load layer vz_state_alljob001_03_pristine (static: nil)  @mrxlayermanager:446
[16:29:11.824] [lua] Layer request 2: 133 of 238 complete  @mrxlayermanager:479
[16:29:11.835] [lua] Culling op for layer vz_state_alljob001_03_pristine!  @mrxlayermanager:318
[16:29:11.844] [lua] (nPendingOps = 174)  @mrxlayermanager:324
[16:29:11.854] [lua] Loading vz_state_chijob002_05_pristine (static: false)  @mrxlayermanager:375
[16:29:11.862] [lua] true	Unable to load layer vz_state_chijob002_05_pristine  @mrxlayermanager:403
[16:29:11.880] [lua] Request fulfilled: Load layer vz_pir_job002_c (static: nil)  @mrxlayermanager:446
[16:29:11.889] [lua] Layer request 1: 102 of 170 complete  @mrxlayermanager:479
[16:29:11.903] [lua] Culling op for layer vz_pir_job002_c!  @mrxlayermanager:318
[16:29:11.914] [lua] (nPendingOps = 173)  @mrxlayermanager:324
[16:29:11.924] [lua] Loading vz_state_oiljob008_a_staging (static: false)  @mrxlayermanager:375
[16:29:11.933] [lua] true	Unable to load layer vz_state_oiljob008_a_staging  @mrxlayermanager:403
[16:29:11.943] [lua] Request fulfilled: Load layer vz_state_all_fuel_amazon (static: nil)  @mrxlayermanager:446
[16:29:11.952] [lua] Layer request 2: 134 of 238 complete  @mrxlayermanager:479
[16:29:11.961] [lua] Culling op for layer vz_state_all_fuel_amazon!  @mrxlayermanager:318
[16:29:11.970] [lua] (nPendingOps = 172)  @mrxlayermanager:324
[16:29:11.979] [lua] Loading vz_oil_job011_f (static: true)  @mrxlayermanager:375
[16:29:11.988] [lua] true	Unable to load layer vz_oil_job011_f  @mrxlayermanager:403
[16:29:11.999] [lua] Request fulfilled: Load layer vz_state_pirjob007_c_destroyed (static: nil)  @mrxlayermanager:446
[16:29:12.010] [lua] Layer request 2: 135 of 238 complete  @mrxlayermanager:479
[16:29:12.020] [lua] Culling op for layer vz_state_pirjob007_c_destroyed!  @mrxlayermanager:318
[16:29:12.029] [lua] (nPendingOps = 171)  @mrxlayermanager:324
[16:29:12.038] [lua] Loading vz_gur_job005 (static: true)  @mrxlayermanager:375
[16:29:12.048] [lua] true	Unable to load layer vz_gur_job005  @mrxlayermanager:403
[16:29:12.058] [lua] Request fulfilled: Load layer vz_oil_job011_f (static: nil)  @mrxlayermanager:446
[16:29:12.067] [lua] Layer request 1: 103 of 170 complete  @mrxlayermanager:479
[16:29:12.076] [lua] Culling op for layer vz_oil_job011_f!  @mrxlayermanager:318
[16:29:12.087] [lua] (nPendingOps = 170)  @mrxlayermanager:324
[16:29:12.096] [lua] Loading vz_state_pirjob011_02_destroyed (static: false)  @mrxlayermanager:375
[16:29:12.106] [lua] true	Unable to load layer vz_state_pirjob011_02_destroyed  @mrxlayermanager:403
[16:29:12.118] [lua] Request fulfilled: Load layer vz_gur_job005 (static: nil)  @mrxlayermanager:446
[16:29:12.127] [lua] Layer request 1: 104 of 170 complete  @mrxlayermanager:479
[16:29:12.137] [lua] Culling op for layer vz_gur_job005!  @mrxlayermanager:318
[16:29:12.146] [lua] (nPendingOps = 169)  @mrxlayermanager:324
[16:29:12.155] [lua] Loading vz_state_chicon002_depot_destroyed (static: false)  @mrxlayermanager:375
[16:29:12.165] [lua] true	Unable to load layer vz_state_chicon002_depot_destroyed  @mrxlayermanager:403
[16:29:12.175] [lua] Request fulfilled: Load layer vz_state_alljob009_05_pristine (static: nil)  @mrxlayermanager:446
[16:29:12.185] [lua] Layer request 2: 136 of 238 complete  @mrxlayermanager:479
[16:29:12.195] [lua] Culling op for layer vz_state_alljob009_05_pristine!  @mrxlayermanager:318
[16:29:12.204] [lua] (nPendingOps = 168)  @mrxlayermanager:324
[16:29:12.213] [lua] Loading vz_pir_job012_c (static: true)  @mrxlayermanager:375
[16:29:12.223] [lua] true	Unable to load layer vz_pir_job012_c  @mrxlayermanager:403
[16:29:12.233] [lua] Request fulfilled: Load layer vz_state_oiljob008_a_staging (static: nil)  @mrxlayermanager:446
[16:29:12.244] [lua] Layer request 2: 137 of 238 complete  @mrxlayermanager:479
[16:29:12.255] [lua] Culling op for layer vz_state_oiljob008_a_staging!  @mrxlayermanager:318
[16:29:12.264] [lua] (nPendingOps = 167)  @mrxlayermanager:324
[16:29:12.275] [lua] Loading vz_state_pirjob002_01_captured (static: false)  @mrxlayermanager:375
[16:29:12.285] [lua] true	Unable to load layer vz_state_pirjob002_01_captured  @mrxlayermanager:403
[16:29:12.294] [lua] Request fulfilled: Load layer vz_pir_job012_c (static: nil)  @mrxlayermanager:446
[16:29:12.304] [lua] Layer request 1: 105 of 170 complete  @mrxlayermanager:479
[16:29:12.313] [lua] Culling op for layer vz_pir_job012_c!  @mrxlayermanager:318
[16:29:12.323] [lua] (nPendingOps = 166)  @mrxlayermanager:324
[16:29:12.332] [lua] Loading vz_state_pirjob007_b_destroyed (static: false)  @mrxlayermanager:375
[16:29:12.342] [lua] true	Unable to load layer vz_state_pirjob007_b_destroyed  @mrxlayermanager:403
[16:29:12.353] [lua] Request fulfilled: Load layer vz_state_chicon002_depot_destroyed (static: nil)  @mrxlayermanager:446
[16:29:12.362] [lua] Layer request 2: 138 of 238 complete  @mrxlayermanager:479
[16:29:12.375] [lua] Culling op for layer vz_state_chicon002_depot_destroyed!  @mrxlayermanager:318
[16:29:12.385] [lua] (nPendingOps = 165)  @mrxlayermanager:324
[16:29:12.397] [lua] Loading vz_state_chijob005_a_destroyed (static: false)  @mrxlayermanager:375
[16:29:12.409] [lua] true	Unable to load layer vz_state_chijob005_a_destroyed  @mrxlayermanager:403
[16:29:12.421] [lua] Request fulfilled: Load layer vz_state_chijob002_05_pristine (static: nil)  @mrxlayermanager:446
[16:29:12.430] [lua] Layer request 2: 139 of 238 complete  @mrxlayermanager:479
[16:29:12.440] [lua] Culling op for layer vz_state_chijob002_05_pristine!  @mrxlayermanager:318
[16:29:12.448] [lua] (nPendingOps = 164)  @mrxlayermanager:324
[16:29:12.458] [lua] Loading vz_car_estate (static: true)  @mrxlayermanager:375
[16:29:12.467] [lua] true	Unable to load layer vz_car_estate  @mrxlayermanager:403
[16:29:12.478] [lua] Request fulfilled: Load layer vz_state_chijob001_01_captured (static: nil)  @mrxlayermanager:446
[16:29:12.488] [lua] Layer request 2: 140 of 238 complete  @mrxlayermanager:479
[16:29:12.497] [lua] Culling op for layer vz_state_chijob001_01_captured!  @mrxlayermanager:318
[16:29:12.506] [lua] (nPendingOps = 163)  @mrxlayermanager:324
[16:29:12.515] [lua] Loading vz_gua_upperclass (static: true)  @mrxlayermanager:375
[16:29:12.525] [lua] true	Unable to load layer vz_gua_upperclass  @mrxlayermanager:403
[16:29:12.535] [lua] Request fulfilled: Load layer vz_car_estate (static: nil)  @mrxlayermanager:446
[16:29:12.544] [lua] Layer request 1: 106 of 170 complete  @mrxlayermanager:479
[16:29:12.553] [lua] Culling op for layer vz_car_estate!  @mrxlayermanager:318
[16:29:12.562] [lua] (nPendingOps = 162)  @mrxlayermanager:324
[16:29:12.571] [lua] Loading vz_mer_residential (static: true)  @mrxlayermanager:375
[16:29:12.582] [lua] true	Unable to load layer vz_mer_residential  @mrxlayermanager:403
[16:29:12.593] [lua] Request fulfilled: Load layer vz_gua_upperclass (static: nil)  @mrxlayermanager:446
[16:29:12.605] [lua] Layer request 1: 107 of 170 complete  @mrxlayermanager:479
[16:29:12.614] [lua] Culling op for layer vz_gua_upperclass!  @mrxlayermanager:318
[16:29:12.623] [lua] (nPendingOps = 161)  @mrxlayermanager:324
[16:29:12.632] [lua] Loading vz_chi_job001_d (static: true)  @mrxlayermanager:375
[16:29:12.642] [lua] true	Unable to load layer vz_chi_job001_d  @mrxlayermanager:403
[16:29:12.651] [lua] Request fulfilled: Load layer vz_state_chijob001_03_pristine (static: nil)  @mrxlayermanager:446
[16:29:12.660] [lua] Layer request 2: 141 of 238 complete  @mrxlayermanager:479
[16:29:12.669] [lua] Culling op for layer vz_state_chijob001_03_pristine!  @mrxlayermanager:318
[16:29:12.678] [lua] (nPendingOps = 160)  @mrxlayermanager:324
[16:29:12.688] [lua] Loading vz_mar_outskirt (static: true)  @mrxlayermanager:375
[16:29:12.697] [lua] true	Unable to load layer vz_mar_outskirt  @mrxlayermanager:403
[16:29:12.706] [lua] Request fulfilled: Load layer vz_mer_residential (static: nil)  @mrxlayermanager:446
[16:29:12.715] [lua] Layer request 1: 108 of 170 complete  @mrxlayermanager:479
[16:29:12.725] [lua] Culling op for layer vz_mer_residential!  @mrxlayermanager:318
[16:29:12.734] [lua] (nPendingOps = 159)  @mrxlayermanager:324
[16:29:12.743] [lua] Loading vz_state_oiljob002_pristine (static: false)  @mrxlayermanager:375
[16:29:12.752] [lua] true	Unable to load layer vz_state_oiljob002_pristine  @mrxlayermanager:403
[16:29:12.763] [lua] Request fulfilled: Load layer vz_chi_job001_d (static: nil)  @mrxlayermanager:446
[16:29:12.772] [lua] Layer request 1: 109 of 170 complete  @mrxlayermanager:479
[16:29:12.781] [lua] Culling op for layer vz_chi_job001_d!  @mrxlayermanager:318
[16:29:12.791] [lua] (nPendingOps = 158)  @mrxlayermanager:324
[16:29:12.801] [lua] Loading vz_state_alljob001_04_pristine (static: false)  @mrxlayermanager:375
[16:29:12.810] [lua] true	Unable to load layer vz_state_alljob001_04_pristine  @mrxlayermanager:403
[16:29:12.820] [lua] Request fulfilled: Load layer vz_state_chijob005_a_destroyed (static: nil)  @mrxlayermanager:446
[16:29:12.829] [lua] Layer request 2: 142 of 238 complete  @mrxlayermanager:479
[16:29:12.838] [lua] Culling op for layer vz_state_chijob005_a_destroyed!  @mrxlayermanager:318
[16:29:12.847] [lua] (nPendingOps = 157)  @mrxlayermanager:324
[16:29:12.856] [lua] Loading vz_chi_job010_c (static: true)  @mrxlayermanager:375
[16:29:12.865] [lua] true	Unable to load layer vz_chi_job010_c  @mrxlayermanager:403
[16:29:12.875] [lua] Request fulfilled: Load layer vz_mar_outskirt (static: nil)  @mrxlayermanager:446
[16:29:12.886] [lua] Layer request 1: 110 of 170 complete  @mrxlayermanager:479
[16:29:12.895] [lua] Culling op for layer vz_mar_outskirt!  @mrxlayermanager:318
[16:29:12.904] [lua] (nPendingOps = 156)  @mrxlayermanager:324
[16:29:12.913] [lua] Loading vz_all_job001_b (static: true)  @mrxlayermanager:375
[16:29:12.922] [lua] true	Unable to load layer vz_all_job001_b  @mrxlayermanager:403
[16:29:12.934] [lua] Request fulfilled: Load layer vz_chi_job010_c (static: nil)  @mrxlayermanager:446
[16:29:12.944] [lua] Layer request 1: 111 of 170 complete  @mrxlayermanager:479
[16:29:12.954] [lua] Culling op for layer vz_chi_job010_c!  @mrxlayermanager:318
[16:29:12.963] [lua] (nPendingOps = 155)  @mrxlayermanager:324
[16:29:12.973] [lua] Loading vz_state_staging_pirhq (static: false)  @mrxlayermanager:375
[16:29:12.983] [lua] true	Unable to load layer vz_state_staging_pirhq  @mrxlayermanager:403
[16:29:12.992] [lua] Request fulfilled: Load layer vz_state_pirjob011_02_destroyed (static: nil)  @mrxlayermanager:446
[16:29:13.001] [lua] Layer request 2: 143 of 238 complete  @mrxlayermanager:479
[16:29:13.010] [lua] Culling op for layer vz_state_pirjob011_02_destroyed!  @mrxlayermanager:318
[16:29:13.022] [lua] (nPendingOps = 154)  @mrxlayermanager:324
[16:29:13.032] [lua] Loading vz_state_oc_depot (static: false)  @mrxlayermanager:375
[16:29:13.041] [lua] true	Unable to load layer vz_state_oc_depot  @mrxlayermanager:403
[16:29:13.050] [lua] Request fulfilled: Load layer vz_all_job001_b (static: nil)  @mrxlayermanager:446
[16:29:13.059] [lua] Layer request 1: 112 of 170 complete  @mrxlayermanager:479
[16:29:13.068] [lua] Culling op for layer vz_all_job001_b!  @mrxlayermanager:318
[16:29:13.078] [lua] (nPendingOps = 153)  @mrxlayermanager:324
[16:29:13.087] [lua] Loading vz_all_job010_b (static: true)  @mrxlayermanager:375
[16:29:13.095] [lua] true	Unable to load layer vz_all_job010_b  @mrxlayermanager:403
[16:29:13.108] [lua] Request fulfilled: Load layer vz_state_chijob002_02_staging (static: nil)  @mrxlayermanager:446
[16:29:13.117] [lua] Layer request 2: 144 of 238 complete  @mrxlayermanager:479
[16:29:13.126] [lua] Culling op for layer vz_state_chijob002_02_staging!  @mrxlayermanager:318
[16:29:13.135] [lua] (nPendingOps = 152)  @mrxlayermanager:324
[16:29:13.145] [lua] Loading vz_state_oiljob008_c_destroyed (static: false)  @mrxlayermanager:375
[16:29:13.154] [lua] true	Unable to load layer vz_state_oiljob008_c_destroyed  @mrxlayermanager:403
[16:29:13.163] [lua] Request fulfilled: Load layer vz_all_job010_b (static: nil)  @mrxlayermanager:446
[16:29:13.174] [lua] Layer request 1: 113 of 170 complete  @mrxlayermanager:479
[16:29:13.183] [lua] Culling op for layer vz_all_job010_b!  @mrxlayermanager:318
[16:29:13.193] [lua] (nPendingOps = 151)  @mrxlayermanager:324
[16:29:13.205] [lua] Loading vz_jungle_mountain_foilage (static: true)  @mrxlayermanager:375
[16:29:13.214] [lua] true	Unable to load layer vz_jungle_mountain_foilage  @mrxlayermanager:403
[16:29:13.226] [lua] Request fulfilled: Load layer vz_jungle_mountain_foilage (static: nil)  @mrxlayermanager:446
[16:29:13.237] [lua] Layer request 1: 114 of 170 complete  @mrxlayermanager:479
[16:29:13.247] [lua] Culling op for layer vz_jungle_mountain_foilage!  @mrxlayermanager:318
[16:29:13.256] [lua] (nPendingOps = 150)  @mrxlayermanager:324
[16:29:13.265] [lua] Loading vz_state_chijob006_d_destroyed (static: false)  @mrxlayermanager:375
[16:29:13.274] [lua] true	Unable to load layer vz_state_chijob006_d_destroyed  @mrxlayermanager:403
[16:29:13.283] [lua] Request fulfilled: Load layer vz_state_oiljob002_pristine (static: nil)  @mrxlayermanager:446
[16:29:13.292] [lua] Layer request 2: 145 of 238 complete  @mrxlayermanager:479
[16:29:13.302] [lua] Culling op for layer vz_state_oiljob002_pristine!  @mrxlayermanager:318
[16:29:13.312] [lua] (nPendingOps = 149)  @mrxlayermanager:324
[16:29:13.321] [lua] Loading vz_state_jetcon001_post (static: false)  @mrxlayermanager:375
[16:29:13.330] [lua] true	Unable to load layer vz_state_jetcon001_post  @mrxlayermanager:403
[16:29:13.341] [lua] Request fulfilled: Load layer vz_state_pirjob011_03_destroyed (static: nil)  @mrxlayermanager:446
[16:29:13.351] [lua] Layer request 2: 146 of 238 complete  @mrxlayermanager:479
[16:29:13.362] [lua] Culling op for layer vz_state_pirjob011_03_destroyed!  @mrxlayermanager:318
[16:29:13.374] [lua] (nPendingOps = 148)  @mrxlayermanager:324
[16:29:13.384] [lua] Loading vz_gur_job008_a (static: true)  @mrxlayermanager:375
[16:29:13.394] [lua] true	Unable to load layer vz_gur_job008_a  @mrxlayermanager:403
[16:29:13.405] [lua] Request fulfilled: Load layer vz_gur_job008_a (static: nil)  @mrxlayermanager:446
[16:29:13.417] [lua] Layer request 1: 115 of 170 complete  @mrxlayermanager:479
[16:29:13.427] [lua] Culling op for layer vz_gur_job008_a!  @mrxlayermanager:318
[16:29:13.438] [lua] (nPendingOps = 147)  @mrxlayermanager:324
[16:29:13.448] [lua] Loading vz_state_oilcon001_post (static: false)  @mrxlayermanager:375
[16:29:13.459] [lua] true	Unable to load layer vz_state_oilcon001_post  @mrxlayermanager:403
[16:29:13.469] [lua] Request fulfilled: Load layer vz_state_chijob006_d_destroyed (static: nil)  @mrxlayermanager:446
[16:29:13.478] [lua] Layer request 2: 147 of 238 complete  @mrxlayermanager:479
[16:29:13.488] [lua] Culling op for layer vz_state_chijob006_d_destroyed!  @mrxlayermanager:318
[16:29:13.497] [lua] (nPendingOps = 146)  @mrxlayermanager:324
[16:29:13.512] [lua] Loading vz_pirate_isles_scrub (static: true)  @mrxlayermanager:375
[16:29:13.522] [lua] true	Unable to load layer vz_pirate_isles_scrub  @mrxlayermanager:403
[16:29:13.533] [lua] Request fulfilled: Load layer vz_state_pmccon002_blanco (static: nil)  @mrxlayermanager:446
[16:29:13.543] [lua] Layer request 2: 148 of 238 complete  @mrxlayermanager:479
[16:29:13.552] [lua] Culling op for layer vz_state_pmccon002_blanco!  @mrxlayermanager:318
[16:29:13.562] [lua] (nPendingOps = 145)  @mrxlayermanager:324
[16:29:13.571] [lua] Loading vz_state_mar_industrial_act3 (static: false)  @mrxlayermanager:375
[16:29:13.581] [lua] true	Unable to load layer vz_state_mar_industrial_act3  @mrxlayermanager:403
[16:29:13.590] [lua] Request fulfilled: Load layer vz_pirate_isles_scrub (static: nil)  @mrxlayermanager:446
[16:29:13.602] [lua] Layer request 1: 116 of 170 complete  @mrxlayermanager:479
[16:29:13.612] [lua] Culling op for layer vz_pirate_isles_scrub!  @mrxlayermanager:318
[16:29:13.621] [lua] (nPendingOps = 144)  @mrxlayermanager:324
[16:29:13.630] [lua] Loading vz_caracas_foilage (static: true)  @mrxlayermanager:375
[16:29:13.641] [lua] true	Unable to load layer vz_caracas_foilage  @mrxlayermanager:403
[16:29:13.653] [lua] Request fulfilled: Load layer vz_state_alljob001_04_pristine (static: nil)  @mrxlayermanager:446
[16:29:13.664] [lua] Layer request 2: 149 of 238 complete  @mrxlayermanager:479
[16:29:13.674] [lua] Culling op for layer vz_state_alljob001_04_pristine!  @mrxlayermanager:318
[16:29:13.684] [lua] (nPendingOps = 143)  @mrxlayermanager:324
[16:29:13.693] [lua] Loading vz_state_alljob005_05_destroyed (static: false)  @mrxlayermanager:375
[16:29:13.702] [lua] true	Unable to load layer vz_state_alljob005_05_destroyed  @mrxlayermanager:403
[16:29:13.711] [lua] Request fulfilled: Load layer vz_caracas_foilage (static: nil)  @mrxlayermanager:446
[16:29:13.721] [lua] Layer request 1: 117 of 170 complete  @mrxlayermanager:479
[16:29:13.730] [lua] Culling op for layer vz_caracas_foilage!  @mrxlayermanager:318
[16:29:13.745] [lua] (nPendingOps = 142)  @mrxlayermanager:324
[16:29:13.755] [lua] Loading vz_amazon_base (static: true)  @mrxlayermanager:375
[16:29:13.765] [lua] true	Unable to load layer vz_amazon_base  @mrxlayermanager:403
[16:29:13.776] [lua] Request fulfilled: Load layer vz_state_pirjob002_01_captured (static: nil)  @mrxlayermanager:446
[16:29:13.785] [lua] Layer request 2: 150 of 238 complete  @mrxlayermanager:479
[16:29:13.794] [lua] Culling op for layer vz_state_pirjob002_01_captured!  @mrxlayermanager:318
[16:29:13.804] [lua] (nPendingOps = 141)  @mrxlayermanager:324
[16:29:13.813] [lua] Loading vz_state_chijob001_04_captured (static: false)  @mrxlayermanager:375
[16:29:13.823] [lua] true	Unable to load layer vz_state_chijob001_04_captured  @mrxlayermanager:403
[16:29:13.832] [lua] Request fulfilled: Load layer vz_amazon_base (static: nil)  @mrxlayermanager:446
[16:29:13.843] [lua] Layer request 1: 118 of 170 complete  @mrxlayermanager:479
[16:29:13.853] [lua] Culling op for layer vz_amazon_base!  @mrxlayermanager:318
[16:29:13.862] [lua] (nPendingOps = 140)  @mrxlayermanager:324
[16:29:13.871] [lua] Loading vz_all_job005_e (static: true)  @mrxlayermanager:375
[16:29:13.880] [lua] true	Unable to load layer vz_all_job005_e  @mrxlayermanager:403
[16:29:13.891] [lua] Request fulfilled: Load layer vz_state_pirjob007_b_destroyed (static: nil)  @mrxlayermanager:446
[16:29:13.901] [lua] Layer request 2: 151 of 238 complete  @mrxlayermanager:479
[16:29:13.910] [lua] Culling op for layer vz_state_pirjob007_b_destroyed!  @mrxlayermanager:318
[16:29:13.921] [lua] (nPendingOps = 139)  @mrxlayermanager:324
[16:29:13.930] [lua] Loading vz_state_alljob002_02_staging (static: false)  @mrxlayermanager:375
[16:29:13.938] [lua] true	Unable to load layer vz_state_alljob002_02_staging  @mrxlayermanager:403
[16:29:13.948] [lua] Request fulfilled: Load layer vz_all_job005_e (static: nil)  @mrxlayermanager:446
[16:29:13.957] [lua] Layer request 1: 119 of 170 complete  @mrxlayermanager:479
[16:29:13.967] [lua] Culling op for layer vz_all_job005_e!  @mrxlayermanager:318
[16:29:13.976] [lua] (nPendingOps = 138)  @mrxlayermanager:324
[16:29:13.985] [lua] Loading vz_state_guanare_act1 (static: false)  @mrxlayermanager:375
[16:29:13.994] [lua] true	Unable to load layer vz_state_guanare_act1  @mrxlayermanager:403
[16:29:14.008] [lua] Request fulfilled: Load layer vz_state_staging_pirhq (static: nil)  @mrxlayermanager:446
[16:29:14.017] [lua] Layer request 2: 152 of 238 complete  @mrxlayermanager:479
[16:29:14.026] [lua] Culling op for layer vz_state_staging_pirhq!  @mrxlayermanager:318
[16:29:14.035] [lua] (nPendingOps = 137)  @mrxlayermanager:324
[16:29:14.044] [lua] Loading vz_cum_roads (static: true)  @mrxlayermanager:375
[16:29:14.055] [lua] true	Unable to load layer vz_cum_roads  @mrxlayermanager:403
[16:29:14.068] [lua] Request fulfilled: Load layer vz_cum_roads (static: nil)  @mrxlayermanager:446
[16:29:14.077] [lua] Layer request 1: 120 of 170 complete  @mrxlayermanager:479
[16:29:14.087] [lua] Culling op for layer vz_cum_roads!  @mrxlayermanager:318
[16:29:14.096] [lua] (nPendingOps = 136)  @mrxlayermanager:324
[16:29:14.106] [lua] Loading vz_chi_job002_d (static: true)  @mrxlayermanager:375
[16:29:14.115] [lua] true	Unable to load layer vz_chi_job002_d  @mrxlayermanager:403
[16:29:14.124] [lua] Request fulfilled: Load layer vz_state_oc_depot (static: nil)  @mrxlayermanager:446
[16:29:14.134] [lua] Layer request 2: 153 of 238 complete  @mrxlayermanager:479
[16:29:14.144] [lua] Culling op for layer vz_state_oc_depot!  @mrxlayermanager:318
[16:29:14.153] [lua] (nPendingOps = 135)  @mrxlayermanager:324
[16:29:14.162] [lua] Loading vz_state_mar_village_act1 (static: false)  @mrxlayermanager:375
[16:29:14.171] [lua] true	Unable to load layer vz_state_mar_village_act1  @mrxlayermanager:403
[16:29:14.182] [lua] Request fulfilled: Load layer vz_chi_job002_d (static: nil)  @mrxlayermanager:446
[16:29:14.191] [lua] Layer request 1: 121 of 170 complete  @mrxlayermanager:479
[16:29:14.200] [lua] Culling op for layer vz_chi_job002_d!  @mrxlayermanager:318
[16:29:14.209] [lua] (nPendingOps = 134)  @mrxlayermanager:324
[16:29:14.218] [lua] Loading vz_chi_job010_b (static: true)  @mrxlayermanager:375
[16:29:14.228] [lua] true	Unable to load layer vz_chi_job010_b  @mrxlayermanager:403
[16:29:14.237] [lua] Request fulfilled: Load layer vz_state_oiljob008_c_destroyed (static: nil)  @mrxlayermanager:446
[16:29:14.248] [lua] Layer request 2: 154 of 238 complete  @mrxlayermanager:479
[16:29:14.257] [lua] Culling op for layer vz_state_oiljob008_c_destroyed!  @mrxlayermanager:318
[16:29:14.267] [lua] (nPendingOps = 133)  @mrxlayermanager:324
[16:29:14.277] [lua] Loading vz_gur_job002_j (static: true)  @mrxlayermanager:375
[16:29:14.290] [lua] true	Unable to load layer vz_gur_job002_j  @mrxlayermanager:403
[16:29:14.303] [lua] Request fulfilled: Load layer vz_chi_job010_b (static: nil)  @mrxlayermanager:446
[16:29:14.312] [lua] Layer request 1: 122 of 170 complete  @mrxlayermanager:479
[16:29:14.321] [lua] Culling op for layer vz_chi_job010_b!  @mrxlayermanager:318
[16:29:14.330] [lua] (nPendingOps = 132)  @mrxlayermanager:324
[16:29:14.340] [lua] Loading vz_state_chijob002_02_pristine (static: false)  @mrxlayermanager:375
[16:29:14.351] [lua] true	Unable to load layer vz_state_chijob002_02_pristine  @mrxlayermanager:403
[16:29:14.361] [lua] Request fulfilled: Load layer vz_gur_job002_j (static: nil)  @mrxlayermanager:446
[16:29:14.372] [lua] Layer request 1: 123 of 170 complete  @mrxlayermanager:479
[16:29:14.381] [lua] Culling op for layer vz_gur_job002_j!  @mrxlayermanager:318
[16:29:14.390] [lua] (nPendingOps = 131)  @mrxlayermanager:324
[16:29:14.401] [lua] Loading vz_state_amazon_act2 (static: false)  @mrxlayermanager:375
[16:29:14.415] [lua] true	Unable to load layer vz_state_amazon_act2  @mrxlayermanager:403
[16:29:14.429] [lua] Request fulfilled: Load layer vz_state_jetcon001_post (static: nil)  @mrxlayermanager:446
[16:29:14.439] [lua] Layer request 2: 155 of 238 complete  @mrxlayermanager:479
[16:29:14.449] [lua] Culling op for layer vz_state_jetcon001_post!  @mrxlayermanager:318
[16:29:14.462] [lua] (nPendingOps = 130)  @mrxlayermanager:324
[16:29:14.472] [lua] Loading vz_state_alljob002_01_staging (static: false)  @mrxlayermanager:375
[16:29:14.481] [lua] true	Unable to load layer vz_state_alljob002_01_staging  @mrxlayermanager:403
[16:29:14.492] [lua] Request fulfilled: Load layer vz_state_oilcon001_post (static: nil)  @mrxlayermanager:446
[16:29:14.501] [lua] Layer request 2: 156 of 238 complete  @mrxlayermanager:479
[16:29:14.510] [lua] Culling op for layer vz_state_oilcon001_post!  @mrxlayermanager:318
[16:29:14.519] [lua] (nPendingOps = 129)  @mrxlayermanager:324
[16:29:14.528] [lua] Loading vz_state_car_shanty_act1 (static: false)  @mrxlayermanager:375
[16:29:14.538] [lua] true	Unable to load layer vz_state_car_shanty_act1  @mrxlayermanager:403
[16:29:14.557] [lua] Request fulfilled: Load layer vz_state_alljob002_01_staging (static: nil)  @mrxlayermanager:446
[16:29:14.566] [lua] Layer request 2: 157 of 238 complete  @mrxlayermanager:479
[16:29:14.576] [lua] Culling op for layer vz_state_alljob002_01_staging!  @mrxlayermanager:318
[16:29:14.587] [lua] (nPendingOps = 128)  @mrxlayermanager:324
[16:29:14.596] [lua] Loading vz_state_mar_outskirt_act2 (static: false)  @mrxlayermanager:375
[16:29:14.606] [lua] true	Unable to load layer vz_state_mar_outskirt_act2  @mrxlayermanager:403
[16:29:14.618] [lua] Request fulfilled: Load layer vz_state_amazon_act2 (static: nil)  @mrxlayermanager:446
[16:29:14.629] [lua] Layer request 2: 158 of 238 complete  @mrxlayermanager:479
[16:29:14.638] [lua] Culling op for layer vz_state_amazon_act2!  @mrxlayermanager:318
[16:29:14.648] [lua] (nPendingOps = 127)  @mrxlayermanager:324
[16:29:14.658] [lua] Loading vz_jungle_mountain_scrub (static: true)  @mrxlayermanager:375
[16:29:14.671] [lua] true	Unable to load layer vz_jungle_mountain_scrub  @mrxlayermanager:403
[16:29:14.684] [lua] Request fulfilled: Load layer vz_jungle_mountain_scrub (static: nil)  @mrxlayermanager:446
[16:29:14.699] [lua] Layer request 1: 124 of 170 complete  @mrxlayermanager:479
[16:29:14.708] [lua] Culling op for layer vz_jungle_mountain_scrub!  @mrxlayermanager:318
[16:29:14.718] [lua] (nPendingOps = 126)  @mrxlayermanager:324
[16:29:14.727] [lua] Loading vz_state_oiljob008_m_ruined (static: false)  @mrxlayermanager:375
[16:29:14.737] [lua] true	Unable to load layer vz_state_oiljob008_m_ruined  @mrxlayermanager:403
[16:29:14.747] [lua] Request fulfilled: Load layer vz_state_alljob002_02_staging (static: nil)  @mrxlayermanager:446
[16:29:14.762] [lua] Layer request 2: 159 of 238 complete  @mrxlayermanager:479
[16:29:14.772] [lua] Culling op for layer vz_state_alljob002_02_staging!  @mrxlayermanager:318
[16:29:14.781] [lua] (nPendingOps = 125)  @mrxlayermanager:324
[16:29:14.790] [lua] Loading vz_state_chijob001_02_captured (static: false)  @mrxlayermanager:375
[16:29:14.799] [lua] true	Unable to load layer vz_state_chijob001_02_captured  @mrxlayermanager:403
[16:29:14.811] [lua] Request fulfilled: Load layer vz_state_car_shanty_act1 (static: nil)  @mrxlayermanager:446
[16:29:14.821] [lua] Layer request 2: 160 of 238 complete  @mrxlayermanager:479
[16:29:14.830] [lua] Culling op for layer vz_state_car_shanty_act1!  @mrxlayermanager:318
[16:29:14.840] [lua] (nPendingOps = 124)  @mrxlayermanager:324
[16:29:14.849] [lua] Loading vz_chi_con006_d (static: true)  @mrxlayermanager:375
[16:29:14.858] [lua] true	Unable to load layer vz_chi_con006_d  @mrxlayermanager:403
[16:29:14.873] [lua] Request fulfilled: Load layer vz_chi_con006_d (static: nil)  @mrxlayermanager:446
[16:29:14.882] [lua] Layer request 1: 125 of 170 complete  @mrxlayermanager:479
[16:29:14.893] [lua] Culling op for layer vz_chi_con006_d!  @mrxlayermanager:318
[16:29:14.903] [lua] (nPendingOps = 123)  @mrxlayermanager:324
[16:29:14.912] [lua] Loading vz_pir_job012_i (static: true)  @mrxlayermanager:375
[16:29:14.922] [lua] true	Unable to load layer vz_pir_job012_i  @mrxlayermanager:403
[16:29:14.931] [lua] Request fulfilled: Load layer vz_state_chijob002_02_pristine (static: nil)  @mrxlayermanager:446
[16:29:14.940] [lua] Layer request 2: 161 of 238 complete  @mrxlayermanager:479
[16:29:14.949] [lua] Culling op for layer vz_state_chijob002_02_pristine!  @mrxlayermanager:318
[16:29:14.962] [lua] (nPendingOps = 122)  @mrxlayermanager:324
[16:29:14.971] [lua] Loading vz_state_allcon002_mlrs (static: false)  @mrxlayermanager:375
[16:29:14.981] [lua] true	Unable to load layer vz_state_allcon002_mlrs  @mrxlayermanager:403
[16:29:14.992] [lua] Request fulfilled: Load layer vz_pir_job012_i (static: nil)  @mrxlayermanager:446
[16:29:15.004] [lua] Layer request 1: 126 of 170 complete  @mrxlayermanager:479
[16:29:15.013] [lua] Culling op for layer vz_pir_job012_i!  @mrxlayermanager:318
[16:29:15.024] [lua] (nPendingOps = 121)  @mrxlayermanager:324
[16:29:15.032] [lua] Loading vz_state_car_city_act1 (static: false)  @mrxlayermanager:375
[16:29:15.042] [lua] true	Unable to load layer vz_state_car_city_act1  @mrxlayermanager:403
[16:29:15.052] [lua] Request fulfilled: Load layer vz_state_mar_industrial_act3 (static: nil)  @mrxlayermanager:446
[16:29:15.062] [lua] Layer request 2: 162 of 238 complete  @mrxlayermanager:479
[16:29:15.072] [lua] Culling op for layer vz_state_mar_industrial_act3!  @mrxlayermanager:318
[16:29:15.083] [lua] (nPendingOps = 120)  @mrxlayermanager:324
[16:29:15.093] [lua] Loading vz_lowresterrain (static: true)  @mrxlayermanager:375
[16:29:15.103] [lua] true	Unable to load layer vz_lowresterrain  @mrxlayermanager:403
[16:29:15.114] [lua] Request fulfilled: Load layer vz_state_alljob005_05_destroyed (static: nil)  @mrxlayermanager:446
[16:29:15.125] [lua] Layer request 2: 163 of 238 complete  @mrxlayermanager:479
[16:29:15.136] [lua] Culling op for layer vz_state_alljob005_05_destroyed!  @mrxlayermanager:318
[16:29:15.145] [lua] (nPendingOps = 119)  @mrxlayermanager:324
[16:29:15.154] [lua] Loading vz_state_chicon006_a_pristine (static: false)  @mrxlayermanager:375
[16:29:15.164] [lua] true	Unable to load layer vz_state_chicon006_a_pristine  @mrxlayermanager:403
[16:29:15.173] [lua] Request fulfilled: Load layer vz_lowresterrain (static: nil)  @mrxlayermanager:446
[16:29:15.182] [lua] Layer request 1: 127 of 170 complete  @mrxlayermanager:479
[16:29:15.193] [lua] Culling op for layer vz_lowresterrain!  @mrxlayermanager:318
[16:29:15.202] [lua] (nPendingOps = 118)  @mrxlayermanager:324
[16:29:15.212] [lua] Loading vz_chi_job002_e (static: true)  @mrxlayermanager:375
[16:29:15.222] [lua] true	Unable to load layer vz_chi_job002_e  @mrxlayermanager:403
[16:29:15.236] [lua] Request fulfilled: Load layer vz_state_allcon002_mlrs (static: nil)  @mrxlayermanager:446
[16:29:15.247] [lua] Layer request 2: 164 of 238 complete  @mrxlayermanager:479
[16:29:15.261] [lua] Culling op for layer vz_state_allcon002_mlrs!  @mrxlayermanager:318
[16:29:15.274] [lua] (nPendingOps = 117)  @mrxlayermanager:324
[16:29:15.283] [lua] Loading vz_mar_altagracia_roads (static: true)  @mrxlayermanager:375
[16:29:15.294] [lua] true	Unable to load layer vz_mar_altagracia_roads  @mrxlayermanager:403
[16:29:15.304] [lua] Request fulfilled: Load layer vz_chi_job002_e (static: nil)  @mrxlayermanager:446
[16:29:15.314] [lua] Layer request 1: 128 of 170 complete  @mrxlayermanager:479
[16:29:15.323] [lua] Culling op for layer vz_chi_job002_e!  @mrxlayermanager:318
[16:29:15.333] [lua] (nPendingOps = 116)  @mrxlayermanager:324
[16:29:15.343] [lua] Loading vz_state_allcon003_and_chicon003_pristine (static: false)  @mrxlayermanager:375
[16:29:15.353] [lua] true	Unable to load layer vz_state_allcon003_and_chicon003_pristine  @mrxlayermanager:403
[16:29:15.364] [lua] Request fulfilled: Load layer vz_mar_altagracia_roads (static: nil)  @mrxlayermanager:446
[16:29:15.373] [lua] Layer request 1: 129 of 170 complete  @mrxlayermanager:479
[16:29:15.383] [lua] Culling op for layer vz_mar_altagracia_roads!  @mrxlayermanager:318
[16:29:15.392] [lua] (nPendingOps = 115)  @mrxlayermanager:324
[16:29:15.402] [lua] Loading vz_state_gurjob011_04_destroyed (static: false)  @mrxlayermanager:375
[16:29:15.411] [lua] true	Unable to load layer vz_state_gurjob011_04_destroyed  @mrxlayermanager:403
[16:29:15.421] [lua] Request fulfilled: Load layer vz_state_chijob001_02_captured (static: nil)  @mrxlayermanager:446
[16:29:15.430] [lua] Layer request 2: 165 of 238 complete  @mrxlayermanager:479
[16:29:15.439] [lua] Culling op for layer vz_state_chijob001_02_captured!  @mrxlayermanager:318
[16:29:15.448] [lua] (nPendingOps = 114)  @mrxlayermanager:324
[16:29:15.457] [lua] Loading vz_state_gurhq_act1 (static: false)  @mrxlayermanager:375
[16:29:15.466] [lua] true	Unable to load layer vz_state_gurhq_act1  @mrxlayermanager:403
[16:29:15.485] [lua] Request fulfilled: Load layer vz_state_chicon006_a_pristine (static: nil)  @mrxlayermanager:446
[16:29:15.500] [lua] Layer request 2: 166 of 238 complete  @mrxlayermanager:479
[16:29:15.511] [lua] Culling op for layer vz_state_chicon006_a_pristine!  @mrxlayermanager:318
[16:29:15.520] [lua] (nPendingOps = 113)  @mrxlayermanager:324
[16:29:15.529] [lua] Loading vz_state_chijob010_04_pristine (static: false)  @mrxlayermanager:375
[16:29:15.538] [lua] true	Unable to load layer vz_state_chijob010_04_pristine  @mrxlayermanager:403
[16:29:15.549] [lua] Request fulfilled: Load layer vz_state_chijob001_04_captured (static: nil)  @mrxlayermanager:446
[16:29:15.558] [lua] Layer request 2: 167 of 238 complete  @mrxlayermanager:479
[16:29:15.570] [lua] Culling op for layer vz_state_chijob001_04_captured!  @mrxlayermanager:318
[16:29:15.579] [lua] (nPendingOps = 112)  @mrxlayermanager:324
[16:29:15.589] [lua] Loading vz_gur_job012_g (static: true)  @mrxlayermanager:375
[16:29:15.597] [lua] true	Unable to load layer vz_gur_job012_g  @mrxlayermanager:403
[16:29:15.608] [lua] Request fulfilled: Load layer vz_gur_job012_g (static: nil)  @mrxlayermanager:446
[16:29:15.617] [lua] Layer request 1: 130 of 170 complete  @mrxlayermanager:479
[16:29:15.627] [lua] Culling op for layer vz_gur_job012_g!  @mrxlayermanager:318
[16:29:15.637] [lua] (nPendingOps = 111)  @mrxlayermanager:324
[16:29:15.646] [lua] Loading vz_state_chicon005_a_pristine (static: false)  @mrxlayermanager:375
[16:29:15.660] [lua] true	Unable to load layer vz_state_chicon005_a_pristine  @mrxlayermanager:403
[16:29:15.672] [lua] Request fulfilled: Load layer vz_state_oiljob008_m_ruined (static: nil)  @mrxlayermanager:446
[16:29:15.682] [lua] Layer request 2: 168 of 238 complete  @mrxlayermanager:479
[16:29:15.694] [lua] Culling op for layer vz_state_oiljob008_m_ruined!  @mrxlayermanager:318
[16:29:15.703] [lua] (nPendingOps = 110)  @mrxlayermanager:324
[16:29:15.712] [lua] Loading vz_state_pirjob011_01_destroyed (static: false)  @mrxlayermanager:375
[16:29:15.722] [lua] true	Unable to load layer vz_state_pirjob011_01_destroyed  @mrxlayermanager:403
[16:29:15.733] [lua] Request fulfilled: Load layer vz_state_guanare_act1 (static: nil)  @mrxlayermanager:446
[16:29:15.745] [lua] Layer request 2: 169 of 238 complete  @mrxlayermanager:479
[16:29:15.757] [lua] Culling op for layer vz_state_guanare_act1!  @mrxlayermanager:318
[16:29:15.766] [lua] (nPendingOps = 109)  @mrxlayermanager:324
[16:29:15.776] [lua] Loading vz_state_gurjob008_01_captured (static: false)  @mrxlayermanager:375
[16:29:15.786] [lua] true	Unable to load layer vz_state_gurjob008_01_captured  @mrxlayermanager:403
[16:29:15.801] [lua] Request fulfilled: Load layer vz_state_car_city_act1 (static: nil)  @mrxlayermanager:446
[16:29:15.810] [lua] Layer request 2: 170 of 238 complete  @mrxlayermanager:479
[16:29:15.819] [lua] Culling op for layer vz_state_car_city_act1!  @mrxlayermanager:318
[16:29:15.829] [lua] (nPendingOps = 108)  @mrxlayermanager:324
[16:29:15.839] [lua] Loading vz_gur_job003 (static: true)  @mrxlayermanager:375
[16:29:15.847] [lua] true	Unable to load layer vz_gur_job003  @mrxlayermanager:403
[16:29:15.858] [lua] Request fulfilled: Load layer vz_gur_job003 (static: nil)  @mrxlayermanager:446
[16:29:15.867] [lua] Layer request 1: 131 of 170 complete  @mrxlayermanager:479
[16:29:15.878] [lua] Culling op for layer vz_gur_job003!  @mrxlayermanager:318
[16:29:15.888] [lua] (nPendingOps = 107)  @mrxlayermanager:324
[16:29:15.897] [lua] Loading vz_state_gurjob012_05_pristine (static: false)  @mrxlayermanager:375
[16:29:15.906] [lua] true	Unable to load layer vz_state_gurjob012_05_pristine  @mrxlayermanager:403
[16:29:15.915] [lua] Request fulfilled: Load layer vz_state_mar_village_act1 (static: nil)  @mrxlayermanager:446
[16:29:15.924] [lua] Layer request 2: 171 of 238 complete  @mrxlayermanager:479
[16:29:15.933] [lua] Culling op for layer vz_state_mar_village_act1!  @mrxlayermanager:318
[16:29:15.943] [lua] (nPendingOps = 106)  @mrxlayermanager:324
[16:29:15.952] [lua] Loading vz_sol_base (static: true)  @mrxlayermanager:375
[16:29:15.961] [lua] true	Unable to load layer vz_sol_base  @mrxlayermanager:403
[16:29:15.972] [lua] Request fulfilled: Load layer vz_sol_base (static: nil)  @mrxlayermanager:446
[16:29:15.980] [lua] Layer request 1: 132 of 170 complete  @mrxlayermanager:479
[16:29:15.990] [lua] Culling op for layer vz_sol_base!  @mrxlayermanager:318
[16:29:16.000] [lua] (nPendingOps = 105)  @mrxlayermanager:324
[16:29:16.009] [lua] Loading vz_gur_job012_i (static: true)  @mrxlayermanager:375
[16:29:16.019] [lua] true	Unable to load layer vz_gur_job012_i  @mrxlayermanager:403
[16:29:16.027] [lua] Request fulfilled: Load layer vz_state_mar_outskirt_act2 (static: nil)  @mrxlayermanager:446
[16:29:16.038] [lua] Layer request 2: 172 of 238 complete  @mrxlayermanager:479
[16:29:16.048] [lua] Culling op for layer vz_state_mar_outskirt_act2!  @mrxlayermanager:318
[16:29:16.057] [lua] (nPendingOps = 104)  @mrxlayermanager:324
[16:29:16.067] [lua] Loading vz_state_alljob009_05_destroyed (static: false)  @mrxlayermanager:375
[16:29:16.076] [lua] true	Unable to load layer vz_state_alljob009_05_destroyed  @mrxlayermanager:403
[16:29:16.087] [lua] Request fulfilled: Load layer vz_state_pirjob011_01_destroyed (static: nil)  @mrxlayermanager:446
[16:29:16.096] [lua] Layer request 2: 173 of 238 complete  @mrxlayermanager:479
[16:29:16.105] [lua] Culling op for layer vz_state_pirjob011_01_destroyed!  @mrxlayermanager:318
[16:29:16.114] [lua] (nPendingOps = 103)  @mrxlayermanager:324
[16:29:16.123] [lua] Loading vz_state_oiljob008_k_ruined (static: false)  @mrxlayermanager:375
[16:29:16.132] [lua] true	Unable to load layer vz_state_oiljob008_k_ruined  @mrxlayermanager:403
[16:29:16.142] [lua] Request fulfilled: Load layer vz_gur_job012_i (static: nil)  @mrxlayermanager:446
[16:29:16.151] [lua] Layer request 1: 133 of 170 complete  @mrxlayermanager:479
[16:29:16.160] [lua] Culling op for layer vz_gur_job012_i!  @mrxlayermanager:318
[16:29:16.169] [lua] (nPendingOps = 102)  @mrxlayermanager:324
[16:29:16.178] [lua] Loading vz_pir_con003 (static: true)  @mrxlayermanager:375
[16:29:16.187] [lua] true	Unable to load layer vz_pir_con003  @mrxlayermanager:403
[16:29:16.198] [lua] Request fulfilled: Load layer vz_state_allcon003_and_chicon003_pristine (static: nil)  @mrxlayermanager:446
[16:29:16.208] [lua] Layer request 2: 174 of 238 complete  @mrxlayermanager:479
[16:29:16.218] [lua] Culling op for layer vz_state_allcon003_and_chicon003_pristine!  @mrxlayermanager:318
[16:29:16.227] [lua] (nPendingOps = 101)  @mrxlayermanager:324
[16:29:16.236] [lua] Loading vz_state_oiljob012_05_staging (static: false)  @mrxlayermanager:375
[16:29:16.246] [lua] true	Unable to load layer vz_state_oiljob012_05_staging  @mrxlayermanager:403
[16:29:16.258] [lua] Request fulfilled: Load layer vz_pir_con003 (static: nil)  @mrxlayermanager:446
[16:29:16.267] [lua] Layer request 1: 134 of 170 complete  @mrxlayermanager:479
[16:29:16.278] [lua] Culling op for layer vz_pir_con003!  @mrxlayermanager:318
[16:29:16.288] [lua] (nPendingOps = 100)  @mrxlayermanager:324
[16:29:16.298] [lua] Loading vz_mar_scrub (static: true)  @mrxlayermanager:375
[16:29:16.308] [lua] true	Unable to load layer vz_mar_scrub  @mrxlayermanager:403
[16:29:16.320] [lua] Request fulfilled: Load layer vz_state_gurjob011_04_destroyed (static: nil)  @mrxlayermanager:446
[16:29:16.329] [lua] Layer request 2: 175 of 238 complete  @mrxlayermanager:479
[16:29:16.340] [lua] Culling op for layer vz_state_gurjob011_04_destroyed!  @mrxlayermanager:318
[16:29:16.349] [lua] (nPendingOps = 99)  @mrxlayermanager:324
[16:29:16.360] [lua] Loading vz_state_gurjob005_captured (static: false)  @mrxlayermanager:375
[16:29:16.370] [lua] true	Unable to load layer vz_state_gurjob005_captured  @mrxlayermanager:403
[16:29:16.379] [lua] Request fulfilled: Load layer vz_mar_scrub (static: nil)  @mrxlayermanager:446
[16:29:16.389] [lua] Layer request 1: 135 of 170 complete  @mrxlayermanager:479
[16:29:16.399] [lua] Culling op for layer vz_mar_scrub!  @mrxlayermanager:318
[16:29:16.409] [lua] (nPendingOps = 98)  @mrxlayermanager:324
[16:29:16.418] [lua] Loading vz_state_oiljob012_03_pristine (static: false)  @mrxlayermanager:375
[16:29:16.435] [lua] true	Unable to load layer vz_state_oiljob012_03_pristine  @mrxlayermanager:403
[16:29:16.448] [lua] Request fulfilled: Load layer vz_state_gurhq_act1 (static: nil)  @mrxlayermanager:446
[16:29:16.458] [lua] Layer request 2: 176 of 238 complete  @mrxlayermanager:479
[16:29:16.467] [lua] Culling op for layer vz_state_gurhq_act1!  @mrxlayermanager:318
[16:29:16.477] [lua] (nPendingOps = 97)  @mrxlayermanager:324
[16:29:16.487] [lua] Loading vz_state_gurjob002_01_pristine (static: false)  @mrxlayermanager:375
[16:29:16.496] [lua] true	Unable to load layer vz_state_gurjob002_01_pristine  @mrxlayermanager:403
[16:29:16.507] [lua] Request fulfilled: Load layer vz_state_chijob010_04_pristine (static: nil)  @mrxlayermanager:446
[16:29:16.518] [lua] Layer request 2: 177 of 238 complete  @mrxlayermanager:479
[16:29:16.531] [lua] Culling op for layer vz_state_chijob010_04_pristine!  @mrxlayermanager:318
[16:29:16.541] [lua] (nPendingOps = 96)  @mrxlayermanager:324
[16:29:16.550] [lua] Loading vz_car_billboard (static: true)  @mrxlayermanager:375
[16:29:16.559] [lua] true	Unable to load layer vz_car_billboard  @mrxlayermanager:403
[16:29:16.570] [lua] Request fulfilled: Load layer vz_state_chicon005_a_pristine (static: nil)  @mrxlayermanager:446
[16:29:16.579] [lua] Layer request 2: 178 of 238 complete  @mrxlayermanager:479
[16:29:16.590] [lua] Culling op for layer vz_state_chicon005_a_pristine!  @mrxlayermanager:318
[16:29:16.599] [lua] (nPendingOps = 95)  @mrxlayermanager:324
[16:29:16.608] [lua] Loading vz_state_chijob005_e_destroyed (static: false)  @mrxlayermanager:375
[16:29:16.618] [lua] true	Unable to load layer vz_state_chijob005_e_destroyed  @mrxlayermanager:403
[16:29:16.628] [lua] Request fulfilled: Load layer vz_car_billboard (static: nil)  @mrxlayermanager:446
[16:29:16.637] [lua] Layer request 1: 136 of 170 complete  @mrxlayermanager:479
[16:29:16.646] [lua] Culling op for layer vz_car_billboard!  @mrxlayermanager:318
[16:29:16.656] [lua] (nPendingOps = 94)  @mrxlayermanager:324
[16:29:16.665] [lua] Loading vz_state_alljob001_01_captured (static: false)  @mrxlayermanager:375
[16:29:16.675] [lua] true	Unable to load layer vz_state_alljob001_01_captured  @mrxlayermanager:403
[16:29:16.687] [lua] Request fulfilled: Load layer vz_state_gurjob008_01_captured (static: nil)  @mrxlayermanager:446
[16:29:16.696] [lua] Layer request 2: 179 of 238 complete  @mrxlayermanager:479
[16:29:16.707] [lua] Culling op for layer vz_state_gurjob008_01_captured!  @mrxlayermanager:318
[16:29:16.717] [lua] (nPendingOps = 93)  @mrxlayermanager:324
[16:29:16.728] [lua] Loading vz_mar_roads (static: true)  @mrxlayermanager:375
[16:29:16.738] [lua] true	Unable to load layer vz_mar_roads  @mrxlayermanager:403
[16:29:16.750] [lua] Request fulfilled: Load layer vz_state_oiljob012_03_pristine (static: nil)  @mrxlayermanager:446
[16:29:16.759] [lua] Layer request 2: 180 of 238 complete  @mrxlayermanager:479
[16:29:16.770] [lua] Culling op for layer vz_state_oiljob012_03_pristine!  @mrxlayermanager:318
[16:29:16.780] [lua] (nPendingOps = 92)  @mrxlayermanager:324
[16:29:16.791] [lua] Loading vz_pmc_tiny (static: true)  @mrxlayermanager:375
[16:29:16.802] [lua] true	Unable to load layer vz_pmc_tiny  @mrxlayermanager:403
[16:29:16.815] [lua] Request fulfilled: Load layer vz_state_gurjob002_01_pristine (static: nil)  @mrxlayermanager:446
[16:29:16.826] [lua] Layer request 2: 181 of 238 complete  @mrxlayermanager:479
[16:29:16.835] [lua] Culling op for layer vz_state_gurjob002_01_pristine!  @mrxlayermanager:318
[16:29:16.845] [lua] (nPendingOps = 91)  @mrxlayermanager:324
[16:29:16.855] [lua] Loading vz_gur_job002_d (static: true)  @mrxlayermanager:375
[16:29:16.864] [lua] true	Unable to load layer vz_gur_job002_d  @mrxlayermanager:403
[16:29:16.873] [lua] Request fulfilled: Load layer vz_pmc_tiny (static: nil)  @mrxlayermanager:446
[16:29:16.883] [lua] Layer request 1: 137 of 170 complete  @mrxlayermanager:479
[16:29:16.892] [lua] Culling op for layer vz_pmc_tiny!  @mrxlayermanager:318
[16:29:16.902] [lua] (nPendingOps = 90)  @mrxlayermanager:324
[16:29:16.911] [lua] Loading vz_state_gurjob011_10_destroyed (static: false)  @mrxlayermanager:375
[16:29:16.921] [lua] true	Unable to load layer vz_state_gurjob011_10_destroyed  @mrxlayermanager:403
[16:29:16.932] [lua] Request fulfilled: Load layer vz_gur_job002_d (static: nil)  @mrxlayermanager:446
[16:29:16.941] [lua] Layer request 1: 138 of 170 complete  @mrxlayermanager:479
[16:29:16.953] [lua] Culling op for layer vz_gur_job002_d!  @mrxlayermanager:318
[16:29:16.962] [lua] (nPendingOps = 89)  @mrxlayermanager:324
[16:29:16.972] [lua] Loading vz_state_alljob002_03_staging (static: false)  @mrxlayermanager:375
[16:29:16.981] [lua] true	Unable to load layer vz_state_alljob002_03_staging  @mrxlayermanager:403
[16:29:16.991] [lua] Request fulfilled: Load layer vz_state_alljob009_05_destroyed (static: nil)  @mrxlayermanager:446
[16:29:17.000] [lua] Layer request 2: 182 of 238 complete  @mrxlayermanager:479
[16:29:17.008] [lua] Culling op for layer vz_state_alljob009_05_destroyed!  @mrxlayermanager:318
[16:29:17.022] [lua] (nPendingOps = 88)  @mrxlayermanager:324
[16:29:17.031] [lua] Loading vz_state_pirjob007_g_destroyed (static: false)  @mrxlayermanager:375
[16:29:17.041] [lua] true	Unable to load layer vz_state_pirjob007_g_destroyed  @mrxlayermanager:403
[16:29:17.052] [lua] Request fulfilled: Load layer vz_state_gurjob011_10_destroyed (static: nil)  @mrxlayermanager:446
[16:29:17.062] [lua] Layer request 2: 183 of 238 complete  @mrxlayermanager:479
[16:29:17.071] [lua] Culling op for layer vz_state_gurjob011_10_destroyed!  @mrxlayermanager:318
[16:29:17.080] [lua] (nPendingOps = 87)  @mrxlayermanager:324
[16:29:17.089] [lua] Loading vz_state_oiljob005_pristine (static: false)  @mrxlayermanager:375
[16:29:17.099] [lua] true	Unable to load layer vz_state_oiljob005_pristine  @mrxlayermanager:403
[16:29:17.111] [lua] Request fulfilled: Load layer vz_state_gurjob012_05_pristine (static: nil)  @mrxlayermanager:446
[16:29:17.120] [lua] Layer request 2: 184 of 238 complete  @mrxlayermanager:479
[16:29:17.129] [lua] Culling op for layer vz_state_gurjob012_05_pristine!  @mrxlayermanager:318
[16:29:17.138] [lua] (nPendingOps = 86)  @mrxlayermanager:324
[16:29:17.147] [lua] Loading vz_state_chijob001_03_staging (static: false)  @mrxlayermanager:375
[16:29:17.158] [lua] true	Unable to load layer vz_state_chijob001_03_staging  @mrxlayermanager:403
[16:29:17.170] [lua] Request fulfilled: Load layer vz_state_oiljob008_k_ruined (static: nil)  @mrxlayermanager:446
[16:29:17.179] [lua] Layer request 2: 185 of 238 complete  @mrxlayermanager:479
[16:29:17.194] [lua] Culling op for layer vz_state_oiljob008_k_ruined!  @mrxlayermanager:318
[16:29:17.203] [lua] (nPendingOps = 85)  @mrxlayermanager:324
[16:29:17.213] [lua] Loading vz_state_chijob005_g_destroyed (static: false)  @mrxlayermanager:375
[16:29:17.222] [lua] true	Unable to load layer vz_state_chijob005_g_destroyed  @mrxlayermanager:403
[16:29:17.233] [lua] Request fulfilled: Load layer vz_state_gurjob005_captured (static: nil)  @mrxlayermanager:446
[16:29:17.244] [lua] Layer request 2: 186 of 238 complete  @mrxlayermanager:479
[16:29:17.257] [lua] Culling op for layer vz_state_gurjob005_captured!  @mrxlayermanager:318
[16:29:17.266] [lua] (nPendingOps = 84)  @mrxlayermanager:324
[16:29:17.275] [lua] Loading vz_state_mar_city_act1 (static: false)  @mrxlayermanager:375
[16:29:17.284] [lua] true	Unable to load layer vz_state_mar_city_act1  @mrxlayermanager:403
[16:29:17.296] [lua] Request fulfilled: Load layer vz_state_oiljob012_05_staging (static: nil)  @mrxlayermanager:446
[16:29:17.307] [lua] Layer request 2: 187 of 238 complete  @mrxlayermanager:479
[16:29:17.316] [lua] Culling op for layer vz_state_oiljob012_05_staging!  @mrxlayermanager:318
[16:29:17.326] [lua] (nPendingOps = 83)  @mrxlayermanager:324
[16:29:17.334] [lua] Loading vz_oil_job005 (static: true)  @mrxlayermanager:375
[16:29:17.344] [lua] true	Unable to load layer vz_oil_job005  @mrxlayermanager:403
[16:29:17.356] [lua] Request fulfilled: Load layer vz_oil_job005 (static: nil)  @mrxlayermanager:446
[16:29:17.364] [lua] Layer request 1: 139 of 170 complete  @mrxlayermanager:479
[16:29:17.374] [lua] Culling op for layer vz_oil_job005!  @mrxlayermanager:318
[16:29:17.383] [lua] (nPendingOps = 82)  @mrxlayermanager:324
[16:29:17.392] [lua] Loading vz_state_pirjob012_02_pristine (static: false)  @mrxlayermanager:375
[16:29:17.401] [lua] true	Unable to load layer vz_state_pirjob012_02_pristine  @mrxlayermanager:403
[16:29:17.411] [lua] Request fulfilled: Load layer vz_state_oiljob005_pristine (static: nil)  @mrxlayermanager:446
[16:29:17.420] [lua] Layer request 2: 188 of 238 complete  @mrxlayermanager:479
[16:29:17.429] [lua] Culling op for layer vz_state_oiljob005_pristine!  @mrxlayermanager:318
[16:29:17.439] [lua] (nPendingOps = 81)  @mrxlayermanager:324
[16:29:17.448] [lua] Loading vz_state_chicon002_bridge_destroyed (static: false)  @mrxlayermanager:375
[16:29:17.458] [lua] true	Unable to load layer vz_state_chicon002_bridge_destroyed  @mrxlayermanager:403
[16:29:17.469] [lua] Request fulfilled: Load layer vz_state_alljob001_01_captured (static: nil)  @mrxlayermanager:446
[16:29:17.478] [lua] Layer request 2: 189 of 238 complete  @mrxlayermanager:479
[16:29:17.488] [lua] Culling op for layer vz_state_alljob001_01_captured!  @mrxlayermanager:318
[16:29:17.497] [lua] (nPendingOps = 80)  @mrxlayermanager:324
[16:29:17.506] [lua] Loading vz_caracas_base (static: true)  @mrxlayermanager:375
[16:29:17.515] [lua] true	Unable to load layer vz_caracas_base  @mrxlayermanager:403
[16:29:17.528] [lua] Request fulfilled: Load layer vz_caracas_base (static: nil)  @mrxlayermanager:446
[16:29:17.542] [lua] Layer request 1: 140 of 170 complete  @mrxlayermanager:479
[16:29:17.551] [lua] Culling op for layer vz_caracas_base!  @mrxlayermanager:318
[16:29:17.560] [lua] (nPendingOps = 79)  @mrxlayermanager:324
[16:29:17.569] [lua] Loading vz_mar_industrial (static: true)  @mrxlayermanager:375
[16:29:17.579] [lua] true	Unable to load layer vz_mar_industrial  @mrxlayermanager:403
[16:29:17.588] [lua] Request fulfilled: Load layer vz_state_mar_city_act1 (static: nil)  @mrxlayermanager:446
[16:29:17.597] [lua] Layer request 2: 190 of 238 complete  @mrxlayermanager:479
[16:29:17.606] [lua] Culling op for layer vz_state_mar_city_act1!  @mrxlayermanager:318
[16:29:17.615] [lua] (nPendingOps = 78)  @mrxlayermanager:324
[16:29:17.624] [lua] Loading vz_state_alljob009_01_pristine (static: false)  @mrxlayermanager:375
[16:29:17.633] [lua] true	Unable to load layer vz_state_alljob009_01_pristine  @mrxlayermanager:403
[16:29:17.644] [lua] Request fulfilled: Load layer vz_mar_industrial (static: nil)  @mrxlayermanager:446
[16:29:17.653] [lua] Layer request 1: 141 of 170 complete  @mrxlayermanager:479
[16:29:17.665] [lua] Culling op for layer vz_mar_industrial!  @mrxlayermanager:318
[16:29:17.675] [lua] (nPendingOps = 77)  @mrxlayermanager:324
[16:29:17.685] [lua] Loading vz_state_all_hq_structures (static: false)  @mrxlayermanager:375
[16:29:17.695] [lua] true	Unable to load layer vz_state_all_hq_structures  @mrxlayermanager:403
[16:29:17.704] [lua] Request fulfilled: Load layer vz_state_pirjob007_g_destroyed (static: nil)  @mrxlayermanager:446
[16:29:17.713] [lua] Layer request 2: 191 of 238 complete  @mrxlayermanager:479
[16:29:17.724] [lua] Culling op for layer vz_state_pirjob007_g_destroyed!  @mrxlayermanager:318
[16:29:17.733] [lua] (nPendingOps = 76)  @mrxlayermanager:324
[16:29:17.746] [lua] Loading vz_state_alljob009_03_pristine (static: false)  @mrxlayermanager:375
[16:29:17.757] [lua] true	Unable to load layer vz_state_alljob009_03_pristine  @mrxlayermanager:403
[16:29:17.771] [lua] Request fulfilled: Load layer vz_state_chijob005_e_destroyed (static: nil)  @mrxlayermanager:446
[16:29:17.781] [lua] Layer request 2: 192 of 238 complete  @mrxlayermanager:479
[16:29:17.795] [lua] Culling op for layer vz_state_chijob005_e_destroyed!  @mrxlayermanager:318
[16:29:17.804] [lua] (nPendingOps = 75)  @mrxlayermanager:324
[16:29:17.814] [lua] Loading vz_amazon_road (static: true)  @mrxlayermanager:375
[16:29:17.824] [lua] true	Unable to load layer vz_amazon_road  @mrxlayermanager:403
[16:29:17.838] [lua] Request fulfilled: Load layer vz_amazon_road (static: nil)  @mrxlayermanager:446
[16:29:17.848] [lua] Layer request 1: 142 of 170 complete  @mrxlayermanager:479
[16:29:17.859] [lua] Culling op for layer vz_amazon_road!  @mrxlayermanager:318
[16:29:17.868] [lua] (nPendingOps = 74)  @mrxlayermanager:324
[16:29:17.877] [lua] Loading vz_pirate_isles_tiny (static: true)  @mrxlayermanager:375
[16:29:17.887] [lua] true	Unable to load layer vz_pirate_isles_tiny  @mrxlayermanager:403
[16:29:17.897] [lua] Request fulfilled: Load layer vz_mar_roads (static: nil)  @mrxlayermanager:446
[16:29:17.906] [lua] Layer request 1: 143 of 170 complete  @mrxlayermanager:479
[16:29:17.916] [lua] Culling op for layer vz_mar_roads!  @mrxlayermanager:318
[16:29:17.926] [lua] (nPendingOps = 73)  @mrxlayermanager:324
[16:29:17.935] [lua] Loading vz_state_alljob001_03_captured (static: false)  @mrxlayermanager:375
[16:29:17.947] [lua] true	Unable to load layer vz_state_alljob001_03_captured  @mrxlayermanager:403
[16:29:17.958] [lua] Request fulfilled: Load layer vz_pirate_isles_tiny (static: nil)  @mrxlayermanager:446
[16:29:17.967] [lua] Layer request 1: 144 of 170 complete  @mrxlayermanager:479
[16:29:17.977] [lua] Culling op for layer vz_pirate_isles_tiny!  @mrxlayermanager:318
[16:29:17.987] [lua] (nPendingOps = 72)  @mrxlayermanager:324
[16:29:18.001] [lua] Loading vz_poi_lineregions (static: true)  @mrxlayermanager:375
[16:29:18.011] [lua] true	Unable to load layer vz_poi_lineregions  @mrxlayermanager:403
[16:29:18.020] [lua] Request fulfilled: Load layer vz_state_pirjob012_02_pristine (static: nil)  @mrxlayermanager:446
[16:29:18.030] [lua] Layer request 2: 193 of 238 complete  @mrxlayermanager:479
[16:29:18.039] [lua] Culling op for layer vz_state_pirjob012_02_pristine!  @mrxlayermanager:318
[16:29:18.048] [lua] (nPendingOps = 71)  @mrxlayermanager:324
[16:29:18.057] [lua] Loading vz_all_job001_c (static: true)  @mrxlayermanager:375
[16:29:18.066] [lua] true	Unable to load layer vz_all_job001_c  @mrxlayermanager:403
[16:29:18.079] [lua] Request fulfilled: Load layer vz_poi_lineregions (static: nil)  @mrxlayermanager:446
[16:29:18.089] [lua] Layer request 1: 145 of 170 complete  @mrxlayermanager:479
[16:29:18.098] [lua] Culling op for layer vz_poi_lineregions!  @mrxlayermanager:318
[16:29:18.108] [lua] (nPendingOps = 70)  @mrxlayermanager:324
[16:29:18.117] [lua] Loading vz_state_chijob002_01_pristine (static: false)  @mrxlayermanager:375
[16:29:18.127] [lua] true	Unable to load layer vz_state_chijob002_01_pristine  @mrxlayermanager:403
[16:29:18.135] [lua] Request fulfilled: Load layer vz_all_job001_c (static: nil)  @mrxlayermanager:446
[16:29:18.145] [lua] Layer request 1: 146 of 170 complete  @mrxlayermanager:479
[16:29:18.154] [lua] Culling op for layer vz_all_job001_c!  @mrxlayermanager:318
[16:29:18.163] [lua] (nPendingOps = 69)  @mrxlayermanager:324
[16:29:18.172] [lua] Loading vz_state_oiljob012_05_pristine (static: false)  @mrxlayermanager:375
[16:29:18.184] [lua] true	Unable to load layer vz_state_oiljob012_05_pristine  @mrxlayermanager:403
[16:29:18.194] [lua] Request fulfilled: Load layer vz_state_alljob009_03_pristine (static: nil)  @mrxlayermanager:446
[16:29:18.203] [lua] Layer request 2: 194 of 238 complete  @mrxlayermanager:479
[16:29:18.218] [lua] Culling op for layer vz_state_alljob009_03_pristine!  @mrxlayermanager:318
[16:29:18.228] [lua] (nPendingOps = 68)  @mrxlayermanager:324
[16:29:18.238] [lua] Loading vz_state_chicon005_c_pristine (static: false)  @mrxlayermanager:375
[16:29:18.248] [lua] true	Unable to load layer vz_state_chicon005_c_pristine  @mrxlayermanager:403
[16:29:18.260] [lua] Request fulfilled: Load layer vz_state_all_hq_structures (static: nil)  @mrxlayermanager:446
[16:29:18.271] [lua] Layer request 2: 195 of 238 complete  @mrxlayermanager:479
[16:29:18.281] [lua] Culling op for layer vz_state_all_hq_structures!  @mrxlayermanager:318
[16:29:18.292] [lua] (nPendingOps = 67)  @mrxlayermanager:324
[16:29:18.301] [lua] Loading vz_pir_job007_a (static: true)  @mrxlayermanager:375
[16:29:18.310] [lua] true	Unable to load layer vz_pir_job007_a  @mrxlayermanager:403
[16:29:18.322] [lua] Request fulfilled: Load layer vz_state_chijob002_01_pristine (static: nil)  @mrxlayermanager:446
[16:29:18.330] [lua] Layer request 2: 196 of 238 complete  @mrxlayermanager:479
[16:29:18.341] [lua] Culling op for layer vz_state_chijob002_01_pristine!  @mrxlayermanager:318
[16:29:18.351] [lua] (nPendingOps = 66)  @mrxlayermanager:324
[16:29:18.360] [lua] Loading vz_state_chijob006_a_destroyed (static: false)  @mrxlayermanager:375
[16:29:18.369] [lua] true	Unable to load layer vz_state_chijob006_a_destroyed  @mrxlayermanager:403
[16:29:18.378] [lua] Request fulfilled: Load layer vz_pir_job007_a (static: nil)  @mrxlayermanager:446
[16:29:18.388] [lua] Layer request 1: 147 of 170 complete  @mrxlayermanager:479
[16:29:18.397] [lua] Culling op for layer vz_pir_job007_a!  @mrxlayermanager:318
[16:29:18.406] [lua] (nPendingOps = 65)  @mrxlayermanager:324
[16:29:18.415] [lua] Loading vz_state_cumana_act2chi (static: false)  @mrxlayermanager:375
[16:29:18.425] [lua] true	Unable to load layer vz_state_cumana_act2chi  @mrxlayermanager:403
[16:29:18.436] [lua] Request fulfilled: Load layer vz_state_chijob001_03_staging (static: nil)  @mrxlayermanager:446
[16:29:18.445] [lua] Layer request 2: 197 of 238 complete  @mrxlayermanager:479
[16:29:18.455] [lua] Culling op for layer vz_state_chijob001_03_staging!  @mrxlayermanager:318
[16:29:18.464] [lua] (nPendingOps = 64)  @mrxlayermanager:324
[16:29:18.474] [lua] Loading vz_state_chicon006_c_pristine (static: false)  @mrxlayermanager:375
[16:29:18.483] [lua] true	Unable to load layer vz_state_chicon006_c_pristine  @mrxlayermanager:403
[16:29:18.494] [lua] Request fulfilled: Load layer vz_state_oiljob012_05_pristine (static: nil)  @mrxlayermanager:446
[16:29:18.503] [lua] Layer request 2: 198 of 238 complete  @mrxlayermanager:479
[16:29:18.512] [lua] Culling op for layer vz_state_oiljob012_05_pristine!  @mrxlayermanager:318
[16:29:18.523] [lua] (nPendingOps = 63)  @mrxlayermanager:324
[16:29:18.532] [lua] Loading vz_car_shanty02 (static: true)  @mrxlayermanager:375
[16:29:18.541] [lua] true	Unable to load layer vz_car_shanty02  @mrxlayermanager:403
[16:29:18.552] [lua] Request fulfilled: Load layer vz_state_cumana_act2chi (static: nil)  @mrxlayermanager:446
[16:29:18.561] [lua] Layer request 2: 199 of 238 complete  @mrxlayermanager:479
[16:29:18.570] [lua] Culling op for layer vz_state_cumana_act2chi!  @mrxlayermanager:318
[16:29:18.582] [lua] (nPendingOps = 62)  @mrxlayermanager:324
[16:29:18.592] [lua] Loading vz_state_pmc_livedin (static: false)  @mrxlayermanager:375
[16:29:18.601] [lua] true	Unable to load layer vz_state_pmc_livedin  @mrxlayermanager:403
[16:29:18.610] [lua] Request fulfilled: Load layer vz_car_shanty02 (static: nil)  @mrxlayermanager:446
[16:29:18.618] [lua] Layer request 1: 148 of 170 complete  @mrxlayermanager:479
[16:29:18.628] [lua] Culling op for layer vz_car_shanty02!  @mrxlayermanager:318
[16:29:18.637] [lua] (nPendingOps = 61)  @mrxlayermanager:324
[16:29:18.646] [lua] Loading vz_state_gurjob003_captured (static: false)  @mrxlayermanager:375
[16:29:18.657] [lua] true	Unable to load layer vz_state_gurjob003_captured  @mrxlayermanager:403
[16:29:18.667] [lua] Request fulfilled: Load layer vz_state_chijob005_g_destroyed (static: nil)  @mrxlayermanager:446
[16:29:18.677] [lua] Layer request 2: 200 of 238 complete  @mrxlayermanager:479
[16:29:18.687] [lua] Culling op for layer vz_state_chijob005_g_destroyed!  @mrxlayermanager:318
[16:29:18.697] [lua] (nPendingOps = 60)  @mrxlayermanager:324
[16:29:18.707] [lua] Loading vz_state_alljob001_04_captured (static: false)  @mrxlayermanager:375
[16:29:18.716] [lua] true	Unable to load layer vz_state_alljob001_04_captured  @mrxlayermanager:403
[16:29:18.728] [lua] Request fulfilled: Load layer vz_state_alljob009_01_pristine (static: nil)  @mrxlayermanager:446
[16:29:18.740] [lua] Layer request 2: 201 of 238 complete  @mrxlayermanager:479
[16:29:18.754] [lua] Culling op for layer vz_state_alljob009_01_pristine!  @mrxlayermanager:318
[16:29:18.765] [lua] (nPendingOps = 59)  @mrxlayermanager:324
[16:29:18.774] [lua] Loading vz_state_alljob010_02_pristine (static: false)  @mrxlayermanager:375
[16:29:18.787] [lua] true	Unable to load layer vz_state_alljob010_02_pristine  @mrxlayermanager:403
[16:29:18.801] [lua] Request fulfilled: Load layer vz_state_chicon005_c_pristine (static: nil)  @mrxlayermanager:446
[16:29:18.811] [lua] Layer request 2: 202 of 238 complete  @mrxlayermanager:479
[16:29:18.820] [lua] Culling op for layer vz_state_chicon005_c_pristine!  @mrxlayermanager:318
[16:29:18.829] [lua] (nPendingOps = 58)  @mrxlayermanager:324
[16:29:18.838] [lua] Loading vz_state_pirjob010_03_destroyed (static: false)  @mrxlayermanager:375
[16:29:18.847] [lua] true	Unable to load layer vz_state_pirjob010_03_destroyed  @mrxlayermanager:403
[16:29:18.859] [lua] Request fulfilled: Load layer vz_state_chicon002_bridge_destroyed (static: nil)  @mrxlayermanager:446
[16:29:18.868] [lua] Layer request 2: 203 of 238 complete  @mrxlayermanager:479
[16:29:18.878] [lua] Culling op for layer vz_state_chicon002_bridge_destroyed!  @mrxlayermanager:318
[16:29:18.887] [lua] (nPendingOps = 57)  @mrxlayermanager:324
[16:29:18.897] [lua] Loading vz_state_alljob009_04_destroyed (static: false)  @mrxlayermanager:375
[16:29:18.909] [lua] true	Unable to load layer vz_state_alljob009_04_destroyed  @mrxlayermanager:403
[16:29:18.922] [lua] Request fulfilled: Load layer vz_state_alljob002_03_staging (static: nil)  @mrxlayermanager:446
[16:29:18.931] [lua] Layer request 2: 204 of 238 complete  @mrxlayermanager:479
[16:29:18.944] [lua] Culling op for layer vz_state_alljob002_03_staging!  @mrxlayermanager:318
[16:29:18.953] [lua] (nPendingOps = 56)  @mrxlayermanager:324
[16:29:18.962] [lua] Loading vz_state_jungle_mountain_act2 (static: false)  @mrxlayermanager:375
[16:29:18.971] [lua] true	Unable to load layer vz_state_jungle_mountain_act2  @mrxlayermanager:403
[16:29:18.982] [lua] Request fulfilled: Load layer vz_state_gurjob003_captured (static: nil)  @mrxlayermanager:446
[16:29:18.992] [lua] Layer request 2: 205 of 238 complete  @mrxlayermanager:479
[16:29:19.003] [lua] Culling op for layer vz_state_gurjob003_captured!  @mrxlayermanager:318
[16:29:19.012] [lua] (nPendingOps = 55)  @mrxlayermanager:324
[16:29:19.022] [lua] Loading vz_state_merida_act2 (static: false)  @mrxlayermanager:375
[16:29:19.031] [lua] true	Unable to load layer vz_state_merida_act2  @mrxlayermanager:403
[16:29:19.042] [lua] Request fulfilled: Load layer vz_state_alljob001_03_captured (static: nil)  @mrxlayermanager:446
[16:29:19.051] [lua] Layer request 2: 206 of 238 complete  @mrxlayermanager:479
[16:29:19.060] [lua] Culling op for layer vz_state_alljob001_03_captured!  @mrxlayermanager:318
[16:29:19.076] [lua] (nPendingOps = 54)  @mrxlayermanager:324
[16:29:19.085] [lua] Loading vz_gur_base_mines (static: true)  @mrxlayermanager:375
[16:29:19.095] [lua] true	Unable to load layer vz_gur_base_mines  @mrxlayermanager:403
[16:29:19.106] [lua] Request fulfilled: Load layer vz_state_jungle_mountain_act2 (static: nil)  @mrxlayermanager:446
[16:29:19.115] [lua] Layer request 2: 207 of 238 complete  @mrxlayermanager:479
[16:29:19.124] [lua] Culling op for layer vz_state_jungle_mountain_act2!  @mrxlayermanager:318
[16:29:19.133] [lua] (nPendingOps = 53)  @mrxlayermanager:324
[16:29:19.142] [lua] Loading vz_amazon_scrub (static: true)  @mrxlayermanager:375
[16:29:19.152] [lua] true	Unable to load layer vz_amazon_scrub  @mrxlayermanager:403
[16:29:19.167] [lua] Request fulfilled: Load layer vz_gur_base_mines (static: nil)  @mrxlayermanager:446
[16:29:19.176] [lua] Layer request 1: 149 of 170 complete  @mrxlayermanager:479
[16:29:19.185] [lua] Culling op for layer vz_gur_base_mines!  @mrxlayermanager:318
[16:29:19.195] [lua] (nPendingOps = 52)  @mrxlayermanager:324
[16:29:19.204] [lua] Loading vz_state_oiljob008_l_ruined (static: false)  @mrxlayermanager:375
[16:29:19.214] [lua] true	Unable to load layer vz_state_oiljob008_l_ruined  @mrxlayermanager:403
[16:29:19.225] [lua] Request fulfilled: Load layer vz_state_chicon006_c_pristine (static: nil)  @mrxlayermanager:446
[16:29:19.236] [lua] Layer request 2: 208 of 238 complete  @mrxlayermanager:479
[16:29:19.246] [lua] Culling op for layer vz_state_chicon006_c_pristine!  @mrxlayermanager:318
[16:29:19.256] [lua] (nPendingOps = 51)  @mrxlayermanager:324
[16:29:19.265] [lua] Loading vz_pir_job012_h (static: true)  @mrxlayermanager:375
[16:29:19.274] [lua] true	Unable to load layer vz_pir_job012_h  @mrxlayermanager:403
[16:29:19.284] [lua] Request fulfilled: Load layer vz_amazon_scrub (static: nil)  @mrxlayermanager:446
[16:29:19.293] [lua] Layer request 1: 150 of 170 complete  @mrxlayermanager:479
[16:29:19.302] [lua] Culling op for layer vz_amazon_scrub!  @mrxlayermanager:318
[16:29:19.312] [lua] (nPendingOps = 50)  @mrxlayermanager:324
[16:29:19.322] [lua] Loading vz_state_pircon004_pristine (static: false)  @mrxlayermanager:375
[16:29:19.331] [lua] true	Unable to load layer vz_state_pircon004_pristine  @mrxlayermanager:403
[16:29:19.343] [lua] Request fulfilled: Load layer vz_pir_job012_h (static: nil)  @mrxlayermanager:446
[16:29:19.352] [lua] Layer request 1: 151 of 170 complete  @mrxlayermanager:479
[16:29:19.362] [lua] Culling op for layer vz_pir_job012_h!  @mrxlayermanager:318
[16:29:19.371] [lua] (nPendingOps = 49)  @mrxlayermanager:324
[16:29:19.381] [lua] Loading vz_oil_job011_a (static: true)  @mrxlayermanager:375
[16:29:19.390] [lua] true	Unable to load layer vz_oil_job011_a  @mrxlayermanager:403
[16:29:19.398] [lua] Request fulfilled: Load layer vz_state_chijob006_a_destroyed (static: nil)  @mrxlayermanager:446
[16:29:19.408] [lua] Layer request 2: 209 of 238 complete  @mrxlayermanager:479
[16:29:19.416] [lua] Culling op for layer vz_state_chijob006_a_destroyed!  @mrxlayermanager:318
[16:29:19.430] [lua] (nPendingOps = 48)  @mrxlayermanager:324
[16:29:19.440] [lua] Loading vz_oil_job011_j (static: true)  @mrxlayermanager:375
[16:29:19.450] [lua] true	Unable to load layer vz_oil_job011_j  @mrxlayermanager:403
[16:29:19.462] [lua] Request fulfilled: Load layer vz_oil_job011_a (static: nil)  @mrxlayermanager:446
[16:29:19.471] [lua] Layer request 1: 152 of 170 complete  @mrxlayermanager:479
[16:29:19.480] [lua] Culling op for layer vz_oil_job011_a!  @mrxlayermanager:318
[16:29:19.491] [lua] (nPendingOps = 47)  @mrxlayermanager:324
[16:29:19.500] [lua] Loading vz_state_oiljob008_b_destroyed (static: false)  @mrxlayermanager:375
[16:29:19.510] [lua] true	Unable to load layer vz_state_oiljob008_b_destroyed  @mrxlayermanager:403
[16:29:19.519] [lua] Request fulfilled: Load layer vz_oil_job011_j (static: nil)  @mrxlayermanager:446
[16:29:19.528] [lua] Layer request 1: 153 of 170 complete  @mrxlayermanager:479
[16:29:19.538] [lua] Culling op for layer vz_oil_job011_j!  @mrxlayermanager:318
[16:29:19.547] [lua] (nPendingOps = 46)  @mrxlayermanager:324
[16:29:19.556] [lua] Loading vz_state_chicon001_pristine (static: false)  @mrxlayermanager:375
[16:29:19.565] [lua] true	Unable to load layer vz_state_chicon001_pristine  @mrxlayermanager:403
[16:29:19.575] [lua] Request fulfilled: Load layer vz_state_pmc_livedin (static: nil)  @mrxlayermanager:446
[16:29:19.583] [lua] Layer request 2: 210 of 238 complete  @mrxlayermanager:479
[16:29:19.594] [lua] Culling op for layer vz_state_pmc_livedin!  @mrxlayermanager:318
[16:29:19.604] [lua] (nPendingOps = 45)  @mrxlayermanager:324
[16:29:19.614] [lua] Loading vz_state_oiljob011_03_pristine (static: false)  @mrxlayermanager:375
[16:29:19.624] [lua] true	Unable to load layer vz_state_oiljob011_03_pristine  @mrxlayermanager:403
[16:29:19.637] [lua] Request fulfilled: Load layer vz_state_merida_act2 (static: nil)  @mrxlayermanager:446
[16:29:19.646] [lua] Layer request 2: 211 of 238 complete  @mrxlayermanager:479
[16:29:19.656] [lua] Culling op for layer vz_state_merida_act2!  @mrxlayermanager:318
[16:29:19.665] [lua] (nPendingOps = 44)  @mrxlayermanager:324
[16:29:19.674] [lua] Loading vz_all_job002_b (static: true)  @mrxlayermanager:375
[16:29:19.684] [lua] true	Unable to load layer vz_all_job002_b  @mrxlayermanager:403
[16:29:19.695] [lua] Request fulfilled: Load layer vz_all_job002_b (static: nil)  @mrxlayermanager:446
[16:29:19.705] [lua] Layer request 1: 154 of 170 complete  @mrxlayermanager:479
[16:29:19.714] [lua] Culling op for layer vz_all_job002_b!  @mrxlayermanager:318
[16:29:19.724] [lua] (nPendingOps = 43)  @mrxlayermanager:324
[16:29:19.733] [lua] Loading vz_state_vzacon001_pregate2 (static: false)  @mrxlayermanager:375
[16:29:19.742] [lua] true	Unable to load layer vz_state_vzacon001_pregate2  @mrxlayermanager:403
[16:29:19.751] [lua] Request fulfilled: Load layer vz_state_pirjob010_03_destroyed (static: nil)  @mrxlayermanager:446
[16:29:19.760] [lua] Layer request 2: 212 of 238 complete  @mrxlayermanager:479
[16:29:19.769] [lua] Culling op for layer vz_state_pirjob010_03_destroyed!  @mrxlayermanager:318
[16:29:19.779] [lua] (nPendingOps = 42)  @mrxlayermanager:324
[16:29:19.788] [lua] Loading vz_state_gurjob007_02_destroyed (static: false)  @mrxlayermanager:375
[16:29:19.797] [lua] true	Unable to load layer vz_state_gurjob007_02_destroyed  @mrxlayermanager:403
[16:29:19.809] [lua] Request fulfilled: Load layer vz_state_oiljob011_03_pristine (static: nil)  @mrxlayermanager:446
[16:29:19.819] [lua] Layer request 2: 213 of 238 complete  @mrxlayermanager:479
[16:29:19.828] [lua] Culling op for layer vz_state_oiljob011_03_pristine!  @mrxlayermanager:318
[16:29:19.838] [lua] (nPendingOps = 41)  @mrxlayermanager:324
[16:29:19.850] [lua] Loading vz_car_city_roads (static: true)  @mrxlayermanager:375
[16:29:19.860] [lua] true	Unable to load layer vz_car_city_roads  @mrxlayermanager:403
[16:29:19.870] [lua] Request fulfilled: Load layer vz_car_city_roads (static: nil)  @mrxlayermanager:446
[16:29:19.884] [lua] Layer request 1: 155 of 170 complete  @mrxlayermanager:479
[16:29:19.895] [lua] Culling op for layer vz_car_city_roads!  @mrxlayermanager:318
[16:29:19.904] [lua] (nPendingOps = 40)  @mrxlayermanager:324
[16:29:19.914] [lua] Loading vz_state_pirjob012_07_pristine (static: false)  @mrxlayermanager:375
[16:29:19.925] [lua] true	Unable to load layer vz_state_pirjob012_07_pristine  @mrxlayermanager:403
[16:29:19.933] [lua] Request fulfilled: Load layer vz_state_oiljob008_l_ruined (static: nil)  @mrxlayermanager:446
[16:29:19.943] [lua] Layer request 2: 214 of 238 complete  @mrxlayermanager:479
[16:29:19.952] [lua] Culling op for layer vz_state_oiljob008_l_ruined!  @mrxlayermanager:318
[16:29:19.962] [lua] (nPendingOps = 39)  @mrxlayermanager:324
[16:29:19.971] [lua] Loading vz_pmc_roads (static: true)  @mrxlayermanager:375
[16:29:19.982] [lua] true	Unable to load layer vz_pmc_roads  @mrxlayermanager:403
[16:29:19.994] [lua] Request fulfilled: Load layer vz_state_pircon004_pristine (static: nil)  @mrxlayermanager:446
[16:29:20.003] [lua] Layer request 2: 215 of 238 complete  @mrxlayermanager:479
[16:29:20.012] [lua] Culling op for layer vz_state_pircon004_pristine!  @mrxlayermanager:318
[16:29:20.021] [lua] (nPendingOps = 38)  @mrxlayermanager:324
[16:29:20.030] [lua] Loading vz_all_hq (static: true)  @mrxlayermanager:375
[16:29:20.039] [lua] true	Unable to load layer vz_all_hq  @mrxlayermanager:403
[16:29:20.048] [lua] Request fulfilled: Load layer vz_pmc_roads (static: nil)  @mrxlayermanager:446
[16:29:20.058] [lua] Layer request 1: 156 of 170 complete  @mrxlayermanager:479
[16:29:20.067] [lua] Culling op for layer vz_pmc_roads!  @mrxlayermanager:318
[16:29:20.077] [lua] (nPendingOps = 37)  @mrxlayermanager:324
[16:29:20.086] [lua] Loading vz_state_car_city_act2chi_staging (static: false)  @mrxlayermanager:375
[16:29:20.101] [lua] true	Unable to load layer vz_state_car_city_act2chi_staging  @mrxlayermanager:403
[16:29:20.112] [lua] Request fulfilled: Load layer vz_state_alljob010_02_pristine (static: nil)  @mrxlayermanager:446
[16:29:20.122] [lua] Layer request 2: 216 of 238 complete  @mrxlayermanager:479
[16:29:20.131] [lua] Culling op for layer vz_state_alljob010_02_pristine!  @mrxlayermanager:318
[16:29:20.140] [lua] (nPendingOps = 36)  @mrxlayermanager:324
[16:29:20.149] [lua] Loading vz_jungle_mountain_road (static: true)  @mrxlayermanager:375
[16:29:20.160] [lua] true	Unable to load layer vz_jungle_mountain_road  @mrxlayermanager:403
[16:29:20.169] [lua] Request fulfilled: Load layer vz_all_hq (static: nil)  @mrxlayermanager:446
[16:29:20.179] [lua] Layer request 1: 157 of 170 complete  @mrxlayermanager:479
[16:29:20.190] [lua] Culling op for layer vz_all_hq!  @mrxlayermanager:318
[16:29:20.199] [lua] (nPendingOps = 35)  @mrxlayermanager:324
[16:29:20.209] [lua] Loading vz_state_gurjob011_07_destroyed (static: false)  @mrxlayermanager:375
[16:29:20.218] [lua] true	Unable to load layer vz_state_gurjob011_07_destroyed  @mrxlayermanager:403
[16:29:20.230] [lua] Request fulfilled: Load layer vz_jungle_mountain_road (static: nil)  @mrxlayermanager:446
[16:29:20.240] [lua] Layer request 1: 158 of 170 complete  @mrxlayermanager:479
[16:29:20.250] [lua] Culling op for layer vz_jungle_mountain_road!  @mrxlayermanager:318
[16:29:20.260] [lua] (nPendingOps = 34)  @mrxlayermanager:324
[16:29:20.269] [lua] Loading vz_state_gurjob008_01_pristine (static: false)  @mrxlayermanager:375
[16:29:20.282] [lua] true	Unable to load layer vz_state_gurjob008_01_pristine  @mrxlayermanager:403
[16:29:20.292] [lua] Request fulfilled: Load layer vz_state_alljob001_04_captured (static: nil)  @mrxlayermanager:446
[16:29:20.301] [lua] Layer request 2: 217 of 238 complete  @mrxlayermanager:479
[16:29:20.310] [lua] Culling op for layer vz_state_alljob001_04_captured!  @mrxlayermanager:318
[16:29:20.319] [lua] (nPendingOps = 33)  @mrxlayermanager:324
[16:29:20.328] [lua] Loading vz_oil_job011_h (static: true)  @mrxlayermanager:375
[16:29:20.338] [lua] true	Unable to load layer vz_oil_job011_h  @mrxlayermanager:403
[16:29:20.348] [lua] Request fulfilled: Load layer vz_oil_job011_h (static: nil)  @mrxlayermanager:446
[16:29:20.358] [lua] Layer request 1: 159 of 170 complete  @mrxlayermanager:479
[16:29:20.366] [lua] Culling op for layer vz_oil_job011_h!  @mrxlayermanager:318
[16:29:20.376] [lua] (nPendingOps = 32)  @mrxlayermanager:324
[16:29:20.385] [lua] Loading vz_chi_job006_b (static: true)  @mrxlayermanager:375
[16:29:20.394] [lua] true	Unable to load layer vz_chi_job006_b  @mrxlayermanager:403
[16:29:20.403] [lua] Request fulfilled: Load layer vz_state_alljob009_04_destroyed (static: nil)  @mrxlayermanager:446
[16:29:20.412] [lua] Layer request 2: 218 of 238 complete  @mrxlayermanager:479
[16:29:20.421] [lua] Culling op for layer vz_state_alljob009_04_destroyed!  @mrxlayermanager:318
[16:29:20.430] [lua] (nPendingOps = 31)  @mrxlayermanager:324
[16:29:20.439] [lua] Loading vz_state_pirjob012_03_pristine (static: false)  @mrxlayermanager:375
[16:29:20.448] [lua] true	Unable to load layer vz_state_pirjob012_03_pristine  @mrxlayermanager:403
[16:29:20.463] [lua] Request fulfilled: Load layer vz_state_chicon001_pristine (static: nil)  @mrxlayermanager:446
[16:29:20.478] [lua] Layer request 2: 219 of 238 complete  @mrxlayermanager:479
[16:29:20.487] [lua] Culling op for layer vz_state_chicon001_pristine!  @mrxlayermanager:318
[16:29:20.497] [lua] (nPendingOps = 30)  @mrxlayermanager:324
[16:29:20.506] [lua] Loading vz_state_mar_big_lineregion (static: false)  @mrxlayermanager:375
[16:29:20.515] [lua] true	Unable to load layer vz_state_mar_big_lineregion  @mrxlayermanager:403
[16:29:20.525] [lua] Request fulfilled: Load layer vz_chi_job006_b (static: nil)  @mrxlayermanager:446
[16:29:20.534] [lua] Layer request 1: 160 of 170 complete  @mrxlayermanager:479
[16:29:20.544] [lua] Culling op for layer vz_chi_job006_b!  @mrxlayermanager:318
[16:29:20.553] [lua] (nPendingOps = 29)  @mrxlayermanager:324
[16:29:20.563] [lua] Loading vz_chi_con005_d (static: true)  @mrxlayermanager:375
[16:29:20.572] [lua] true	Unable to load layer vz_chi_con005_d  @mrxlayermanager:403
[16:29:20.582] [lua] Request fulfilled: Load layer vz_chi_con005_d (static: nil)  @mrxlayermanager:446
[16:29:20.592] [lua] Layer request 1: 161 of 170 complete  @mrxlayermanager:479
[16:29:20.601] [lua] Culling op for layer vz_chi_con005_d!  @mrxlayermanager:318
[16:29:20.611] [lua] (nPendingOps = 28)  @mrxlayermanager:324
[16:29:20.620] [lua] Loading vz_cumana_foilage (static: true)  @mrxlayermanager:375
[16:29:20.629] [lua] true	Unable to load layer vz_cumana_foilage  @mrxlayermanager:403
[16:29:20.638] [lua] Request fulfilled: Load layer vz_state_pirjob012_03_pristine (static: nil)  @mrxlayermanager:446
[16:29:20.647] [lua] Layer request 2: 220 of 238 complete  @mrxlayermanager:479
[16:29:20.656] [lua] Culling op for layer vz_state_pirjob012_03_pristine!  @mrxlayermanager:318
[16:29:20.665] [lua] (nPendingOps = 27)  @mrxlayermanager:324
[16:29:20.676] [lua] Loading vz_state_chijob001_04_pristine (static: false)  @mrxlayermanager:375
[16:29:20.685] [lua] true	Unable to load layer vz_state_chijob001_04_pristine  @mrxlayermanager:403
[16:29:20.695] [lua] Request fulfilled: Load layer vz_state_oiljob008_b_destroyed (static: nil)  @mrxlayermanager:446
[16:29:20.705] [lua] Layer request 2: 221 of 238 complete  @mrxlayermanager:479
[16:29:20.714] [lua] Culling op for layer vz_state_oiljob008_b_destroyed!  @mrxlayermanager:318
[16:29:20.723] [lua] (nPendingOps = 26)  @mrxlayermanager:324
[16:29:20.732] [lua] Loading vz_mar_altagracia (static: true)  @mrxlayermanager:375
[16:29:20.743] [lua] true	Unable to load layer vz_mar_altagracia  @mrxlayermanager:403
[16:29:20.753] [lua] Request fulfilled: Load layer vz_cumana_foilage (static: nil)  @mrxlayermanager:446
[16:29:20.762] [lua] Layer request 1: 162 of 170 complete  @mrxlayermanager:479
[16:29:20.771] [lua] Culling op for layer vz_cumana_foilage!  @mrxlayermanager:318
[16:29:20.780] [lua] (nPendingOps = 25)  @mrxlayermanager:324
[16:29:20.789] [lua] Loading vz_state_alljob005_03_destroyed (static: false)  @mrxlayermanager:375
[16:29:20.799] [lua] true	Unable to load layer vz_state_alljob005_03_destroyed  @mrxlayermanager:403
[16:29:20.809] [lua] Request fulfilled: Load layer vz_mar_altagracia (static: nil)  @mrxlayermanager:446
[16:29:20.818] [lua] Layer request 1: 163 of 170 complete  @mrxlayermanager:479
[16:29:20.828] [lua] Culling op for layer vz_mar_altagracia!  @mrxlayermanager:318
[16:29:20.837] [lua] (nPendingOps = 24)  @mrxlayermanager:324
[16:29:20.846] [lua] Loading vz_chi_job002_c (static: true)  @mrxlayermanager:375
[16:29:20.857] [lua] true	Unable to load layer vz_chi_job002_c  @mrxlayermanager:403
[16:29:20.867] [lua] Request fulfilled: Load layer vz_state_vzacon001_pregate2 (static: nil)  @mrxlayermanager:446
[16:29:20.877] [lua] Layer request 2: 222 of 238 complete  @mrxlayermanager:479
[16:29:20.891] [lua] Culling op for layer vz_state_vzacon001_pregate2!  @mrxlayermanager:318
[16:29:20.900] [lua] (nPendingOps = 23)  @mrxlayermanager:324
[16:29:20.910] [lua] Loading vz_start_location (static: true)  @mrxlayermanager:375
[16:29:20.918] [lua] true	Unable to load layer vz_start_location  @mrxlayermanager:403
[16:29:20.930] [lua] Request fulfilled: Load layer vz_chi_job002_c (static: nil)  @mrxlayermanager:446
[16:29:20.939] [lua] Layer request 1: 164 of 170 complete  @mrxlayermanager:479
[16:29:20.950] [lua] Culling op for layer vz_chi_job002_c!  @mrxlayermanager:318
[16:29:20.959] [lua] (nPendingOps = 22)  @mrxlayermanager:324
[16:29:20.969] [lua] Loading vz_state_gurjob006 (static: false)  @mrxlayermanager:375
[16:29:20.978] [lua] true	Unable to load layer vz_state_gurjob006  @mrxlayermanager:403
[16:29:20.987] [lua] Request fulfilled: Load layer vz_start_location (static: nil)  @mrxlayermanager:446
[16:29:20.997] [lua] Layer request 1: 165 of 170 complete  @mrxlayermanager:479
[16:29:21.008] [lua] Culling op for layer vz_start_location!  @mrxlayermanager:318
[16:29:21.017] [lua] (nPendingOps = 21)  @mrxlayermanager:324
[16:29:21.027] [lua] Loading vz_chi_job006_e (static: true)  @mrxlayermanager:375
[16:29:21.036] [lua] true	Unable to load layer vz_chi_job006_e  @mrxlayermanager:403
[16:29:21.045] [lua] Request fulfilled: Load layer vz_state_gurjob007_02_destroyed (static: nil)  @mrxlayermanager:446
[16:29:21.055] [lua] Layer request 2: 223 of 238 complete  @mrxlayermanager:479
[16:29:21.064] [lua] Culling op for layer vz_state_gurjob007_02_destroyed!  @mrxlayermanager:318
[16:29:21.074] [lua] (nPendingOps = 20)  @mrxlayermanager:324
[16:29:21.083] [lua] Loading vz_state_gurjob011_06_destroyed (static: false)  @mrxlayermanager:375
[16:29:21.092] [lua] true	Unable to load layer vz_state_gurjob011_06_destroyed  @mrxlayermanager:403
[16:29:21.104] [lua] Request fulfilled: Load layer vz_state_alljob005_03_destroyed (static: nil)  @mrxlayermanager:446
[16:29:21.118] [lua] Layer request 2: 224 of 238 complete  @mrxlayermanager:479
[16:29:21.128] [lua] Culling op for layer vz_state_alljob005_03_destroyed!  @mrxlayermanager:318
[16:29:21.138] [lua] (nPendingOps = 19)  @mrxlayermanager:324
[16:29:21.147] [lua] Loading vz_state_mar_altagracia_act2 (static: false)  @mrxlayermanager:375
[16:29:21.156] [lua] true	Unable to load layer vz_state_mar_altagracia_act2  @mrxlayermanager:403
[16:29:21.166] [lua] Request fulfilled: Load layer vz_chi_job006_e (static: nil)  @mrxlayermanager:446
[16:29:21.175] [lua] Layer request 1: 166 of 170 complete  @mrxlayermanager:479
[16:29:21.185] [lua] Culling op for layer vz_chi_job006_e!  @mrxlayermanager:318
[16:29:21.196] [lua] (nPendingOps = 18)  @mrxlayermanager:324
[16:29:21.205] [lua] Loading vz_state_oiljob012_02_staging (static: false)  @mrxlayermanager:375
[16:29:21.214] [lua] true	Unable to load layer vz_state_oiljob012_02_staging  @mrxlayermanager:403
[16:29:21.227] [lua] Request fulfilled: Load layer vz_state_car_city_act2chi_staging (static: nil)  @mrxlayermanager:446
[16:29:21.235] [lua] Layer request 2: 225 of 238 complete  @mrxlayermanager:479
[16:29:21.246] [lua] Culling op for layer vz_state_car_city_act2chi_staging!  @mrxlayermanager:318
[16:29:21.255] [lua] (nPendingOps = 17)  @mrxlayermanager:324
[16:29:21.265] [lua] Loading vz_state_gurjob011_01_destroyed (static: false)  @mrxlayermanager:375
[16:29:21.276] [lua] true	Unable to load layer vz_state_gurjob011_01_destroyed  @mrxlayermanager:403
[16:29:21.288] [lua] Request fulfilled: Load layer vz_state_mar_big_lineregion (static: nil)  @mrxlayermanager:446
[16:29:21.298] [lua] Layer request 2: 226 of 238 complete  @mrxlayermanager:479
[16:29:21.310] [lua] Culling op for layer vz_state_mar_big_lineregion!  @mrxlayermanager:318
[16:29:21.318] [lua] (nPendingOps = 16)  @mrxlayermanager:324
[16:29:21.328] [lua] Loading vz_state_pirjob012_06_pristine (static: false)  @mrxlayermanager:375
[16:29:21.338] [lua] true	Unable to load layer vz_state_pirjob012_06_pristine  @mrxlayermanager:403
[16:29:21.349] [lua] Request fulfilled: Load layer vz_state_pirjob012_07_pristine (static: nil)  @mrxlayermanager:446
[16:29:21.359] [lua] Layer request 2: 227 of 238 complete  @mrxlayermanager:479
[16:29:21.369] [lua] Culling op for layer vz_state_pirjob012_07_pristine!  @mrxlayermanager:318
[16:29:21.378] [lua] (nPendingOps = 15)  @mrxlayermanager:324
[16:29:21.392] [lua] Loading vz_pir_job012_a (static: true)  @mrxlayermanager:375
[16:29:21.402] [lua] true	Unable to load layer vz_pir_job012_a  @mrxlayermanager:403
[16:29:21.413] [lua] Request fulfilled: Load layer vz_pir_job012_a (static: nil)  @mrxlayermanager:446
[16:29:21.423] [lua] Layer request 1: 167 of 170 complete  @mrxlayermanager:479
[16:29:21.433] [lua] Culling op for layer vz_pir_job012_a!  @mrxlayermanager:318
[16:29:21.442] [lua] (nPendingOps = 14)  @mrxlayermanager:324
[16:29:21.451] [lua] Loading vz_state_chijob006_c_destroyed (static: false)  @mrxlayermanager:375
[16:29:21.461] [lua] true	Unable to load layer vz_state_chijob006_c_destroyed  @mrxlayermanager:403
[16:29:21.470] [lua] Request fulfilled: Load layer vz_state_gurjob011_07_destroyed (static: nil)  @mrxlayermanager:446
[16:29:21.480] [lua] Layer request 2: 228 of 238 complete  @mrxlayermanager:479
[16:29:21.490] [lua] Culling op for layer vz_state_gurjob011_07_destroyed!  @mrxlayermanager:318
[16:29:21.499] [lua] (nPendingOps = 13)  @mrxlayermanager:324
[16:29:21.508] [lua] Loading vz_cum_city (static: true)  @mrxlayermanager:375
[16:29:21.517] [lua] true	Unable to load layer vz_cum_city  @mrxlayermanager:403
[16:29:21.528] [lua] Request fulfilled: Load layer vz_state_gurjob008_01_pristine (static: nil)  @mrxlayermanager:446
[16:29:21.537] [lua] Layer request 2: 229 of 238 complete  @mrxlayermanager:479
[16:29:21.546] [lua] Culling op for layer vz_state_gurjob008_01_pristine!  @mrxlayermanager:318
[16:29:21.555] [lua] (nPendingOps = 12)  @mrxlayermanager:324
[16:29:21.564] [lua] Loading vz_state_pirjob012_08_pristine (static: false)  @mrxlayermanager:375
[16:29:21.573] [lua] true	Unable to load layer vz_state_pirjob012_08_pristine  @mrxlayermanager:403
[16:29:21.582] [lua] Request fulfilled: Load layer vz_cum_city (static: nil)  @mrxlayermanager:446
[16:29:21.592] [lua] Layer request 1: 168 of 170 complete  @mrxlayermanager:479
[16:29:21.601] [lua] Culling op for layer vz_cum_city!  @mrxlayermanager:318
[16:29:21.610] [lua] (nPendingOps = 11)  @mrxlayermanager:324
[16:29:21.619] [lua] Loading vz_gur_base (static: true)  @mrxlayermanager:375
[16:29:21.629] [lua] true	Unable to load layer vz_gur_base  @mrxlayermanager:403
[16:29:21.640] [lua] Request fulfilled: Load layer vz_gur_base (static: nil)  @mrxlayermanager:446
[16:29:21.649] [lua] Layer request 1: 169 of 170 complete  @mrxlayermanager:479
[16:29:21.658] [lua] Culling op for layer vz_gur_base!  @mrxlayermanager:318
[16:29:21.668] [lua] (nPendingOps = 10)  @mrxlayermanager:324
[16:29:21.677] [lua] Loading vz_teleporter (static: true)  @mrxlayermanager:375
[16:29:21.686] [lua] true	Unable to load layer vz_teleporter  @mrxlayermanager:403
[16:29:21.696] [lua] Request fulfilled: Load layer vz_state_chijob001_04_pristine (static: nil)  @mrxlayermanager:446
[16:29:21.705] [lua] Layer request 2: 230 of 238 complete  @mrxlayermanager:479
[16:29:21.715] [lua] Culling op for layer vz_state_chijob001_04_pristine!  @mrxlayermanager:318
[16:29:21.724] [lua] (nPendingOps = 9)  @mrxlayermanager:324
[16:29:21.736] [lua] Request fulfilled: Load layer vz_teleporter (static: nil)  @mrxlayermanager:446
[16:29:21.746] [lua] Layer request 1: 170 of 170 complete  @mrxlayermanager:479
[16:29:21.756] [lua] Layer request 1 completed!  @mrxlayermanager:482
[16:29:21.765] [lua] Culling op for layer vz_teleporter!  @mrxlayermanager:318
[16:29:21.774] [lua] (nPendingOps = 8)  @mrxlayermanager:324
[16:29:21.783] [lua] registering player callbacks  @mrxplayer:175
[16:29:21.793] [lua] Request fulfilled: Load layer vz_state_oiljob012_02_staging (static: nil)  @mrxlayermanager:446
[16:29:21.803] [lua] Layer request 2: 231 of 238 complete  @mrxlayermanager:479
[16:29:21.812] [lua] Culling op for layer vz_state_oiljob012_02_staging!  @mrxlayermanager:318
[16:29:21.826] [lua] (nPendingOps = 7)  @mrxlayermanager:324
[16:29:21.837] [lua] Request fulfilled: Load layer vz_state_pirjob012_06_pristine (static: nil)  @mrxlayermanager:446
[16:29:21.846] [lua] Layer request 2: 232 of 238 complete  @mrxlayermanager:479
[16:29:21.856] [lua] Culling op for layer vz_state_pirjob012_06_pristine!  @mrxlayermanager:318
[16:29:21.865] [lua] (nPendingOps = 6)  @mrxlayermanager:324
[16:29:21.876] [lua] Request fulfilled: Load layer vz_state_chijob006_c_destroyed (static: nil)  @mrxlayermanager:446
[16:29:21.890] [lua] Layer request 2: 233 of 238 complete  @mrxlayermanager:479
[16:29:21.900] [lua] Culling op for layer vz_state_chijob006_c_destroyed!  @mrxlayermanager:318
[16:29:21.910] [lua] (nPendingOps = 5)  @mrxlayermanager:324
[16:29:21.920] [lua] Request fulfilled: Load layer vz_state_mar_altagracia_act2 (static: nil)  @mrxlayermanager:446
[16:29:21.931] [lua] Layer request 2: 234 of 238 complete  @mrxlayermanager:479
[16:29:21.940] [lua] Culling op for layer vz_state_mar_altagracia_act2!  @mrxlayermanager:318
[16:29:21.951] [lua] (nPendingOps = 4)  @mrxlayermanager:324
[16:29:21.963] [lua] Request fulfilled: Load layer vz_state_pirjob012_08_pristine (static: nil)  @mrxlayermanager:446
[16:29:21.971] [lua] Layer request 2: 235 of 238 complete  @mrxlayermanager:479
[16:29:21.981] [lua] Culling op for layer vz_state_pirjob012_08_pristine!  @mrxlayermanager:318
[16:29:21.990] [lua] (nPendingOps = 3)  @mrxlayermanager:324
[16:29:22.001] [lua] Request fulfilled: Load layer vz_state_gurjob011_06_destroyed (static: nil)  @mrxlayermanager:446
[16:29:22.010] [lua] Layer request 2: 236 of 238 complete  @mrxlayermanager:479
[16:29:22.018] [lua] Culling op for layer vz_state_gurjob011_06_destroyed!  @mrxlayermanager:318
[16:29:22.028] [lua] (nPendingOps = 2)  @mrxlayermanager:324
[16:29:22.039] [lua] Request fulfilled: Load layer vz_state_gurjob011_01_destroyed (static: nil)  @mrxlayermanager:446
[16:29:22.052] [lua] Layer request 2: 237 of 238 complete  @mrxlayermanager:479
[16:29:22.061] [lua] Culling op for layer vz_state_gurjob011_01_destroyed!  @mrxlayermanager:318
[16:29:22.071] [lua] (nPendingOps = 1)  @mrxlayermanager:324
[16:29:22.082] [lua] Request fulfilled: Load layer vz_state_gurjob006 (static: nil)  @mrxlayermanager:446
[16:29:22.093] [lua] Layer request 2: 238 of 238 complete  @mrxlayermanager:479
[16:29:22.102] [lua] Layer request 2 completed!  @mrxlayermanager:482
[16:29:22.112] [lua] Culling op for layer vz_state_gurjob006!  @mrxlayermanager:318
[16:29:22.121] [lua] (nPendingOps = 0)  @mrxlayermanager:324
[16:29:22.136] [lua] All layer operations processed and fulfilled...resetting asset request max to 16  @mrxlayermanager:330
[16:29:22.146] [lua] LUA: player joined as player 0, and is local true  @mrxplayer:245
[16:29:22.155] [lua] LUA: player joined as player 0, character mattias, costume pmc_hum_mattias_v4  @mrxplayer:257
[16:29:22.164] [lua] @@@@@@@@@@ MrxPlayer.CreatePlayerCharacter: id = 0: type = mattias: model = nil: location = Pmc_Entry1  @mrxplayer:821
[16:29:22.165] [world] >>> @@@@@@@@@@ MrxPlayer.CreatePlayerCharacter: id = 0: type = mattias: model = nil: location = Pmc_Entry1  @mrxplayer:821
[16:29:22.172] [lua] true  @mrxguimanager:23
[16:29:22.182] [lua] local player joined  @mrxbootstrap:97
[16:29:22.191] [lua] LUA: Net.IsClient() - false bLocalPlayer - true  @mrxplayer:320
[16:29:22.240] [lua] table:0x1F1ACE00  @mrxguibase:1353
[16:29:22.248] [lua] table:0x1F1AC9E0  @mrxguibase:1353
[16:29:22.257] [lua] table:0x1F1ABE60  @mrxguibase:1353
[16:29:22.265] [lua] table:0x1F1969C0  @mrxguibase:1353
[16:29:22.272] [lua] table:0x1F196520  @mrxguibase:1353
[16:29:22.281] [lua] table:0x1F196840  @mrxguibase:1353
[16:29:22.288] [lua] table:0x1F1966C0  @mrxguibase:1353
[16:29:22.296] [lua] table:0x1F195AC0  @mrxguibase:1353
[16:29:22.304] [lua] table:0x1F1959C0  @mrxguibase:1353
[16:29:22.311] [lua] table:0x1F1958A0  @mrxguibase:1353
[16:29:22.319] [lua] table:0x1F1952A0  @mrxguibase:1353
[16:29:22.327] [lua] table:0x1F1951A0  @mrxguibase:1353
[16:29:22.334] [lua] table:0x1F195080  @mrxguibase:1353
[16:29:22.342] [lua] table:0x1F194B00  @mrxguibase:1353
[16:29:22.350] [lua] table:0x1F194960  @mrxguibase:1353
[16:29:22.358] [lua] table:0x1F1941E0  @mrxguibase:1353
[16:29:22.365] [lua] table:0x1F1940E0  @mrxguibase:1353
[16:29:22.374] [lua] true  @mrxguimanager:482
[16:29:22.382] [lua] true  @mrxguimanager:490
[16:29:22.392] [lua] table:0x1F177540  @mrxguibase:1353
[16:29:22.399] [lua] table:0x1F177220  @mrxguibase:1353
[16:29:22.407] [lua] true  @mrxguimanager:482
[16:29:22.414] [lua] true  @mrxguimanager:502
[16:29:22.424] [lua] table:0x1F174BC0  @mrxguibase:1353
[16:29:22.431] [lua] table:0x1F174700  @mrxguibase:1353
[16:29:22.439] [lua] table:0x1F1745A0  @mrxguibase:1353
[16:29:22.447] [lua] table:0x1F174440  @mrxguibase:1353
[16:29:22.455] [lua] table:0x1F174840  @mrxguibase:1353
[16:29:22.463] [lua] table:0x1F1742E0  @mrxguibase:1353
[16:29:22.471] [lua] table:0x1F174700  @mrxguibase:1353
[16:29:22.479] [lua] table:0x1F1745A0  @mrxguibase:1353
[16:29:22.488] [lua] true  @mrxguimanager:482
[16:29:22.495] [lua] true  @mrxguimanager:496
[16:29:22.505] [lua] created player join event userdata: 00100029  @mrxguipda:2333
[16:29:22.513] [lua] true  @mrxguimanager:482
[16:29:22.520] [lua] true  @mrxguimanager:508
[16:29:22.528] [lua] true  @mrxguimanager:23
[16:29:22.537] [lua] gui loaded  @mrxbootstrap:83
[16:29:22.547] [lua] **********FACTION MOOD ACHIEVEMENT  @mrxachievements:270
[16:29:22.556] [lua] Disguise.Init function: 1F3FC340  @mrxfactionmanager:278
[16:29:22.567] [lua] FactionZone.Init function: 1F3FC320  @mrxfactionmanager:285
[16:29:22.577] [lua] CAN'T SET RELATION ... ATTITUDE IS NOT MUTABLE  @mrxfactionmanager:547
[16:29:22.586] [lua] ***********************  CivCasualtySetup function has been called  @mrxfactionmanager:883
[16:29:22.595] [lua] @@@@@@@@@@ MrxState.Enter: state STATE_WAITFORGAME (refcount=1)  @mrxstate:381
[16:29:22.595] [world] >>> @@@@@@@@@@ MrxState.Enter: state STATE_WAITFORGAME (refcount=1)  @mrxstate:381
[16:29:22.606] [lua] ###! GlobalEnter - Begin  @mrxstate:172
[16:29:22.606] [world] >>> ###! GlobalEnter - Begin  @mrxstate:172
[16:29:22.615] [lua] table:0x1F1ABAC0  @mrxguibase:1353
[16:29:22.622] [lua] table:0x1F1ABD00  @mrxguibase:1353
[16:29:22.630] [lua] table:0x1F1ABE60  @mrxguibase:1353
[16:29:22.637] [lua] table:0x1F1AC3C0  @mrxguibase:1353
[16:29:22.645] [lua] table:0x1F1AC5E0  @mrxguibase:1353
[16:29:22.653] [lua] table:0x1F1ACB80  @mrxguibase:1353
[16:29:22.661] [lua] table:0x1F1AD140  @mrxguibase:1353
[16:29:22.668] [lua] table:0x1F1ACE00  @mrxguibase:1353
[16:29:23.695] [lua] BLACKSCREEN - FadeFromColor called from hero.EndSurvivalMode  @hero:396
[16:29:23.705] [lua] Atmosphere: default VZ settings  @wifvzatmosphere:26
[16:29:23.718] [lua] afternoon  @wifvzatmosphere:29
[16:29:23.728] [lua] Re-enabling all DBs--you have exited Caracas (or you're not there)  @wifvzregionnames:77
[16:29:23.738] [lua] ***************Staging Act One is GO GO GO  @stagingact1:2
[16:29:23.738] [world] >>> ***************Staging Act One is GO GO GO  @stagingact1:2
[16:29:23.749] [lua] @@@@@@@@@@ WifVzBoundary.RemoveWorldBoundary (_sBoundaryName=nil)  @wifvzboundary:129
[16:29:23.758] [lua] Spawned _pmcoutpost_bld_fueldepot at PMC Fuel Tank 5 (userdata: 40005A95)  @mrxpmc:651
[16:29:23.768] [lua] Spawned _pmcoutpost_bld_fueldepot at PMC Fuel Tank 7 (userdata: 40005A9A)  @mrxpmc:651
[16:29:23.778] [lua] Spawned _pmcoutpost_bld_fueldepot at PMC Fuel Tank 9 (userdata: 40005A9F)  @mrxpmc:651
[16:29:23.787] [lua] Spawned _pmcoutpost_bld_fueldepot at PMC Fuel Tank 3 (userdata: 40005AA4)  @mrxpmc:651
[16:29:23.797] [lua] Spawned _pmcoutpost_bld_fueldepot at PMC Fuel Tank 11 (userdata: 40005AA9)  @mrxpmc:651
[16:29:23.806] [lua] Spawned _pmcoutpost_bld_fueldepot at PMC Fuel Tank 10 (userdata: 40005AAE)  @mrxpmc:651
[16:29:23.816] [lua] Spawned _pmcoutpost_bld_fueldepot at PMC Fuel Tank 1 (userdata: 40005AB3)  @mrxpmc:651
[16:29:23.826] [lua] Spawned _pmcoutpost_bld_fueldepot at PMC Fuel Tank 13 (userdata: 40005AB8)  @mrxpmc:651
[16:29:23.836] [lua] Spawned _pmcoutpost_bld_fueldepot at PMC Fuel Tank 12 (userdata: 40005ABD)  @mrxpmc:651
[16:29:23.845] [lua] Spawned _pmcoutpost_bld_fueldepot at PMC Fuel Tank 14 (userdata: 40005AC2)  @mrxpmc:651
[16:29:23.855] [lua] Spawned _pmcoutpost_bld_fueldepot at PMC Fuel Tank 6 (userdata: 40005AC7)  @mrxpmc:651
[16:29:23.863] [lua] table:0x1EFE4160  @mrxguibase:1353
[16:29:23.871] [lua] table:0x1EFE4060  @mrxguibase:1353
[16:29:23.879] [lua] table:0x1EFE3C80  @mrxguibase:1353
[16:29:23.887] [lua] table:0x1EFE2E40  @mrxguibase:1353
[16:29:23.896] [lua] table:0x1EFE2D40  @mrxguibase:1353
[16:29:23.905] [lua] table:0x1EFE2960  @mrxguibase:1353
[16:29:23.913] [lua] table:0x1EFE1B80  @mrxguibase:1353
[16:29:23.922] [lua] table:0x1EFE1A80  @mrxguibase:1353
[16:29:23.933] [lua] table:0x1EFE17A0  @mrxguibase:1353
[16:29:23.946] [lua] table:0x1EFE0920  @mrxguibase:1353
[16:29:23.961] [lua] table:0x1EFE0820  @mrxguibase:1353
[16:29:23.968] [lua] table:0x1F157E40  @mrxguibase:1353
[16:29:23.977] [lua] table:0x1EFE0280  @mrxguibase:1353
[16:29:23.984] [lua] table:0x1EFE0180  @mrxguibase:1353
[16:29:23.992] [lua] table:0x1EFA7E20  @mrxguibase:1353
[16:29:24.000] [lua] table:0x1EFE4160  @mrxguibase:1353
[16:29:24.008] [lua] table:0x1EFE4060  @mrxguibase:1353
[16:29:24.017] [lua] CAN'T SET RELATION ... ATTITUDE IS NOT MUTABLE  @mrxfactionmanager:547
[16:29:24.025] [lua] table:0x1EFE2E40  @mrxguibase:1353
[16:29:24.032] [lua] table:0x1EFE2D40  @mrxguibase:1353
[16:29:24.039] [lua] table:0x1EFE1B80  @mrxguibase:1353
[16:29:24.048] [lua] table:0x1EFE1A80  @mrxguibase:1353
[16:29:24.056] [lua] table:0x1EFE0920  @mrxguibase:1353
[16:29:24.063] [lua] table:0x1EFE0820  @mrxguibase:1353
[16:29:24.072] [lua] CAN'T SET RELATION ... ATTITUDE IS NOT MUTABLE  @mrxfactionmanager:547
[16:29:24.080] [lua] table:0x1EFE0280  @mrxguibase:1353
[16:29:24.088] [lua] table:0x1EFE0180  @mrxguibase:1353
[16:29:24.097] [lua] Adding attitude events for All  @mrxtransit:563
[16:29:24.107] [lua] Adding attitude events for Chi  @mrxtransit:563
[16:29:24.117] [lua] Adding attitude events for Civ  @mrxtransit:563
[16:29:24.126] [lua] Adding attitude events for Gur  @mrxtransit:563
[16:29:24.135] [lua] Adding attitude events for Oil  @mrxtransit:563
[16:29:24.145] [lua] Adding attitude events for Pir  @mrxtransit:563
[16:29:24.154] [lua] Adding attitude events for Pmc  @mrxtransit:563
[16:29:24.165] [lua] Adding attitude events for Vza  @mrxtransit:563
[16:29:24.174] [lua] SetSystemEnabled( true, nil, nil  @mrxtransit:418
[16:29:24.184] [lua] sending NETEVENT_CLIENTTRANSIT  @mrxtransit:464
[16:29:24.193] [lua] 2  @mrxfactionmanager:505
[16:29:24.202] [lua] Landing zone 28 affiliated with Pir (nil)  @mrxtransit:669
[16:29:24.210] [lua] 2  @mrxfactionmanager:505
[16:29:24.218] [lua] Landing zone 2 affiliated with Oil (nil)  @mrxtransit:669
[16:29:24.226] [lua] 2  @mrxfactionmanager:505
[16:29:24.235] [lua] Landing zone 3 affiliated with Oil (nil)  @mrxtransit:669
[16:29:24.244] [lua] 2  @mrxfactionmanager:505
[16:29:24.254] [lua] Landing zone 4 affiliated with Gur (nil)  @mrxtransit:669
[16:29:24.262] [lua] 2  @mrxfactionmanager:505
[16:29:24.271] [lua] Landing zone 17 affiliated with Gur (nil)  @mrxtransit:669
[16:29:24.278] [lua] 2  @mrxfactionmanager:505
[16:29:24.289] [lua] Landing zone 5 affiliated with Gur (nil)  @mrxtransit:669
[16:29:24.297] [lua] 2  @mrxfactionmanager:505
[16:29:24.306] [lua] Landing zone 21 affiliated with All (nil)  @mrxtransit:669
[16:29:24.314] [lua] 2  @mrxfactionmanager:505
[16:29:24.323] [lua] Landing zone 25 affiliated with Chi (nil)  @mrxtransit:669
[16:29:24.332] [lua] 2  @mrxfactionmanager:505
[16:29:24.341] [lua] Landing zone 7 affiliated with All (nil)  @mrxtransit:669
[16:29:24.349] [lua] 2  @mrxfactionmanager:505
[16:29:24.358] [lua] Landing zone 29 affiliated with Oil (nil)  @mrxtransit:669
[16:29:24.366] [lua] 2  @mrxfactionmanager:505
[16:29:24.375] [lua] Landing zone 8 affiliated with Pir (nil)  @mrxtransit:669
[16:29:24.383] [lua] 2  @mrxfactionmanager:505
[16:29:24.392] [lua] Landing zone 12 affiliated with Chi (nil)  @mrxtransit:669
[16:29:24.400] [lua] 2  @mrxfactionmanager:505
[16:29:24.408] [lua] Landing zone 30 affiliated with Chi (nil)  @mrxtransit:669
[16:29:24.417] [lua] 2  @mrxfactionmanager:505
[16:29:24.427] [lua] Landing zone 27 affiliated with Pir (nil)  @mrxtransit:669
[16:29:24.434] [lua] 2  @mrxfactionmanager:505
[16:29:24.444] [lua] Landing zone 1 affiliated with Pmc (nil)  @mrxtransit:669
[16:29:24.451] [lua] 2  @mrxfactionmanager:505
[16:29:24.461] [lua] Landing zone 16 affiliated with Oil (nil)  @mrxtransit:669
[16:29:24.469] [lua] 2  @mrxfactionmanager:505
[16:29:24.478] [lua] Landing zone 18 affiliated with Gur (nil)  @mrxtransit:669
[16:29:24.486] [lua] 2  @mrxfactionmanager:505
[16:29:24.497] [lua] Landing zone 20 affiliated with All (nil)  @mrxtransit:669
[16:29:24.505] [lua] 2  @mrxfactionmanager:505
[16:29:24.514] [lua] Landing zone 22 affiliated with All (nil)  @mrxtransit:669
[16:29:24.522] [lua] 2  @mrxfactionmanager:505
[16:29:24.533] [lua] Landing zone 24 affiliated with Chi (nil)  @mrxtransit:669
[16:29:24.541] [lua] 2  @mrxfactionmanager:505
[16:29:24.552] [lua] Landing zone 23 affiliated with Chi (nil)  @mrxtransit:669
[16:29:24.560] [lua] 2  @mrxfactionmanager:505
[16:29:24.570] [lua] Landing zone 15 affiliated with Oil (nil)  @mrxtransit:669
[16:29:24.580] [lua] Pmc Building 1 (userdata: 000D3C77) has been ressurected!  @wifpmcinterior:2911
[16:29:24.590] [lua] Pmc Building 2 (userdata: 000D3C78) has been ressurected!  @wifpmcinterior:2911
[16:29:24.604] [lua] Pmc Building 3 (userdata: 000CF8C2) has been ressurected!  @wifpmcinterior:2911
[16:29:24.614] [lua] 1  @mrxfactionmanager:505
[16:29:24.622] [lua] 1  @mrxfactionmanager:505
[16:29:24.634] [lua] Loading Mission State....  @vz:1443
[16:29:24.643] [lua] *** Loading layers from task system activation  @vz:1447
[16:29:24.651] [lua] 0  @mrxtask:440
[16:29:24.660] [lua] 0  @mrxtask:440
[16:29:24.667] [lua] 0  @mrxtask:440
[16:29:24.675] [lua] true  @mrxtask:291
[16:29:24.683] [lua] 0  @mrxtask:440
[16:29:24.691] [lua] 0  @mrxtask:440
[16:29:24.698] [lua] true  @mrxtask:291
[16:29:24.710] [lua] active  @mrxtaskstate:32
[16:29:24.719] [lua] _SetState "Missions" active  @mrxtask:299
[16:29:24.727] [lua] 1  @mrxtask:440
[16:29:24.734] [lua] 1  @mrxtask:440
[16:29:24.742] [lua] 1  @mrxtask:440
[16:29:24.750] [lua] 1  @mrxtask:440
[16:29:24.758] [lua] 1  @mrxtask:440
[16:29:24.766] [lua] 1  @mrxtask:440
[16:29:24.775] [lua] @@@@@@@@@@ MrxMissionFlow.Reset: resetting refresh callback  @mrxmissionflow:54
[16:29:24.785] [lua] Setting flow data (67 bindings)  @mrxmissionflow:154
[16:29:24.785] [world] >>> Setting flow data (67 bindings)  @mrxmissionflow:154
[16:29:24.796] [lua] @@@@@@@@@@ MrxState.Enter: state STATE_WAITFORSTREAMING (refcount=1)  @mrxstate:381
[16:29:24.796] [world] >>> @@@@@@@@@@ MrxState.Enter: state STATE_WAITFORSTREAMING (refcount=1)  @mrxstate:381
[16:29:24.807] [lua] ###! GlobalEnter - Complete  @mrxstate:432
[16:29:24.807] [world] >>> ###! GlobalEnter - Complete  @mrxstate:432
[16:29:24.817] [lua] @@@@@@@@@@ MrxState._StateComplete:  state STATE_WAITFORGAME, about to _AttemptGlobalExit  @mrxstate:325
[16:29:24.817] [world] >>> @@@@@@@@@@ MrxState._StateComplete:  state STATE_WAITFORGAME, about to _AttemptGlobalExit  @mrxstate:325
[16:29:24.826] [lua] @@@@@@@@@@ MrxState._AttemptGlobalExit  @mrxstate:495
[16:29:24.835] [lua] @@@@@@@@@@ MrxState._AttemptGlobalExit:  state STATE_WAITFORSTREAMING still active .. (refcount=1,bLocked=true)  @mrxstate:512
[16:29:24.835] [world] >>> @@@@@@@@@@ MrxState._AttemptGlobalExit:  state STATE_WAITFORSTREAMING still active .. (refcount=1,bLocked=true)  @mrxstate:512
[16:29:24.844] [lua] ###! GlobalEnter - Complete  @mrxstate:432
[16:29:24.844] [world] >>> ###! GlobalEnter - Complete  @mrxstate:432
[16:29:24.859] [lua] 2  @mrxfactionmanager:505
[16:29:24.866] [lua] 2  @mrxfactionmanager:505
[16:29:24.874] [lua] 2  @mrxfactionmanager:505
[16:29:24.882] [lua] 2  @mrxfactionmanager:505
[16:29:24.889] [lua] 2  @mrxfactionmanager:505
[16:29:26.518] [lua] +++++++++++++++++++++++++++ Transfer Activate  @hero:538
[16:29:26.528] [lua] Equipment 4 - Parent userdata: 80002331  @mrxplayer:1058
[16:29:26.537] [lua] Equipment 2 - Parent userdata: 8000569E  @mrxplayer:1058
[16:29:26.550] [lua] Equipment 1 - Parent userdata: 80006ED0  @mrxplayer:1058
[16:29:26.559] [lua] Equipment 3 - Parent userdata: 80005FD3  @mrxplayer:1058
[16:29:26.574] [lua] New Equipment 1 - Parent userdata: 80006ED0 Guid userdata: 40005BCC  @mrxplayer:1065
[16:29:26.585] [lua] New Equipment 2 - Parent userdata: 8000569E Guid userdata: 40005BCD  @mrxplayer:1065
[16:29:26.595] [lua] New Equipment 3 - Parent userdata: 80005FD3 Guid userdata: 40005BCF  @mrxplayer:1065
[16:29:26.604] [lua] New Equipment 4 - Parent userdata: 80002331 Guid userdata: 40005BD0  @mrxplayer:1065
[16:29:26.612] [lua] table:0x1F1AB500  @mrxguibase:1353
[16:29:26.620] [lua] table:0x1F1ABD00  @mrxguibase:1353
[16:29:26.629] [lua] table:0x1F1ABE60  @mrxguibase:1353
[16:29:26.637] [lua] table:0x1ED479A0  @mrxguibase:1353
[16:29:26.645] [lua] table:0x1F1AC5E0  @mrxguibase:1353
[16:29:26.653] [lua] table:0x1F1AD140  @mrxguibase:1353
[16:29:26.662] [lua] BLACKSCREEN - FadeFromColor called from hero.CleanupSurvival  @hero:325
[16:29:26.676] [lua] +++++++++++++++++++++++++++ Transfer Cleanup  @hero:566
[16:29:27.091] [lua] +++++++++++++++++++++++++++ Transfer Activate  @hero:538
[16:29:27.100] [lua] table:0x1F1ABD00  @mrxguibase:1353
[16:29:27.108] [lua] table:0x1ED479A0  @mrxguibase:1353
[16:29:27.116] [lua] table:0x1F1AC5E0  @mrxguibase:1353
[16:29:27.422] [lua] @@@@@@@@@@ MrxState._StateComplete:  state STATE_WAITFORSTREAMING, about to _AttemptGlobalExit  @mrxstate:325
[16:29:27.423] [world] >>> @@@@@@@@@@ MrxState._StateComplete:  state STATE_WAITFORSTREAMING, about to _AttemptGlobalExit  @mrxstate:325
[16:29:27.433] [lua] @@@@@@@@@@ MrxState.Exit: state STATE_WAITFORSTREAMING (refcount=0)  @mrxstate:476
[16:29:27.433] [world] >>> @@@@@@@@@@ MrxState.Exit: state STATE_WAITFORSTREAMING (refcount=0)  @mrxstate:476
[16:29:27.445] [lua] @@@@@@@@@@ MrxState._AttemptGlobalExit  @mrxstate:495
[16:29:27.456] [lua] @@@@@@@@@@ MrxState._AttemptGlobalExit:  state STATE_WAITFORGAME still active .. (refcount=1,bLocked=false)  @mrxstate:512
[16:29:27.456] [world] >>> @@@@@@@@@@ MrxState._AttemptGlobalExit:  state STATE_WAITFORGAME still active .. (refcount=1,bLocked=false)  @mrxstate:512
[16:29:27.467] [lua] Culling 63 bindings....  @mrxmissionflow:1068
[16:29:27.481] [lua] Culling binding "AllOutposts"  @mrxmissionflow:1079
[16:29:27.495] [lua] Culling binding "PmcCon031_x3"  @mrxmissionflow:1079
[16:29:27.505] [lua] Culling binding "OilCon050"  @mrxmissionflow:1079
[16:29:27.518] [lua] Culling binding "GurCon002"  @mrxmissionflow:1079
[16:29:27.528] [lua] Culling binding "AllCon001"  @mrxmissionflow:1079
[16:29:27.538] [lua] Culling binding "PmcCon002_JetIntro"  @mrxmissionflow:1079
[16:29:27.548] [lua] Culling binding "PrOutposts"  @mrxmissionflow:1079
[16:29:27.558] [lua] Culling binding "AllChiIntro"  @mrxmissionflow:1079
[16:29:27.569] [lua] Culling binding "PmcCon002_JetCon001"  @mrxmissionflow:1079
[16:29:27.580] [lua] Culling binding "GurOutposts"  @mrxmissionflow:1079
[16:29:27.591] [lua] Culling binding "JetIntro"  @mrxmissionflow:1079
[16:29:27.602] [lua] Culling binding "PmcCon032_x3"  @mrxmissionflow:1079
[16:29:27.615] [lua] Culling binding "PmcCon003"  @mrxmissionflow:1079
[16:29:27.626] [lua] Culling binding "PirIntro"  @mrxmissionflow:1079
[16:29:27.636] [lua] Culling binding "Start"  @mrxmissionflow:1079
[16:29:27.646] [lua] Culling binding "JetCon001"  @mrxmissionflow:1079
[16:29:27.657] [lua] Culling binding "OilCon002"  @mrxmissionflow:1079
[16:29:27.667] [lua] Culling binding "PirJob012"  @mrxmissionflow:1079
[16:29:27.678] [lua] Culling binding "GurJob002"  @mrxmissionflow:1079
[16:29:27.688] [lua] Culling binding "GurIntro"  @mrxmissionflow:1079
[16:29:27.700] [lua] Culling binding "OilCon051"  @mrxmissionflow:1079
[16:29:27.710] [lua] Culling binding "OilJob011"  @mrxmissionflow:1079
[16:29:27.720] [lua] Culling binding "OilCon052"  @mrxmissionflow:1079
[16:29:27.730] [lua] Culling binding "AllCon002"  @mrxmissionflow:1079
[16:29:27.740] [lua] Culling binding "PmcCon032"  @mrxmissionflow:1079
[16:29:27.751] [lua] Culling binding "OilCon001"  @mrxmissionflow:1079
[16:29:27.762] [lua] Culling binding "PmcCon031"  @mrxmissionflow:1079
[16:29:27.775] [lua] Culling binding "AllCon050_ChiCon050"  @mrxmissionflow:1079
[16:29:27.785] [lua] Culling binding "AllCon052"  @mrxmissionflow:1079
[16:29:27.801] [lua] Culling binding "OilOutposts"  @mrxmissionflow:1079
[16:29:27.811] [lua] Culling binding "OilCon021"  @mrxmissionflow:1079
[16:29:27.820] [lua] Culling binding "PmcCon033_x3"  @mrxmissionflow:1079
[16:29:27.830] [lua] Culling binding "GurCon053"  @mrxmissionflow:1079
[16:29:27.839] [lua] Culling binding "ChiJob002"  @mrxmissionflow:1079
[16:29:27.849] [lua] Culling binding "VzaCon001"  @mrxmissionflow:1079
[16:29:27.858] [lua] Culling binding "PmcCon001"  @mrxmissionflow:1079
[16:29:27.867] [lua] Culling binding "MecCon001"  @mrxmissionflow:1079
[16:29:27.877] [lua] Culling binding "AllCon053"  @mrxmissionflow:1079
[16:29:27.892] [lua] Culling binding "PmcCon002_MecIntro"  @mrxmissionflow:1079
[16:29:27.902] [lua] Culling binding "PmcCon002_MecCon001"  @mrxmissionflow:1079
[16:29:27.912] [lua] Culling binding "OilCon020"  @mrxmissionflow:1079
[16:29:27.921] [lua] Culling binding "PmcCon034_x3"  @mrxmissionflow:1079
[16:29:27.931] [lua] Culling binding "PmcCon002_NotMecIntro"  @mrxmissionflow:1079
[16:29:27.941] [lua] Culling binding "GurCon001"  @mrxmissionflow:1079
[16:29:27.951] [lua] Culling binding "PirCon051"  @mrxmissionflow:1079
[16:29:27.960] [lua] Culling binding "PirCon001"  @mrxmissionflow:1079
[16:29:27.970] [lua] Culling binding "GurCon052"  @mrxmissionflow:1079
[16:29:27.980] [lua] Culling binding "AllCon001_ChiCon001"  @mrxmissionflow:1079
[16:29:27.989] [lua] Culling binding "GurCon003"  @mrxmissionflow:1079
[16:29:27.999] [lua] Culling binding "ChiCon053"  @mrxmissionflow:1079
[16:29:28.010] [lua] Culling binding "ChiCon002"  @mrxmissionflow:1079
[16:29:28.020] [lua] Culling binding "PmcCon016"  @mrxmissionflow:1079
[16:29:28.030] [lua] Culling binding "ChiCon051"  @mrxmissionflow:1079
[16:29:28.040] [lua] Culling binding "ChiCon001"  @mrxmissionflow:1079
[16:29:28.049] [lua] Culling binding "PmcCon002"  @mrxmissionflow:1079
[16:29:28.058] [lua] Culling binding "ChiCon050"  @mrxmissionflow:1079
[16:29:28.068] [lua] Culling binding "PirCon052"  @mrxmissionflow:1079
[16:29:28.078] [lua] Culling binding "MecIntro"  @mrxmissionflow:1079
[16:29:28.086] [lua] Culling binding "AllJob002"  @mrxmissionflow:1079
[16:29:28.097] [lua] Culling binding "GurCon050"  @mrxmissionflow:1079
[16:29:28.106] [lua] Culling binding "AllCon050"  @mrxmissionflow:1079
[16:29:28.116] [lua] Culling binding "ChiOutposts"  @mrxmissionflow:1079
[16:29:28.125] [lua] Culling binding "OilCon001_GurCon001"  @mrxmissionflow:1079
[16:29:28.132] [lua] table:0x1EFA4300  @mrxmissionflow:169
[16:29:28.142] [lua] Unlocking mission ChiCon009  @mrxmissionflow:201
[16:29:28.150] [lua] 0  @mrxtask:440
[16:29:28.159] [lua] 0  @mrxtask:440
[16:29:28.168] [lua] Adding ChiCon009 as a child of Missions  @mrxtask:718
[16:29:28.176] [lua] true  @mrxtask:722
[16:29:28.185] [lua] 0  @mrxtask:440
[16:29:28.192] [lua] 0  @mrxtask:440
[16:29:28.202] [lua] Adding ChiCon009Mission as a child of ChiCon009  @mrxtask:718
[16:29:28.210] [lua] true  @mrxtask:722
[16:29:28.218] [lua] 0  @mrxtask:440
[16:29:28.226] [lua] true  @mrxtask:291
[16:29:28.234] [lua] 0  @mrxtask:440
[16:29:28.244] [lua] 0  @mrxtask:440
[16:29:28.254] [lua] Adding ChiCon009Briefing as a child of ChiCon009  @mrxtask:718
[16:29:28.262] [lua] true  @mrxtask:722
[16:29:28.270] [lua] 0  @mrxtask:440
[16:29:28.278] [lua] true  @mrxtask:291
[16:29:28.285] [lua] true  @mrxstarter:252
[16:29:28.295] [lua] Starter activated!  @mrxstarter:431
[16:29:28.305] [lua] HQ ChiOutpost4 could not be retrieved  @mrxhqmanager:28
[16:29:28.315] [lua] Attempting to unlock HQ ChiOutpost4  @mrxhqmanager:54
[16:29:28.324] [lua] Loading data for HQ ChiOutpost4  @mrxhqmanager:59
[16:29:28.333] [lua] HQ ChiOutpost4 setup complete  @mrxhqmanager:80
[16:29:28.343] [lua] @@@@@@@@@@ Disabling ChiOutpost4 portal  @mrxhq:599
[16:29:28.352] [lua] table:0x1F192CE0  @mrxguibase:1353
[16:29:28.360] [lua] table:0x1F192BE0  @mrxguibase:1353
[16:29:28.369] [lua] table:0x1F192AE0  @mrxguibase:1353
[16:29:28.379] [lua] ChiOutpost4 Respawn set to true  @mrxhqmanager:184
[16:29:28.388] [lua] Creating DeathEvent for ChiOutpost4(userdata: 000FDC44)  @mrxhqmanager:146
[16:29:28.398] [lua] Adding ChiStarter4 to HQ  @mrxhq:843
[16:29:28.406] [lua] 2  @mrxfactionmanager:505
[16:29:28.416] [lua] 2  @mrxfactionmanager:505
[16:29:28.425] [lua] @@@@@@@@@@ Enabling ChiOutpost4 portal  @mrxhq:597
[16:29:28.433] [lua] 2  @mrxfactionmanager:505
[16:29:28.443] [lua] 2  @mrxfactionmanager:505
[16:29:28.452] [lua] @@@@@@@@@@ Enabling ChiOutpost4 portal  @mrxhq:597
[16:29:28.460] [lua] 2  @mrxfactionmanager:505
[16:29:28.468] [lua] true  @mrxstarter:252
[16:29:28.476] [lua] 2  @mrxfactionmanager:505
[16:29:28.485] [lua] @@@@@@@@@@ Enabling ChiOutpost4 portal  @mrxhq:597
[16:29:28.493] [lua] 2  @mrxfactionmanager:505
[16:29:28.501] [lua] table:0x1EFA4300  @mrxmissionflow:169
[16:29:28.510] [lua] Unlocking mission ChiJob003  @mrxmissionflow:201
[16:29:28.518] [lua] 0  @mrxtask:440
[16:29:28.526] [lua] 0  @mrxtask:440
[16:29:28.536] [lua] Adding ChiJob003 as a child of Missions  @mrxtask:718
[16:29:28.544] [lua] true  @mrxtask:722
[16:29:28.553] [lua] 0  @mrxtask:440
[16:29:28.561] [lua] 0  @mrxtask:440
[16:29:28.571] [lua] Adding ChiJob003Mission as a child of ChiJob003  @mrxtask:718
[16:29:28.580] [lua] true  @mrxtask:722
[16:29:28.587] [lua] 0  @mrxtask:440
[16:29:28.595] [lua] true  @mrxtask:291
[16:29:28.603] [lua] 0  @mrxtask:440
[16:29:28.611] [lua] 0  @mrxtask:440
[16:29:28.621] [lua] Saving Missions.ChiCon009.ChiCon009Mission  @mrxtask:839
[16:29:28.629] [lua] 0  @mrxtask:440
[16:29:28.638] [lua] Equipment 1 - Parent userdata: 80006ED0 Reserve 4  @mrxplayer:1014
[16:29:28.648] [lua] Equipment 2 - Parent userdata: 8000569E Reserve 6  @mrxplayer:1014
[16:29:28.657] [lua] Equipment 3 - Parent userdata: 80005FD3 Reserve 244  @mrxplayer:1014
[16:29:28.667] [lua] Equipment 4 - Parent userdata: 80002331 Reserve 9  @mrxplayer:1014
[16:29:28.676] [lua] SaveSingleton VerifyManager  @mrxverifymanager:100
[16:29:28.687] [lua] @@@@@@@@@@ MrxState.Enter: state STATE_WAITFORSTREAMING (refcount=1)  @mrxstate:381
[16:29:28.688] [world] >>> @@@@@@@@@@ MrxState.Enter: state STATE_WAITFORSTREAMING (refcount=1)  @mrxstate:381
[16:29:28.700] [lua] 0  @mrxtask:440
[16:29:28.708] [lua] true  @mrxtask:291
[16:29:28.723] [lua] ###! GlobalEnter - Complete  @mrxstate:432
[16:29:28.723] [world] >>> ###! GlobalEnter - Complete  @mrxstate:432
[16:29:28.732] [lua] table:0x1EFA4300  @mrxmissionflow:169
[16:29:28.746] [lua] Unlocking mission PirCon004  @mrxmissionflow:201
[16:29:28.755] [lua] 0  @mrxtask:440
[16:29:28.763] [lua] 0  @mrxtask:440
[16:29:28.772] [lua] Adding PirCon004 as a child of Missions  @mrxtask:718
[16:29:28.781] [lua] true  @mrxtask:722
[16:29:28.788] [lua] 0  @mrxtask:440
[16:29:28.797] [lua] 0  @mrxtask:440
[16:29:28.806] [lua] Adding PirCon004Mission as a child of PirCon004  @mrxtask:718
[16:29:28.816] [lua] true  @mrxtask:722
[16:29:28.823] [lua] 0  @mrxtask:440
[16:29:28.831] [lua] true  @mrxtask:291
[16:29:28.838] [lua] 0  @mrxtask:440
[16:29:28.847] [lua] 0  @mrxtask:440
[16:29:28.856] [lua] Adding PirCon004Briefing as a child of PirCon004  @mrxtask:718
[16:29:28.863] [lua] true  @mrxtask:722
[16:29:28.871] [lua] 0  @mrxtask:440
[16:29:28.882] [lua] true  @mrxtask:291
[16:29:28.890] [lua] true  @mrxstarter:252
[16:29:28.900] [lua] Starter activated!  @mrxstarter:431
[16:29:28.908] [lua] HQ PirOutpost4 could not be retrieved  @mrxhqmanager:28
[16:29:28.918] [lua] Attempting to unlock HQ PirOutpost4  @mrxhqmanager:54
[16:29:28.929] [lua] Loading data for HQ PirOutpost4  @mrxhqmanager:59
[16:29:28.938] [lua] HQ PirOutpost4 setup complete  @mrxhqmanager:80
[16:29:28.948] [lua] @@@@@@@@@@ Disabling PirOutpost4 portal  @mrxhq:599
[16:29:28.957] [lua] PirOutpost4 Respawn set to true  @mrxhqmanager:184
[16:29:28.967] [lua] Creating DeathEvent for PirOutpost4(userdata: 000EB2F0)  @mrxhqmanager:146
[16:29:28.977] [lua] Adding PirStarter4 to HQ  @mrxhq:843
[16:29:28.986] [lua] 2  @mrxfactionmanager:505
[16:29:28.995] [lua] 2  @mrxfactionmanager:505
[16:29:29.005] [lua] @@@@@@@@@@ Enabling PirOutpost4 portal  @mrxhq:597
[16:29:29.013] [lua] 2  @mrxfactionmanager:505
[16:29:29.022] [lua] 2  @mrxfactionmanager:505
[16:29:29.033] [lua] @@@@@@@@@@ Enabling PirOutpost4 portal  @mrxhq:597
[16:29:29.041] [lua] 2  @mrxfactionmanager:505
[16:29:29.049] [lua] true  @mrxstarter:252
[16:29:29.057] [lua] 2  @mrxfactionmanager:505
[16:29:29.067] [lua] @@@@@@@@@@ Enabling PirOutpost4 portal  @mrxhq:597
[16:29:29.075] [lua] 2  @mrxfactionmanager:505
[16:29:29.083] [lua] table:0x1EFA4300  @mrxmissionflow:169
[16:29:29.094] [lua] Unlocking mission OilCon003  @mrxmissionflow:201
[16:29:29.102] [lua] 0  @mrxtask:440
[16:29:29.110] [lua] 0  @mrxtask:440
[16:29:29.118] [lua] Adding OilCon003 as a child of Missions  @mrxtask:718
[16:29:29.127] [lua] true  @mrxtask:722
[16:29:29.135] [lua] 0  @mrxtask:440
[16:29:29.143] [lua] 0  @mrxtask:440
[16:29:29.152] [lua] Adding OilCon003Mission as a child of OilCon003  @mrxtask:718
[16:29:29.160] [lua] true  @mrxtask:722
[16:29:29.168] [lua] 0  @mrxtask:440
[16:29:29.177] [lua] true  @mrxtask:291
[16:29:29.187] [lua] Shop - Generating Shop List...  @mrxshop:286
[16:29:29.197] [lua] Shop - Faction Pmc has 10 items unlocked  @mrxshop:473
[16:29:29.207] [lua] Shop - Generating Shop List...  @mrxshop:286
[16:29:29.217] [lua] Shop - Faction Oil has 24 items unlocked  @mrxshop:473
[16:29:29.226] [lua] Shop - Generating Shop List...  @mrxshop:286
[16:29:29.236] [lua] Shop - Faction Gur has 28 items unlocked  @mrxshop:473
[16:29:29.245] [lua] Shop - Generating Shop List...  @mrxshop:286
[16:29:29.255] [lua] Shop - Faction Pir has 33 items unlocked  @mrxshop:473
[16:29:29.264] [lua] Shop - Generating Shop List...  @mrxshop:286
[16:29:29.274] [lua] Shop - Faction All has 37 items unlocked  @mrxshop:473
[16:29:29.284] [lua] Shop - Generating Shop List...  @mrxshop:286
[16:29:29.293] [lua] Shop - Faction Chi has 32 items unlocked  @mrxshop:473
[16:29:29.302] [lua] 0  @mrxtask:440
[16:29:29.311] [lua] 0  @mrxtask:440
[16:29:29.321] [lua] Adding OilCon003Briefing as a child of OilCon003  @mrxtask:718
[16:29:29.329] [lua] true  @mrxtask:722
[16:29:29.337] [lua] 0  @mrxtask:440
[16:29:29.345] [lua] true  @mrxtask:291
[16:29:29.354] [lua] true  @mrxstarter:252
[16:29:29.364] [lua] Starter activated!  @mrxstarter:431
[16:29:29.374] [lua] HQ OilOutpost3 could not be retrieved  @mrxhqmanager:28
[16:29:29.384] [lua] Attempting to unlock HQ OilOutpost3  @mrxhqmanager:54
[16:29:29.394] [lua] Loading data for HQ OilOutpost3  @mrxhqmanager:59
[16:29:29.404] [lua] HQ OilOutpost3 setup complete  @mrxhqmanager:80
[16:29:29.415] [lua] @@@@@@@@@@ Disabling OilOutpost3 portal  @mrxhq:599
[16:29:29.425] [lua] OilOutpost3 Respawn set to true  @mrxhqmanager:184
[16:29:29.434] [lua] Creating DeathEvent for OilOutpost3(userdata: 000EB2F3)  @mrxhqmanager:146
[16:29:29.444] [lua] Adding OilStarter3 to HQ  @mrxhq:843
[16:29:29.452] [lua] 2  @mrxfactionmanager:505
[16:29:29.460] [lua] 2  @mrxfactionmanager:505
[16:29:29.470] [lua] @@@@@@@@@@ Enabling OilOutpost3 portal  @mrxhq:597
[16:29:29.478] [lua] 2  @mrxfactionmanager:505
[16:29:29.488] [lua] 2  @mrxfactionmanager:505
[16:29:29.498] [lua] @@@@@@@@@@ Enabling OilOutpost3 portal  @mrxhq:597
[16:29:29.506] [lua] 2  @mrxfactionmanager:505
[16:29:29.514] [lua] true  @mrxstarter:252
[16:29:29.524] [lua] 2  @mrxfactionmanager:505
[16:29:29.540] [lua] @@@@@@@@@@ Enabling OilOutpost3 portal  @mrxhq:597
[16:29:29.552] [lua] 2  @mrxfactionmanager:505
[16:29:29.560] [lua] table:0x1EFA4300  @mrxmissionflow:169
[16:29:29.570] [lua] Unlocking mission PmcCon015  @mrxmissionflow:201
[16:29:29.578] [lua] 0  @mrxtask:440
[16:29:29.589] [lua] 0  @mrxtask:440
[16:29:29.599] [lua] Adding PmcCon015 as a child of Missions  @mrxtask:718
[16:29:29.608] [lua] true  @mrxtask:722
[16:29:29.617] [lua] 0  @mrxtask:440
[16:29:29.624] [lua] 0  @mrxtask:440
[16:29:29.634] [lua] Adding PmcCon015Mission as a child of PmcCon015  @mrxtask:718
[16:29:29.646] [lua] true  @mrxtask:722
[16:29:29.654] [lua] 0  @mrxtask:440
[16:29:29.661] [lua] true  @mrxtask:291
[16:29:29.669] [lua] 0  @mrxtask:440
[16:29:29.677] [lua] 0  @mrxtask:440
[16:29:29.686] [lua] Adding PmcCon015Briefing as a child of PmcCon015  @mrxtask:718
[16:29:29.693] [lua] true  @mrxtask:722
[16:29:29.702] [lua] 0  @mrxtask:440
[16:29:29.709] [lua] true  @mrxtask:291
[16:29:29.717] [lua] true  @mrxstarter:252
[16:29:29.726] [lua] Starter activated!  @mrxstarter:431
[16:29:29.734] [lua] true  @mrxstarter:252
[16:29:29.743] [lua] table:0x1EFA4300  @mrxmissionflow:169
[16:29:29.754] [lua] Unlocking mission ChiCon003  @mrxmissionflow:201
[16:29:29.762] [lua] 0  @mrxtask:440
[16:29:29.772] [lua] 0  @mrxtask:440
[16:29:29.782] [lua] Adding ChiCon003 as a child of Missions  @mrxtask:718
[16:29:29.791] [lua] true  @mrxtask:722
[16:29:29.801] [lua] 0  @mrxtask:440
[16:29:29.809] [lua] 0  @mrxtask:440
[16:29:29.820] [lua] Adding ChiCon003Mission as a child of ChiCon003  @mrxtask:718
[16:29:29.827] [lua] true  @mrxtask:722
[16:29:29.836] [lua] 0  @mrxtask:440
[16:29:29.847] [lua] true  @mrxtask:291
[16:29:29.859] [lua] Shop - Generating Shop List...  @mrxshop:286
[16:29:29.872] [lua] Shop - Faction Pmc has 10 items unlocked  @mrxshop:473
[16:29:29.881] [lua] Shop - Generating Shop List...  @mrxshop:286
[16:29:29.891] [lua] Shop - Faction Oil has 24 items unlocked  @mrxshop:473
[16:29:29.901] [lua] Shop - Generating Shop List...  @mrxshop:286
[16:29:29.911] [lua] Shop - Faction Gur has 28 items unlocked  @mrxshop:473
[16:29:29.921] [lua] Shop - Generating Shop List...  @mrxshop:286
[16:29:29.932] [lua] Shop - Faction Pir has 33 items unlocked  @mrxshop:473
[16:29:29.942] [lua] Shop - Generating Shop List...  @mrxshop:286
[16:29:29.952] [lua] Shop - Faction All has 37 items unlocked  @mrxshop:473
[16:29:29.962] [lua] Shop - Generating Shop List...  @mrxshop:286
[16:29:29.977] [lua] Shop - Faction Chi has 32 items unlocked  @mrxshop:473
[16:29:29.988] [lua] Shop - Generating Shop List...  @mrxshop:286
[16:29:29.998] [lua] Shop - Faction Pmc has 10 items unlocked  @mrxshop:473
[16:29:30.008] [lua] Shop - Generating Shop List...  @mrxshop:286
[16:29:30.017] [lua] Shop - Faction Oil has 24 items unlocked  @mrxshop:473
[16:29:30.027] [lua] Shop - Generating Shop List...  @mrxshop:286
[16:29:30.036] [lua] Shop - Faction Gur has 28 items unlocked  @mrxshop:473
[16:29:30.046] [lua] Shop - Generating Shop List...  @mrxshop:286
[16:29:30.056] [lua] Shop - Faction Pir has 33 items unlocked  @mrxshop:473
[16:29:30.065] [lua] Shop - Generating Shop List...  @mrxshop:286
[16:29:30.075] [lua] Shop - Faction All has 37 items unlocked  @mrxshop:473
[16:29:30.084] [lua] Shop - Generating Shop List...  @mrxshop:286
[16:29:30.096] [lua] Shop - Faction Chi has 32 items unlocked  @mrxshop:473
[16:29:30.104] [lua] 0  @mrxtask:440
[16:29:30.112] [lua] 0  @mrxtask:440
[16:29:30.122] [lua] Adding ChiCon003Briefing as a child of ChiCon003  @mrxtask:718
[16:29:30.130] [lua] true  @mrxtask:722
[16:29:30.138] [lua] 0  @mrxtask:440
[16:29:30.145] [lua] true  @mrxtask:291
[16:29:30.153] [lua] true  @mrxstarter:252
[16:29:30.163] [lua] Starter activated!  @mrxstarter:431
[16:29:30.173] [lua] HQ ChiHq could not be retrieved  @mrxhqmanager:28
[16:29:30.183] [lua] Attempting to unlock HQ ChiHq  @mrxhqmanager:54
[16:29:30.192] [lua] Loading data for HQ ChiHq  @mrxhqmanager:59
[16:29:30.207] [lua] HQ ChiHq setup complete  @mrxhqmanager:80
[16:29:30.217] [lua] @@@@@@@@@@ Disabling ChiHq portal  @mrxhq:599
[16:29:30.226] [lua] ChiHq Respawn set to true  @mrxhqmanager:184
[16:29:30.236] [lua] Creating HealthEvent for ChiHq(userdata: 000B7A69)  @mrxhqmanager:143
[16:29:30.245] [lua] Adding ChiStarter0 to HQ  @mrxhq:843
[16:29:30.253] [lua] 3  @mrxfactionmanager:505
[16:29:30.264] [lua] @@@@@@@@@@ Enabling ChiHq portal  @mrxhq:597
[16:29:30.271] [lua] 3  @mrxfactionmanager:505
[16:29:30.279] [lua] true  @mrxstarter:252
[16:29:30.288] [lua] 3  @mrxfactionmanager:505
[16:29:30.299] [lua] @@@@@@@@@@ Enabling ChiHq portal  @mrxhq:597
[16:29:30.306] [lua] 3  @mrxfactionmanager:505
[16:29:30.315] [lua] table:0x1EFA4300  @mrxmissionflow:169
[16:29:30.324] [lua] Unlocking mission PmcCon034  @mrxmissionflow:201
[16:29:30.333] [lua] 0  @mrxtask:440
[16:29:30.340] [lua] 0  @mrxtask:440
[16:29:30.350] [lua] Adding PmcCon034 as a child of Missions  @mrxtask:718
[16:29:30.358] [lua] true  @mrxtask:722
[16:29:30.366] [lua] 0  @mrxtask:440
[16:29:30.374] [lua] 0  @mrxtask:440
[16:29:30.384] [lua] Adding PmcCon034Mission as a child of PmcCon034  @mrxtask:718
[16:29:30.391] [lua] true  @mrxtask:722
[16:29:30.399] [lua] 0  @mrxtask:440
[16:29:30.407] [lua] true  @mrxtask:291
[16:29:30.415] [lua] 0  @mrxtask:440
[16:29:30.423] [lua] 0  @mrxtask:440
[16:29:30.432] [lua] Adding PmcCon034Briefing as a child of PmcCon034  @mrxtask:718
[16:29:30.440] [lua] true  @mrxtask:722
[16:29:30.447] [lua] 0  @mrxtask:440
[16:29:30.455] [lua] true  @mrxtask:291
[16:29:30.463] [lua] true  @mrxstarter:252
[16:29:30.473] [lua] Starter activated!  @mrxstarter:431
[16:29:30.481] [lua] true  @mrxstarter:252
[16:29:30.488] [lua] table:0x1EFA4300  @mrxmissionflow:169
[16:29:30.500] [lua] Unlocking mission ChiCon008  @mrxmissionflow:201
[16:29:30.508] [lua] 0  @mrxtask:440
[16:29:30.516] [lua] 0  @mrxtask:440
[16:29:30.525] [lua] Adding ChiCon008 as a child of Missions  @mrxtask:718
[16:29:30.533] [lua] true  @mrxtask:722
[16:29:30.541] [lua] 0  @mrxtask:440
[16:29:30.548] [lua] 0  @mrxtask:440
[16:29:30.558] [lua] Adding ChiCon008Mission as a child of ChiCon008  @mrxtask:718
[16:29:30.566] [lua] true  @mrxtask:722
[16:29:30.577] [lua] 0  @mrxtask:440
[16:29:30.585] [lua] true  @mrxtask:291
[16:29:30.593] [lua] 0  @mrxtask:440
[16:29:30.601] [lua] 0  @mrxtask:440
[16:29:30.610] [lua] Adding ChiCon008Briefing as a child of ChiCon008  @mrxtask:718
[16:29:30.619] [lua] true  @mrxtask:722
[16:29:30.627] [lua] 0  @mrxtask:440
[16:29:30.634] [lua] true  @mrxtask:291
[16:29:30.642] [lua] true  @mrxstarter:252
[16:29:30.652] [lua] Starter activated!  @mrxstarter:431
[16:29:30.661] [lua] HQ ChiOutpost2 could not be retrieved  @mrxhqmanager:28
[16:29:30.670] [lua] Attempting to unlock HQ ChiOutpost2  @mrxhqmanager:54
[16:29:30.680] [lua] Loading data for HQ ChiOutpost2  @mrxhqmanager:59
[16:29:30.689] [lua] HQ ChiOutpost2 setup complete  @mrxhqmanager:80
[16:29:30.699] [lua] @@@@@@@@@@ Disabling ChiOutpost2 portal  @mrxhq:599
[16:29:30.709] [lua] ChiOutpost2 Respawn set to true  @mrxhqmanager:184
[16:29:30.720] [lua] Creating DeathEvent for ChiOutpost2(userdata: 000EBC23)  @mrxhqmanager:146
[16:29:30.730] [lua] Adding ChiStarter2 to HQ  @mrxhq:843
[16:29:30.738] [lua] 2  @mrxfactionmanager:505
[16:29:30.745] [lua] 2  @mrxfactionmanager:505
[16:29:30.756] [lua] @@@@@@@@@@ Enabling ChiOutpost2 portal  @mrxhq:597
[16:29:30.764] [lua] 2  @mrxfactionmanager:505
[16:29:30.773] [lua] 2  @mrxfactionmanager:505
[16:29:30.782] [lua] @@@@@@@@@@ Enabling ChiOutpost2 portal  @mrxhq:597
[16:29:30.794] [lua] 2  @mrxfactionmanager:505
[16:29:30.803] [lua] true  @mrxstarter:252
[16:29:30.810] [lua] 2  @mrxfactionmanager:505
[16:29:30.820] [lua] @@@@@@@@@@ Enabling ChiOutpost2 portal  @mrxhq:597
[16:29:30.828] [lua] 2  @mrxfactionmanager:505
[16:29:30.836] [lua] table:0x1EFA4300  @mrxmissionflow:169
[16:29:30.847] [lua] Unlocking mission OilJob004  @mrxmissionflow:201
[16:29:30.855] [lua] 0  @mrxtask:440
[16:29:30.864] [lua] 0  @mrxtask:440
[16:29:30.873] [lua] Adding OilJob004 as a child of Missions  @mrxtask:718
[16:29:30.882] [lua] true  @mrxtask:722
[16:29:30.889] [lua] 0  @mrxtask:440
[16:29:30.897] [lua] 0  @mrxtask:440
[16:29:30.906] [lua] Adding OilJob004Mission as a child of OilJob004  @mrxtask:718
[16:29:30.916] [lua] true  @mrxtask:722
[16:29:30.924] [lua] 0  @mrxtask:440
[16:29:30.932] [lua] true  @mrxtask:291
[16:29:30.940] [lua] 0  @mrxtask:440
[16:29:30.948] [lua] 0  @mrxtask:440
[16:29:30.962] [lua] Saving Missions.ChiCon009.ChiCon009Mission  @mrxtask:839
[16:29:30.970] [lua] 0  @mrxtask:440
[16:29:30.980] [lua] Saving Missions.ChiJob003.ChiJob003Mission  @mrxtask:839
[16:29:30.988] [lua] 0  @mrxtask:440
[16:29:30.998] [lua] Saving Missions.PirCon004.PirCon004Mission  @mrxtask:839
[16:29:31.006] [lua] 0  @mrxtask:440
[16:29:31.016] [lua] Saving Missions.OilCon003.OilCon003Mission  @mrxtask:839
[16:29:31.024] [lua] 0  @mrxtask:440
[16:29:31.033] [lua] Saving Missions.ChiCon008.ChiCon008Mission  @mrxtask:839
[16:29:31.041] [lua] 0  @mrxtask:440
[16:29:31.052] [lua] Saving Missions.PmcCon015.PmcCon015Mission  @mrxtask:839
[16:29:31.060] [lua] 0  @mrxtask:440
[16:29:31.072] [lua] Saving Missions.ChiCon003.ChiCon003Mission  @mrxtask:839
[16:29:31.080] [lua] 0  @mrxtask:440
[16:29:31.090] [lua] Saving Missions.PmcCon034.PmcCon034Mission  @mrxtask:839
[16:29:31.098] [lua] 0  @mrxtask:440
[16:29:31.108] [lua] Equipment 1 - Parent userdata: 80006ED0 Reserve 4  @mrxplayer:1014
[16:29:31.117] [lua] Equipment 2 - Parent userdata: 8000569E Reserve 6  @mrxplayer:1014
[16:29:31.128] [lua] Equipment 3 - Parent userdata: 80005FD3 Reserve 244  @mrxplayer:1014
[16:29:31.139] [lua] Equipment 4 - Parent userdata: 80002331 Reserve 9  @mrxplayer:1014
[16:29:31.149] [lua] SaveSingleton VerifyManager  @mrxverifymanager:100
[16:29:31.159] [lua] @@@@@@@@@@ MrxState.Enter: state STATE_WAITFORSTREAMING (refcount=2)  @mrxstate:381
[16:29:31.159] [world] >>> @@@@@@@@@@ MrxState.Enter: state STATE_WAITFORSTREAMING (refcount=2)  @mrxstate:381
[16:29:31.173] [lua] 0  @mrxtask:440
[16:29:31.181] [lua] true  @mrxtask:291
[16:29:31.192] [lua] ###! GlobalEnter - Complete  @mrxstate:432
[16:29:31.192] [world] >>> ###! GlobalEnter - Complete  @mrxstate:432
[16:29:31.201] [lua] table:0x1EFA4300  @mrxmissionflow:169
[16:29:31.210] [lua] Unlocking mission GurJob006  @mrxmissionflow:201
[16:29:31.219] [lua] 0  @mrxtask:440
[16:29:31.232] [lua] 0  @mrxtask:440
[16:29:31.241] [lua] Adding GurJob006 as a child of Missions  @mrxtask:718
[16:29:31.252] [lua] true  @mrxtask:722
[16:29:31.260] [lua] 0  @mrxtask:440
[16:29:31.269] [lua] 0  @mrxtask:440
[16:29:31.282] [lua] Adding GurJob006Mission as a child of GurJob006  @mrxtask:718
[16:29:31.293] [lua] true  @mrxtask:722
[16:29:31.302] [lua] 0  @mrxtask:440
[16:29:31.310] [lua] true  @mrxtask:291
[16:29:31.318] [lua] 0  @mrxtask:440
[16:29:31.326] [lua] 0  @mrxtask:440
[16:29:31.338] [lua] Saving Missions.ChiCon009.ChiCon009Mission  @mrxtask:839
[16:29:31.347] [lua] 0  @mrxtask:440
[16:29:31.357] [lua] Saving Missions.ChiJob003.ChiJob003Mission  @mrxtask:839
[16:29:31.365] [lua] 0  @mrxtask:440
[16:29:31.375] [lua] Saving Missions.PirCon004.PirCon004Mission  @mrxtask:839
[16:29:31.383] [lua] 0  @mrxtask:440
[16:29:31.393] [lua] Saving Missions.OilCon003.OilCon003Mission  @mrxtask:839
[16:29:31.405] [lua] 0  @mrxtask:440
[16:29:31.414] [lua] Saving Missions.PmcCon015.PmcCon015Mission  @mrxtask:839
[16:29:31.422] [lua] 0  @mrxtask:440
[16:29:31.432] [lua] Saving Missions.ChiCon003.ChiCon003Mission  @mrxtask:839
[16:29:31.439] [lua] 0  @mrxtask:440
[16:29:31.449] [lua] Saving Missions.ChiCon008.ChiCon008Mission  @mrxtask:839
[16:29:31.457] [lua] 0  @mrxtask:440
[16:29:31.470] [lua] Saving Missions.OilJob004.OilJob004Mission  @mrxtask:839
[16:29:31.478] [lua] 0  @mrxtask:440
[16:29:31.488] [lua] Saving Missions.PmcCon034.PmcCon034Mission  @mrxtask:839
[16:29:31.495] [lua] 0  @mrxtask:440
[16:29:31.506] [lua] Equipment 1 - Parent userdata: 80006ED0 Reserve 4  @mrxplayer:1014
[16:29:31.515] [lua] Equipment 2 - Parent userdata: 8000569E Reserve 6  @mrxplayer:1014
[16:29:31.525] [lua] Equipment 3 - Parent userdata: 80005FD3 Reserve 244  @mrxplayer:1014
[16:29:31.534] [lua] Equipment 4 - Parent userdata: 80002331 Reserve 9  @mrxplayer:1014
[16:29:31.544] [lua] SaveSingleton VerifyManager  @mrxverifymanager:100
[16:29:31.556] [lua] @@@@@@@@@@ MrxState.Enter: state STATE_WAITFORSTREAMING (refcount=3)  @mrxstate:381
[16:29:31.556] [world] >>> @@@@@@@@@@ MrxState.Enter: state STATE_WAITFORSTREAMING (refcount=3)  @mrxstate:381
[16:29:31.566] [lua] 0  @mrxtask:440
[16:29:31.574] [lua] true  @mrxtask:291
[16:29:31.587] [lua] ###! GlobalEnter - Complete  @mrxstate:432
[16:29:31.587] [world] >>> ###! GlobalEnter - Complete  @mrxstate:432
[16:29:31.595] [lua] table:0x1EFA4300  @mrxmissionflow:169
[16:29:31.605] [lua] Unlocking mission GurJob001  @mrxmissionflow:201
[16:29:31.612] [lua] 0  @mrxtask:440
[16:29:31.620] [lua] 0  @mrxtask:440
[16:29:31.629] [lua] Adding GurJob001 as a child of Missions  @mrxtask:718
[16:29:31.637] [lua] true  @mrxtask:722
[16:29:31.645] [lua] 0  @mrxtask:440
[16:29:31.653] [lua] 0  @mrxtask:440
[16:29:31.662] [lua] Adding GurJob001Mission as a child of GurJob001  @mrxtask:718
[16:29:31.670] [lua] true  @mrxtask:722
[16:29:31.681] [lua] 0  @mrxtask:440
[16:29:31.689] [lua] true  @mrxtask:291
[16:29:31.699] [lua] 0  @mrxtask:440
[16:29:31.707] [lua] 0  @mrxtask:440
[16:29:31.717] [lua] Saving Missions.ChiCon009.ChiCon009Mission  @mrxtask:839
[16:29:31.725] [lua] 0  @mrxtask:440
[16:29:31.736] [lua] Saving Missions.ChiJob003.ChiJob003Mission  @mrxtask:839
[16:29:31.743] [lua] 0  @mrxtask:440
[16:29:31.753] [lua] Saving Missions.PirCon004.PirCon004Mission  @mrxtask:839
[16:29:31.761] [lua] 0  @mrxtask:440
[16:29:31.775] [lua] Saving Missions.OilCon003.OilCon003Mission  @mrxtask:839
[16:29:31.787] [lua] 0  @mrxtask:440
[16:29:31.801] [lua] Saving Missions.PmcCon015.PmcCon015Mission  @mrxtask:839
[16:29:31.808] [lua] 0  @mrxtask:440
[16:29:31.818] [lua] Saving Missions.ChiCon003.ChiCon003Mission  @mrxtask:839
[16:29:31.826] [lua] 0  @mrxtask:440
[16:29:31.836] [lua] Saving Missions.GurJob006.GurJob006Mission  @mrxtask:839
[16:29:31.844] [lua] 0  @mrxtask:440
[16:29:31.854] [lua] Saving Missions.ChiCon008.ChiCon008Mission  @mrxtask:839
[16:29:31.865] [lua] 0  @mrxtask:440
[16:29:31.874] [lua] Saving Missions.OilJob004.OilJob004Mission  @mrxtask:839
[16:29:31.882] [lua] 0  @mrxtask:440
[16:29:31.893] [lua] Saving Missions.PmcCon034.PmcCon034Mission  @mrxtask:839
[16:29:31.901] [lua] 0  @mrxtask:440
[16:29:31.911] [lua] Equipment 1 - Parent userdata: 80006ED0 Reserve 4  @mrxplayer:1014
[16:29:31.921] [lua] Equipment 2 - Parent userdata: 8000569E Reserve 6  @mrxplayer:1014
[16:29:31.931] [lua] Equipment 3 - Parent userdata: 80005FD3 Reserve 244  @mrxplayer:1014
[16:29:31.940] [lua] Equipment 4 - Parent userdata: 80002331 Reserve 9  @mrxplayer:1014
[16:29:31.950] [lua] SaveSingleton VerifyManager  @mrxverifymanager:100
[16:29:31.962] [lua] @@@@@@@@@@ MrxState.Enter: state STATE_WAITFORSTREAMING (refcount=4)  @mrxstate:381
[16:29:31.962] [world] >>> @@@@@@@@@@ MrxState.Enter: state STATE_WAITFORSTREAMING (refcount=4)  @mrxstate:381
[16:29:31.973] [lua] 0  @mrxtask:440
[16:29:31.982] [lua] true  @mrxtask:291
[16:29:31.991] [lua] ###! GlobalEnter - Complete  @mrxstate:432
[16:29:31.991] [world] >>> ###! GlobalEnter - Complete  @mrxstate:432
[16:29:31.999] [lua] table:0x1EFA4300  @mrxmissionflow:169
[16:29:32.008] [lua] Unlocking mission PirCon002  @mrxmissionflow:201
[16:29:32.018] [lua] 0  @mrxtask:440
[16:29:32.027] [lua] 0  @mrxtask:440
[16:29:32.042] [lua] Adding PirCon002 as a child of Missions  @mrxtask:718
[16:29:32.050] [lua] true  @mrxtask:722
[16:29:32.058] [lua] 0  @mrxtask:440
[16:29:32.068] [lua] 0  @mrxtask:440
[16:29:32.078] [lua] Adding PirCon002Mission as a child of PirCon002  @mrxtask:718
[16:29:32.086] [lua] true  @mrxtask:722
[16:29:32.094] [lua] 0  @mrxtask:440
[16:29:32.106] [lua] true  @mrxtask:291
[16:29:32.114] [lua] 0  @mrxtask:440
[16:29:32.122] [lua] 0  @mrxtask:440
[16:29:32.132] [lua] Adding PirCon002Briefing as a child of PirCon002  @mrxtask:718
[16:29:32.139] [lua] true  @mrxtask:722
[16:29:32.148] [lua] 0  @mrxtask:440
[16:29:32.156] [lua] true  @mrxtask:291
[16:29:32.164] [lua] true  @mrxstarter:252
[16:29:32.173] [lua] Starter activated!  @mrxstarter:431
[16:29:32.183] [lua] HQ PirOutpost1 could not be retrieved  @mrxhqmanager:28
[16:29:32.192] [lua] Attempting to unlock HQ PirOutpost1  @mrxhqmanager:54
[16:29:32.202] [lua] Loading data for HQ PirOutpost1  @mrxhqmanager:59
[16:29:32.212] [lua] HQ PirOutpost1 setup complete  @mrxhqmanager:80
[16:29:32.221] [lua] @@@@@@@@@@ Disabling PirOutpost1 portal  @mrxhq:599
[16:29:32.230] [lua] PirOutpost1 Respawn set to true  @mrxhqmanager:184
[16:29:32.240] [lua] Creating DeathEvent for PirOutpost1(userdata: 000987CD)  @mrxhqmanager:146
[16:29:32.251] [lua] Adding PirStarter1 to HQ  @mrxhq:843
[16:29:32.259] [lua] 2  @mrxfactionmanager:505
[16:29:32.269] [lua] @@@@@@@@@@ Enabling PirOutpost1 portal  @mrxhq:597
[16:29:32.276] [lua] 2  @mrxfactionmanager:505
[16:29:32.286] [lua] !!!!!!!!!!! CLIENT WON'T SEE THIS ... Could not find marker Minimap_Icon_Faction_PR in Radar table  @mrxutil:1356
[16:29:32.293] [lua] true  @mrxstarter:252
[16:29:32.302] [lua] 2  @mrxfactionmanager:505
[16:29:32.312] [lua] @@@@@@@@@@ Enabling PirOutpost1 portal  @mrxhq:597
[16:29:32.321] [lua] 2  @mrxfactionmanager:505
[16:29:32.331] [lua] !!!!!!!!!!! CLIENT WON'T SEE THIS ... Could not find marker Minimap_Icon_Faction_PR in Radar table  @mrxutil:1356
[16:29:32.340] [lua] table:0x1EFA4300  @mrxmissionflow:169
[16:29:32.356] [lua] Unlocking mission AllCon003  @mrxmissionflow:201
[16:29:32.364] [lua] 0  @mrxtask:440
[16:29:32.374] [lua] 0  @mrxtask:440
[16:29:32.385] [lua] Adding AllCon003 as a child of Missions  @mrxtask:718
[16:29:32.394] [lua] true  @mrxtask:722
[16:29:32.402] [lua] 0  @mrxtask:440
[16:29:32.410] [lua] 0  @mrxtask:440
[16:29:32.419] [lua] Adding AllCon003Mission as a child of AllCon003  @mrxtask:718
[16:29:32.427] [lua] true  @mrxtask:722
[16:29:32.435] [lua] 0  @mrxtask:440
[16:29:32.445] [lua] true  @mrxtask:291
[16:29:32.454] [lua] Shop - Generating Shop List...  @mrxshop:286
[16:29:32.464] [lua] Shop - Faction Pmc has 10 items unlocked  @mrxshop:473
[16:29:32.474] [lua] Shop - Generating Shop List...  @mrxshop:286
[16:29:32.485] [lua] Shop - Faction Oil has 24 items unlocked  @mrxshop:473
[16:29:32.494] [lua] Shop - Generating Shop List...  @mrxshop:286
[16:29:32.503] [lua] Shop - Faction Gur has 28 items unlocked  @mrxshop:473
[16:29:32.513] [lua] Shop - Generating Shop List...  @mrxshop:286
[16:29:32.523] [lua] Shop - Faction Pir has 33 items unlocked  @mrxshop:473
[16:29:32.532] [lua] Shop - Generating Shop List...  @mrxshop:286
[16:29:32.541] [lua] Shop - Faction All has 37 items unlocked  @mrxshop:473
[16:29:32.553] [lua] Shop - Generating Shop List...  @mrxshop:286
[16:29:32.562] [lua] Shop - Faction Chi has 32 items unlocked  @mrxshop:473
[16:29:32.572] [lua] Shop - Generating Shop List...  @mrxshop:286
[16:29:32.582] [lua] Shop - Faction Pmc has 10 items unlocked  @mrxshop:473
[16:29:32.592] [lua] Shop - Generating Shop List...  @mrxshop:286
[16:29:32.601] [lua] Shop - Faction Oil has 24 items unlocked  @mrxshop:473
[16:29:32.610] [lua] Shop - Generating Shop List...  @mrxshop:286
[16:29:32.619] [lua] Shop - Faction Gur has 28 items unlocked  @mrxshop:473
[16:29:32.629] [lua] Shop - Generating Shop List...  @mrxshop:286
[16:29:32.640] [lua] Shop - Faction Pir has 33 items unlocked  @mrxshop:473
[16:29:32.650] [lua] Shop - Generating Shop List...  @mrxshop:286
[16:29:32.659] [lua] Shop - Faction All has 37 items unlocked  @mrxshop:473
[16:29:32.670] [lua] Shop - Generating Shop List...  @mrxshop:286
[16:29:32.679] [lua] Shop - Faction Chi has 32 items unlocked  @mrxshop:473
[16:29:32.688] [lua] Shop - Generating Shop List...  @mrxshop:286
[16:29:32.698] [lua] Shop - Faction Pmc has 10 items unlocked  @mrxshop:473
[16:29:32.714] [lua] Shop - Generating Shop List...  @mrxshop:286
[16:29:32.723] [lua] Shop - Faction Oil has 24 items unlocked  @mrxshop:473
[16:29:32.733] [lua] Shop - Generating Shop List...  @mrxshop:286
[16:29:32.742] [lua] Shop - Faction Gur has 28 items unlocked  @mrxshop:473
[16:29:32.752] [lua] Shop - Generating Shop List...  @mrxshop:286
[16:29:32.761] [lua] Shop - Faction Pir has 33 items unlocked  @mrxshop:473
[16:29:32.771] [lua] Shop - Generating Shop List...  @mrxshop:286
[16:29:32.781] [lua] Shop - Faction All has 37 items unlocked  @mrxshop:473
[16:29:32.791] [lua] Shop - Generating Shop List...  @mrxshop:286
[16:29:32.802] [lua] Shop - Faction Chi has 32 items unlocked  @mrxshop:473
[16:29:32.811] [lua] Shop - Generating Shop List...  @mrxshop:286
[16:29:32.821] [lua] Shop - Faction Pmc has 10 items unlocked  @mrxshop:473
[16:29:32.830] [lua] Shop - Generating Shop List...  @mrxshop:286
[16:29:32.841] [lua] Shop - Faction Oil has 24 items unlocked  @mrxshop:473
[16:29:32.850] [lua] Shop - Generating Shop List...  @mrxshop:286
[16:29:32.860] [lua] Shop - Faction Gur has 28 items unlocked  @mrxshop:473
[16:29:32.870] [lua] Shop - Generating Shop List...  @mrxshop:286
[16:29:32.880] [lua] Shop - Faction Pir has 33 items unlocked  @mrxshop:473
[16:29:32.889] [lua] Shop - Generating Shop List...  @mrxshop:286
[16:29:32.899] [lua] Shop - Faction All has 37 items unlocked  @mrxshop:473
[16:29:32.914] [lua] Shop - Generating Shop List...  @mrxshop:286
[16:29:32.924] [lua] Shop - Faction Chi has 32 items unlocked  @mrxshop:473
[16:29:32.932] [lua] 0  @mrxtask:440
[16:29:32.940] [lua] 0  @mrxtask:440
[16:29:32.948] [lua] Adding AllCon003Briefing as a child of AllCon003  @mrxtask:718
[16:29:32.957] [lua] true  @mrxtask:722
[16:29:32.964] [lua] 0  @mrxtask:440
[16:29:32.972] [lua] true  @mrxtask:291
[16:29:32.980] [lua] true  @mrxstarter:252
[16:29:32.990] [lua] Starter activated!  @mrxstarter:431
[16:29:33.000] [lua] HQ AllHq could not be retrieved  @mrxhqmanager:28
[16:29:33.010] [lua] Attempting to unlock HQ AllHq  @mrxhqmanager:54
[16:29:33.020] [lua] Loading data for HQ AllHq  @mrxhqmanager:59
[16:29:33.029] [lua] HQ AllHq setup complete  @mrxhqmanager:80
[16:29:33.039] [lua] @@@@@@@@@@ Disabling AllHq portal  @mrxhq:599
[16:29:33.049] [lua] AllHq Respawn set to true  @mrxhqmanager:184
[16:29:33.059] [lua] Creating DeathEvent for AllHq(userdata: 000E7529)  @mrxhqmanager:146
[16:29:33.068] [lua] Adding AllStarter0 to HQ  @mrxhq:843
[16:29:33.080] [lua] 3  @mrxfactionmanager:505
[16:29:33.089] [lua] @@@@@@@@@@ Enabling AllHq portal  @mrxhq:597
[16:29:33.097] [lua] 3  @mrxfactionmanager:505
[16:29:33.107] [lua] true  @mrxstarter:252
[16:29:33.115] [lua] 3  @mrxfactionmanager:505
[16:29:33.124] [lua] @@@@@@@@@@ Enabling AllHq portal  @mrxhq:597
[16:29:33.132] [lua] 3  @mrxfactionmanager:505
[16:29:33.140] [lua] table:0x1EFA4300  @mrxmissionflow:169
[16:29:33.150] [lua] Unlocking mission PmcCon016  @mrxmissionflow:201
[16:29:33.158] [lua] 0  @mrxtask:440
[16:29:33.166] [lua] 0  @mrxtask:440
[16:29:33.175] [lua] Adding PmcCon016 as a child of Missions  @mrxtask:718
[16:29:33.183] [lua] true  @mrxtask:722
[16:29:33.191] [lua] 0  @mrxtask:440
[16:29:33.199] [lua] 0  @mrxtask:440
[16:29:33.208] [lua] Adding PmcCon016Mission as a child of PmcCon016  @mrxtask:718
[16:29:33.218] [lua] true  @mrxtask:722
[16:29:33.226] [lua] 0  @mrxtask:440
[16:29:33.233] [lua] true  @mrxtask:291
[16:29:33.241] [lua] 0  @mrxtask:440
[16:29:33.249] [lua] 0  @mrxtask:440
[16:29:33.258] [lua] Adding PmcCon016Briefing as a child of PmcCon016  @mrxtask:718
[16:29:33.268] [lua] true  @mrxtask:722
[16:29:33.276] [lua] 0  @mrxtask:440
[16:29:33.284] [lua] true  @mrxtask:291
[16:29:33.292] [lua] true  @mrxstarter:252
[16:29:33.300] [lua] table:0x1EFA4300  @mrxmissionflow:169
[16:29:33.309] [lua] Unlocking mission PmcCon032  @mrxmissionflow:201
[16:29:33.317] [lua] 0  @mrxtask:440
[16:29:33.325] [lua] 0  @mrxtask:440
[16:29:33.334] [lua] Adding PmcCon032 as a child of Missions  @mrxtask:718
[16:29:33.342] [lua] true  @mrxtask:722
[16:29:33.350] [lua] 0  @mrxtask:440
[16:29:33.357] [lua] 0  @mrxtask:440
[16:29:33.367] [lua] Adding PmcCon032Mission as a child of PmcCon032  @mrxtask:718
[16:29:33.374] [lua] true  @mrxtask:722
[16:29:33.382] [lua] 0  @mrxtask:440
[16:29:33.390] [lua] true  @mrxtask:291
[16:29:33.398] [lua] 0  @mrxtask:440
[16:29:33.406] [lua] 0  @mrxtask:440
[16:29:33.417] [lua] Adding PmcCon032Briefing as a child of PmcCon032  @mrxtask:718
[16:29:33.425] [lua] true  @mrxtask:722
[16:29:33.433] [lua] 0  @mrxtask:440
[16:29:33.441] [lua] true  @mrxtask:291
[16:29:33.448] [lua] true  @mrxstarter:252
[16:29:33.456] [lua] table:0x1EFA4300  @mrxmissionflow:169
[16:29:33.467] [lua] Unlocking mission OilCon001  @mrxmissionflow:201
[16:29:33.475] [lua] 0  @mrxtask:440
[16:29:33.483] [lua] 0  @mrxtask:440
[16:29:33.492] [lua] Adding OilCon001 as a child of Missions  @mrxtask:718
[16:29:33.500] [lua] true  @mrxtask:722
[16:29:33.508] [lua] 0  @mrxtask:440
[16:29:33.515] [lua] 0  @mrxtask:440
[16:29:33.525] [lua] Adding OilCon001Mission as a child of OilCon001  @mrxtask:718
[16:29:33.533] [lua] true  @mrxtask:722
[16:29:33.541] [lua] 0  @mrxtask:440
[16:29:33.548] [lua] true  @mrxtask:291
[16:29:33.558] [lua] Shop - Generating Shop List...  @mrxshop:286
[16:29:33.569] [lua] Shop - Faction Pmc has 10 items unlocked  @mrxshop:473
[16:29:33.580] [lua] Shop - Generating Shop List...  @mrxshop:286
[16:29:33.595] [lua] Shop - Faction Oil has 24 items unlocked  @mrxshop:473
[16:29:33.605] [lua] Shop - Generating Shop List...  @mrxshop:286
[16:29:33.615] [lua] Shop - Faction Gur has 28 items unlocked  @mrxshop:473
[16:29:33.624] [lua] Shop - Generating Shop List...  @mrxshop:286
[16:29:33.634] [lua] Shop - Faction Pir has 33 items unlocked  @mrxshop:473
[16:29:33.643] [lua] Shop - Generating Shop List...  @mrxshop:286
[16:29:33.653] [lua] Shop - Faction All has 37 items unlocked  @mrxshop:473
[16:29:33.662] [lua] Shop - Generating Shop List...  @mrxshop:286
[16:29:33.672] [lua] Shop - Faction Chi has 32 items unlocked  @mrxshop:473
[16:29:33.681] [lua] Shop - Generating Shop List...  @mrxshop:286
[16:29:33.691] [lua] Shop - Faction Pmc has 10 items unlocked  @mrxshop:473
[16:29:33.701] [lua] Shop - Generating Shop List...  @mrxshop:286
[16:29:33.710] [lua] Shop - Faction Oil has 24 items unlocked  @mrxshop:473
[16:29:33.719] [lua] Shop - Generating Shop List...  @mrxshop:286
[16:29:33.728] [lua] Shop - Faction Gur has 28 items unlocked  @mrxshop:473
[16:29:33.739] [lua] Shop - Generating Shop List...  @mrxshop:286
[16:29:33.750] [lua] Shop - Faction Pir has 33 items unlocked  @mrxshop:473
[16:29:33.760] [lua] Shop - Generating Shop List...  @mrxshop:286
[16:29:33.770] [lua] Shop - Faction All has 37 items unlocked  @mrxshop:473
[16:29:33.779] [lua] Shop - Generating Shop List...  @mrxshop:286
[16:29:33.789] [lua] Shop - Faction Chi has 32 items unlocked  @mrxshop:473
[16:29:33.801] [lua] Shop - Generating Shop List...  @mrxshop:286
[16:29:33.810] [lua] Shop - Faction Pmc has 10 items unlocked  @mrxshop:473
[16:29:33.821] [lua] Shop - Generating Shop List...  @mrxshop:286
[16:29:33.832] [lua] Shop - Faction Oil has 24 items unlocked  @mrxshop:473
[16:29:33.842] [lua] Shop - Generating Shop List...  @mrxshop:286
[16:29:33.856] [lua] Shop - Faction Gur has 28 items unlocked  @mrxshop:473
[16:29:33.866] [lua] Shop - Generating Shop List...  @mrxshop:286
[16:29:33.875] [lua] Shop - Faction Pir has 33 items unlocked  @mrxshop:473
[16:29:33.886] [lua] Shop - Generating Shop List...  @mrxshop:286
[16:29:33.897] [lua] Shop - Faction All has 37 items unlocked  @mrxshop:473
[16:29:33.906] [lua] Shop - Generating Shop List...  @mrxshop:286
[16:29:33.916] [lua] Shop - Faction Chi has 32 items unlocked  @mrxshop:473
[16:29:33.925] [lua] 0  @mrxtask:440
[16:29:33.933] [lua] 0  @mrxtask:440
[16:29:33.943] [lua] Adding OilCon001Briefing as a child of OilCon001  @mrxtask:718
[16:29:33.952] [lua] true  @mrxtask:722
[16:29:33.959] [lua] 0  @mrxtask:440
[16:29:33.967] [lua] true  @mrxtask:291
[16:29:33.975] [lua] true  @mrxstarter:252
[16:29:33.984] [lua] Starter activated!  @mrxstarter:431
[16:29:33.993] [lua] HQ OilHq could not be retrieved  @mrxhqmanager:28
[16:29:34.003] [lua] Attempting to unlock HQ OilHq  @mrxhqmanager:54
[16:29:34.013] [lua] Loading data for HQ OilHq  @mrxhqmanager:59
[16:29:34.023] [lua] HQ OilHq setup complete  @mrxhqmanager:80
[16:29:34.032] [lua] @@@@@@@@@@ Disabling OilHq portal  @mrxhq:599
[16:29:34.042] [lua] OilHq Respawn set to true  @mrxhqmanager:184
[16:29:34.052] [lua] @@@@@@@@@@@@@ HQ OilHq's building _ocoutpost_bld_hq 0x000d3f3c is out-of-date!  @mrxhqmanager:195
[16:29:34.061] [lua] Adding OilStarter0 to HQ  @mrxhq:843
[16:29:34.069] [lua] 3  @mrxfactionmanager:505
[16:29:34.078] [lua] @@@@@@@@@@ Enabling OilHq portal  @mrxhq:597
[16:29:34.088] [lua] 3  @mrxfactionmanager:505
[16:29:34.096] [lua] true  @mrxstarter:252
[16:29:34.104] [lua] 3  @mrxfactionmanager:505
[16:29:34.113] [lua] @@@@@@@@@@ Enabling OilHq portal  @mrxhq:597
[16:29:34.121] [lua] 3  @mrxfactionmanager:505
[16:29:34.129] [lua] table:0x1EFA4300  @mrxmissionflow:169
[16:29:34.138] [lua] Unlocking mission PmcCon013  @mrxmissionflow:201
[16:29:34.145] [lua] 0  @mrxtask:440
[16:29:34.153] [lua] 0  @mrxtask:440
[16:29:34.163] [lua] Adding PmcCon013 as a child of Missions  @mrxtask:718
[16:29:34.173] [lua] true  @mrxtask:722
[16:29:34.180] [lua] 0  @mrxtask:440
[16:29:34.192] [lua] 0  @mrxtask:440
[16:29:34.201] [lua] Adding PmcCon013Mission as a child of PmcCon013  @mrxtask:718
[16:29:34.208] [lua] true  @mrxtask:722
[16:29:34.218] [lua] 0  @mrxtask:440
[16:29:34.225] [lua] true  @mrxtask:291
[16:29:34.233] [lua] 0  @mrxtask:440
[16:29:34.241] [lua] 0  @mrxtask:440
[16:29:34.251] [lua] Adding PmcCon013Briefing as a child of PmcCon013  @mrxtask:718
[16:29:34.258] [lua] true  @mrxtask:722
[16:29:34.266] [lua] 0  @mrxtask:440
[16:29:34.274] [lua] true  @mrxtask:291
[16:29:34.283] [lua] true  @mrxstarter:252
[16:29:34.292] [lua] Starter activated!  @mrxstarter:431
[16:29:34.301] [lua] true  @mrxstarter:252
[16:29:34.308] [lua] table:0x1EFA4300  @mrxmissionflow:169
[16:29:34.319] [lua] Unlocking mission AllJob003  @mrxmissionflow:201
[16:29:34.326] [lua] 0  @mrxtask:440
[16:29:34.334] [lua] 0  @mrxtask:440
[16:29:34.344] [lua] Adding AllJob003 as a child of Missions  @mrxtask:718
[16:29:34.352] [lua] true  @mrxtask:722
[16:29:34.360] [lua] 0  @mrxtask:440
[16:29:34.370] [lua] 0  @mrxtask:440
[16:29:34.378] [lua] Adding AllJob003Mission as a child of AllJob003  @mrxtask:718
[16:29:34.387] [lua] true  @mrxtask:722
[16:29:34.394] [lua] 0  @mrxtask:440
[16:29:34.402] [lua] true  @mrxtask:291
[16:29:34.410] [lua] 0  @mrxtask:440
[16:29:34.418] [lua] 0  @mrxtask:440
[16:29:34.428] [lua] Saving Missions.ChiCon009.ChiCon009Mission  @mrxtask:839
[16:29:34.436] [lua] 0  @mrxtask:440
[16:29:34.445] [lua] Saving Missions.ChiJob003.ChiJob003Mission  @mrxtask:839
[16:29:34.453] [lua] 0  @mrxtask:440
[16:29:34.462] [lua] Saving Missions.PirCon004.PirCon004Mission  @mrxtask:839
[16:29:34.470] [lua] 0  @mrxtask:440
[16:29:34.480] [lua] Saving Missions.OilCon003.OilCon003Mission  @mrxtask:839
[16:29:34.488] [lua] 0  @mrxtask:440
[16:29:34.497] [lua] Saving Missions.PmcCon015.PmcCon015Mission  @mrxtask:839
[16:29:34.505] [lua] 0  @mrxtask:440
[16:29:34.515] [lua] Saving Missions.ChiCon003.ChiCon003Mission  @mrxtask:839
[16:29:34.524] [lua] 0  @mrxtask:440
[16:29:34.534] [lua] Saving Missions.ChiCon008.ChiCon008Mission  @mrxtask:839
[16:29:34.541] [lua] 0  @mrxtask:440
[16:29:34.551] [lua] Saving Missions.GurJob006.GurJob006Mission  @mrxtask:839
[16:29:34.558] [lua] 0  @mrxtask:440
[16:29:34.568] [lua] Saving Missions.OilJob004.OilJob004Mission  @mrxtask:839
[16:29:34.576] [lua] 0  @mrxtask:440
[16:29:34.587] [lua] Saving Missions.PirCon002.PirCon002Mission  @mrxtask:839
[16:29:34.594] [lua] 0  @mrxtask:440
[16:29:34.604] [lua] Saving Missions.AllCon003.AllCon003Mission  @mrxtask:839
[16:29:34.612] [lua] 0  @mrxtask:440
[16:29:34.622] [lua] Saving Missions.PmcCon016.PmcCon016Mission  @mrxtask:839
[16:29:34.630] [lua] 0  @mrxtask:440
[16:29:34.640] [lua] Saving Missions.PmcCon032.PmcCon032Mission  @mrxtask:839
[16:29:34.648] [lua] 0  @mrxtask:440
[16:29:34.659] [lua] Saving Missions.OilCon001.OilCon001Mission  @mrxtask:839
[16:29:34.668] [lua] 0  @mrxtask:440
[16:29:34.677] [lua] Saving Missions.PmcCon013.PmcCon013Mission  @mrxtask:839
[16:29:34.684] [lua] 0  @mrxtask:440
[16:29:34.694] [lua] Saving Missions.GurJob001.GurJob001Mission  @mrxtask:839
[16:29:34.702] [lua] 0  @mrxtask:440
[16:29:34.711] [lua] Saving Missions.PmcCon034.PmcCon034Mission  @mrxtask:839
[16:29:34.718] [lua] 0  @mrxtask:440
[16:29:34.728] [lua] Equipment 1 - Parent userdata: 80006ED0 Reserve 4  @mrxplayer:1014
[16:29:34.738] [lua] Equipment 2 - Parent userdata: 8000569E Reserve 6  @mrxplayer:1014
[16:29:34.749] [lua] Equipment 3 - Parent userdata: 80005FD3 Reserve 244  @mrxplayer:1014
[16:29:34.760] [lua] Equipment 4 - Parent userdata: 80002331 Reserve 9  @mrxplayer:1014
[16:29:34.770] [lua] SaveSingleton VerifyManager  @mrxverifymanager:100
[16:29:34.782] [lua] @@@@@@@@@@ MrxState.Enter: state STATE_WAITFORSTREAMING (refcount=5)  @mrxstate:381
[16:29:34.782] [world] >>> @@@@@@@@@@ MrxState.Enter: state STATE_WAITFORSTREAMING (refcount=5)  @mrxstate:381
[16:29:34.792] [lua] 0  @mrxtask:440
[16:29:34.799] [lua] true  @mrxtask:291
[16:29:34.810] [lua] ###! GlobalEnter - Complete  @mrxstate:432
[16:29:34.810] [world] >>> ###! GlobalEnter - Complete  @mrxstate:432
[16:29:34.818] [lua] table:0x1EFA4300  @mrxmissionflow:169
[16:29:34.828] [lua] Unlocking mission GurCon005  @mrxmissionflow:201
[16:29:34.836] [lua] 0  @mrxtask:440
[16:29:34.844] [lua] 0  @mrxtask:440
[16:29:34.854] [lua] Adding GurCon005 as a child of Missions  @mrxtask:718
[16:29:34.861] [lua] true  @mrxtask:722
[16:29:34.870] [lua] 0  @mrxtask:440
[16:29:34.878] [lua] 0  @mrxtask:440
[16:29:34.888] [lua] Adding GurCon005Mission as a child of GurCon005  @mrxtask:718
[16:29:34.900] [lua] true  @mrxtask:722
[16:29:34.909] [lua] 0  @mrxtask:440
[16:29:34.917] [lua] true  @mrxtask:291
[16:29:34.927] [lua] Shop - Generating Shop List...  @mrxshop:286
[16:29:34.938] [lua] Shop - Faction Pmc has 10 items unlocked  @mrxshop:473
[16:29:34.950] [lua] Shop - Generating Shop List...  @mrxshop:286
[16:29:34.960] [lua] Shop - Faction Oil has 24 items unlocked  @mrxshop:473
[16:29:34.970] [lua] Shop - Generating Shop List...  @mrxshop:286
[16:29:34.980] [lua] Shop - Faction Gur has 28 items unlocked  @mrxshop:473
[16:29:34.991] [lua] Shop - Generating Shop List...  @mrxshop:286
[16:29:35.001] [lua] Shop - Faction Pir has 33 items unlocked  @mrxshop:473
[16:29:35.010] [lua] Shop - Generating Shop List...  @mrxshop:286
[16:29:35.020] [lua] Shop - Faction All has 37 items unlocked  @mrxshop:473
[16:29:35.030] [lua] Shop - Generating Shop List...  @mrxshop:286
[16:29:35.039] [lua] Shop - Faction Chi has 32 items unlocked  @mrxshop:473
[16:29:35.048] [lua] Shop - Generating Shop List...  @mrxshop:286
[16:29:35.058] [lua] Shop - Faction Pmc has 10 items unlocked  @mrxshop:473
[16:29:35.068] [lua] Shop - Generating Shop List...  @mrxshop:286
[16:29:35.078] [lua] Shop - Faction Oil has 24 items unlocked  @mrxshop:473
[16:29:35.088] [lua] Shop - Generating Shop List...  @mrxshop:286
[16:29:35.098] [lua] Shop - Faction Gur has 28 items unlocked  @mrxshop:473
[16:29:35.110] [lua] Shop - Generating Shop List...  @mrxshop:286
[16:29:35.121] [lua] Shop - Faction Pir has 33 items unlocked  @mrxshop:473
[16:29:35.130] [lua] Shop - Generating Shop List...  @mrxshop:286
[16:29:35.140] [lua] Shop - Faction All has 37 items unlocked  @mrxshop:473
[16:29:35.149] [lua] Shop - Generating Shop List...  @mrxshop:286
[16:29:35.159] [lua] Shop - Faction Chi has 32 items unlocked  @mrxshop:473
[16:29:35.167] [lua] 0  @mrxtask:440
[16:29:35.175] [lua] 0  @mrxtask:440
[16:29:35.185] [lua] Adding GurCon005Briefing as a child of GurCon005  @mrxtask:718
[16:29:35.192] [lua] true  @mrxtask:722
[16:29:35.200] [lua] 0  @mrxtask:440
[16:29:35.209] [lua] true  @mrxtask:291
[16:29:35.216] [lua] true  @mrxstarter:252
[16:29:35.225] [lua] Starter activated!  @mrxstarter:431
[16:29:35.235] [lua] HQ GurOutpost2 could not be retrieved  @mrxhqmanager:28
[16:29:35.245] [lua] Attempting to unlock HQ GurOutpost2  @mrxhqmanager:54
[16:29:35.255] [lua] Loading data for HQ GurOutpost2  @mrxhqmanager:59
[16:29:35.267] [lua] HQ GurOutpost2 setup complete  @mrxhqmanager:80
[16:29:35.277] [lua] @@@@@@@@@@ Disabling GurOutpost2 portal  @mrxhq:599
[16:29:35.289] [lua] GurOutpost2 Respawn set to true  @mrxhqmanager:184
[16:29:35.298] [lua] Creating DeathEvent for GurOutpost2(userdata: 000EB0CA)  @mrxhqmanager:146
[16:29:35.309] [lua] Adding GurStarter2 to HQ  @mrxhq:843
[16:29:35.317] [lua] 2  @mrxfactionmanager:505
[16:29:35.325] [lua] 2  @mrxfactionmanager:505
[16:29:35.334] [lua] @@@@@@@@@@ Enabling GurOutpost2 portal  @mrxhq:597
[16:29:35.342] [lua] 2  @mrxfactionmanager:505
[16:29:35.353] [lua] 2  @mrxfactionmanager:505
[16:29:35.363] [lua] @@@@@@@@@@ Enabling GurOutpost2 portal  @mrxhq:597
[16:29:35.372] [lua] 2  @mrxfactionmanager:505
[16:29:35.379] [lua] true  @mrxstarter:252
[16:29:35.388] [lua] 2  @mrxfactionmanager:505
[16:29:35.398] [lua] @@@@@@@@@@ Enabling GurOutpost2 portal  @mrxhq:597
[16:29:35.406] [lua] 2  @mrxfactionmanager:505
[16:29:35.414] [lua] table:0x1EFA4300  @mrxmissionflow:169
[16:29:35.429] [lua] Unlocking mission AllCon008  @mrxmissionflow:201
[16:29:35.439] [lua] 0  @mrxtask:440
[16:29:35.448] [lua] 0  @mrxtask:440
[16:29:35.461] [lua] Adding AllCon008 as a child of Missions  @mrxtask:718
[16:29:35.470] [lua] true  @mrxtask:722
[16:29:35.478] [lua] 0  @mrxtask:440
[16:29:35.487] [lua] 0  @mrxtask:440
[16:29:35.497] [lua] Adding AllCon008Mission as a child of AllCon008  @mrxtask:718
[16:29:35.505] [lua] true  @mrxtask:722
[16:29:35.513] [lua] 0  @mrxtask:440
[16:29:35.520] [lua] true  @mrxtask:291
[16:29:35.528] [lua] 0  @mrxtask:440
[16:29:35.537] [lua] 0  @mrxtask:440
[16:29:35.546] [lua] Adding AllCon008Briefing as a child of AllCon008  @mrxtask:718
[16:29:35.555] [lua] true  @mrxtask:722
[16:29:35.565] [lua] 0  @mrxtask:440
[16:29:35.573] [lua] true  @mrxtask:291
[16:29:35.582] [lua] true  @mrxstarter:252
[16:29:35.596] [lua] Starter activated!  @mrxstarter:431
[16:29:35.607] [lua] HQ AllOutpost2 could not be retrieved  @mrxhqmanager:28
[16:29:35.616] [lua] Attempting to unlock HQ AllOutpost2  @mrxhqmanager:54
[16:29:35.627] [lua] Loading data for HQ AllOutpost2  @mrxhqmanager:59
[16:29:35.637] [lua] HQ AllOutpost2 setup complete  @mrxhqmanager:80
[16:29:35.646] [lua] @@@@@@@@@@ Disabling AllOutpost2 portal  @mrxhq:599
[16:29:35.657] [lua] AllOutpost2 Respawn set to true  @mrxhqmanager:184
[16:29:35.667] [lua] Creating DeathEvent for AllOutpost2(userdata: 000EB0D7)  @mrxhqmanager:146
[16:29:35.677] [lua] Adding AllStarter2 to HQ  @mrxhq:843
[16:29:35.687] [lua] 2  @mrxfactionmanager:505
[16:29:35.695] [lua] 2  @mrxfactionmanager:505
[16:29:35.704] [lua] @@@@@@@@@@ Enabling AllOutpost2 portal  @mrxhq:597
[16:29:35.712] [lua] 2  @mrxfactionmanager:505
[16:29:35.720] [lua] 2  @mrxfactionmanager:505
[16:29:35.731] [lua] @@@@@@@@@@ Enabling AllOutpost2 portal  @mrxhq:597
[16:29:35.739] [lua] 2  @mrxfactionmanager:505
[16:29:35.747] [lua] true  @mrxstarter:252
[16:29:35.755] [lua] 2  @mrxfactionmanager:505
[16:29:35.765] [lua] @@@@@@@@@@ Enabling AllOutpost2 portal  @mrxhq:597
[16:29:35.773] [lua] 2  @mrxfactionmanager:505
[16:29:35.781] [lua] table:0x1EFA4300  @mrxmissionflow:169
[16:29:35.792] [lua] Unlocking mission PmcCon031  @mrxmissionflow:201
[16:29:35.799] [lua] 0  @mrxtask:440
[16:29:35.808] [lua] 0  @mrxtask:440
[16:29:35.818] [lua] Adding PmcCon031 as a child of Missions  @mrxtask:718
[16:29:35.825] [lua] true  @mrxtask:722
[16:29:35.833] [lua] 0  @mrxtask:440
[16:29:35.843] [lua] 0  @mrxtask:440
[16:29:35.853] [lua] Adding PmcCon031Mission as a child of PmcCon031  @mrxtask:718
[16:29:35.861] [lua] true  @mrxtask:722
[16:29:35.869] [lua] 0  @mrxtask:440
[16:29:35.877] [lua] true  @mrxtask:291
[16:29:35.885] [lua] 0  @mrxtask:440
[16:29:35.893] [lua] 0  @mrxtask:440
[16:29:35.904] [lua] Adding PmcCon031Briefing as a child of PmcCon031  @mrxtask:718
[16:29:35.912] [lua] true  @mrxtask:722
[16:29:35.919] [lua] 0  @mrxtask:440
[16:29:35.928] [lua] true  @mrxtask:291
[16:29:35.939] [lua] true  @mrxstarter:252
[16:29:35.948] [lua] table:0x1EFA4300  @mrxmissionflow:169
[16:29:35.957] [lua] Unlocking mission GurCon003  @mrxmissionflow:201
[16:29:35.965] [lua] 0  @mrxtask:440
[16:29:35.973] [lua] 0  @mrxtask:440
[16:29:35.983] [lua] Adding GurCon003 as a child of Missions  @mrxtask:718
[16:29:35.991] [lua] true  @mrxtask:722
[16:29:35.999] [lua] 0  @mrxtask:440
[16:29:36.007] [lua] 0  @mrxtask:440
[16:29:36.017] [lua] Adding GurCon003Mission as a child of GurCon003  @mrxtask:718
[16:29:36.025] [lua] true  @mrxtask:722
[16:29:36.032] [lua] 0  @mrxtask:440
[16:29:36.041] [lua] true  @mrxtask:291
[16:29:36.049] [lua] 0  @mrxtask:440
[16:29:36.057] [lua] 0  @mrxtask:440
[16:29:36.066] [lua] Adding GurCon003Briefing as a child of GurCon003  @mrxtask:718
[16:29:36.074] [lua] true  @mrxtask:722
[16:29:36.081] [lua] 0  @mrxtask:440
[16:29:36.089] [lua] true  @mrxtask:291
[16:29:36.097] [lua] true  @mrxstarter:252
[16:29:36.107] [lua] Starter activated!  @mrxstarter:431
[16:29:36.116] [lua] HQ GurOutpost5 could not be retrieved  @mrxhqmanager:28
[16:29:36.125] [lua] Attempting to unlock HQ GurOutpost5  @mrxhqmanager:54
[16:29:36.135] [lua] Loading data for HQ GurOutpost5  @mrxhqmanager:59
[16:29:36.144] [lua] HQ GurOutpost5 setup complete  @mrxhqmanager:80
[16:29:36.154] [lua] @@@@@@@@@@ Disabling GurOutpost5 portal  @mrxhq:599
[16:29:36.164] [lua] GurOutpost5 Respawn set to true  @mrxhqmanager:184
[16:29:36.173] [lua] Creating DeathEvent for GurOutpost5(userdata: 000EF342)  @mrxhqmanager:146
[16:29:36.184] [lua] Adding GurStarter5 to HQ  @mrxhq:843
[16:29:36.192] [lua] 2  @mrxfactionmanager:505
[16:29:36.201] [lua] 2  @mrxfactionmanager:505
[16:29:36.211] [lua] @@@@@@@@@@ Enabling GurOutpost5 portal  @mrxhq:597
[16:29:36.219] [lua] 2  @mrxfactionmanager:505
[16:29:36.228] [lua] 2  @mrxfactionmanager:505
[16:29:36.237] [lua] @@@@@@@@@@ Enabling GurOutpost5 portal  @mrxhq:597
[16:29:36.245] [lua] 2  @mrxfactionmanager:505
[16:29:36.253] [lua] true  @mrxstarter:252
[16:29:36.261] [lua] 2  @mrxfactionmanager:505
[16:29:36.271] [lua] @@@@@@@@@@ Enabling GurOutpost5 portal  @mrxhq:597
[16:29:36.278] [lua] 2  @mrxfactionmanager:505
[16:29:36.287] [lua] table:0x1EFA4300  @mrxmissionflow:169
[16:29:36.297] [lua] Unlocking mission PirCon001  @mrxmissionflow:201
[16:29:36.306] [lua] 0  @mrxtask:440
[16:29:36.313] [lua] 0  @mrxtask:440
[16:29:36.323] [lua] Adding PirCon001 as a child of Missions  @mrxtask:718
[16:29:36.331] [lua] true  @mrxtask:722
[16:29:36.340] [lua] 0  @mrxtask:440
[16:29:36.349] [lua] 0  @mrxtask:440
[16:29:36.359] [lua] Adding PirCon001Mission as a child of PirCon001  @mrxtask:718
[16:29:36.367] [lua] true  @mrxtask:722
[16:29:36.375] [lua] 0  @mrxtask:440
[16:29:36.383] [lua] true  @mrxtask:291
[16:29:36.390] [lua] 0  @mrxtask:440
[16:29:36.398] [lua] 0  @mrxtask:440
[16:29:36.408] [lua] Adding PirCon001Briefing as a child of PirCon001  @mrxtask:718
[16:29:36.416] [lua] true  @mrxtask:722
[16:29:36.424] [lua] 0  @mrxtask:440
[16:29:36.432] [lua] true  @mrxtask:291
[16:29:36.441] [lua] true  @mrxstarter:252
[16:29:36.448] [lua] 2  @mrxfactionmanager:505
[16:29:36.459] [lua] @@@@@@@@@@ Enabling PirOutpost1 portal  @mrxhq:597
[16:29:36.468] [lua] 2  @mrxfactionmanager:505
[16:29:36.478] [lua] !!!!!!!!!!! CLIENT WON'T SEE THIS ... Could not find marker Minimap_Icon_Faction_PR in Radar table  @mrxutil:1356
[16:29:36.486] [lua] table:0x1EFA4300  @mrxmissionflow:169
[16:29:36.496] [lua] Unlocking mission PmcCon018  @mrxmissionflow:201
[16:29:36.504] [lua] 0  @mrxtask:440
[16:29:36.513] [lua] 0  @mrxtask:440
[16:29:36.524] [lua] Adding PmcCon018 as a child of Missions  @mrxtask:718
[16:29:36.532] [lua] true  @mrxtask:722
[16:29:36.541] [lua] 0  @mrxtask:440
[16:29:36.549] [lua] 0  @mrxtask:440
[16:29:36.558] [lua] Adding PmcCon018Mission as a child of PmcCon018  @mrxtask:718
[16:29:36.566] [lua] true  @mrxtask:722
[16:29:36.574] [lua] 0  @mrxtask:440
[16:29:36.582] [lua] true  @mrxtask:291
[16:29:36.590] [lua] 0  @mrxtask:440
[16:29:36.598] [lua] 0  @mrxtask:440
[16:29:36.607] [lua] Adding PmcCon018Briefing as a child of PmcCon018  @mrxtask:718
[16:29:36.615] [lua] true  @mrxtask:722
[16:29:36.623] [lua] 0  @mrxtask:440
[16:29:36.630] [lua] true  @mrxtask:291
[16:29:36.638] [lua] true  @mrxstarter:252
[16:29:36.648] [lua] Starter activated!  @mrxstarter:431
[16:29:36.656] [lua] true  @mrxstarter:252
[16:29:36.664] [lua] table:0x1EFA4300  @mrxmissionflow:169
[16:29:36.674] [lua] Unlocking mission PmcCon033  @mrxmissionflow:201
[16:29:36.682] [lua] 0  @mrxtask:440
[16:29:36.689] [lua] 0  @mrxtask:440
[16:29:36.699] [lua] Adding PmcCon033 as a child of Missions  @mrxtask:718
[16:29:36.707] [lua] true  @mrxtask:722
[16:29:36.715] [lua] 0  @mrxtask:440
[16:29:36.723] [lua] 0  @mrxtask:440
[16:29:36.733] [lua] Adding PmcCon033Mission as a child of PmcCon033  @mrxtask:718
[16:29:36.741] [lua] true  @mrxtask:722
[16:29:36.749] [lua] 0  @mrxtask:440
[16:29:36.756] [lua] true  @mrxtask:291
[16:29:36.764] [lua] 0  @mrxtask:440
[16:29:36.772] [lua] 0  @mrxtask:440
[16:29:36.781] [lua] Adding PmcCon033Briefing as a child of PmcCon033  @mrxtask:718
[16:29:36.789] [lua] true  @mrxtask:722
[16:29:36.797] [lua] 0  @mrxtask:440
[16:29:36.805] [lua] true  @mrxtask:291
[16:29:36.812] [lua] true  @mrxstarter:252
[16:29:36.823] [lua] table:0x1EFA4300  @mrxmissionflow:169
[16:29:36.832] [lua] Unlocking mission PirCon003  @mrxmissionflow:201
[16:29:36.840] [lua] 0  @mrxtask:440
[16:29:36.848] [lua] 0  @mrxtask:440
[16:29:36.858] [lua] Adding PirCon003 as a child of Missions  @mrxtask:718
[16:29:36.865] [lua] true  @mrxtask:722
[16:29:36.873] [lua] 0  @mrxtask:440
[16:29:36.881] [lua] 0  @mrxtask:440
[16:29:36.891] [lua] Adding PirCon003Mission as a child of PirCon003  @mrxtask:718
[16:29:36.898] [lua] true  @mrxtask:722
[16:29:36.906] [lua] 0  @mrxtask:440
[16:29:36.914] [lua] true  @mrxtask:291
[16:29:36.922] [lua] 0  @mrxtask:440
[16:29:36.930] [lua] 0  @mrxtask:440
[16:29:36.939] [lua] Adding PirCon003Briefing as a child of PirCon003  @mrxtask:718
[16:29:36.947] [lua] true  @mrxtask:722
[16:29:36.955] [lua] 0  @mrxtask:440
[16:29:36.962] [lua] true  @mrxtask:291
[16:29:36.970] [lua] true  @mrxstarter:252
[16:29:36.979] [lua] Starter activated!  @mrxstarter:431
[16:29:36.989] [lua] HQ PirOutpost3 could not be retrieved  @mrxhqmanager:28
[16:29:36.998] [lua] Attempting to unlock HQ PirOutpost3  @mrxhqmanager:54
[16:29:37.008] [lua] Loading data for HQ PirOutpost3  @mrxhqmanager:59
[16:29:37.018] [lua] HQ PirOutpost3 setup complete  @mrxhqmanager:80
[16:29:37.027] [lua] @@@@@@@@@@ Disabling PirOutpost3 portal  @mrxhq:599
[16:29:37.037] [lua] PirOutpost3 Respawn set to true  @mrxhqmanager:184
[16:29:37.046] [lua] Creating DeathEvent for PirOutpost3(userdata: 000EB0DE)  @mrxhqmanager:146
[16:29:37.055] [lua] Adding PirStarter3 to HQ  @mrxhq:843
[16:29:37.063] [lua] 2  @mrxfactionmanager:505
[16:29:37.071] [lua] 2  @mrxfactionmanager:505
[16:29:37.080] [lua] @@@@@@@@@@ Enabling PirOutpost3 portal  @mrxhq:597
[16:29:37.088] [lua] 2  @mrxfactionmanager:505
[16:29:37.096] [lua] 2  @mrxfactionmanager:505
[16:29:37.105] [lua] @@@@@@@@@@ Enabling PirOutpost3 portal  @mrxhq:597
[16:29:37.113] [lua] 2  @mrxfactionmanager:505
[16:29:37.121] [lua] true  @mrxstarter:252
[16:29:37.128] [lua] 2  @mrxfactionmanager:505
[16:29:37.138] [lua] @@@@@@@@@@ Enabling PirOutpost3 portal  @mrxhq:597
[16:29:37.147] [lua] 2  @mrxfactionmanager:505
[16:29:37.155] [lua] 2  @mrxfactionmanager:505
[16:29:37.165] [lua] @@@@@@@@@@ Enabling PirOutpost3 portal  @mrxhq:597
[16:29:37.172] [lua] 2  @mrxfactionmanager:505
[16:29:37.180] [lua] true  @mrxstarter:252
[16:29:37.189] [lua] Starter activated!  @mrxstarter:431
[16:29:37.203] [lua] HQ AllOutpost4 could not be retrieved  @mrxhqmanager:28
[16:29:37.212] [lua] Attempting to unlock HQ AllOutpost4  @mrxhqmanager:54
[16:29:37.221] [lua] Loading data for HQ AllOutpost4  @mrxhqmanager:59
[16:29:37.230] [lua] HQ AllOutpost4 setup complete  @mrxhqmanager:80
[16:29:37.240] [lua] @@@@@@@@@@ Disabling AllOutpost4 portal  @mrxhq:599
[16:29:37.249] [lua] AllOutpost4 Respawn set to true  @mrxhqmanager:184
[16:29:37.258] [lua] Creating DeathEvent for AllOutpost4(userdata: 000EF536)  @mrxhqmanager:146
[16:29:37.268] [lua] Adding AllStarter4 to HQ  @mrxhq:843
[16:29:37.276] [lua] 2  @mrxfactionmanager:505
[16:29:37.283] [lua] 2  @mrxfactionmanager:505
[16:29:37.292] [lua] @@@@@@@@@@ Enabling AllOutpost4 portal  @mrxhq:597
[16:29:37.300] [lua] 2  @mrxfactionmanager:505
[16:29:37.308] [lua] 2  @mrxfactionmanager:505
[16:29:37.317] [lua] @@@@@@@@@@ Enabling AllOutpost4 portal  @mrxhq:597
[16:29:37.325] [lua] 2  @mrxfactionmanager:505
[16:29:37.334] [lua] 2  @mrxfactionmanager:505
[16:29:37.343] [lua] @@@@@@@@@@ Enabling AllOutpost4 portal  @mrxhq:597
[16:29:37.352] [lua] 2  @mrxfactionmanager:505
[16:29:37.359] [lua] true  @mrxstarter:252
[16:29:37.370] [lua] Starter activated!  @mrxstarter:431
[16:29:37.380] [lua] HQ GurHq could not be retrieved  @mrxhqmanager:28
[16:29:37.389] [lua] Attempting to unlock HQ GurHq  @mrxhqmanager:54
[16:29:37.398] [lua] Loading data for HQ GurHq  @mrxhqmanager:59
[16:29:37.408] [lua] HQ GurHq setup complete  @mrxhqmanager:80
[16:29:37.418] [lua] @@@@@@@@@@ Disabling GurHq portal  @mrxhq:599
[16:29:37.428] [lua] GurHq Respawn set to true  @mrxhqmanager:184
[16:29:37.438] [lua] Creating DeathEvent for GurHq(userdata: 000DF564)  @mrxhqmanager:146
[16:29:37.447] [lua] Adding GurStarter0 to HQ  @mrxhq:843
[16:29:37.456] [lua] 3  @mrxfactionmanager:505
[16:29:37.465] [lua] @@@@@@@@@@ Enabling GurHq portal  @mrxhq:597
[16:29:37.473] [lua] 3  @mrxfactionmanager:505
[16:29:37.481] [lua] 3  @mrxfactionmanager:505
[16:29:37.490] [lua] @@@@@@@@@@ Enabling GurHq portal  @mrxhq:597
[16:29:37.498] [lua] 3  @mrxfactionmanager:505
[16:29:37.506] [lua] 2  @mrxfactionmanager:505
[16:29:37.515] [lua] @@@@@@@@@@ Enabling OilOutpost3 portal  @mrxhq:597
[16:29:37.523] [lua] 2  @mrxfactionmanager:505
[16:29:37.531] [lua] 2  @mrxfactionmanager:505
[16:29:37.541] [lua] @@@@@@@@@@ Enabling ChiOutpost2 portal  @mrxhq:597
[16:29:37.548] [lua] 2  @mrxfactionmanager:505
[16:29:37.557] [lua] true  @mrxstarter:252
[16:29:37.566] [lua] Starter activated!  @mrxstarter:431
[16:29:37.576] [lua] HQ GurOutpost1 could not be retrieved  @mrxhqmanager:28
[16:29:37.586] [lua] Attempting to unlock HQ GurOutpost1  @mrxhqmanager:54
[16:29:37.595] [lua] Loading data for HQ GurOutpost1  @mrxhqmanager:59
[16:29:37.605] [lua] HQ GurOutpost1 setup complete  @mrxhqmanager:80
[16:29:37.615] [lua] @@@@@@@@@@ Disabling GurOutpost1 portal  @mrxhq:599
[16:29:37.624] [lua] GurOutpost1 Respawn set to true  @mrxhqmanager:184
[16:29:37.637] [lua] Creating DeathEvent for GurOutpost1(userdata: 000CD08E)  @mrxhqmanager:146
[16:29:37.646] [lua] Adding GurStarter1 to HQ  @mrxhq:843
[16:29:37.654] [lua] 2  @mrxfactionmanager:505
[16:29:37.663] [lua] @@@@@@@@@@ Enabling GurOutpost1 portal  @mrxhq:597
[16:29:37.671] [lua] 2  @mrxfactionmanager:505
[16:29:37.679] [lua] 2  @mrxfactionmanager:505
[16:29:37.688] [lua] @@@@@@@@@@ Enabling GurOutpost1 portal  @mrxhq:597
[16:29:37.696] [lua] 2  @mrxfactionmanager:505
[16:29:37.705] [lua] 3  @mrxfactionmanager:505
[16:29:37.714] [lua] @@@@@@@@@@ Enabling OilHq portal  @mrxhq:597
[16:29:37.722] [lua] 3  @mrxfactionmanager:505
[16:29:37.729] [lua] true  @mrxstarter:252
[16:29:37.738] [lua] Starter activated!  @mrxstarter:431
[16:29:37.748] [lua] HQ ChiOutpost1 could not be retrieved  @mrxhqmanager:28
[16:29:37.757] [lua] Attempting to unlock HQ ChiOutpost1  @mrxhqmanager:54
[16:29:37.767] [lua] Loading data for HQ ChiOutpost1  @mrxhqmanager:59
[16:29:37.777] [lua] HQ ChiOutpost1 setup complete  @mrxhqmanager:80
[16:29:37.786] [lua] @@@@@@@@@@ Disabling ChiOutpost1 portal  @mrxhq:599
[16:29:37.795] [lua] ChiOutpost1 Respawn set to true  @mrxhqmanager:184
[16:29:37.805] [lua] Creating DeathEvent for ChiOutpost1(userdata: 000B8751)  @mrxhqmanager:146
[16:29:37.814] [lua] Adding ChiStarter1 to HQ  @mrxhq:843
[16:29:37.822] [lua] 2  @mrxfactionmanager:505
[16:29:37.832] [lua] @@@@@@@@@@ Enabling ChiOutpost1 portal  @mrxhq:597
[16:29:37.840] [lua] 2  @mrxfactionmanager:505
[16:29:37.847] [lua] 2  @mrxfactionmanager:505
[16:29:37.857] [lua] @@@@@@@@@@ Enabling ChiOutpost1 portal  @mrxhq:597
[16:29:37.864] [lua] 2  @mrxfactionmanager:505
[16:29:37.872] [lua] true  @mrxstarter:252
[16:29:37.881] [lua] Starter activated!  @mrxstarter:431
[16:29:37.891] [lua] HQ OilOutpost4 could not be retrieved  @mrxhqmanager:28
[16:29:37.900] [lua] Attempting to unlock HQ OilOutpost4  @mrxhqmanager:54
[16:29:37.910] [lua] Loading data for HQ OilOutpost4  @mrxhqmanager:59
[16:29:37.919] [lua] HQ OilOutpost4 setup complete  @mrxhqmanager:80
[16:29:37.928] [lua] @@@@@@@@@@ Disabling OilOutpost4 portal  @mrxhq:599
[16:29:37.938] [lua] OilOutpost4 Respawn set to true  @mrxhqmanager:184
[16:29:37.947] [lua] Creating DeathEvent for OilOutpost4(userdata: 000EB0DC)  @mrxhqmanager:146
[16:29:37.956] [lua] Adding OilStarter4 to HQ  @mrxhq:843
[16:29:37.964] [lua] 2  @mrxfactionmanager:505
[16:29:37.972] [lua] 2  @mrxfactionmanager:505
[16:29:37.981] [lua] @@@@@@@@@@ Enabling OilOutpost4 portal  @mrxhq:597
[16:29:37.994] [lua] 2  @mrxfactionmanager:505
[16:29:38.002] [lua] 2  @mrxfactionmanager:505
[16:29:38.012] [lua] @@@@@@@@@@ Enabling OilOutpost4 portal  @mrxhq:597
[16:29:38.019] [lua] 2  @mrxfactionmanager:505
[16:29:38.027] [lua] 2  @mrxfactionmanager:505
[16:29:38.039] [lua] @@@@@@@@@@ Enabling OilOutpost4 portal  @mrxhq:597
[16:29:38.046] [lua] 2  @mrxfactionmanager:505
[16:29:38.055] [lua] true  @mrxstarter:252
[16:29:38.064] [lua] Starter activated!  @mrxstarter:431
[16:29:38.073] [lua] HQ OilOutpost2 could not be retrieved  @mrxhqmanager:28
[16:29:38.082] [lua] Attempting to unlock HQ OilOutpost2  @mrxhqmanager:54
[16:29:38.091] [lua] Loading data for HQ OilOutpost2  @mrxhqmanager:59
[16:29:38.100] [lua] HQ OilOutpost2 setup complete  @mrxhqmanager:80
[16:29:38.110] [lua] @@@@@@@@@@ Disabling OilOutpost2 portal  @mrxhq:599
[16:29:38.120] [lua] OilOutpost2 Respawn set to true  @mrxhqmanager:184
[16:29:38.129] [lua] Creating DeathEvent for OilOutpost2(userdata: 0012FD69)  @mrxhqmanager:146
[16:29:38.138] [lua] Adding OilStarter2 to HQ  @mrxhq:843
[16:29:38.146] [lua] 2  @mrxfactionmanager:505
[16:29:38.154] [lua] 2  @mrxfactionmanager:505
[16:29:38.164] [lua] @@@@@@@@@@ Enabling OilOutpost2 portal  @mrxhq:597
[16:29:38.172] [lua] 2  @mrxfactionmanager:505
[16:29:38.180] [lua] 2  @mrxfactionmanager:505
[16:29:38.190] [lua] @@@@@@@@@@ Enabling OilOutpost2 portal  @mrxhq:597
[16:29:38.198] [lua] 2  @mrxfactionmanager:505
[16:29:38.206] [lua] 2  @mrxfactionmanager:505
[16:29:38.215] [lua] @@@@@@@@@@ Enabling OilOutpost2 portal  @mrxhq:597
[16:29:38.223] [lua] 2  @mrxfactionmanager:505
[16:29:38.231] [lua] true  @mrxstarter:252
[16:29:38.240] [lua] Starter activated!  @mrxstarter:431
[16:29:38.249] [lua] HQ OilOutpost1 could not be retrieved  @mrxhqmanager:28
[16:29:38.258] [lua] Attempting to unlock HQ OilOutpost1  @mrxhqmanager:54
[16:29:38.268] [lua] Loading data for HQ OilOutpost1  @mrxhqmanager:59
[16:29:38.278] [lua] HQ OilOutpost1 setup complete  @mrxhqmanager:80
[16:29:38.288] [lua] @@@@@@@@@@ Disabling OilOutpost1 portal  @mrxhq:599
[16:29:38.297] [lua] OilOutpost1 Respawn set to true  @mrxhqmanager:184
[16:29:38.306] [lua] Creating DeathEvent for OilOutpost1(userdata: 000EB0FB)  @mrxhqmanager:146
[16:29:38.315] [lua] Adding OilStarter1 to HQ  @mrxhq:843
[16:29:38.324] [lua] 2  @mrxfactionmanager:505
[16:29:38.333] [lua] @@@@@@@@@@ Enabling OilOutpost1 portal  @mrxhq:597
[16:29:38.341] [lua] 2  @mrxfactionmanager:505
[16:29:38.354] [lua] 2  @mrxfactionmanager:505
[16:29:38.363] [lua] @@@@@@@@@@ Enabling OilOutpost1 portal  @mrxhq:597
[16:29:38.371] [lua] 2  @mrxfactionmanager:505
[16:29:38.379] [lua] true  @mrxstarter:252
[16:29:38.389] [lua] Starter activated!  @mrxstarter:431
[16:29:38.398] [lua] HQ ChiOutpost3 could not be retrieved  @mrxhqmanager:28
[16:29:38.407] [lua] Attempting to unlock HQ ChiOutpost3  @mrxhqmanager:54
[16:29:38.416] [lua] Loading data for HQ ChiOutpost3  @mrxhqmanager:59
[16:29:38.425] [lua] HQ ChiOutpost3 setup complete  @mrxhqmanager:80
[16:29:38.435] [lua] @@@@@@@@@@ Disabling ChiOutpost3 portal  @mrxhq:599
[16:29:38.444] [lua] ChiOutpost3 Respawn set to true  @mrxhqmanager:184
[16:29:38.454] [lua] Creating DeathEvent for ChiOutpost3(userdata: 000EBC2F)  @mrxhqmanager:146
[16:29:38.463] [lua] Adding ChiStarter3 to HQ  @mrxhq:843
[16:29:38.471] [lua] 2  @mrxfactionmanager:505
[16:29:38.478] [lua] 2  @mrxfactionmanager:505
[16:29:38.488] [lua] @@@@@@@@@@ Enabling ChiOutpost3 portal  @mrxhq:597
[16:29:38.496] [lua] 2  @mrxfactionmanager:505
[16:29:38.504] [lua] 2  @mrxfactionmanager:505
[16:29:38.513] [lua] @@@@@@@@@@ Enabling ChiOutpost3 portal  @mrxhq:597
[16:29:38.521] [lua] 2  @mrxfactionmanager:505
[16:29:38.528] [lua] 2  @mrxfactionmanager:505
[16:29:38.538] [lua] @@@@@@@@@@ Enabling ChiOutpost3 portal  @mrxhq:597
[16:29:38.546] [lua] 2  @mrxfactionmanager:505
[16:29:38.554] [lua] true  @mrxstarter:252
[16:29:38.563] [lua] Starter activated!  @mrxstarter:431
[16:29:38.572] [lua] HQ AllOutpost3 could not be retrieved  @mrxhqmanager:28
[16:29:38.582] [lua] Attempting to unlock HQ AllOutpost3  @mrxhqmanager:54
[16:29:38.591] [lua] Loading data for HQ AllOutpost3  @mrxhqmanager:59
[16:29:38.601] [lua] HQ AllOutpost3 setup complete  @mrxhqmanager:80
[16:29:38.610] [lua] @@@@@@@@@@ Disabling AllOutpost3 portal  @mrxhq:599
[16:29:38.619] [lua] AllOutpost3 Respawn set to true  @mrxhqmanager:184
[16:29:38.629] [lua] Creating DeathEvent for AllOutpost3(userdata: 000EB10A)  @mrxhqmanager:146
[16:29:38.639] [lua] Adding AllStarter3 to HQ  @mrxhq:843
[16:29:38.646] [lua] 2  @mrxfactionmanager:505
[16:29:38.655] [lua] 2  @mrxfactionmanager:505
[16:29:38.664] [lua] @@@@@@@@@@ Enabling AllOutpost3 portal  @mrxhq:597
[16:29:38.672] [lua] 2  @mrxfactionmanager:505
[16:29:38.680] [lua] 2  @mrxfactionmanager:505
[16:29:38.689] [lua] @@@@@@@@@@ Enabling AllOutpost3 portal  @mrxhq:597
[16:29:38.697] [lua] 2  @mrxfactionmanager:505
[16:29:38.705] [lua] 2  @mrxfactionmanager:505
[16:29:38.714] [lua] @@@@@@@@@@ Enabling AllOutpost3 portal  @mrxhq:597
[16:29:38.722] [lua] 2  @mrxfactionmanager:505
[16:29:38.730] [lua] 2  @mrxfactionmanager:505
[16:29:38.739] [lua] @@@@@@@@@@ Enabling PirOutpost1 portal  @mrxhq:597
[16:29:38.747] [lua] 2  @mrxfactionmanager:505
[16:29:38.756] [lua] !!!!!!!!!!! CLIENT WON'T SEE THIS ... Could not find marker Minimap_Icon_Faction_PR in Radar table  @mrxutil:1356
[16:29:38.764] [lua] true  @mrxstarter:252
[16:29:38.773] [lua] Starter activated!  @mrxstarter:431
[16:29:38.783] [lua] HQ AllOutpost1 could not be retrieved  @mrxhqmanager:28
[16:29:38.793] [lua] Attempting to unlock HQ AllOutpost1  @mrxhqmanager:54
[16:29:38.802] [lua] Loading data for HQ AllOutpost1  @mrxhqmanager:59
[16:29:38.811] [lua] HQ AllOutpost1 setup complete  @mrxhqmanager:80
[16:29:38.822] [lua] @@@@@@@@@@ Disabling AllOutpost1 portal  @mrxhq:599
[16:29:38.832] [lua] AllOutpost1 Respawn set to true  @mrxhqmanager:184
[16:29:38.845] [lua] Creating DeathEvent for AllOutpost1(userdata: 000E752A)  @mrxhqmanager:146
[16:29:38.854] [lua] Adding AllStarter1 to HQ  @mrxhq:843
[16:29:38.861] [lua] 2  @mrxfactionmanager:505
[16:29:38.871] [lua] @@@@@@@@@@ Enabling AllOutpost1 portal  @mrxhq:597
[16:29:38.878] [lua] 2  @mrxfactionmanager:505
[16:29:38.886] [lua] 2  @mrxfactionmanager:505
[16:29:38.896] [lua] @@@@@@@@@@ Enabling AllOutpost1 portal  @mrxhq:597
[16:29:38.904] [lua] 2  @mrxfactionmanager:505
[16:29:38.912] [lua] 2  @mrxfactionmanager:505
[16:29:38.922] [lua] @@@@@@@@@@ Enabling AllOutpost2 portal  @mrxhq:597
[16:29:38.930] [lua] 2  @mrxfactionmanager:505
[16:29:38.938] [lua] 2  @mrxfactionmanager:505
[16:29:38.947] [lua] @@@@@@@@@@ Enabling GurOutpost5 portal  @mrxhq:597
[16:29:38.955] [lua] 2  @mrxfactionmanager:505
[16:29:38.963] [lua] 3  @mrxfactionmanager:505
[16:29:38.973] [lua] @@@@@@@@@@ Enabling AllHq portal  @mrxhq:597
[16:29:38.980] [lua] 3  @mrxfactionmanager:505
[16:29:38.988] [lua] 2  @mrxfactionmanager:505
[16:29:38.997] [lua] @@@@@@@@@@ Enabling GurOutpost2 portal  @mrxhq:597
[16:29:39.006] [lua] 2  @mrxfactionmanager:505
[16:29:39.014] [lua] true  @mrxstarter:252
[16:29:39.023] [lua] Starter activated!  @mrxstarter:431
[16:29:39.032] [lua] HQ GurOutpost4 could not be retrieved  @mrxhqmanager:28
[16:29:39.042] [lua] Attempting to unlock HQ GurOutpost4  @mrxhqmanager:54
[16:29:39.051] [lua] Loading data for HQ GurOutpost4  @mrxhqmanager:59
[16:29:39.061] [lua] HQ GurOutpost4 setup complete  @mrxhqmanager:80
[16:29:39.071] [lua] @@@@@@@@@@ Disabling GurOutpost4 portal  @mrxhq:599
[16:29:39.081] [lua] GurOutpost4 Respawn set to true  @mrxhqmanager:184
[16:29:39.091] [lua] Creating DeathEvent for GurOutpost4(userdata: 000EB0C5)  @mrxhqmanager:146
[16:29:39.100] [lua] Adding GurStarter4 to HQ  @mrxhq:843
[16:29:39.108] [lua] 2  @mrxfactionmanager:505
[16:29:39.116] [lua] 2  @mrxfactionmanager:505
[16:29:39.125] [lua] @@@@@@@@@@ Enabling GurOutpost4 portal  @mrxhq:597
[16:29:39.133] [lua] 2  @mrxfactionmanager:505
[16:29:39.141] [lua] 2  @mrxfactionmanager:505
[16:29:39.150] [lua] @@@@@@@@@@ Enabling GurOutpost4 portal  @mrxhq:597
[16:29:39.162] [lua] 2  @mrxfactionmanager:505
[16:29:39.170] [lua] 2  @mrxfactionmanager:505
[16:29:39.179] [lua] @@@@@@@@@@ Enabling GurOutpost4 portal  @mrxhq:597
[16:29:39.187] [lua] 2  @mrxfactionmanager:505
[16:29:39.195] [lua] 2  @mrxfactionmanager:505
[16:29:39.205] [lua] @@@@@@@@@@ Enabling ChiOutpost4 portal  @mrxhq:597
[16:29:39.213] [lua] 2  @mrxfactionmanager:505
[16:29:39.221] [lua] 3  @mrxfactionmanager:505
[16:29:39.230] [lua] @@@@@@@@@@ Enabling ChiHq portal  @mrxhq:597
[16:29:39.238] [lua] 3  @mrxfactionmanager:505
[16:29:39.248] [lua] 2  @mrxfactionmanager:505
[16:29:39.257] [lua] @@@@@@@@@@ Enabling PirOutpost4 portal  @mrxhq:597
[16:29:39.265] [lua] 2  @mrxfactionmanager:505
[16:29:39.275] [lua] LoadSingleton VerifyManager  @mrxverifymanager:93
[16:29:39.284] [lua] @@@@@@@@@@ MrxMissionFlow.Refresh: setting refresh callback  @mrxmissionflow:845
[16:29:39.293] [lua] Refreshing (4 bindings)...  @mrxmissionflow:863
[16:29:39.302] [lua] No additional actions taken.  @mrxmissionflow:935
[16:29:39.312] [lua] @@@@@@@@@@ _EndBlockingSequence: _bDoMissionAutosave=nil  @mrxmissionflow:1361
[16:29:39.321] [lua] @@@@@@@@@@ MrxState.Exit: state STATE_WAITFORGAME (refcount=0)  @mrxstate:476
[16:29:39.322] [world] >>> @@@@@@@@@@ MrxState.Exit: state STATE_WAITFORGAME (refcount=0)  @mrxstate:476
[16:29:39.332] [lua] @@@@@@@@@@ MrxState._AttemptGlobalExit  @mrxstate:495
[16:29:39.348] [lua] @@@@@@@@@@ MrxState._AttemptGlobalExit:  state STATE_WAITFORSTREAMING still active .. (refcount=5,bLocked=true)  @mrxstate:512
[16:29:39.348] [world] >>> @@@@@@@@@@ MrxState._AttemptGlobalExit:  state STATE_WAITFORSTREAMING still active .. (refcount=5,bLocked=true)  @mrxstate:512
[16:29:39.358] [lua] @@@@@@@@@@ MrxMissionFlow._RefreshComplete: resetting refresh callback  @mrxmissionflow:1403
[16:29:39.367] [lua] Reporting DISABLED  @mrxfactionmanager:1629
[16:29:39.377] [lua] @@@@@@@@@@ MrxState.Enter: state STATE_WAITFORGAME (refcount=1)  @mrxstate:381
[16:29:39.377] [world] >>> @@@@@@@@@@ MrxState.Enter: state STATE_WAITFORGAME (refcount=1)  @mrxstate:381
[16:29:39.388] [lua] Reporting DISABLED  @mrxfactionmanager:1629
[16:29:39.397] [lua] @@@@@@@@@@ WifVzBoundary.SetInteriorMode (_sBoundaryName=Boundary02)  @wifvzboundary:185
[16:29:39.407] [lua] New operation (0 layers)  @mrxlayermanager:181
[16:29:39.418] [lua] After culling, 0 layers in operation  @mrxlayermanager:250
[16:29:39.428] [lua] New operation (0 layers)  @mrxlayermanager:181
[16:29:39.437] [lua] After culling, 0 layers in operation  @mrxlayermanager:250
[16:29:39.446] [lua] New operation (4 layers)  @mrxlayermanager:181
[16:29:39.456] [lua] After culling, 4 layers in operation  @mrxlayermanager:250
[16:29:39.465] [lua] Adding new request (1): adding 4 layers  @mrxlayermanager:281
[16:29:39.475] [lua] (Currently, there are 1 requests for layer vz_state_pmcinterior)  @mrxlayermanager:298
[16:29:39.484] [lua] (Currently, there are 1 requests for layer vz_state_pmcinterior_hel)  @mrxlayermanager:298
[16:29:39.493] [lua] (Currently, there are 1 requests for layer vz_state_pmcinterior_jet)  @mrxlayermanager:298
[16:29:39.503] [lua] (Currently, there are 1 requests for layer vz_state_pmcinterior_mec)  @mrxlayermanager:298
[16:29:39.512] [lua] (nPendingOps = 4)  @mrxlayermanager:324
[16:29:39.521] [lua] Loading vz_state_pmcinterior (static: false)  @mrxlayermanager:375
[16:29:39.530] [lua] true	Unable to load layer vz_state_pmcinterior  @mrxlayermanager:403
[16:29:39.539] [lua] Loading vz_state_pmcinterior_jet (static: false)  @mrxlayermanager:375
[16:29:39.548] [lua] true	Unable to load layer vz_state_pmcinterior_jet  @mrxlayermanager:403
[16:29:39.558] [lua] Loading vz_state_pmcinterior_hel (static: false)  @mrxlayermanager:375
[16:29:39.568] [lua] true	Unable to load layer vz_state_pmcinterior_hel  @mrxlayermanager:403
[16:29:39.577] [lua] Loading vz_state_pmcinterior_mec (static: false)  @mrxlayermanager:375
[16:29:39.588] [lua] true	Unable to load layer vz_state_pmcinterior_mec  @mrxlayermanager:403
[16:29:39.597] [lua] @@@@@@@@@@ MrxState._StateComplete:  state STATE_WAITFORGAME, about to _AttemptGlobalExit  @mrxstate:325
[16:29:39.597] [world] >>> @@@@@@@@@@ MrxState._StateComplete:  state STATE_WAITFORGAME, about to _AttemptGlobalExit  @mrxstate:325
[16:29:39.607] [lua] @@@@@@@@@@ MrxState._AttemptGlobalExit  @mrxstate:495
[16:29:39.616] [lua] @@@@@@@@@@ MrxState._AttemptGlobalExit:  state STATE_WAITFORSTREAMING still active .. (refcount=5,bLocked=true)  @mrxstate:512
[16:29:39.616] [world] >>> @@@@@@@@@@ MrxState._AttemptGlobalExit:  state STATE_WAITFORSTREAMING still active .. (refcount=5,bLocked=true)  @mrxstate:512
[16:29:39.625] [lua] ###! GlobalEnter - Complete  @mrxstate:432
[16:29:39.625] [world] >>> ###! GlobalEnter - Complete  @mrxstate:432
[16:29:39.635] [lua] @@@@@@@@@@ MrxState._AttemptGlobalExit  @mrxstate:495
[16:29:39.644] [lua] @@@@@@@@@@ MrxState._AttemptGlobalExit:  state STATE_WAITFORSTREAMING still active .. (refcount=5,bLocked=true)  @mrxstate:512
[16:29:39.644] [world] >>> @@@@@@@@@@ MrxState._AttemptGlobalExit:  state STATE_WAITFORSTREAMING still active .. (refcount=5,bLocked=true)  @mrxstate:512
[16:29:39.653] [lua] table:0x1F1AC5E0  @mrxguibase:1353
[16:29:39.661] [lua] table:0x1F195AC0  @mrxguibase:1353
[16:29:39.668] [lua] table:0x1F1959C0  @mrxguibase:1353
[16:29:39.677] [lua] table:0x1F1952A0  @mrxguibase:1353
[16:29:39.684] [lua] table:0x1F1951A0  @mrxguibase:1353
[16:29:39.693] [lua] table:0x1F1958A0  @mrxguibase:1353
[16:29:39.701] [lua] table:0x1F195080  @mrxguibase:1353
[16:29:39.710] [lua] table:0x1F177540  @mrxguibase:1353
[16:29:39.718] [lua] table:0x1F177220  @mrxguibase:1353
[16:29:39.727] [lua] table:0x1F194B00  @mrxguibase:1353
[16:29:39.735] [lua] table:0x1F194960  @mrxguibase:1353
[16:29:39.743] [lua] table:0x1EFE3C80  @mrxguibase:1353
[16:29:39.750] [lua] table:0x1EFE4060  @mrxguibase:1353
[16:29:39.758] [lua] table:0x1EFE4160  @mrxguibase:1353
[16:29:39.766] [lua] table:0x1EFE2960  @mrxguibase:1353
[16:29:39.775] [lua] table:0x1EFE2D40  @mrxguibase:1353
[16:29:39.783] [lua] table:0x1EFE2E40  @mrxguibase:1353
[16:29:39.792] [lua] table:0x1EFE17A0  @mrxguibase:1353
[16:29:39.799] [lua] table:0x1EFE1A80  @mrxguibase:1353
[16:29:39.807] [lua] table:0x1EFE1B80  @mrxguibase:1353
[16:29:39.815] [lua] table:0x1F157E40  @mrxguibase:1353
[16:29:39.823] [lua] table:0x1EFE0820  @mrxguibase:1353
[16:29:39.830] [lua] table:0x1EFE0920  @mrxguibase:1353
[16:29:39.838] [lua] table:0x1EFA7E20  @mrxguibase:1353
[16:29:39.846] [lua] table:0x1EFE0180  @mrxguibase:1353
[16:29:39.854] [lua] table:0x1EFE0280  @mrxguibase:1353
[16:29:39.867] [lua] table:0x1F6B91E0  @mrxtask:649
[16:29:39.877] [lua] Dynamically imported module MrxTask  @mrxtask:654
[16:29:39.877] [world] >>> Dynamically imported module MrxTask  @mrxtask:654
[16:29:39.884] [lua] 0  @mrxtask:440
[16:29:39.892] [lua] 0  @mrxtask:440
[16:29:39.902] [lua] true  @mrxtask:291
[16:29:39.911] [lua] active  @mrxtaskstate:32
[16:29:39.922] [lua] _SetState "Missions.ChiCon009" active  @mrxtask:299
[16:29:39.929] [lua] 1  @mrxtask:440
[16:29:39.938] [lua] 1  @mrxtask:440
[16:29:39.945] [lua] 1  @mrxtask:440
[16:29:39.953] [lua] 1  @mrxtask:440
[16:29:39.961] [lua] 1  @mrxtask:440
[16:29:39.969] [lua] 1  @mrxtask:440
[16:29:39.977] [lua] table:0x1F6B91E0  @mrxtask:649
[16:29:39.987] [lua] Dynamically imported module MrxTask  @mrxtask:654
[16:29:39.987] [world] >>> Dynamically imported module MrxTask  @mrxtask:654
[16:29:39.995] [lua] 0  @mrxtask:440
[16:29:40.003] [lua] 0  @mrxtask:440
[16:29:40.011] [lua] true  @mrxtask:291
[16:29:40.021] [lua] active  @mrxtaskstate:32
[16:29:40.030] [lua] _SetState "Missions.ChiCon009.ChiCon009Briefing" active  @mrxtask:299
[16:29:40.039] [lua] 1  @mrxtask:440
[16:29:40.046] [lua] 1  @mrxtask:440
[16:29:40.055] [lua] 1  @mrxtask:440
[16:29:40.062] [lua] 1  @mrxtask:440
[16:29:40.072] [lua] 1  @mrxtask:440
[16:29:40.079] [lua] 1  @mrxtask:440
[16:29:40.087] [lua] table:0x1F6B91E0  @mrxtask:649
[16:29:40.096] [lua] Dynamically imported module MrxTask  @mrxtask:654
[16:29:40.097] [world] >>> Dynamically imported module MrxTask  @mrxtask:654
[16:29:40.107] [lua] 0  @mrxtask:440
[16:29:40.115] [lua] 0  @mrxtask:440
[16:29:40.122] [lua] true  @mrxtask:291
[16:29:40.131] [lua] active  @mrxtaskstate:32
[16:29:40.141] [lua] _SetState "Missions.ChiJob003" active  @mrxtask:299
[16:29:40.148] [lua] 1  @mrxtask:440
[16:29:40.156] [lua] 1  @mrxtask:440
[16:29:40.164] [lua] 1  @mrxtask:440
[16:29:40.172] [lua] 1  @mrxtask:440
[16:29:40.179] [lua] 1  @mrxtask:440
[16:29:40.187] [lua] 1  @mrxtask:440
[16:29:40.195] [lua] table:0x1F6B91E0  @mrxtask:649
[16:29:40.205] [lua] Dynamically imported module MrxTask  @mrxtask:654
[16:29:40.205] [world] >>> Dynamically imported module MrxTask  @mrxtask:654
[16:29:40.213] [lua] 0  @mrxtask:440
[16:29:40.222] [lua] 0  @mrxtask:440
[16:29:40.230] [lua] true  @mrxtask:291
[16:29:40.241] [lua] active  @mrxtaskstate:32
[16:29:40.250] [lua] _SetState "Missions.PirCon004" active  @mrxtask:299
[16:29:40.261] [lua] 1  @mrxtask:440
[16:29:40.269] [lua] 1  @mrxtask:440
[16:29:40.278] [lua] 1  @mrxtask:440
[16:29:40.286] [lua] 1  @mrxtask:440
[16:29:40.294] [lua] 1  @mrxtask:440
[16:29:40.302] [lua] 1  @mrxtask:440
[16:29:40.313] [lua] table:0x1F6B91E0  @mrxtask:649
[16:29:40.323] [lua] Dynamically imported module MrxTask  @mrxtask:654
[16:29:40.323] [world] >>> Dynamically imported module MrxTask  @mrxtask:654
[16:29:40.331] [lua] 0  @mrxtask:440
[16:29:40.339] [lua] 0  @mrxtask:440
[16:29:40.347] [lua] true  @mrxtask:291
[16:29:40.356] [lua] active  @mrxtaskstate:32
[16:29:40.365] [lua] _SetState "Missions.PirCon004.PirCon004Briefing" active  @mrxtask:299
[16:29:40.373] [lua] 1  @mrxtask:440
[16:29:40.381] [lua] 1  @mrxtask:440
[16:29:40.388] [lua] 1  @mrxtask:440
[16:29:40.396] [lua] 1  @mrxtask:440
[16:29:40.404] [lua] 1  @mrxtask:440
[16:29:40.412] [lua] 1  @mrxtask:440
[16:29:40.419] [lua] table:0x1F6B91E0  @mrxtask:649
[16:29:40.429] [lua] Dynamically imported module MrxTask  @mrxtask:654
[16:29:40.429] [world] >>> Dynamically imported module MrxTask  @mrxtask:654
[16:29:40.438] [lua] 0  @mrxtask:440
[16:29:40.445] [lua] 0  @mrxtask:440
[16:29:40.453] [lua] true  @mrxtask:291
[16:29:40.463] [lua] active  @mrxtaskstate:32
[16:29:40.472] [lua] _SetState "Missions.OilCon003" active  @mrxtask:299
[16:29:40.481] [lua] 1  @mrxtask:440
[16:29:40.489] [lua] 1  @mrxtask:440
[16:29:40.496] [lua] 1  @mrxtask:440
[16:29:40.504] [lua] 1  @mrxtask:440
[16:29:40.512] [lua] 1  @mrxtask:440
[16:29:40.519] [lua] 1  @mrxtask:440
[16:29:40.529] [lua] table:0x1F6B91E0  @mrxtask:649
[16:29:40.538] [lua] Dynamically imported module MrxTask  @mrxtask:654
[16:29:40.538] [world] >>> Dynamically imported module MrxTask  @mrxtask:654
[16:29:40.546] [lua] 0  @mrxtask:440
[16:29:40.554] [lua] 0  @mrxtask:440
[16:29:40.562] [lua] true  @mrxtask:291
[16:29:40.571] [lua] active  @mrxtaskstate:32
[16:29:40.585] [lua] _SetState "Missions.OilCon003.OilCon003Briefing" active  @mrxtask:299
[16:29:40.593] [lua] 1  @mrxtask:440
[16:29:40.600] [lua] 1  @mrxtask:440
[16:29:40.608] [lua] 1  @mrxtask:440
[16:29:40.615] [lua] 1  @mrxtask:440
[16:29:40.623] [lua] 1  @mrxtask:440
[16:29:40.634] [lua] 1  @mrxtask:440
[16:29:40.641] [lua] table:0x1F6B91E0  @mrxtask:649
[16:29:40.652] [lua] Dynamically imported module MrxTask  @mrxtask:654
[16:29:40.652] [world] >>> Dynamically imported module MrxTask  @mrxtask:654
[16:29:40.660] [lua] 0  @mrxtask:440
[16:29:40.667] [lua] 0  @mrxtask:440
[16:29:40.676] [lua] true  @mrxtask:291
[16:29:40.684] [lua] active  @mrxtaskstate:32
[16:29:40.694] [lua] _SetState "Missions.PmcCon015" active  @mrxtask:299
[16:29:40.701] [lua] 1  @mrxtask:440
[16:29:40.709] [lua] 1  @mrxtask:440
[16:29:40.717] [lua] 1  @mrxtask:440
[16:29:40.725] [lua] 1  @mrxtask:440
[16:29:40.732] [lua] 1  @mrxtask:440
[16:29:40.740] [lua] 1  @mrxtask:440
[16:29:40.748] [lua] table:0x1F6B91E0  @mrxtask:649
[16:29:40.757] [lua] Dynamically imported module MrxTask  @mrxtask:654
[16:29:40.757] [world] >>> Dynamically imported module MrxTask  @mrxtask:654
[16:29:40.765] [lua] 0  @mrxtask:440
[16:29:40.773] [lua] 0  @mrxtask:440
[16:29:40.781] [lua] true  @mrxtask:291
[16:29:40.790] [lua] active  @mrxtaskstate:32
[16:29:40.799] [lua] _SetState "Missions.PmcCon015.PmcCon015Briefing" active  @mrxtask:299
[16:29:40.807] [lua] 1  @mrxtask:440
[16:29:40.814] [lua] 1  @mrxtask:440
[16:29:40.822] [lua] 1  @mrxtask:440
[16:29:40.830] [lua] 1  @mrxtask:440
[16:29:40.838] [lua] 1  @mrxtask:440
[16:29:40.847] [lua] 1  @mrxtask:440
[16:29:40.855] [lua] table:0x1F6B91E0  @mrxtask:649
[16:29:40.867] [lua] Dynamically imported module MrxTask  @mrxtask:654
[16:29:40.867] [world] >>> Dynamically imported module MrxTask  @mrxtask:654
[16:29:40.875] [lua] 0  @mrxtask:440
[16:29:40.883] [lua] 0  @mrxtask:440
[16:29:40.891] [lua] true  @mrxtask:291
[16:29:40.900] [lua] active  @mrxtaskstate:32
[16:29:40.910] [lua] _SetState "Missions.ChiCon003" active  @mrxtask:299
[16:29:40.917] [lua] 1  @mrxtask:440
[16:29:40.925] [lua] 1  @mrxtask:440
[16:29:40.932] [lua] 1  @mrxtask:440
[16:29:40.940] [lua] 1  @mrxtask:440
[16:29:40.948] [lua] 1  @mrxtask:440
[16:29:40.956] [lua] 1  @mrxtask:440
[16:29:40.963] [lua] table:0x1F6B91E0  @mrxtask:649
[16:29:40.973] [lua] Dynamically imported module MrxTask  @mrxtask:654
[16:29:40.973] [world] >>> Dynamically imported module MrxTask  @mrxtask:654
[16:29:40.981] [lua] 0  @mrxtask:440
[16:29:40.989] [lua] 0  @mrxtask:440
[16:29:40.997] [lua] true  @mrxtask:291
[16:29:41.007] [lua] active  @mrxtaskstate:32
[16:29:41.016] [lua] _SetState "Missions.ChiCon003.ChiCon003Briefing" active  @mrxtask:299
[16:29:41.025] [lua] 1  @mrxtask:440
[16:29:41.033] [lua] 1  @mrxtask:440
[16:29:41.041] [lua] 1  @mrxtask:440
[16:29:41.048] [lua] 1  @mrxtask:440
[16:29:41.056] [lua] 1  @mrxtask:440
[16:29:41.065] [lua] 1  @mrxtask:440
[16:29:41.073] [lua] table:0x1F6B91E0  @mrxtask:649
[16:29:41.082] [lua] Dynamically imported module MrxTask  @mrxtask:654
[16:29:41.082] [world] >>> Dynamically imported module MrxTask  @mrxtask:654
[16:29:41.089] [lua] 0  @mrxtask:440
[16:29:41.097] [lua] 0  @mrxtask:440
[16:29:41.105] [lua] true  @mrxtask:291
[16:29:41.114] [lua] active  @mrxtaskstate:32
[16:29:41.124] [lua] _SetState "Missions.PmcCon034" active  @mrxtask:299
[16:29:41.131] [lua] 1  @mrxtask:440
[16:29:41.139] [lua] 1  @mrxtask:440
[16:29:41.147] [lua] 1  @mrxtask:440
[16:29:41.155] [lua] 1  @mrxtask:440
[16:29:41.162] [lua] 1  @mrxtask:440
[16:29:41.170] [lua] 1  @mrxtask:440
[16:29:41.178] [lua] table:0x1F6B91E0  @mrxtask:649
[16:29:41.187] [lua] Dynamically imported module MrxTask  @mrxtask:654
[16:29:41.187] [world] >>> Dynamically imported module MrxTask  @mrxtask:654
[16:29:41.195] [lua] 0  @mrxtask:440
[16:29:41.203] [lua] 0  @mrxtask:440
[16:29:41.211] [lua] true  @mrxtask:291
[16:29:41.220] [lua] active  @mrxtaskstate:32
[16:29:41.230] [lua] _SetState "Missions.PmcCon034.PmcCon034Briefing" active  @mrxtask:299
[16:29:41.238] [lua] 1  @mrxtask:440
[16:29:41.246] [lua] 1  @mrxtask:440
[16:29:41.254] [lua] 1  @mrxtask:440
[16:29:41.262] [lua] 1  @mrxtask:440
[16:29:41.269] [lua] 1  @mrxtask:440
[16:29:41.277] [lua] 1  @mrxtask:440
[16:29:41.285] [lua] table:0x1F6B91E0  @mrxtask:649
[16:29:41.294] [lua] Dynamically imported module MrxTask  @mrxtask:654
[16:29:41.294] [world] >>> Dynamically imported module MrxTask  @mrxtask:654
[16:29:41.302] [lua] 0  @mrxtask:440
[16:29:41.310] [lua] 0  @mrxtask:440
[16:29:41.317] [lua] true  @mrxtask:291
[16:29:41.327] [lua] active  @mrxtaskstate:32
[16:29:41.336] [lua] _SetState "Missions.ChiCon008" active  @mrxtask:299
[16:29:41.349] [lua] 1  @mrxtask:440
[16:29:41.357] [lua] 1  @mrxtask:440
[16:29:41.364] [lua] 1  @mrxtask:440
[16:29:41.372] [lua] 1  @mrxtask:440
[16:29:41.379] [lua] 1  @mrxtask:440
[16:29:41.387] [lua] 1  @mrxtask:440
[16:29:41.395] [lua] table:0x1F6B91E0  @mrxtask:649
[16:29:41.404] [lua] Dynamically imported module MrxTask  @mrxtask:654
[16:29:41.405] [world] >>> Dynamically imported module MrxTask  @mrxtask:654
[16:29:41.413] [lua] 0  @mrxtask:440
[16:29:41.420] [lua] 0  @mrxtask:440
[16:29:41.428] [lua] true  @mrxtask:291
[16:29:41.438] [lua] active  @mrxtaskstate:32
[16:29:41.448] [lua] _SetState "Missions.ChiCon008.ChiCon008Briefing" active  @mrxtask:299
[16:29:41.456] [lua] 1  @mrxtask:440
[16:29:41.464] [lua] 1  @mrxtask:440
[16:29:41.472] [lua] 1  @mrxtask:440
[16:29:41.479] [lua] 1  @mrxtask:440
[16:29:41.488] [lua] 1  @mrxtask:440
[16:29:41.496] [lua] 1  @mrxtask:440
[16:29:41.503] [lua] table:0x1F6B91E0  @mrxtask:649
[16:29:41.513] [lua] Dynamically imported module MrxTask  @mrxtask:654
[16:29:41.513] [world] >>> Dynamically imported module MrxTask  @mrxtask:654
[16:29:41.520] [lua] 0  @mrxtask:440
[16:29:41.529] [lua] 0  @mrxtask:440
[16:29:41.536] [lua] true  @mrxtask:291
[16:29:41.546] [lua] active  @mrxtaskstate:32
[16:29:41.555] [lua] _SetState "Missions.OilJob004" active  @mrxtask:299
[16:29:41.563] [lua] 1  @mrxtask:440
[16:29:41.571] [lua] 1  @mrxtask:440
[16:29:41.579] [lua] 1  @mrxtask:440
[16:29:41.588] [lua] 1  @mrxtask:440
[16:29:41.596] [lua] 1  @mrxtask:440
[16:29:41.604] [lua] 1  @mrxtask:440
[16:29:41.612] [lua] table:0x1F6B91E0  @mrxtask:649
[16:29:41.621] [lua] Dynamically imported module MrxTask  @mrxtask:654
[16:29:41.621] [world] >>> Dynamically imported module MrxTask  @mrxtask:654
[16:29:41.629] [lua] 0  @mrxtask:440
[16:29:41.636] [lua] 0  @mrxtask:440
[16:29:41.645] [lua] true  @mrxtask:291
[16:29:41.656] [lua] active  @mrxtaskstate:32
[16:29:41.667] [lua] _SetState "Missions.GurJob006" active  @mrxtask:299
[16:29:41.675] [lua] 1  @mrxtask:440
[16:29:41.682] [lua] 1  @mrxtask:440
[16:29:41.690] [lua] 1  @mrxtask:440
[16:29:41.697] [lua] 1  @mrxtask:440
[16:29:41.705] [lua] 1  @mrxtask:440
[16:29:41.713] [lua] 1  @mrxtask:440
[16:29:41.720] [lua] table:0x1F6B91E0  @mrxtask:649
[16:29:41.730] [lua] Dynamically imported module MrxTask  @mrxtask:654
[16:29:41.730] [world] >>> Dynamically imported module MrxTask  @mrxtask:654
[16:29:41.738] [lua] 0  @mrxtask:440
[16:29:41.746] [lua] 0  @mrxtask:440
[16:29:41.755] [lua] true  @mrxtask:291
[16:29:41.765] [lua] active  @mrxtaskstate:32
[16:29:41.775] [lua] _SetState "Missions.GurJob001" active  @mrxtask:299
[16:29:41.782] [lua] 1  @mrxtask:440
[16:29:41.792] [lua] 1  @mrxtask:440
[16:29:41.800] [lua] 1  @mrxtask:440
[16:29:41.808] [lua] 1  @mrxtask:440
[16:29:41.815] [lua] 1  @mrxtask:440
[16:29:41.825] [lua] 1  @mrxtask:440
[16:29:41.833] [lua] table:0x1F6B91E0  @mrxtask:649
[16:29:41.842] [lua] Dynamically imported module MrxTask  @mrxtask:654
[16:29:41.842] [world] >>> Dynamically imported module MrxTask  @mrxtask:654
[16:29:41.850] [lua] 0  @mrxtask:440
[16:29:41.860] [lua] 0  @mrxtask:440
[16:29:41.868] [lua] true  @mrxtask:291
[16:29:41.877] [lua] active  @mrxtaskstate:32
[16:29:41.886] [lua] _SetState "Missions.PirCon002" active  @mrxtask:299
[16:29:41.899] [lua] 1  @mrxtask:440
[16:29:41.907] [lua] 1  @mrxtask:440
[16:29:41.914] [lua] 1  @mrxtask:440
[16:29:41.925] [lua] 1  @mrxtask:440
[16:29:41.932] [lua] 1  @mrxtask:440
[16:29:41.941] [lua] 1  @mrxtask:440
[16:29:41.948] [lua] table:0x1F6B91E0  @mrxtask:649
[16:29:41.958] [lua] Dynamically imported module MrxTask  @mrxtask:654
[16:29:41.958] [world] >>> Dynamically imported module MrxTask  @mrxtask:654
[16:29:41.966] [lua] 0  @mrxtask:440
[16:29:41.973] [lua] 0  @mrxtask:440
[16:29:41.981] [lua] true  @mrxtask:291
[16:29:41.990] [lua] active  @mrxtaskstate:32
[16:29:41.999] [lua] _SetState "Missions.PirCon002.PirCon002Briefing" active  @mrxtask:299
[16:29:42.007] [lua] 1  @mrxtask:440
[16:29:42.015] [lua] 1  @mrxtask:440
[16:29:42.022] [lua] 1  @mrxtask:440
[16:29:42.030] [lua] 1  @mrxtask:440
[16:29:42.038] [lua] 1  @mrxtask:440
[16:29:42.046] [lua] 1  @mrxtask:440
[16:29:42.053] [lua] table:0x1F6B91E0  @mrxtask:649
[16:29:42.063] [lua] Dynamically imported module MrxTask  @mrxtask:654
[16:29:42.063] [world] >>> Dynamically imported module MrxTask  @mrxtask:654
[16:29:42.070] [lua] 0  @mrxtask:440
[16:29:42.078] [lua] 0  @mrxtask:440
[16:29:42.086] [lua] true  @mrxtask:291
[16:29:42.095] [lua] active  @mrxtaskstate:32
[16:29:42.105] [lua] _SetState "Missions.AllCon003" active  @mrxtask:299
[16:29:42.113] [lua] 1  @mrxtask:440
[16:29:42.120] [lua] 1  @mrxtask:440
[16:29:42.128] [lua] 1  @mrxtask:440
[16:29:42.136] [lua] 1  @mrxtask:440
[16:29:42.144] [lua] 1  @mrxtask:440
[16:29:42.151] [lua] 1  @mrxtask:440
[16:29:42.159] [lua] table:0x1F6B91E0  @mrxtask:649
[16:29:42.170] [lua] Dynamically imported module MrxTask  @mrxtask:654
[16:29:42.171] [world] >>> Dynamically imported module MrxTask  @mrxtask:654
[16:29:42.184] [lua] 0  @mrxtask:440
[16:29:42.192] [lua] 0  @mrxtask:440
[16:29:42.200] [lua] true  @mrxtask:291
[16:29:42.209] [lua] active  @mrxtaskstate:32
[16:29:42.219] [lua] _SetState "Missions.AllCon003.AllCon003Briefing" active  @mrxtask:299
[16:29:42.227] [lua] 1  @mrxtask:440
[16:29:42.235] [lua] 1  @mrxtask:440
[16:29:42.243] [lua] 1  @mrxtask:440
[16:29:42.251] [lua] 1  @mrxtask:440
[16:29:42.259] [lua] 1  @mrxtask:440
[16:29:42.266] [lua] 1  @mrxtask:440
[16:29:42.274] [lua] table:0x1F6B91E0  @mrxtask:649
[16:29:42.283] [lua] Dynamically imported module MrxTask  @mrxtask:654
[16:29:42.283] [world] >>> Dynamically imported module MrxTask  @mrxtask:654
[16:29:42.291] [lua] 0  @mrxtask:440
[16:29:42.298] [lua] 0  @mrxtask:440
[16:29:42.307] [lua] true  @mrxtask:291
[16:29:42.316] [lua] active  @mrxtaskstate:32
[16:29:42.327] [lua] _SetState "Missions.PmcCon016" active  @mrxtask:299
[16:29:42.335] [lua] 1  @mrxtask:440
[16:29:42.343] [lua] 1  @mrxtask:440
[16:29:42.350] [lua] 1  @mrxtask:440
[16:29:42.358] [lua] 1  @mrxtask:440
[16:29:42.366] [lua] 1  @mrxtask:440
[16:29:42.374] [lua] 1  @mrxtask:440
[16:29:42.382] [lua] table:0x1F6B91E0  @mrxtask:649
[16:29:42.391] [lua] Dynamically imported module MrxTask  @mrxtask:654
[16:29:42.391] [world] >>> Dynamically imported module MrxTask  @mrxtask:654
[16:29:42.399] [lua] 0  @mrxtask:440
[16:29:42.407] [lua] 0  @mrxtask:440
[16:29:42.414] [lua] true  @mrxtask:291
[16:29:42.423] [lua] active  @mrxtaskstate:32
[16:29:42.432] [lua] _SetState "Missions.PmcCon016.PmcCon016Briefing" active  @mrxtask:299
[16:29:42.440] [lua] 1  @mrxtask:440
[16:29:42.448] [lua] 1  @mrxtask:440
[16:29:42.455] [lua] 1  @mrxtask:440
[16:29:42.463] [lua] 1  @mrxtask:440
[16:29:42.470] [lua] 1  @mrxtask:440
[16:29:42.479] [lua] 1  @mrxtask:440
[16:29:42.486] [lua] table:0x1F6B91E0  @mrxtask:649
[16:29:42.496] [lua] Dynamically imported module MrxTask  @mrxtask:654
[16:29:42.496] [world] >>> Dynamically imported module MrxTask  @mrxtask:654
[16:29:42.504] [lua] 0  @mrxtask:440
[16:29:42.512] [lua] 0  @mrxtask:440
[16:29:42.519] [lua] true  @mrxtask:291
[16:29:42.529] [lua] active  @mrxtaskstate:32
[16:29:42.538] [lua] _SetState "Missions.PmcCon032" active  @mrxtask:299
[16:29:42.546] [lua] 1  @mrxtask:440
[16:29:42.554] [lua] 1  @mrxtask:440
[16:29:42.562] [lua] 1  @mrxtask:440
[16:29:42.569] [lua] 1  @mrxtask:440
[16:29:42.577] [lua] 1  @mrxtask:440
[16:29:42.585] [lua] 1  @mrxtask:440
[16:29:42.595] [lua] table:0x1F6B91E0  @mrxtask:649
[16:29:42.604] [lua] Dynamically imported module MrxTask  @mrxtask:654
[16:29:42.604] [world] >>> Dynamically imported module MrxTask  @mrxtask:654
[16:29:42.612] [lua] 0  @mrxtask:440
[16:29:42.620] [lua] 0  @mrxtask:440
[16:29:42.628] [lua] true  @mrxtask:291
[16:29:42.637] [lua] active  @mrxtaskstate:32
[16:29:42.647] [lua] _SetState "Missions.PmcCon032.PmcCon032Briefing" active  @mrxtask:299
[16:29:42.655] [lua] 1  @mrxtask:440
[16:29:42.663] [lua] 1  @mrxtask:440
[16:29:42.672] [lua] 1  @mrxtask:440
[16:29:42.680] [lua] 1  @mrxtask:440
[16:29:42.687] [lua] 1  @mrxtask:440
[16:29:42.695] [lua] 1  @mrxtask:440
[16:29:42.703] [lua] table:0x1F6B91E0  @mrxtask:649
[16:29:42.712] [lua] Dynamically imported module MrxTask  @mrxtask:654
[16:29:42.712] [world] >>> Dynamically imported module MrxTask  @mrxtask:654
[16:29:42.720] [lua] 0  @mrxtask:440
[16:29:42.728] [lua] 0  @mrxtask:440
[16:29:42.736] [lua] true  @mrxtask:291
[16:29:42.746] [lua] active  @mrxtaskstate:32
[16:29:42.755] [lua] _SetState "Missions.OilCon001" active  @mrxtask:299
[16:29:42.763] [lua] 1  @mrxtask:440
[16:29:42.770] [lua] 1  @mrxtask:440
[16:29:42.778] [lua] 1  @mrxtask:440
[16:29:42.786] [lua] 1  @mrxtask:440
[16:29:42.794] [lua] 1  @mrxtask:440
[16:29:42.802] [lua] 1  @mrxtask:440
[16:29:42.810] [lua] table:0x1F6B91E0  @mrxtask:649
[16:29:42.819] [lua] Dynamically imported module MrxTask  @mrxtask:654
[16:29:42.819] [world] >>> Dynamically imported module MrxTask  @mrxtask:654
[16:29:42.828] [lua] 0  @mrxtask:440
[16:29:42.835] [lua] 0  @mrxtask:440
[16:29:42.843] [lua] true  @mrxtask:291
[16:29:42.854] [lua] active  @mrxtaskstate:32
[16:29:42.863] [lua] _SetState "Missions.OilCon001.OilCon001Briefing" active  @mrxtask:299
[16:29:42.871] [lua] 1  @mrxtask:440
[16:29:42.878] [lua] 1  @mrxtask:440
[16:29:42.887] [lua] 1  @mrxtask:440
[16:29:42.899] [lua] 1  @mrxtask:440
[16:29:42.907] [lua] 1  @mrxtask:440
[16:29:42.915] [lua] 1  @mrxtask:440
[16:29:42.923] [lua] table:0x1F6B91E0  @mrxtask:649
[16:29:42.937] [lua] Dynamically imported module MrxTask  @mrxtask:654
[16:29:42.937] [world] >>> Dynamically imported module MrxTask  @mrxtask:654
[16:29:42.946] [lua] 0  @mrxtask:440
[16:29:42.953] [lua] 0  @mrxtask:440
[16:29:42.961] [lua] true  @mrxtask:291
[16:29:42.970] [lua] active  @mrxtaskstate:32
[16:29:42.979] [lua] _SetState "Missions.PmcCon013" active  @mrxtask:299
[16:29:42.987] [lua] 1  @mrxtask:440
[16:29:42.995] [lua] 1  @mrxtask:440
[16:29:43.002] [lua] 1  @mrxtask:440
[16:29:43.010] [lua] 1  @mrxtask:440
[16:29:43.018] [lua] 1  @mrxtask:440
[16:29:43.026] [lua] 1  @mrxtask:440
[16:29:43.033] [lua] table:0x1F6B91E0  @mrxtask:649
[16:29:43.043] [lua] Dynamically imported module MrxTask  @mrxtask:654
[16:29:43.043] [world] >>> Dynamically imported module MrxTask  @mrxtask:654
[16:29:43.051] [lua] 0  @mrxtask:440
[16:29:43.060] [lua] 0  @mrxtask:440
[16:29:43.067] [lua] true  @mrxtask:291
[16:29:43.077] [lua] active  @mrxtaskstate:32
[16:29:43.086] [lua] _SetState "Missions.PmcCon013.PmcCon013Briefing" active  @mrxtask:299
[16:29:43.094] [lua] 1  @mrxtask:440
[16:29:43.102] [lua] 1  @mrxtask:440
[16:29:43.110] [lua] 1  @mrxtask:440
[16:29:43.117] [lua] 1  @mrxtask:440
[16:29:43.125] [lua] 1  @mrxtask:440
[16:29:43.133] [lua] 1  @mrxtask:440
[16:29:43.141] [lua] table:0x1F6B91E0  @mrxtask:649
[16:29:43.150] [lua] Dynamically imported module MrxTask  @mrxtask:654
[16:29:43.151] [world] >>> Dynamically imported module MrxTask  @mrxtask:654
[16:29:43.158] [lua] 0  @mrxtask:440
[16:29:43.166] [lua] 0  @mrxtask:440
[16:29:43.174] [lua] true  @mrxtask:291
[16:29:43.184] [lua] active  @mrxtaskstate:32
[16:29:43.193] [lua] _SetState "Missions.AllJob003" active  @mrxtask:299
[16:29:43.200] [lua] 1  @mrxtask:440
[16:29:43.208] [lua] 1  @mrxtask:440
[16:29:43.216] [lua] 1  @mrxtask:440
[16:29:43.224] [lua] 1  @mrxtask:440
[16:29:43.231] [lua] 1  @mrxtask:440
[16:29:43.238] [lua] 1  @mrxtask:440
[16:29:43.247] [lua] table:0x1F6B91E0  @mrxtask:649
[16:29:43.256] [lua] Dynamically imported module MrxTask  @mrxtask:654
[16:29:43.256] [world] >>> Dynamically imported module MrxTask  @mrxtask:654
[16:29:43.264] [lua] 0  @mrxtask:440
[16:29:43.272] [lua] 0  @mrxtask:440
[16:29:43.280] [lua] true  @mrxtask:291
[16:29:43.289] [lua] active  @mrxtaskstate:32
[16:29:43.298] [lua] _SetState "Missions.GurCon005" active  @mrxtask:299
[16:29:43.307] [lua] 1  @mrxtask:440
[16:29:43.315] [lua] 1  @mrxtask:440
[16:29:43.322] [lua] 1  @mrxtask:440
[16:29:43.330] [lua] 1  @mrxtask:440
[16:29:43.338] [lua] 1  @mrxtask:440
[16:29:43.346] [lua] 1  @mrxtask:440
[16:29:43.354] [lua] table:0x1F6B91E0  @mrxtask:649
[16:29:43.366] [lua] Dynamically imported module MrxTask  @mrxtask:654
[16:29:43.366] [world] >>> Dynamically imported module MrxTask  @mrxtask:654
[16:29:43.375] [lua] 0  @mrxtask:440
[16:29:43.382] [lua] 0  @mrxtask:440
[16:29:43.390] [lua] true  @mrxtask:291
[16:29:43.398] [lua] active  @mrxtaskstate:32
[16:29:43.408] [lua] _SetState "Missions.GurCon005.GurCon005Briefing" active  @mrxtask:299
[16:29:43.416] [lua] 1  @mrxtask:440
[16:29:43.424] [lua] 1  @mrxtask:440
[16:29:43.435] [lua] 1  @mrxtask:440
[16:29:43.444] [lua] 1  @mrxtask:440
[16:29:43.451] [lua] 1  @mrxtask:440
[16:29:43.459] [lua] 1  @mrxtask:440
[16:29:43.467] [lua] table:0x1F6B91E0  @mrxtask:649
[16:29:43.477] [lua] Dynamically imported module MrxTask  @mrxtask:654
[16:29:43.477] [world] >>> Dynamically imported module MrxTask  @mrxtask:654
[16:29:43.484] [lua] 0  @mrxtask:440
[16:29:43.492] [lua] 0  @mrxtask:440
[16:29:43.500] [lua] true  @mrxtask:291
[16:29:43.510] [lua] active  @mrxtaskstate:32
[16:29:43.518] [lua] _SetState "Missions.AllCon008" active  @mrxtask:299
[16:29:43.527] [lua] 1  @mrxtask:440
[16:29:43.535] [lua] 1  @mrxtask:440
[16:29:43.542] [lua] 1  @mrxtask:440
[16:29:43.550] [lua] 1  @mrxtask:440
[16:29:43.558] [lua] 1  @mrxtask:440
[16:29:43.565] [lua] 1  @mrxtask:440
[16:29:43.573] [lua] table:0x1F6B91E0  @mrxtask:649
[16:29:43.582] [lua] Dynamically imported module MrxTask  @mrxtask:654
[16:29:43.583] [world] >>> Dynamically imported module MrxTask  @mrxtask:654
[16:29:43.591] [lua] 0  @mrxtask:440
[16:29:43.598] [lua] 0  @mrxtask:440
[16:29:43.606] [lua] true  @mrxtask:291
[16:29:43.615] [lua] active  @mrxtaskstate:32
[16:29:43.625] [lua] _SetState "Missions.AllCon008.AllCon008Briefing" active  @mrxtask:299
[16:29:43.633] [lua] 1  @mrxtask:440
[16:29:43.641] [lua] 1  @mrxtask:440
[16:29:43.649] [lua] 1  @mrxtask:440
[16:29:43.657] [lua] 1  @mrxtask:440
[16:29:43.664] [lua] 1  @mrxtask:440
[16:29:43.672] [lua] 1  @mrxtask:440
[16:29:43.686] [lua] table:0x1F6B91E0  @mrxtask:649
[16:29:43.696] [lua] Dynamically imported module MrxTask  @mrxtask:654
[16:29:43.696] [world] >>> Dynamically imported module MrxTask  @mrxtask:654
[16:29:43.704] [lua] 0  @mrxtask:440
[16:29:43.712] [lua] 0  @mrxtask:440
[16:29:43.719] [lua] true  @mrxtask:291
[16:29:43.728] [lua] active  @mrxtaskstate:32
[16:29:43.738] [lua] _SetState "Missions.PmcCon031" active  @mrxtask:299
[16:29:43.746] [lua] 1  @mrxtask:440
[16:29:43.753] [lua] 1  @mrxtask:440
[16:29:43.761] [lua] 1  @mrxtask:440
[16:29:43.768] [lua] 1  @mrxtask:440
[16:29:43.776] [lua] 1  @mrxtask:440
[16:29:43.786] [lua] 1  @mrxtask:440
[16:29:43.794] [lua] table:0x1F6B91E0  @mrxtask:649
[16:29:43.803] [lua] Dynamically imported module MrxTask  @mrxtask:654
[16:29:43.803] [world] >>> Dynamically imported module MrxTask  @mrxtask:654
[16:29:43.812] [lua] 0  @mrxtask:440
[16:29:43.819] [lua] 0  @mrxtask:440
[16:29:43.827] [lua] true  @mrxtask:291
[16:29:43.840] [lua] active  @mrxtaskstate:32
[16:29:43.853] [lua] _SetState "Missions.PmcCon031.PmcCon031Briefing" active  @mrxtask:299
[16:29:43.860] [lua] 1  @mrxtask:440
[16:29:43.868] [lua] 1  @mrxtask:440
[16:29:43.876] [lua] 1  @mrxtask:440
[16:29:43.883] [lua] 1  @mrxtask:440
[16:29:43.892] [lua] 1  @mrxtask:440
[16:29:43.900] [lua] 1  @mrxtask:440
[16:29:43.907] [lua] table:0x1F6B91E0  @mrxtask:649
[16:29:43.917] [lua] Dynamically imported module MrxTask  @mrxtask:654
[16:29:43.917] [world] >>> Dynamically imported module MrxTask  @mrxtask:654
[16:29:43.925] [lua] 0  @mrxtask:440
[16:29:43.932] [lua] 0  @mrxtask:440
[16:29:43.943] [lua] true  @mrxtask:291
[16:29:43.957] [lua] active  @mrxtaskstate:32
[16:29:43.967] [lua] _SetState "Missions.GurCon003" active  @mrxtask:299
[16:29:43.974] [lua] 1  @mrxtask:440
[16:29:43.982] [lua] 1  @mrxtask:440
[16:29:43.990] [lua] 1  @mrxtask:440
[16:29:43.997] [lua] 1  @mrxtask:440
[16:29:44.005] [lua] 1  @mrxtask:440
[16:29:44.013] [lua] 1  @mrxtask:440
[16:29:44.021] [lua] table:0x1F6B91E0  @mrxtask:649
[16:29:44.030] [lua] Dynamically imported module MrxTask  @mrxtask:654
[16:29:44.030] [world] >>> Dynamically imported module MrxTask  @mrxtask:654
[16:29:44.038] [lua] 0  @mrxtask:440
[16:29:44.046] [lua] 0  @mrxtask:440
[16:29:44.056] [lua] true  @mrxtask:291
[16:29:44.066] [lua] active  @mrxtaskstate:32
[16:29:44.076] [lua] _SetState "Missions.GurCon003.GurCon003Briefing" active  @mrxtask:299
[16:29:44.083] [lua] 1  @mrxtask:440
[16:29:44.092] [lua] 1  @mrxtask:440
[16:29:44.099] [lua] 1  @mrxtask:440
[16:29:44.107] [lua] 1  @mrxtask:440
[16:29:44.115] [lua] 1  @mrxtask:440
[16:29:44.122] [lua] 1  @mrxtask:440
[16:29:44.131] [lua] table:0x1F6B91E0  @mrxtask:649
[16:29:44.140] [lua] Dynamically imported module MrxTask  @mrxtask:654
[16:29:44.141] [world] >>> Dynamically imported module MrxTask  @mrxtask:654
[16:29:44.148] [lua] 0  @mrxtask:440
[16:29:44.157] [lua] 0  @mrxtask:440
[16:29:44.168] [lua] true  @mrxtask:291
[16:29:44.177] [lua] active  @mrxtaskstate:32
[16:29:44.186] [lua] _SetState "Missions.PirCon001" active  @mrxtask:299
[16:29:44.194] [lua] 1  @mrxtask:440
[16:29:44.202] [lua] 1  @mrxtask:440
[16:29:44.213] [lua] 1  @mrxtask:440
[16:29:44.221] [lua] 1  @mrxtask:440
[16:29:44.228] [lua] 1  @mrxtask:440
[16:29:44.237] [lua] 1  @mrxtask:440
[16:29:44.245] [lua] table:0x1F6B91E0  @mrxtask:649
[16:29:44.257] [lua] Dynamically imported module MrxTask  @mrxtask:654
[16:29:44.257] [world] >>> Dynamically imported module MrxTask  @mrxtask:654
[16:29:44.265] [lua] 0  @mrxtask:440
[16:29:44.273] [lua] 0  @mrxtask:440
[16:29:44.281] [lua] true  @mrxtask:291
[16:29:44.290] [lua] active  @mrxtaskstate:32
[16:29:44.299] [lua] _SetState "Missions.PirCon001.PirCon001Briefing" active  @mrxtask:299
[16:29:44.307] [lua] 1  @mrxtask:440
[16:29:44.315] [lua] 1  @mrxtask:440
[16:29:44.322] [lua] 1  @mrxtask:440
[16:29:44.330] [lua] 1  @mrxtask:440
[16:29:44.338] [lua] 1  @mrxtask:440
[16:29:44.346] [lua] 1  @mrxtask:440
[16:29:44.353] [lua] table:0x1F6B91E0  @mrxtask:649
[16:29:44.363] [lua] Dynamically imported module MrxTask  @mrxtask:654
[16:29:44.363] [world] >>> Dynamically imported module MrxTask  @mrxtask:654
[16:29:44.370] [lua] 0  @mrxtask:440
[16:29:44.378] [lua] 0  @mrxtask:440
[16:29:44.386] [lua] true  @mrxtask:291
[16:29:44.397] [lua] active  @mrxtaskstate:32
[16:29:44.407] [lua] _SetState "Missions.PmcCon018" active  @mrxtask:299
[16:29:44.414] [lua] 1  @mrxtask:440
[16:29:44.422] [lua] 1  @mrxtask:440
[16:29:44.430] [lua] 1  @mrxtask:440
[16:29:44.438] [lua] 1  @mrxtask:440
[16:29:44.446] [lua] 1  @mrxtask:440
[16:29:44.453] [lua] 1  @mrxtask:440
[16:29:44.461] [lua] table:0x1F6B91E0  @mrxtask:649
[16:29:44.470] [lua] Dynamically imported module MrxTask  @mrxtask:654
[16:29:44.470] [world] >>> Dynamically imported module MrxTask  @mrxtask:654
[16:29:44.478] [lua] 0  @mrxtask:440
[16:29:44.486] [lua] 0  @mrxtask:440
[16:29:44.494] [lua] true  @mrxtask:291
[16:29:44.503] [lua] active  @mrxtaskstate:32
[16:29:44.514] [lua] _SetState "Missions.PmcCon018.PmcCon018Briefing" active  @mrxtask:299
[16:29:44.521] [lua] 1  @mrxtask:440
[16:29:44.529] [lua] 1  @mrxtask:440
[16:29:44.537] [lua] 1  @mrxtask:440
[16:29:44.545] [lua] 1  @mrxtask:440
[16:29:44.552] [lua] 1  @mrxtask:440
[16:29:44.560] [lua] 1  @mrxtask:440
[16:29:44.568] [lua] table:0x1F6B91E0  @mrxtask:649
[16:29:44.578] [lua] Dynamically imported module MrxTask  @mrxtask:654
[16:29:44.578] [world] >>> Dynamically imported module MrxTask  @mrxtask:654
[16:29:44.586] [lua] 0  @mrxtask:440
[16:29:44.593] [lua] 0  @mrxtask:440
[16:29:44.601] [lua] true  @mrxtask:291
[16:29:44.610] [lua] active  @mrxtaskstate:32
[16:29:44.620] [lua] _SetState "Missions.PmcCon033" active  @mrxtask:299
[16:29:44.628] [lua] 1  @mrxtask:440
[16:29:44.635] [lua] 1  @mrxtask:440
[16:29:44.643] [lua] 1  @mrxtask:440
[16:29:44.651] [lua] 1  @mrxtask:440
[16:29:44.660] [lua] 1  @mrxtask:440
[16:29:44.667] [lua] 1  @mrxtask:440
[16:29:44.675] [lua] table:0x1F6B91E0  @mrxtask:649
[16:29:44.685] [lua] Dynamically imported module MrxTask  @mrxtask:654
[16:29:44.685] [world] >>> Dynamically imported module MrxTask  @mrxtask:654
[16:29:44.695] [lua] 0  @mrxtask:440
[16:29:44.703] [lua] 0  @mrxtask:440
[16:29:44.711] [lua] true  @mrxtask:291
[16:29:44.720] [lua] active  @mrxtaskstate:32
[16:29:44.730] [lua] _SetState "Missions.PmcCon033.PmcCon033Briefing" active  @mrxtask:299
[16:29:44.737] [lua] 1  @mrxtask:440
[16:29:44.745] [lua] 1  @mrxtask:440
[16:29:44.752] [lua] 1  @mrxtask:440
[16:29:44.760] [lua] 1  @mrxtask:440
[16:29:44.768] [lua] 1  @mrxtask:440
[16:29:44.776] [lua] 1  @mrxtask:440
[16:29:44.784] [lua] table:0x1F6B91E0  @mrxtask:649
[16:29:44.793] [lua] Dynamically imported module MrxTask  @mrxtask:654
[16:29:44.793] [world] >>> Dynamically imported module MrxTask  @mrxtask:654
[16:29:44.801] [lua] 0  @mrxtask:440
[16:29:44.809] [lua] 0  @mrxtask:440
[16:29:44.817] [lua] true  @mrxtask:291
[16:29:44.826] [lua] active  @mrxtaskstate:32
[16:29:44.835] [lua] _SetState "Missions.PirCon003" active  @mrxtask:299
[16:29:44.843] [lua] 1  @mrxtask:440
[16:29:44.851] [lua] 1  @mrxtask:440
[16:29:44.859] [lua] 1  @mrxtask:440
[16:29:44.866] [lua] 1  @mrxtask:440
[16:29:44.874] [lua] 1  @mrxtask:440
[16:29:44.882] [lua] 1  @mrxtask:440
[16:29:44.889] [lua] table:0x1F6B91E0  @mrxtask:649
[16:29:44.899] [lua] Dynamically imported module MrxTask  @mrxtask:654
[16:29:44.900] [world] >>> Dynamically imported module MrxTask  @mrxtask:654
[16:29:44.907] [lua] 0  @mrxtask:440
[16:29:44.915] [lua] 0  @mrxtask:440
[16:29:44.922] [lua] true  @mrxtask:291
[16:29:44.932] [lua] active  @mrxtaskstate:32
[16:29:44.941] [lua] _SetState "Missions.PirCon003.PirCon003Briefing" active  @mrxtask:299
[16:29:44.948] [lua] 1  @mrxtask:440
[16:29:44.956] [lua] 1  @mrxtask:440
[16:29:44.964] [lua] 1  @mrxtask:440
[16:29:44.971] [lua] 1  @mrxtask:440
[16:29:44.979] [lua] 1  @mrxtask:440
[16:29:44.987] [lua] 1  @mrxtask:440
[16:29:44.999] [lua] table:0x1F195AC0  @mrxguibase:1353
[16:29:45.006] [lua] table:0x1F1959C0  @mrxguibase:1353
[16:29:45.014] [lua] table:0x1F1952A0  @mrxguibase:1353
[16:29:45.022] [lua] table:0x1F1951A0  @mrxguibase:1353
[16:29:45.034] [lua] table:0x1ECF24E0  @mrxtask:649
[16:29:45.048] [lua] Dynamically imported module ChiJob003  @mrxtask:654
[16:29:45.048] [world] >>> Dynamically imported module ChiJob003  @mrxtask:654
[16:29:45.064] [lua] false  @mrxtask:679
[16:29:45.078] [lua] New operation (1 layers)  @mrxlayermanager:181
[16:29:45.087] [lua] Culling layer vz_state_chijob003 from add request; layer does not exist  @mrxlayermanager:229
[16:29:45.098] [lua] After culling, 0 layers in operation  @mrxlayermanager:250
[16:29:45.108] [lua] @@@@@@@@@@ MrxState.Exit: state STATE_WAITFORSTREAMING (refcount=4)  @mrxstate:476
[16:29:45.108] [world] >>> @@@@@@@@@@ MrxState.Exit: state STATE_WAITFORSTREAMING (refcount=4)  @mrxstate:476
[16:29:45.118] [lua] @@@@@@@@@@ MrxState._AttemptGlobalExit  @mrxstate:495
[16:29:45.130] [lua] @@@@@@@@@@ MrxState._AttemptGlobalExit:  state STATE_WAITFORSTREAMING still active .. (refcount=4,bLocked=true)  @mrxstate:512
[16:29:45.130] [world] >>> @@@@@@@@@@ MrxState._AttemptGlobalExit:  state STATE_WAITFORSTREAMING still active .. (refcount=4,bLocked=true)  @mrxstate:512
[16:29:45.139] [lua] @@@@@@@@@@ MrxState.Exit: state STATE_WAITFORGAME (refcount=0)  @mrxstate:476
[16:29:45.140] [world] >>> @@@@@@@@@@ MrxState.Exit: state STATE_WAITFORGAME (refcount=0)  @mrxstate:476
[16:29:45.150] [lua] @@@@@@@@@@ MrxState._AttemptGlobalExit  @mrxstate:495
[16:29:45.160] [lua] @@@@@@@@@@ MrxState._AttemptGlobalExit:  state STATE_WAITFORSTREAMING still active .. (refcount=4,bLocked=true)  @mrxstate:512
[16:29:45.160] [world] >>> @@@@@@@@@@ MrxState._AttemptGlobalExit:  state STATE_WAITFORSTREAMING still active .. (refcount=4,bLocked=true)  @mrxstate:512
[16:29:45.167] [lua] 0  @mrxtask:440
[16:29:45.176] [lua] 0  @mrxtask:440
[16:29:45.184] [lua] true  @mrxtask:291
[16:29:45.193] [lua] active  @mrxtaskstate:32
[16:29:45.202] [lua] _SetState "Missions.ChiJob003.ChiJob003Mission" active  @mrxtask:299
[16:29:45.210] [lua] 1  @mrxtask:440
[16:29:45.218] [lua] 1  @mrxtask:440
[16:29:45.226] [lua] 1  @mrxtask:440
[16:29:45.234] [lua] 1  @mrxtask:440
[16:29:45.242] [lua] 1  @mrxtask:440
[16:29:45.250] [lua] 1  @mrxtask:440
[16:29:45.258] [lua] 0  @mrxtask:440
[16:29:45.266] [lua] 0  @mrxtask:440
[16:29:45.273] [lua] 0  @mrxtask:440
[16:29:45.282] [lua] 0  @mrxtask:440
[16:29:45.292] [lua] Adding DestroyType as a child of ChiJob003Mission  @mrxtask:718
[16:29:45.300] [lua] true  @mrxtask:722
[16:29:45.308] [lua] 0  @mrxtask:440
[16:29:45.316] [lua] true  @mrxtask:291
[16:29:45.325] [lua] nil  @mrxtask:681
[16:29:45.333] [lua] table:0x1ECF2640  @mrxtask:649
[16:29:45.343] [lua] Dynamically imported module OilJob004  @mrxtask:654
[16:29:45.343] [world] >>> Dynamically imported module OilJob004  @mrxtask:654
[16:29:45.351] [lua] false  @mrxtask:679
[16:29:45.361] [lua] New operation (1 layers)  @mrxlayermanager:181
[16:29:45.370] [lua] After culling, 1 layers in operation  @mrxlayermanager:250
[16:29:45.379] [lua] Adding new request (2): adding 1 layers  @mrxlayermanager:281
[16:29:45.388] [lua] (Currently, there are 1 requests for layer vz_state_oiljob004)  @mrxlayermanager:298
[16:29:45.397] [lua] (nPendingOps = 5)  @mrxlayermanager:324
[16:29:45.406] [lua] Reloading vz_state_oiljob004  @mrxlayermanager:389
[16:29:45.415] [lua] true	Unable to load layer vz_state_oiljob004  @mrxlayermanager:403
[16:29:45.423] [lua] nil  @mrxtask:681
[16:29:45.430] [lua] table:0x1ECF2860  @mrxtask:649
[16:29:45.440] [lua] Dynamically imported module GurJob006  @mrxtask:654
[16:29:45.440] [world] >>> Dynamically imported module GurJob006  @mrxtask:654
[16:29:45.448] [lua] false  @mrxtask:679
[16:29:45.458] [lua] New operation (1 layers)  @mrxlayermanager:181
[16:29:45.467] [lua] After culling, 1 layers in operation  @mrxlayermanager:250
[16:29:45.476] [lua] Adding new request (3): adding 1 layers  @mrxlayermanager:281
[16:29:45.485] [lua] (Currently, there are 1 requests for layer vz_state_gurjob006)  @mrxlayermanager:298
[16:29:45.495] [lua] (nPendingOps = 6)  @mrxlayermanager:324
[16:29:45.504] [lua] Reloading vz_state_gurjob006  @mrxlayermanager:389
[16:29:45.513] [lua] true	Unable to load layer vz_state_gurjob006  @mrxlayermanager:403
[16:29:45.521] [lua] nil  @mrxtask:681
[16:29:45.528] [lua] table:0x1ECF2A40  @mrxtask:649
[16:29:45.538] [lua] Dynamically imported module GurJob001  @mrxtask:654
[16:29:45.538] [world] >>> Dynamically imported module GurJob001  @mrxtask:654
[16:29:45.546] [lua] false  @mrxtask:679
[16:29:45.556] [lua] New operation (1 layers)  @mrxlayermanager:181
[16:29:45.565] [lua] Culling layer vz_state_gurjob001 from add request; layer does not exist  @mrxlayermanager:229
[16:29:45.575] [lua] After culling, 0 layers in operation  @mrxlayermanager:250
[16:29:45.585] [lua] @@@@@@@@@@ MrxState.Exit: state STATE_WAITFORSTREAMING (refcount=3)  @mrxstate:476
[16:29:45.585] [world] >>> @@@@@@@@@@ MrxState.Exit: state STATE_WAITFORSTREAMING (refcount=3)  @mrxstate:476
[16:29:45.596] [lua] @@@@@@@@@@ MrxState._AttemptGlobalExit  @mrxstate:495
[16:29:45.605] [lua] @@@@@@@@@@ MrxState._AttemptGlobalExit:  state STATE_WAITFORSTREAMING still active .. (refcount=3,bLocked=true)  @mrxstate:512
[16:29:45.605] [world] >>> @@@@@@@@@@ MrxState._AttemptGlobalExit:  state STATE_WAITFORSTREAMING still active .. (refcount=3,bLocked=true)  @mrxstate:512
[16:29:45.614] [lua] @@@@@@@@@@ MrxState.Exit: UNPAIRED EXIT to state STATE_WAITFORGAME  @mrxstate:447
[16:29:45.615] [world] >>> @@@@@@@@@@ MrxState.Exit: UNPAIRED EXIT to state STATE_WAITFORGAME  @mrxstate:447
[16:29:45.626] [lua] 0  @mrxtask:440
[16:29:45.633] [lua] 0  @mrxtask:440
[16:29:45.641] [lua] true  @mrxtask:291
[16:29:45.650] [lua] active  @mrxtaskstate:32
[16:29:45.660] [lua] _SetState "Missions.GurJob001.GurJob001Mission" active  @mrxtask:299
[16:29:45.667] [lua] 1  @mrxtask:440
[16:29:45.675] [lua] 1  @mrxtask:440
[16:29:45.682] [lua] 1  @mrxtask:440
[16:29:45.690] [lua] 1  @mrxtask:440
[16:29:45.698] [lua] 1  @mrxtask:440
[16:29:45.706] [lua] 1  @mrxtask:440
[16:29:45.715] [lua] 0  @mrxtask:440
[16:29:45.722] [lua] 0  @mrxtask:440
[16:29:45.731] [lua] 0  @mrxtask:440
[16:29:45.738] [lua] 0  @mrxtask:440
[16:29:45.748] [lua] Adding DestroyType as a child of GurJob001Mission  @mrxtask:718
[16:29:45.756] [lua] true  @mrxtask:722
[16:29:45.764] [lua] 0  @mrxtask:440
[16:29:45.772] [lua] true  @mrxtask:291
[16:29:45.781] [lua] nil  @mrxtask:681
[16:29:45.788] [lua] table:0x1ECF2C00  @mrxtask:649
[16:29:45.798] [lua] Dynamically imported module AllJob003  @mrxtask:654
[16:29:45.798] [world] >>> Dynamically imported module AllJob003  @mrxtask:654
[16:29:45.807] [lua] false  @mrxtask:679
[16:29:45.816] [lua] New operation (1 layers)  @mrxlayermanager:181
[16:29:45.825] [lua] Culling layer vz_state_alljob003 from add request; layer does not exist  @mrxlayermanager:229
[16:29:45.834] [lua] After culling, 0 layers in operation  @mrxlayermanager:250
[16:29:45.844] [lua] @@@@@@@@@@ MrxState.Exit: state STATE_WAITFORSTREAMING (refcount=2)  @mrxstate:476
[16:29:45.844] [world] >>> @@@@@@@@@@ MrxState.Exit: state STATE_WAITFORSTREAMING (refcount=2)  @mrxstate:476
[16:29:45.854] [lua] @@@@@@@@@@ MrxState._AttemptGlobalExit  @mrxstate:495
[16:29:45.863] [lua] @@@@@@@@@@ MrxState._AttemptGlobalExit:  state STATE_WAITFORSTREAMING still active .. (refcount=2,bLocked=true)  @mrxstate:512
[16:29:45.864] [world] >>> @@@@@@@@@@ MrxState._AttemptGlobalExit:  state STATE_WAITFORSTREAMING still active .. (refcount=2,bLocked=true)  @mrxstate:512
[16:29:45.873] [lua] @@@@@@@@@@ MrxState.Exit: UNPAIRED EXIT to state STATE_WAITFORGAME  @mrxstate:447
[16:29:45.873] [world] >>> @@@@@@@@@@ MrxState.Exit: UNPAIRED EXIT to state STATE_WAITFORGAME  @mrxstate:447
[16:29:45.883] [lua] 0  @mrxtask:440
[16:29:45.891] [lua] 0  @mrxtask:440
[16:29:45.898] [lua] true  @mrxtask:291
[16:29:45.908] [lua] active  @mrxtaskstate:32
[16:29:45.917] [lua] _SetState "Missions.AllJob003.AllJob003Mission" active  @mrxtask:299
[16:29:45.925] [lua] 1  @mrxtask:440
[16:29:45.933] [lua] 1  @mrxtask:440
[16:29:45.941] [lua] 1  @mrxtask:440
[16:29:45.948] [lua] 1  @mrxtask:440
[16:29:45.956] [lua] 1  @mrxtask:440
[16:29:45.964] [lua] 1  @mrxtask:440
[16:29:45.972] [lua] 0  @mrxtask:440
[16:29:45.980] [lua] 0  @mrxtask:440
[16:29:45.988] [lua] 0  @mrxtask:440
[16:29:45.996] [lua] 0  @mrxtask:440
[16:29:46.006] [lua] Adding DestroyType as a child of AllJob003Mission  @mrxtask:718
[16:29:46.016] [lua] true  @mrxtask:722
[16:29:46.023] [lua] 0  @mrxtask:440
[16:29:46.036] [lua] true  @mrxtask:291
[16:29:46.044] [lua] nil  @mrxtask:681
[16:29:46.053] [lua] @ Loading asset vo_job_heros.soundbank (1)  @mrxbriefing:751
[16:29:46.063] [lua] @ Loading asset vo_job_pmc.soundbank (1)  @mrxbriefing:751
[16:29:46.072] [lua] @ Loading asset vo_job_heros.wavebank (1)  @mrxbriefing:751
[16:29:46.082] [lua] @ Loading asset vo_job_pmc.wavebank (1)  @mrxbriefing:751
[16:29:46.092] [lua] @ Loading asset Global_Job_Briefing_Mattias.facefxanimationset (1)  @mrxbriefing:751
[16:29:46.101] [lua] @ Loading asset all_starter03_job_briefing_idle.animation (1)  @mrxbriefing:751
[16:29:46.111] [lua] @ Loading asset all_starter03_job_briefing_greeting_neutral.animation (1)  @mrxbriefing:751
[16:29:46.120] [lua] @ Loading asset all_starter03_job_briefing_greeting_happy.animation (1)  @mrxbriefing:751
[16:29:46.130] [lua] @ Loading asset all_starter03_job_briefing_greeting_angry.animation (1)  @mrxbriefing:751
[16:29:46.139] [lua] @ Loading asset all_starter03_job_briefing_spiel.animation (1)  @mrxbriefing:751
[16:29:46.149] [lua] @ Loading asset all_starter03_job_briefing_goodbye.animation (1)  @mrxbriefing:751
[16:29:46.158] [lua] @ Loading asset all_starter02_job_briefing_idle.animation (1)  @mrxbriefing:751
[16:29:46.168] [lua] @ Loading asset all_starter02_job_briefing_greeting_neutral.animation (1)  @mrxbriefing:751
[16:29:46.177] [lua] @ Loading asset all_starter02_job_briefing_greeting_happy.animation (1)  @mrxbriefing:751
[16:29:46.187] [lua] @ Loading asset all_starter02_job_briefing_greeting_angry.animation (1)  @mrxbriefing:751
[16:29:46.197] [lua] @ Loading asset all_starter02_job_briefing_spiel.animation (1)  @mrxbriefing:751
[16:29:46.206] [lua] @ Loading asset all_starter02_job_briefing_goodbye.animation (1)  @mrxbriefing:751
[16:29:46.216] [lua] @ Loading asset player_mattias_job_briefing_greeting_fb.animation (1)  @mrxbriefing:751
[16:29:46.225] [lua] @ Loading asset player_mattias_job_briefing_idle_fb.animation (1)  @mrxbriefing:751
[16:29:46.234] [lua] @ Loading asset player_mattias_job_briefing_no_fb.animation (1)  @mrxbriefing:751
[16:29:46.244] [lua] @ Loading asset player_mattias_job_briefing_yes_fb.animation (1)  @mrxbriefing:751
[16:29:46.253] [lua] @ Loading asset player_mattias_job_briefing_spiel_fb.animation (1)  @mrxbriefing:751
[16:29:46.263] [lua] Request fulfilled: Reload layer vz_state_oiljob004 (static: nil)  @mrxlayermanager:446
[16:29:46.272] [lua] Layer request 2: 1 of 1 complete  @mrxlayermanager:479
[16:29:46.281] [lua] Layer request 2 completed!  @mrxlayermanager:482
[16:29:46.290] [lua] Culling op for layer vz_state_oiljob004!  @mrxlayermanager:318
[16:29:46.299] [lua] (nPendingOps = 5)  @mrxlayermanager:324
[16:29:46.308] [lua] @@@@@@@@@@ MrxState.Exit: state STATE_WAITFORSTREAMING (refcount=1)  @mrxstate:476
[16:29:46.308] [world] >>> @@@@@@@@@@ MrxState.Exit: state STATE_WAITFORSTREAMING (refcount=1)  @mrxstate:476
[16:29:46.320] [lua] @@@@@@@@@@ MrxState._AttemptGlobalExit  @mrxstate:495
[16:29:46.329] [lua] @@@@@@@@@@ MrxState._AttemptGlobalExit:  state STATE_WAITFORSTREAMING still active .. (refcount=1,bLocked=true)  @mrxstate:512
[16:29:46.329] [world] >>> @@@@@@@@@@ MrxState._AttemptGlobalExit:  state STATE_WAITFORSTREAMING still active .. (refcount=1,bLocked=true)  @mrxstate:512
[16:29:46.338] [lua] @@@@@@@@@@ MrxState.Exit: UNPAIRED EXIT to state STATE_WAITFORGAME  @mrxstate:447
[16:29:46.339] [world] >>> @@@@@@@@@@ MrxState.Exit: UNPAIRED EXIT to state STATE_WAITFORGAME  @mrxstate:447
[16:29:46.348] [lua] 0  @mrxtask:440
[16:29:46.356] [lua] 0  @mrxtask:440
[16:29:46.364] [lua] true  @mrxtask:291
[16:29:46.373] [lua] active  @mrxtaskstate:32
[16:29:46.383] [lua] _SetState "Missions.OilJob004.OilJob004Mission" active  @mrxtask:299
[16:29:46.390] [lua] 1  @mrxtask:440
[16:29:46.399] [lua] 1  @mrxtask:440
[16:29:46.406] [lua] 1  @mrxtask:440
[16:29:46.414] [lua] 1  @mrxtask:440
[16:29:46.422] [lua] 1  @mrxtask:440
[16:29:46.430] [lua] 1  @mrxtask:440
[16:29:46.437] [lua] 0  @mrxtask:440
[16:29:46.445] [lua] 0  @mrxtask:440
[16:29:46.453] [lua] 0  @mrxtask:440
[16:29:46.461] [lua] 0  @mrxtask:440
[16:29:46.470] [lua] Adding DestroyType as a child of OilJob004Mission  @mrxtask:718
[16:29:46.478] [lua] true  @mrxtask:722
[16:29:46.485] [lua] 0  @mrxtask:440
[16:29:46.493] [lua] true  @mrxtask:291
[16:29:46.502] [lua] Request fulfilled: Reload layer vz_state_gurjob006 (static: nil)  @mrxlayermanager:446
[16:29:46.512] [lua] Layer request 3: 1 of 1 complete  @mrxlayermanager:479
[16:29:46.521] [lua] Layer request 3 completed!  @mrxlayermanager:482
[16:29:46.531] [lua] Culling op for layer vz_state_gurjob006!  @mrxlayermanager:318
[16:29:46.541] [lua] (nPendingOps = 4)  @mrxlayermanager:324
[16:29:46.550] [lua] @@@@@@@@@@ MrxState.Exit: state STATE_WAITFORSTREAMING (refcount=0)  @mrxstate:476
[16:29:46.551] [world] >>> @@@@@@@@@@ MrxState.Exit: state STATE_WAITFORSTREAMING (refcount=0)  @mrxstate:476
[16:29:46.562] [lua] @@@@@@@@@@ MrxState._AttemptGlobalExit  @mrxstate:495
[16:29:46.571] [lua] @@@@@@@@@@ MrxState._AttemptGlobalExit:  state STATE_WAITFORSTREAMING still active .. (refcount=0,bLocked=true)  @mrxstate:512
[16:29:46.571] [world] >>> @@@@@@@@@@ MrxState._AttemptGlobalExit:  state STATE_WAITFORSTREAMING still active .. (refcount=0,bLocked=true)  @mrxstate:512
[16:29:46.581] [lua] @@@@@@@@@@ MrxState.Exit: UNPAIRED EXIT to state STATE_WAITFORGAME  @mrxstate:447
[16:29:46.582] [world] >>> @@@@@@@@@@ MrxState.Exit: UNPAIRED EXIT to state STATE_WAITFORGAME  @mrxstate:447
[16:29:46.592] [lua] 0  @mrxtask:440
[16:29:46.600] [lua] 0  @mrxtask:440
[16:29:46.607] [lua] true  @mrxtask:291
[16:29:46.617] [lua] active  @mrxtaskstate:32
[16:29:46.626] [lua] _SetState "Missions.GurJob006.GurJob006Mission" active  @mrxtask:299
[16:29:46.634] [lua] 1  @mrxtask:440
[16:29:46.641] [lua] 1  @mrxtask:440
[16:29:46.649] [lua] 1  @mrxtask:440
[16:29:46.656] [lua] 1  @mrxtask:440
[16:29:46.665] [lua] 1  @mrxtask:440
[16:29:46.672] [lua] 1  @mrxtask:440
[16:29:46.680] [lua] 0  @mrxtask:440
[16:29:46.688] [lua] 0  @mrxtask:440
[16:29:46.696] [lua] 0  @mrxtask:440
[16:29:46.703] [lua] 0  @mrxtask:440
[16:29:46.713] [lua] Adding DestroyType as a child of GurJob006Mission  @mrxtask:718
[16:29:46.721] [lua] true  @mrxtask:722
[16:29:46.728] [lua] 0  @mrxtask:440
[16:29:46.736] [lua] true  @mrxtask:291
[16:29:46.747] [lua] @ Loaded asset vo_job_heros.soundbank  @mrxbriefing:634
[16:29:46.758] [lua] @ Loaded asset vo_job_pmc.soundbank  @mrxbriefing:634
[16:29:46.767] [lua] @ Loaded asset vo_job_heros.wavebank  @mrxbriefing:634
[16:29:46.777] [lua] @ Loaded asset vo_job_pmc.wavebank  @mrxbriefing:634
[16:29:46.813] [lua] table:0x1ECDD680  @mrxtask:649
[16:29:46.823] [lua] Dynamically imported module MrxTaskObjectiveDestroy  @mrxtask:654
[16:29:46.823] [world] >>> Dynamically imported module MrxTaskObjectiveDestroy  @mrxtask:654
[16:29:46.833] [lua] 0  @mrxtask:440
[16:29:46.848] [lua] 0  @mrxtask:440
[16:29:46.862] [lua] GetObjectiveDescription sMsgType: nil  @mrxtaskobjective:1316
[16:29:46.871] [lua] GetObjectiveDescription sMsgType: nil  @mrxtaskobjective:1316
[16:29:46.878] [lua] 0  @mrxtask:440
[16:29:46.886] [lua] 0  @mrxtask:440
[16:29:46.894] [lua] true  @mrxtask:291
[16:29:46.903] [lua] active  @mrxtaskstate:32
[16:29:46.913] [lua] _SetState "Missions.ChiJob003.ChiJob003Mission.DestroyType" active  @mrxtask:299
[16:29:46.921] [lua] 1  @mrxtask:440
[16:29:46.930] [lua] 1  @mrxtask:440
[16:29:46.938] [lua] 1  @mrxtask:440
[16:29:46.946] [lua] 1  @mrxtask:440
[16:29:46.954] [lua] 1  @mrxtask:440
[16:29:46.962] [lua] 1  @mrxtask:440
[16:29:46.970] [lua] lightuserdata:0x00020102  @mrxtaskobjectivedestroy:46
[16:29:46.977] [lua] table:0x1ECDD680  @mrxtask:649
[16:29:46.987] [lua] Dynamically imported module MrxTaskObjectiveDestroy  @mrxtask:654
[16:29:46.987] [world] >>> Dynamically imported module MrxTaskObjectiveDestroy  @mrxtask:654
[16:29:46.997] [lua] 0  @mrxtask:440
[16:29:47.009] [lua] 0  @mrxtask:440
[16:29:47.018] [lua] GetObjectiveDescription sMsgType: nil  @mrxtaskobjective:1316
[16:29:47.028] [lua] GetObjectiveDescription sMsgType: nil  @mrxtaskobjective:1316
[16:29:47.036] [lua] 0  @mrxtask:440
[16:29:47.044] [lua] 0  @mrxtask:440
[16:29:47.051] [lua] true  @mrxtask:291
[16:29:47.061] [lua] active  @mrxtaskstate:32
[16:29:47.071] [lua] _SetState "Missions.GurJob001.GurJob001Mission.DestroyType" active  @mrxtask:299
[16:29:47.078] [lua] 1  @mrxtask:440
[16:29:47.086] [lua] 1  @mrxtask:440
[16:29:47.095] [lua] 1  @mrxtask:440
[16:29:47.102] [lua] 1  @mrxtask:440
[16:29:47.110] [lua] 1  @mrxtask:440
[16:29:47.118] [lua] 1  @mrxtask:440
[16:29:47.126] [lua] lightuserdata:0x00020104  @mrxtaskobjectivedestroy:46
[16:29:47.133] [lua] table:0x1ECDD680  @mrxtask:649
[16:29:47.143] [lua] Dynamically imported module MrxTaskObjectiveDestroy  @mrxtask:654
[16:29:47.143] [world] >>> Dynamically imported module MrxTaskObjectiveDestroy  @mrxtask:654
[16:29:47.151] [lua] 0  @mrxtask:440
[16:29:47.158] [lua] 0  @mrxtask:440
[16:29:47.168] [lua] GetObjectiveDescription sMsgType: nil  @mrxtaskobjective:1316
[16:29:47.178] [lua] GetObjectiveDescription sMsgType: nil  @mrxtaskobjective:1316
[16:29:47.186] [lua] 0  @mrxtask:440
[16:29:47.195] [lua] 0  @mrxtask:440
[16:29:47.203] [lua] true  @mrxtask:291
[16:29:47.212] [lua] active  @mrxtaskstate:32
[16:29:47.222] [lua] _SetState "Missions.AllJob003.AllJob003Mission.DestroyType" active  @mrxtask:299
[16:29:47.233] [lua] 1  @mrxtask:440
[16:29:47.240] [lua] 1  @mrxtask:440
[16:29:47.248] [lua] 1  @mrxtask:440
[16:29:47.256] [lua] 1  @mrxtask:440
[16:29:47.265] [lua] 1  @mrxtask:440
[16:29:47.272] [lua] 1  @mrxtask:440
[16:29:47.280] [lua] lightuserdata:0x00020106  @mrxtaskobjectivedestroy:46
[16:29:47.288] [lua] table:0x1ECDD680  @mrxtask:649
[16:29:47.297] [lua] Dynamically imported module MrxTaskObjectiveDestroy  @mrxtask:654
[16:29:47.297] [world] >>> Dynamically imported module MrxTaskObjectiveDestroy  @mrxtask:654
[16:29:47.305] [lua] 0  @mrxtask:440
[16:29:47.313] [lua] 0  @mrxtask:440
[16:29:47.322] [lua] GetObjectiveDescription sMsgType: nil  @mrxtaskobjective:1316
[16:29:47.332] [lua] GetObjectiveDescription sMsgType: nil  @mrxtaskobjective:1316
[16:29:47.339] [lua] 0  @mrxtask:440
[16:29:47.347] [lua] 0  @mrxtask:440
[16:29:47.355] [lua] true  @mrxtask:291
[16:29:47.364] [lua] active  @mrxtaskstate:32
[16:29:47.373] [lua] _SetState "Missions.OilJob004.OilJob004Mission.DestroyType" active  @mrxtask:299
[16:29:47.380] [lua] 1  @mrxtask:440
[16:29:47.388] [lua] 1  @mrxtask:440
[16:29:47.396] [lua] 1  @mrxtask:440
[16:29:47.404] [lua] 1  @mrxtask:440
[16:29:47.411] [lua] 1  @mrxtask:440
[16:29:47.419] [lua] 1  @mrxtask:440
[16:29:47.428] [lua] lightuserdata:0x00020108  @mrxtaskobjectivedestroy:46
[16:29:47.435] [lua] table:0x1ECDD680  @mrxtask:649
[16:29:47.445] [lua] Dynamically imported module MrxTaskObjectiveDestroy  @mrxtask:654
[16:29:47.445] [world] >>> Dynamically imported module MrxTaskObjectiveDestroy  @mrxtask:654
[16:29:47.453] [lua] 0  @mrxtask:440
[16:29:47.462] [lua] 0  @mrxtask:440
[16:29:47.472] [lua] GetObjectiveDescription sMsgType: nil  @mrxtaskobjective:1316
[16:29:47.481] [lua] GetObjectiveDescription sMsgType: nil  @mrxtaskobjective:1316
[16:29:47.489] [lua] 0  @mrxtask:440
[16:29:47.498] [lua] 0  @mrxtask:440
[16:29:47.505] [lua] true  @mrxtask:291
[16:29:47.514] [lua] active  @mrxtaskstate:32
[16:29:47.523] [lua] _SetState "Missions.GurJob006.GurJob006Mission.DestroyType" active  @mrxtask:299
[16:29:47.531] [lua] 1  @mrxtask:440
[16:29:47.538] [lua] 1  @mrxtask:440
[16:29:47.547] [lua] 1  @mrxtask:440
[16:29:47.554] [lua] 1  @mrxtask:440
[16:29:47.564] [lua] 1  @mrxtask:440
[16:29:47.572] [lua] 1  @mrxtask:440
[16:29:47.582] [lua] lightuserdata:0x0002010A  @mrxtaskobjectivedestroy:46
[16:29:47.776] [lua] Request fulfilled: Load layer vz_state_pmcinterior (static: nil)  @mrxlayermanager:446
[16:29:47.786] [lua] Layer request 1: 1 of 4 complete  @mrxlayermanager:479
[16:29:47.795] [lua] Culling op for layer vz_state_pmcinterior!  @mrxlayermanager:318
[16:29:47.805] [lua] (nPendingOps = 3)  @mrxlayermanager:324
[16:29:47.817] [lua] Request fulfilled: Load layer vz_state_pmcinterior_hel (static: nil)  @mrxlayermanager:446
[16:29:47.827] [lua] Layer request 1: 2 of 4 complete  @mrxlayermanager:479
[16:29:47.836] [lua] Culling op for layer vz_state_pmcinterior_hel!  @mrxlayermanager:318
[16:29:47.846] [lua] (nPendingOps = 2)  @mrxlayermanager:324
[16:29:47.857] [lua] Request fulfilled: Load layer vz_state_pmcinterior_jet (static: nil)  @mrxlayermanager:446
[16:29:47.867] [lua] Layer request 1: 3 of 4 complete  @mrxlayermanager:479
[16:29:47.877] [lua] Culling op for layer vz_state_pmcinterior_jet!  @mrxlayermanager:318
[16:29:47.887] [lua] (nPendingOps = 1)  @mrxlayermanager:324
[16:29:47.898] [lua] Request fulfilled: Load layer vz_state_pmcinterior_mec (static: nil)  @mrxlayermanager:446
[16:29:47.907] [lua] Layer request 1: 4 of 4 complete  @mrxlayermanager:479
[16:29:47.917] [lua] Layer request 1 completed!  @mrxlayermanager:482
[16:29:47.927] [lua] Culling op for layer vz_state_pmcinterior_mec!  @mrxlayermanager:318
[16:29:47.936] [lua] (nPendingOps = 0)  @mrxlayermanager:324
[16:29:47.945] [lua] All layer operations processed and fulfilled...resetting asset request max to 16  @mrxlayermanager:330
[16:29:47.956] [lua] @@@@@@@@@@ MrxState.Enter: state STATE_WAITFORSTREAMING (refcount=1)  @mrxstate:381
[16:29:47.957] [world] >>> @@@@@@@@@@ MrxState.Enter: state STATE_WAITFORSTREAMING (refcount=1)  @mrxstate:381
[16:29:47.967] [lua] ###! GlobalEnter - Complete  @mrxstate:432
[16:29:47.967] [world] >>> ###! GlobalEnter - Complete  @mrxstate:432
[16:29:47.976] [lua] Enabling Custom Outfit...  @wifpmcinterior:1901
[16:29:47.988] [lua] Disabling physics for teleport  @mrxutil:469
[16:29:48.000] [lua] Desired Yaw - 0.35094681382179  @mrxutil:475
[16:29:48.010] [lua] @@@@@@@@@@ MrxUtil._TeleportHero: Teleporting to 3794.0427246094,450.75054931641,-3911.0322265625  @mrxutil:490
[16:29:48.020] [lua] @@@@@@@@@@ MrxUtil._TeleportComplete: tOperation[1].bComplete=true  @mrxutil:524
[16:29:48.030] [lua] @@@@@@@@@@ MrxUtil._TeleportComplete: tOperations.bStreamingComplete=nil  @mrxutil:527
[16:29:49.355] [lua] @ Loaded asset all_starter03_job_briefing_idle.animation  @mrxbriefing:634
[16:29:49.366] [lua] @ Loaded asset all_starter03_job_briefing_greeting_neutral.animation  @mrxbriefing:634
[16:29:49.375] [lua] @ Loaded asset all_starter03_job_briefing_greeting_happy.animation  @mrxbriefing:634
[16:29:49.385] [lua] @ Loaded asset all_starter03_job_briefing_greeting_angry.animation  @mrxbriefing:634
[16:29:49.395] [lua] @ Loaded asset all_starter03_job_briefing_spiel.animation  @mrxbriefing:634
[16:29:49.405] [lua] @ Loaded asset all_starter03_job_briefing_goodbye.animation  @mrxbriefing:634
[16:29:49.503] [lua] @ Loaded asset Global_Job_Briefing_Mattias.facefxanimationset  @mrxbriefing:634
[16:29:49.514] [lua] @ Loaded asset player_mattias_job_briefing_greeting_fb.animation  @mrxbriefing:634
[16:29:49.524] [lua] @ Loaded asset player_mattias_job_briefing_idle_fb.animation  @mrxbriefing:634
[16:29:49.534] [lua] @ Loaded asset player_mattias_job_briefing_no_fb.animation  @mrxbriefing:634
[16:29:49.543] [lua] @ Loaded asset player_mattias_job_briefing_yes_fb.animation  @mrxbriefing:634
[16:29:49.554] [lua] @ Loaded asset player_mattias_job_briefing_spiel_fb.animation  @mrxbriefing:634
[16:29:49.567] [lua] @ Loaded asset all_starter02_job_briefing_idle.animation  @mrxbriefing:634
[16:29:49.577] [lua] @ Loaded asset all_starter02_job_briefing_greeting_neutral.animation  @mrxbriefing:634
[16:29:49.587] [lua] @ Loaded asset all_starter02_job_briefing_greeting_happy.animation  @mrxbriefing:634
[16:29:49.598] [lua] @ Loaded asset all_starter02_job_briefing_greeting_angry.animation  @mrxbriefing:634
[16:29:49.607] [lua] @ Loaded asset all_starter02_job_briefing_spiel.animation  @mrxbriefing:634
[16:29:49.621] [lua] @ Loaded asset all_starter02_job_briefing_goodbye.animation  @mrxbriefing:634
[16:29:51.566] [lua] WARNING: Trying to set up Survival mode for a non-player ( nil )  @hero:74
[16:29:53.531] [lua] @@@@@@@@@@ MrxState._StateComplete:  state STATE_WAITFORSTREAMING, about to _AttemptGlobalExit  @mrxstate:325
[16:29:53.531] [world] >>> @@@@@@@@@@ MrxState._StateComplete:  state STATE_WAITFORSTREAMING, about to _AttemptGlobalExit  @mrxstate:325
[16:29:53.542] [lua] @@@@@@@@@@ MrxUtil._TeleportComplete: tOperation[1].bComplete=true  @mrxutil:524
[16:29:53.553] [lua] @@@@@@@@@@ MrxUtil._TeleportComplete: tOperations.bStreamingComplete=true  @mrxutil:527
[16:29:53.563] [lua] Enabling physics for teleport  @mrxutil:541
[16:29:53.580] [lua] @@@@@@@@@@ MrxState._AttemptGlobalExit  @mrxstate:495
[16:29:53.591] [lua] @@@@@@@@@@ MrxState._AttemptGlobalExit:  state STATE_WAITFORSTREAMING still active .. (refcount=1,bLocked=false)  @mrxstate:512
[16:29:53.591] [world] >>> @@@@@@@@@@ MrxState._AttemptGlobalExit:  state STATE_WAITFORSTREAMING still active .. (refcount=1,bLocked=false)  @mrxstate:512
[16:29:54.556] [lua] @@@@@@@@@@ MrxState.Exit: state STATE_WAITFORSTREAMING (refcount=0)  @mrxstate:476
[16:29:54.557] [world] >>> @@@@@@@@@@ MrxState.Exit: state STATE_WAITFORSTREAMING (refcount=0)  @mrxstate:476
[16:29:54.575] [lua] @@@@@@@@@@ MrxState._AttemptGlobalExit  @mrxstate:495
[16:29:54.586] [lua] @@@@@@@@@@ MrxState._AttemptGlobalExit: all states exited; success  @mrxstate:524
[16:29:54.596] [lua] ###! GlobalExit - Begin  @mrxstate:233
[16:29:54.606] [lua] @@@@@@@@@@ MrxState.EnableFade: bEnable=true  @mrxstate:550
[16:29:54.617] [lua] Fade-In in 1.1000000238419s...  @mrxstate:273
[16:29:54.628] [lua] Setting (true) HelPmcBoss's marker  @wifpmcinterior:1583
[16:29:54.638] [lua] Setting (true) HelPmcBoss's chatter  @wifpmcinterior:1669
[16:29:54.648] [lua] Setting (true) PmcBoss's marker  @wifpmcinterior:1583
[16:29:54.658] [lua] Setting (true) PmcBoss's chatter  @wifpmcinterior:1669
[16:29:54.670] [lua] Setting (true) JetPmcBoss's marker  @wifpmcinterior:1583
[16:29:54.681] [lua] Setting (true) JetPmcBoss's chatter  @wifpmcinterior:1669
[16:29:54.691] [lua] Setting (true) MecPmcBoss's marker  @wifpmcinterior:1583
[16:29:54.702] [lua] Setting (true) MecPmcBoss's chatter  @wifpmcinterior:1669
[16:29:54.712] [lua] Starter loading  @mrxstarter:586
[16:29:54.723] [lua] Starter loading  @mrxstarter:586
[16:29:54.733] [lua] Starter loading  @mrxstarter:586
[16:29:54.743] [lua] Starter loading  @mrxstarter:586
[16:29:54.811] [lua] _SetStockpileCategoryQty(artillery, 0)  @wifpmcinterior:2299
[16:29:54.822] [lua] _SetStockpileCategoryQty(combatairpatrol, 0)  @wifpmcinterior:2299
[16:29:54.834] [lua] _SetStockpileCategoryQty(surgicalstrike, 0)  @wifpmcinterior:2299
[16:29:54.844] [lua] _SetStockpileCategoryQty(fuelairbomb, 48)  @wifpmcinterior:2299
[16:29:54.855] [lua] _SetStockpileCategoryQty(money, 342479104)  @wifpmcinterior:2299
[16:29:54.865] [lua] _SetStockpileCategoryQty(bunkerbuster, 0)  @wifpmcinterior:2299
[16:29:54.875] [lua] _SetStockpileCategoryQty(bombingrun, 0)  @wifpmcinterior:2299
[16:29:54.886] [lua] _SetStockpileCategoryQty(rocketartillery, 0)  @wifpmcinterior:2299
[16:29:54.896] [lua] _SetStockpileCategoryQty(clusterbomb, 4)  @wifpmcinterior:2299
[16:29:54.906] [lua] _SetStockpileCategoryQty(moab, 0)  @wifpmcinterior:2299
[16:29:54.917] [lua] _SetStockpileCategoryQty(daisycutter, 0)  @wifpmcinterior:2299
[16:29:54.927] [lua] _SetStockpileCategoryQty(laserguidedbomb, 0)  @wifpmcinterior:2299
[16:29:54.937] [lua] _SetStockpileCategoryQty(tankbuster, 94)  @wifpmcinterior:2299
[16:29:54.948] [lua] @@@@@@@@@@ MrxState.Exit: UNPAIRED EXIT to state STATE_WAITFORGAME  @mrxstate:447
[16:29:54.948] [world] >>> @@@@@@@@@@ MrxState.Exit: UNPAIRED EXIT to state STATE_WAITFORGAME  @mrxstate:447
[16:29:54.960] [lua] @@@@@@@@@@ MrxState.Exit: UNPAIRED EXIT to state STATE_WAITFORGAME  @mrxstate:447
[16:29:54.960] [world] >>> @@@@@@@@@@ MrxState.Exit: UNPAIRED EXIT to state STATE_WAITFORGAME  @mrxstate:447
[16:29:55.982] [lua] FanfareQueue: Pending  @mrxguiinterface:1340
[16:29:55.993] [lua] ###! GlobalExit - Complete  @mrxstate:298
[16:29:55.993] [world] >>> ###! GlobalExit - Complete  @mrxstate:298
[16:29:56.073] [lua] Atmosphere: creating boundary check for boundary "rgn_atmo_GRstripmine" enter  @wifvzatmosphere:59
[16:29:56.084] [lua] Atmosphere: creating boundary check for boundary "rgn_atmo_Caracas" enter  @wifvzatmosphere:59
[16:29:56.094] [lua] Atmosphere: creating boundary check for boundary "rgn_atmo_GR Cave" enter  @wifvzatmosphere:59
[16:29:56.104] [lua] Atmosphere: creating boundary check for boundary "rgn_atmo_PMC Outpost" enter  @wifvzatmosphere:59
[16:29:57.207] [lua] table:0x1F1952A0  @mrxguibase:1353
[16:29:57.215] [lua] table:0x1F1951A0  @mrxguibase:1353
[16:29:57.225] [lua] table:0x1F195080  @mrxguibase:1353
[16:29:57.234] [lua] table:0x1F194D20  @mrxguibase:1353
[16:29:57.242] [lua] table:0x1F195AC0  @mrxguibase:1353
[16:29:57.251] [lua] table:0x1F1959C0  @mrxguibase:1353
[16:29:57.260] [lua] table:0x1F1958A0  @mrxguibase:1353
[16:29:57.268] [lua] table:0x1F195520  @mrxguibase:1353
[16:29:57.295] [lua] table:0x1F195080  @mrxguibase:1353
[16:29:57.304] [lua] table:0x1F1958A0  @mrxguibase:1353
[16:29:57.312] [lua] table:0x1F195520  @mrxguibase:1353
[16:29:57.321] [lua] table:0x1F1959C0  @mrxguibase:1353
[16:29:57.329] [lua] table:0x1F195AC0  @mrxguibase:1353
[16:29:57.338] [lua] table:0x1F194D20  @mrxguibase:1353
[16:29:57.348] [lua] table:0x1F1951A0  @mrxguibase:1353
[16:29:57.357] [lua] table:0x1F1952A0  @mrxguibase:1353
[16:30:02.038] [lua] table:0x1F1554E0  @mrxguibase:1353
[16:30:02.047] [lua] table:0x1F1554E0  @mrxguibase:1353
[16:30:02.061] [lua] table:0x1F1554E0  @mrxguibase:1353
[16:30:02.085] [lua] table:0x1F1554E0  @mrxguibase:1353
[16:30:03.098] [lua] @@@@@@@@@@ MrxState.Enter: state STATE_WAITFORGAME (refcount=1)  @mrxstate:381
[16:30:03.098] [world] >>> @@@@@@@@@@ MrxState.Enter: state STATE_WAITFORGAME (refcount=1)  @mrxstate:381
[16:30:03.113] [lua] ###! GlobalEnter - Begin  @mrxstate:172
[16:30:03.113] [world] >>> ###! GlobalEnter - Begin  @mrxstate:172
[16:30:03.126] [lua] Long Fading-Out...  @mrxstate:188
[16:30:03.137] [lua] ~~~~~~~~~~~~~~~~~~~~~~~~  GlobalFadeToBlack, count = 0  @mrxgui:516
[16:30:03.148] [lua] ~~~~~~~~~~ count increased to = 1  @mrxgui:534
[16:30:03.159] [lua] ~~~~~~~~~~~~~ still loading, queued 1  @mrxgui:537
[16:30:03.180] [lua] ~~~~~~~~~~~~~~~~~~~~~~~~  _CompleteFadeFlashLoad  @mrxgui:659
[16:30:03.228] [lua] table:0x1F1554E0  @mrxguibase:1353
[16:30:03.253] [lua] table:0x1F1554E0  @mrxguibase:1353
[16:30:05.085] [lua] ~~~~~~~~~~~~~~~~~~~~~~~~  _FinishFadeToBlack  @mrxgui:608
[16:30:05.111] [lua] table:0x1F1554E0  @mrxguibase:1353
[16:30:05.122] [lua] Setting (false) HelPmcBoss's marker  @wifpmcinterior:1583
[16:30:05.132] [lua] Setting (false) HelPmcBoss's chatter  @wifpmcinterior:1669
[16:30:05.143] [lua] Setting (false) PmcBoss's marker  @wifpmcinterior:1583
[16:30:05.156] [lua] Setting (false) PmcBoss's chatter  @wifpmcinterior:1669
[16:30:05.166] [lua] Setting (false) JetPmcBoss's marker  @wifpmcinterior:1583
[16:30:05.183] [lua] Setting (false) JetPmcBoss's chatter  @wifpmcinterior:1669
[16:30:05.200] [lua] Setting (false) MecPmcBoss's marker  @wifpmcinterior:1583
[16:30:05.211] [lua] Setting (false) MecPmcBoss's chatter  @wifpmcinterior:1669
[16:30:05.222] [lua] New operation (4 layers)  @mrxlayermanager:181
[16:30:05.233] [lua] After culling, 4 layers in operation  @mrxlayermanager:250
[16:30:05.243] [lua] Adding new request (1): removing 4 layers  @mrxlayermanager:281
[16:30:05.254] [lua] (Currently, there are 1 requests for layer vz_state_pmcinterior)  @mrxlayermanager:298
[16:30:05.265] [lua] (Currently, there are 1 requests for layer vz_state_pmcinterior_hel)  @mrxlayermanager:298
[16:30:05.276] [lua] (Currently, there are 1 requests for layer vz_state_pmcinterior_jet)  @mrxlayermanager:298
[16:30:05.286] [lua] (Currently, there are 1 requests for layer vz_state_pmcinterior_mec)  @mrxlayermanager:298
[16:30:05.299] [lua] (nPendingOps = 4)  @mrxlayermanager:324
[16:30:05.310] [lua] Unloading vz_state_pmcinterior  @mrxlayermanager:405
[16:30:05.320] [lua] true	Unable to unload layer vz_state_pmcinterior  @mrxlayermanager:416
[16:30:05.331] [lua] Unloading vz_state_pmcinterior_jet  @mrxlayermanager:405
[16:30:05.342] [lua] true	Unable to unload layer vz_state_pmcinterior_jet  @mrxlayermanager:416
[16:30:05.352] [lua] Unloading vz_state_pmcinterior_hel  @mrxlayermanager:405
[16:30:05.363] [lua] true	Unable to unload layer vz_state_pmcinterior_hel  @mrxlayermanager:416
[16:30:05.374] [lua] Unloading vz_state_pmcinterior_mec  @mrxlayermanager:405
[16:30:05.384] [lua] true	Unable to unload layer vz_state_pmcinterior_mec  @mrxlayermanager:416
[16:30:05.395] [lua] @@@@@@@@@@ MrxState.Enter: state STATE_WAITFORSTREAMING (refcount=1)  @mrxstate:381
[16:30:05.395] [world] >>> @@@@@@@@@@ MrxState.Enter: state STATE_WAITFORSTREAMING (refcount=1)  @mrxstate:381
[16:30:05.407] [lua] ###! GlobalEnter - Complete  @mrxstate:432
[16:30:05.407] [world] >>> ###! GlobalEnter - Complete  @mrxstate:432
[16:30:05.418] [lua] Disabling Custom Outfit...  @wifpmcinterior:1957
[16:30:05.428] [lua] @ Unloading asset vo_job_heros.soundbank (0)  @mrxbriefing:767
[16:30:05.439] [lua] @ Unloading asset vo_job_pmc.soundbank (0)  @mrxbriefing:767
[16:30:05.450] [lua] @ Unloading asset vo_job_heros.wavebank (0)  @mrxbriefing:767
[16:30:05.461] [lua] @ Unloading asset vo_job_pmc.wavebank (0)  @mrxbriefing:767
[16:30:05.472] [lua] @ Unloading asset Global_Job_Briefing_Mattias.facefxanimationset (0)  @mrxbriefing:767
[16:30:05.483] [lua] @ Unloading asset all_starter03_job_briefing_idle.animation (0)  @mrxbriefing:767
[16:30:05.494] [lua] @ Unloading asset all_starter03_job_briefing_greeting_neutral.animation (0)  @mrxbriefing:767
[16:30:05.505] [lua] @ Unloading asset all_starter03_job_briefing_greeting_happy.animation (0)  @mrxbriefing:767
[16:30:05.517] [lua] @ Unloading asset all_starter03_job_briefing_greeting_angry.animation (0)  @mrxbriefing:767
[16:30:05.527] [lua] @ Unloading asset all_starter03_job_briefing_spiel.animation (0)  @mrxbriefing:767
[16:30:05.538] [lua] @ Unloading asset all_starter03_job_briefing_goodbye.animation (0)  @mrxbriefing:767
[16:30:05.550] [lua] @ Unloading asset all_starter02_job_briefing_idle.animation (0)  @mrxbriefing:767
[16:30:05.561] [lua] @ Unloading asset all_starter02_job_briefing_greeting_neutral.animation (0)  @mrxbriefing:767
[16:30:05.572] [lua] @ Unloading asset all_starter02_job_briefing_greeting_happy.animation (0)  @mrxbriefing:767
[16:30:05.583] [lua] @ Unloading asset all_starter02_job_briefing_greeting_angry.animation (0)  @mrxbriefing:767
[16:30:05.595] [lua] @ Unloading asset all_starter02_job_briefing_spiel.animation (0)  @mrxbriefing:767
[16:30:05.605] [lua] @ Unloading asset all_starter02_job_briefing_goodbye.animation (0)  @mrxbriefing:767
[16:30:05.616] [lua] @ Unloading asset player_mattias_job_briefing_greeting_fb.animation (0)  @mrxbriefing:767
[16:30:05.628] [lua] @ Unloading asset player_mattias_job_briefing_idle_fb.animation (0)  @mrxbriefing:767
[16:30:05.639] [lua] @ Unloading asset player_mattias_job_briefing_no_fb.animation (0)  @mrxbriefing:767
[16:30:05.655] [lua] @ Unloading asset player_mattias_job_briefing_yes_fb.animation (0)  @mrxbriefing:767
[16:30:05.666] [lua] @ Unloading asset player_mattias_job_briefing_spiel_fb.animation (0)  @mrxbriefing:767
[16:30:05.677] [lua] @ Checking loaded assets...  @mrxbriefing:782
[16:30:05.688] [lua] @ All assets unloaded!  @mrxbriefing:790
[16:30:05.698] [lua] @@@@@@@@@@ MrxState._StateComplete:  state STATE_WAITFORGAME, about to _AttemptGlobalExit  @mrxstate:325
[16:30:05.698] [world] >>> @@@@@@@@@@ MrxState._StateComplete:  state STATE_WAITFORGAME, about to _AttemptGlobalExit  @mrxstate:325
[16:30:05.710] [lua] @@@@@@@@@@ MrxState._AttemptGlobalExit  @mrxstate:495
[16:30:05.721] [lua] @@@@@@@@@@ MrxState._AttemptGlobalExit:  state STATE_WAITFORSTREAMING still active .. (refcount=1,bLocked=true)  @mrxstate:512
[16:30:05.721] [world] >>> @@@@@@@@@@ MrxState._AttemptGlobalExit:  state STATE_WAITFORSTREAMING still active .. (refcount=1,bLocked=true)  @mrxstate:512
[16:30:05.731] [lua] ###! GlobalEnter - Complete  @mrxstate:432
[16:30:05.731] [world] >>> ###! GlobalEnter - Complete  @mrxstate:432
[16:30:05.745] [lua] Request fulfilled: Unload layer vz_state_pmcinterior  @mrxlayermanager:451
[16:30:05.756] [lua] Layer request 1: 1 of 4 complete  @mrxlayermanager:479
[16:30:05.767] [lua] Culling op for layer vz_state_pmcinterior!  @mrxlayermanager:318
[16:30:05.778] [lua] (nPendingOps = 3)  @mrxlayermanager:324
[16:30:05.788] [lua] Request fulfilled: Unload layer vz_state_pmcinterior_jet  @mrxlayermanager:451
[16:30:05.798] [lua] Layer request 1: 2 of 4 complete  @mrxlayermanager:479
[16:30:05.808] [lua] Culling op for layer vz_state_pmcinterior_jet!  @mrxlayermanager:318
[16:30:05.818] [lua] (nPendingOps = 2)  @mrxlayermanager:324
[16:30:05.830] [lua] Request fulfilled: Unload layer vz_state_pmcinterior_hel  @mrxlayermanager:451
[16:30:05.840] [lua] Layer request 1: 3 of 4 complete  @mrxlayermanager:479
[16:30:05.851] [lua] Culling op for layer vz_state_pmcinterior_hel!  @mrxlayermanager:318
[16:30:05.861] [lua] (nPendingOps = 1)  @mrxlayermanager:324
[16:30:05.872] [lua] Request fulfilled: Unload layer vz_state_pmcinterior_mec  @mrxlayermanager:451
[16:30:05.882] [lua] Layer request 1: 4 of 4 complete  @mrxlayermanager:479
[16:30:05.893] [lua] Layer request 1 completed!  @mrxlayermanager:482
[16:30:05.904] [lua] Culling op for layer vz_state_pmcinterior_mec!  @mrxlayermanager:318
[16:30:05.914] [lua] (nPendingOps = 0)  @mrxlayermanager:324
[16:30:05.926] [lua] All layer operations processed and fulfilled...resetting asset request max to 16  @mrxlayermanager:330
[16:30:05.936] [lua] @@@@@@@@@@ WifPmcInterior._ExitEnd: _bLayersRemoved  @wifpmcinterior:896
[16:30:05.946] [lua] @ Unloaded asset Global_Job_Briefing_Mattias.facefxanimationset  @mrxbriefing:690
[16:30:05.958] [lua] @ Unloaded asset all_starter03_job_briefing_idle.animation  @mrxbriefing:690
[16:30:05.968] [lua] @ Unloaded asset all_starter03_job_briefing_greeting_neutral.animation  @mrxbriefing:690
[16:30:05.978] [lua] @ Unloaded asset all_starter03_job_briefing_greeting_happy.animation  @mrxbriefing:690
[16:30:05.990] [lua] @ Unloaded asset all_starter03_job_briefing_greeting_angry.animation  @mrxbriefing:690
[16:30:06.000] [lua] @ Unloaded asset all_starter03_job_briefing_spiel.animation  @mrxbriefing:690
[16:30:06.011] [lua] @ Unloaded asset all_starter03_job_briefing_goodbye.animation  @mrxbriefing:690
[16:30:06.022] [lua] @ Unloaded asset all_starter02_job_briefing_idle.animation  @mrxbriefing:690
[16:30:06.033] [lua] @ Unloaded asset all_starter02_job_briefing_greeting_neutral.animation  @mrxbriefing:690
[16:30:06.044] [lua] @ Unloaded asset all_starter02_job_briefing_greeting_happy.animation  @mrxbriefing:690
[16:30:06.056] [lua] @ Unloaded asset all_starter02_job_briefing_greeting_angry.animation  @mrxbriefing:690
[16:30:06.066] [lua] @ Unloaded asset all_starter02_job_briefing_spiel.animation  @mrxbriefing:690
[16:30:06.078] [lua] @ Unloaded asset all_starter02_job_briefing_goodbye.animation  @mrxbriefing:690
[16:30:06.088] [lua] @ Unloaded asset player_mattias_job_briefing_greeting_fb.animation  @mrxbriefing:690
[16:30:06.100] [lua] @ Unloaded asset player_mattias_job_briefing_idle_fb.animation  @mrxbriefing:690
[16:30:06.111] [lua] @ Unloaded asset player_mattias_job_briefing_no_fb.animation  @mrxbriefing:690
[16:30:06.122] [lua] @ Unloaded asset player_mattias_job_briefing_yes_fb.animation  @mrxbriefing:690
[16:30:06.133] [lua] @ Unloaded asset player_mattias_job_briefing_spiel_fb.animation  @mrxbriefing:690
[16:30:06.144] [lua] Disabling physics for teleport  @mrxutil:469
[16:30:06.157] [lua] Desired Yaw - -44.997360229492  @mrxutil:475
[16:30:06.168] [lua] @@@@@@@@@@ MrxUtil._TeleportHero: Teleporting to 2560.2646484375,-13.177946090698,-926.25109863281  @mrxutil:490
[16:30:06.178] [lua] @@@@@@@@@@ MrxUtil._TeleportComplete: tOperation[1].bComplete=true  @mrxutil:524
[16:30:06.190] [lua] @@@@@@@@@@ MrxUtil._TeleportComplete: tOperations.bStreamingComplete=nil  @mrxutil:527
[16:30:06.199] [lua] table:0x1F1554E0  @mrxguibase:1353
[16:30:06.221] [lua] Atmosphere: rgn_atmo_PMC Outpost enter  @wifvzatmosphere:79
[16:30:06.243] [lua] afternoon  @wifvzatmosphere:20
[16:30:06.258] [lua] Atmosphere: creating boundary check for boundary "rgn_atmo_PMC Outpost" exit  @wifvzatmosphere:59
[16:30:06.273] [lua] table:0x1F1554E0  @mrxguibase:1353
[16:30:06.288] [lua] table:0x1F1554E0  @mrxguibase:1353
[16:30:06.307] [lua] table:0x1F1554E0  @mrxguibase:1353
[16:30:06.325] [lua] table:0x1F1554E0  @mrxguibase:1353
[16:30:06.351] [lua] table:0x1F1554E0  @mrxguibase:1353
[16:30:06.374] [lua] table:0x1F1554E0  @mrxguibase:1353
[16:30:06.386] [lua] @ Unloaded asset vo_job_heros.soundbank  @mrxbriefing:690
[16:30:06.397] [lua] @ Unloaded asset vo_job_pmc.soundbank  @mrxbriefing:690
[16:30:06.408] [lua] @ Unloaded asset vo_job_heros.wavebank  @mrxbriefing:690
[16:30:06.418] [lua] @ Unloaded asset vo_job_pmc.wavebank  @mrxbriefing:690
[16:30:06.430] [lua] @@@@@@@@@@ WifPmcInterior._ExitEnd: _bAssetsUnloaded  @wifpmcinterior:904
[16:30:06.443] [lua] table:0x1F1554E0  @mrxguibase:1353
[16:30:06.461] [lua] table:0x1F1554E0  @mrxguibase:1353
[16:30:06.482] [lua] table:0x1F1554E0  @mrxguibase:1353
[16:30:06.505] [lua] table:0x1F1554E0  @mrxguibase:1353
[16:30:06.525] [lua] table:0x1F1554E0  @mrxguibase:1353
[16:30:06.546] [lua] table:0x1F1554E0  @mrxguibase:1353
[16:30:06.568] [lua] table:0x1F1554E0  @mrxguibase:1353
[16:30:06.590] [lua] table:0x1F1554E0  @mrxguibase:1353
[16:30:06.611] [lua] table:0x1F1554E0  @mrxguibase:1353
[16:30:06.633] [lua] table:0x1F1554E0  @mrxguibase:1353
[16:30:06.658] [lua] table:0x1F1554E0  @mrxguibase:1353
[16:30:06.682] [lua] table:0x1F1554E0  @mrxguibase:1353
[16:30:06.710] [lua] table:0x1F1554E0  @mrxguibase:1353
[16:30:06.734] [lua] table:0x1F1554E0  @mrxguibase:1353
[16:30:06.760] [lua] table:0x1F1554E0  @mrxguibase:1353
[16:30:06.798] [lua] table:0x1F1554E0  @mrxguibase:1353
[16:30:06.830] [lua] table:0x1F1554E0  @mrxguibase:1353
[16:30:06.852] [lua] table:0x1F1554E0  @mrxguibase:1353
[16:30:06.880] [lua] table:0x1F1554E0  @mrxguibase:1353
[16:30:06.898] [lua] table:0x1F1554E0  @mrxguibase:1353
[16:30:06.922] [lua] table:0x1F1554E0  @mrxguibase:1353
[16:30:06.947] [lua] table:0x1F1554E0  @mrxguibase:1353
[16:30:06.971] [lua] table:0x1F1554E0  @mrxguibase:1353
[16:30:06.996] [lua] table:0x1F1554E0  @mrxguibase:1353
[16:30:07.020] [lua] table:0x1F1554E0  @mrxguibase:1353
[16:30:07.044] [lua] table:0x1F1554E0  @mrxguibase:1353
[16:30:07.071] [lua] table:0x1F1554E0  @mrxguibase:1353
[16:30:07.101] [lua] table:0x1F1554E0  @mrxguibase:1353
[16:30:07.126] [lua] table:0x1F1554E0  @mrxguibase:1353
[16:30:07.152] [lua] table:0x1F1554E0  @mrxguibase:1353
[16:30:07.178] [lua] table:0x1F1554E0  @mrxguibase:1353
[16:30:07.205] [lua] table:0x1F1554E0  @mrxguibase:1353
[16:30:07.233] [lua] table:0x1F1554E0  @mrxguibase:1353
[16:30:07.258] [lua] table:0x1F1554E0  @mrxguibase:1353
[16:30:07.286] [lua] table:0x1F1554E0  @mrxguibase:1353
[16:30:07.314] [lua] table:0x1F1554E0  @mrxguibase:1353
[16:30:07.340] [lua] table:0x1F1554E0  @mrxguibase:1353
[16:30:07.365] [lua] table:0x1F1554E0  @mrxguibase:1353
[16:30:07.392] [lua] table:0x1F1554E0  @mrxguibase:1353
[16:30:07.425] [lua] table:0x1F1554E0  @mrxguibase:1353
[16:30:07.454] [lua] table:0x1F1554E0  @mrxguibase:1353
[16:30:07.477] [lua] table:0x1F1554E0  @mrxguibase:1353
[16:30:07.509] [lua] table:0x1F1554E0  @mrxguibase:1353
[16:30:07.537] [lua] table:0x1F1554E0  @mrxguibase:1353
[16:30:07.563] [lua] table:0x1F1554E0  @mrxguibase:1353
[16:30:07.586] [lua] table:0x1F1554E0  @mrxguibase:1353
[16:30:07.614] [lua] table:0x1F1554E0  @mrxguibase:1353
[16:30:07.637] [lua] table:0x1F1554E0  @mrxguibase:1353
[16:30:07.660] [lua] table:0x1F1554E0  @mrxguibase:1353
[16:30:07.683] [lua] table:0x1F1554E0  @mrxguibase:1353
[16:30:07.708] [lua] table:0x1F1554E0  @mrxguibase:1353
[16:30:07.738] [lua] table:0x1F1554E0  @mrxguibase:1353
[16:30:07.763] [lua] table:0x1F1554E0  @mrxguibase:1353
[16:30:07.786] [lua] table:0x1F1554E0  @mrxguibase:1353
[16:30:07.816] [lua] table:0x1F1554E0  @mrxguibase:1353
[16:30:07.836] [lua] table:0x1F1554E0  @mrxguibase:1353
[16:30:07.862] [lua] table:0x1F1554E0  @mrxguibase:1353
[16:30:07.884] [lua] table:0x1F1554E0  @mrxguibase:1353
[16:30:07.907] [lua] table:0x1F1554E0  @mrxguibase:1353
[16:30:07.951] [lua] table:0x1F1554E0  @mrxguibase:1353
[16:30:07.971] [lua] table:0x1F1554E0  @mrxguibase:1353
[16:30:07.994] [lua] table:0x1F1554E0  @mrxguibase:1353
[16:30:08.012] [lua] table:0x1F1554E0  @mrxguibase:1353
[16:30:08.029] [lua] table:0x1F1554E0  @mrxguibase:1353
[16:30:08.044] [lua] table:0x1F1554E0  @mrxguibase:1353
[16:30:08.061] [lua] table:0x1F1554E0  @mrxguibase:1353
[16:30:08.080] [lua] table:0x1F1554E0  @mrxguibase:1353
[16:30:08.097] [lua] table:0x1F1554E0  @mrxguibase:1353
[16:30:08.113] [lua] table:0x1F1554E0  @mrxguibase:1353
[16:30:08.127] [lua] table:0x1F1554E0  @mrxguibase:1353
[16:30:08.142] [lua] table:0x1F1554E0  @mrxguibase:1353
[16:30:08.158] [lua] table:0x1F1554E0  @mrxguibase:1353
[16:30:08.173] [lua] table:0x1F1554E0  @mrxguibase:1353
[16:30:08.188] [lua] table:0x1F1554E0  @mrxguibase:1353
[16:30:08.204] [lua] table:0x1F1554E0  @mrxguibase:1353
[16:30:08.219] [lua] table:0x1F1554E0  @mrxguibase:1353
[16:30:08.236] [lua] table:0x1F1554E0  @mrxguibase:1353
[16:30:08.253] [lua] table:0x1F1554E0  @mrxguibase:1353
[16:30:08.267] [lua] table:0x1F1554E0  @mrxguibase:1353
[16:30:08.278] [lua] table:0x1F1554E0  @mrxguibase:1353
[16:30:08.291] [lua] table:0x1F1554E0  @mrxguibase:1353
[16:30:08.305] [lua] table:0x1F1554E0  @mrxguibase:1353
[16:30:08.326] [lua] table:0x1F1554E0  @mrxguibase:1353
[16:30:08.351] [lua] table:0x1F1554E0  @mrxguibase:1353
[16:30:08.370] [lua] table:0x1F1554E0  @mrxguibase:1353
[16:30:08.385] [lua] table:0x1F1554E0  @mrxguibase:1353
[16:30:08.397] [lua] table:0x1F1554E0  @mrxguibase:1353
[16:30:08.413] [lua] table:0x1F1554E0  @mrxguibase:1353
[16:30:08.426] [lua] table:0x1F1554E0  @mrxguibase:1353
[16:30:08.437] [lua] table:0x1F1554E0  @mrxguibase:1353
[16:30:08.451] [lua] table:0x1F1554E0  @mrxguibase:1353
[16:30:08.463] [lua] table:0x1F1554E0  @mrxguibase:1353
[16:30:08.477] [lua] table:0x1F1554E0  @mrxguibase:1353
[16:30:08.492] [lua] table:0x1F1554E0  @mrxguibase:1353
[16:30:08.513] [lua] table:0x1F1554E0  @mrxguibase:1353
[16:30:08.527] [lua] table:0x1F1554E0  @mrxguibase:1353
[16:30:08.541] [lua] table:0x1F1554E0  @mrxguibase:1353
[16:30:08.555] [lua] table:0x1F1554E0  @mrxguibase:1353
[16:30:08.569] [lua] table:0x1F1554E0  @mrxguibase:1353
[16:30:08.584] [lua] table:0x1F1554E0  @mrxguibase:1353
[16:30:08.609] [lua] table:0x1F1554E0  @mrxguibase:1353
[16:30:08.625] [lua] table:0x1F1554E0  @mrxguibase:1353
[16:30:08.641] [lua] table:0x1F1554E0  @mrxguibase:1353
[16:30:08.656] [lua] table:0x1F1554E0  @mrxguibase:1353
[16:30:08.674] [lua] table:0x1F1554E0  @mrxguibase:1353
[16:30:08.690] [lua] table:0x1F1554E0  @mrxguibase:1353
[16:30:08.707] [lua] table:0x1F1554E0  @mrxguibase:1353
[16:30:08.728] [lua] table:0x1F1554E0  @mrxguibase:1353
[16:30:08.745] [lua] table:0x1F1554E0  @mrxguibase:1353
[16:30:08.761] [lua] table:0x1F1554E0  @mrxguibase:1353
[16:30:08.781] [lua] table:0x1F1554E0  @mrxguibase:1353
[16:30:08.805] [lua] table:0x1F1554E0  @mrxguibase:1353
[16:30:08.825] [lua] table:0x1F1554E0  @mrxguibase:1353
[16:30:08.845] [lua] table:0x1F1554E0  @mrxguibase:1353
[16:30:08.864] [lua] table:0x1F1554E0  @mrxguibase:1353
[16:30:08.884] [lua] table:0x1F1554E0  @mrxguibase:1353
[16:30:08.906] [lua] table:0x1F1554E0  @mrxguibase:1353
[16:30:08.926] [lua] table:0x1F1554E0  @mrxguibase:1353
[16:30:08.946] [lua] table:0x1F1554E0  @mrxguibase:1353
[16:30:08.967] [lua] table:0x1F1554E0  @mrxguibase:1353
[16:30:08.988] [lua] table:0x1F1554E0  @mrxguibase:1353
[16:30:09.010] [lua] table:0x1F1554E0  @mrxguibase:1353
[16:30:09.034] [lua] table:0x1F1554E0  @mrxguibase:1353
[16:30:09.057] [lua] table:0x1F1554E0  @mrxguibase:1353
[16:30:09.080] [lua] table:0x1F1554E0  @mrxguibase:1353
[16:30:09.109] [lua] table:0x1F1554E0  @mrxguibase:1353
[16:30:09.133] [lua] table:0x1F1554E0  @mrxguibase:1353
[16:30:09.156] [lua] table:0x1F1554E0  @mrxguibase:1353
[16:30:09.180] [lua] table:0x1F1554E0  @mrxguibase:1353
[16:30:09.205] [lua] table:0x1F1554E0  @mrxguibase:1353
[16:30:09.231] [lua] table:0x1F1554E0  @mrxguibase:1353
[16:30:09.257] [lua] table:0x1F1554E0  @mrxguibase:1353
[16:30:09.283] [lua] table:0x1F1554E0  @mrxguibase:1353
[16:30:09.308] [lua] table:0x1F1554E0  @mrxguibase:1353
[16:30:09.345] [lua] table:0x1F1554E0  @mrxguibase:1353
[16:30:09.373] [lua] table:0x1F1554E0  @mrxguibase:1353
[16:30:09.402] [lua] table:0x1F1554E0  @mrxguibase:1353
[16:30:09.430] [lua] table:0x1F1554E0  @mrxguibase:1353
[16:30:09.455] [lua] table:0x1F1554E0  @mrxguibase:1353
[16:30:09.481] [lua] table:0x1F1554E0  @mrxguibase:1353
[16:30:09.507] [lua] table:0x1F1554E0  @mrxguibase:1353
[16:30:09.536] [lua] table:0x1F1554E0  @mrxguibase:1353
[16:30:09.562] [lua] table:0x1F1554E0  @mrxguibase:1353
[16:30:09.588] [lua] table:0x1F1554E0  @mrxguibase:1353
[16:30:09.614] [lua] table:0x1F1554E0  @mrxguibase:1353
[16:30:09.641] [lua] table:0x1F1554E0  @mrxguibase:1353
[16:30:09.667] [lua] table:0x1F1554E0  @mrxguibase:1353
[16:30:09.696] [lua] table:0x1F1554E0  @mrxguibase:1353
[16:30:09.721] [lua] table:0x1F1554E0  @mrxguibase:1353
[16:30:09.748] [lua] table:0x1F1554E0  @mrxguibase:1353
[16:30:09.773] [lua] table:0x1F1554E0  @mrxguibase:1353
[16:30:09.797] [lua] table:0x1F1554E0  @mrxguibase:1353
[16:30:09.821] [lua] table:0x1F1554E0  @mrxguibase:1353
[16:30:09.844] [lua] table:0x1F1554E0  @mrxguibase:1353
[16:30:09.874] [lua] table:0x1F1554E0  @mrxguibase:1353
[16:30:09.896] [lua] table:0x1F1554E0  @mrxguibase:1353
[16:30:09.918] [lua] table:0x1F1554E0  @mrxguibase:1353
[16:30:09.940] [lua] table:0x1F1554E0  @mrxguibase:1353
[16:30:09.962] [lua] table:0x1F1554E0  @mrxguibase:1353
[16:30:09.983] [lua] table:0x1F1554E0  @mrxguibase:1353
[16:30:10.013] [lua] table:0x1F1554E0  @mrxguibase:1353
[16:30:10.034] [lua] table:0x1F1554E0  @mrxguibase:1353
[16:30:10.054] [lua] table:0x1F1554E0  @mrxguibase:1353
[16:30:10.074] [lua] table:0x1F1554E0  @mrxguibase:1353
[16:30:10.094] [lua] table:0x1F1554E0  @mrxguibase:1353
[16:30:10.114] [lua] table:0x1F1554E0  @mrxguibase:1353
[16:30:10.143] [lua] table:0x1F1554E0  @mrxguibase:1353
[16:30:10.162] [lua] table:0x1F1554E0  @mrxguibase:1353
[16:30:10.180] [lua] table:0x1F1554E0  @mrxguibase:1353
[16:30:10.197] [lua] table:0x1F1554E0  @mrxguibase:1353
[16:30:10.215] [lua] table:0x1F1554E0  @mrxguibase:1353
[16:30:10.235] [lua] table:0x1F1554E0  @mrxguibase:1353
[16:30:10.254] [lua] table:0x1F1554E0  @mrxguibase:1353
[16:30:10.274] [lua] table:0x1F1554E0  @mrxguibase:1353
[16:30:10.296] [lua] table:0x1F1554E0  @mrxguibase:1353
[16:30:10.312] [lua] table:0x1F1554E0  @mrxguibase:1353
[16:30:10.328] [lua] table:0x1F1554E0  @mrxguibase:1353
[16:30:10.344] [lua] table:0x1F1554E0  @mrxguibase:1353
[16:30:10.359] [lua] table:0x1F1554E0  @mrxguibase:1353
[16:30:10.375] [lua] table:0x1F1554E0  @mrxguibase:1353
[16:30:10.391] [lua] table:0x1F1554E0  @mrxguibase:1353
[16:30:10.407] [lua] table:0x1F1554E0  @mrxguibase:1353
[16:30:10.422] [lua] table:0x1F1554E0  @mrxguibase:1353
[16:30:10.437] [lua] table:0x1F1554E0  @mrxguibase:1353
[16:30:10.451] [lua] table:0x1F1554E0  @mrxguibase:1353
[16:30:10.466] [lua] table:0x1F1554E0  @mrxguibase:1353
[16:30:10.479] [lua] table:0x1F1554E0  @mrxguibase:1353
[16:30:10.495] [lua] table:0x1F1554E0  @mrxguibase:1353
[16:30:10.508] [lua] table:0x1F1554E0  @mrxguibase:1353
[16:30:10.525] [lua] table:0x1F1554E0  @mrxguibase:1353
[16:30:10.537] [lua] table:0x1F1554E0  @mrxguibase:1353
[16:30:10.550] [lua] table:0x1F1554E0  @mrxguibase:1353
[16:30:10.564] [lua] table:0x1F1554E0  @mrxguibase:1353
[16:30:10.578] [lua] table:0x1F1554E0  @mrxguibase:1353
[16:30:10.593] [lua] table:0x1F1554E0  @mrxguibase:1353
[16:30:10.606] [lua] table:0x1F1554E0  @mrxguibase:1353
[16:30:10.619] [lua] table:0x1F1554E0  @mrxguibase:1353
[16:30:10.633] [lua] table:0x1F1554E0  @mrxguibase:1353
[16:30:10.650] [lua] table:0x1F1554E0  @mrxguibase:1353
[16:30:10.666] [lua] table:0x1F1554E0  @mrxguibase:1353
[16:30:10.680] [lua] table:0x1F1554E0  @mrxguibase:1353
[16:30:10.696] [lua] table:0x1F1554E0  @mrxguibase:1353
[16:30:10.711] [lua] table:0x1F1554E0  @mrxguibase:1353
[16:30:10.726] [lua] table:0x1F1554E0  @mrxguibase:1353
[16:30:10.742] [lua] table:0x1F1554E0  @mrxguibase:1353
[16:30:10.760] [lua] table:0x1F1554E0  @mrxguibase:1353
[16:30:10.776] [lua] table:0x1F1554E0  @mrxguibase:1353
[16:30:10.801] [lua] table:0x1F1554E0  @mrxguibase:1353
[16:30:10.826] [lua] table:0x1F1554E0  @mrxguibase:1353
[16:30:10.843] [lua] table:0x1F1554E0  @mrxguibase:1353
[16:30:10.863] [lua] table:0x1F1554E0  @mrxguibase:1353
[16:30:10.881] [lua] table:0x1F1554E0  @mrxguibase:1353
[16:30:10.900] [lua] table:0x1F1554E0  @mrxguibase:1353
[16:30:10.919] [lua] table:0x1F1554E0  @mrxguibase:1353
[16:30:10.938] [lua] table:0x1F1554E0  @mrxguibase:1353
[16:30:10.958] [lua] table:0x1F1554E0  @mrxguibase:1353
[16:30:10.984] [lua] table:0x1F1554E0  @mrxguibase:1353
[16:30:11.004] [lua] table:0x1F1554E0  @mrxguibase:1353
[16:30:11.023] [lua] table:0x1F1554E0  @mrxguibase:1353
[16:30:11.045] [lua] table:0x1F1554E0  @mrxguibase:1353
[16:30:11.065] [lua] table:0x1F1554E0  @mrxguibase:1353
[16:30:11.088] [lua] table:0x1F1554E0  @mrxguibase:1353
[16:30:11.110] [lua] table:0x1F1554E0  @mrxguibase:1353
[16:30:11.134] [lua] table:0x1F1554E0  @mrxguibase:1353
[16:30:11.158] [lua] table:0x1F1554E0  @mrxguibase:1353
[16:30:11.181] [lua] table:0x1F1554E0  @mrxguibase:1353
[16:30:11.206] [lua] table:0x1F1554E0  @mrxguibase:1353
[16:30:11.232] [lua] table:0x1F1554E0  @mrxguibase:1353
[16:30:11.257] [lua] table:0x1F1554E0  @mrxguibase:1353
[16:30:11.282] [lua] table:0x1F1554E0  @mrxguibase:1353
[16:30:11.385] [lua] table:0x1F1554E0  @mrxguibase:1353
[16:30:11.417] [lua] table:0x1F1554E0  @mrxguibase:1353
[16:30:11.453] [lua] table:0x1F1554E0  @mrxguibase:1353
[16:30:11.483] [lua] table:0x1F1554E0  @mrxguibase:1353
[16:30:11.516] [lua] table:0x1F1554E0  @mrxguibase:1353
[16:30:11.542] [lua] table:0x1F1554E0  @mrxguibase:1353
[16:30:11.568] [lua] table:0x1F193260  @mrxguibase:1353
[16:30:11.578] [lua] table:0x1F1554E0  @mrxguibase:1353
[16:30:11.598] [lua] table:0x1F1554E0  @mrxguibase:1353
[16:30:11.625] [lua] table:0x1F1554E0  @mrxguibase:1353
[16:30:11.653] [lua] table:0x1F1554E0  @mrxguibase:1353
[16:30:11.682] [lua] table:0x1F1554E0  @mrxguibase:1353
[16:30:11.711] [lua] table:0x1F1554E0  @mrxguibase:1353
[16:30:11.737] [lua] table:0x1F1554E0  @mrxguibase:1353
[16:30:11.765] [lua] table:0x1F1554E0  @mrxguibase:1353
[16:30:11.796] [lua] table:0x1F1554E0  @mrxguibase:1353
[16:30:11.824] [lua] table:0x1F1554E0  @mrxguibase:1353
[16:30:11.852] [lua] table:0x1F1554E0  @mrxguibase:1353
[16:30:11.881] [lua] table:0x1F1554E0  @mrxguibase:1353
[16:30:11.908] [lua] table:0x1F1554E0  @mrxguibase:1353
[16:30:11.936] [lua] table:0x1F1554E0  @mrxguibase:1353
[16:30:11.966] [lua] table:0x1F1554E0  @mrxguibase:1353
[16:30:11.994] [lua] table:0x1F1554E0  @mrxguibase:1353
[16:30:12.024] [lua] table:0x1F1554E0  @mrxguibase:1353
[16:30:12.060] [lua] table:0x1F1554E0  @mrxguibase:1353
[16:30:12.088] [lua] table:0x1F1554E0  @mrxguibase:1353
[16:30:12.118] [lua] table:0x1F1554E0  @mrxguibase:1353
[16:30:12.146] [lua] table:0x1F1554E0  @mrxguibase:1353
[16:30:12.173] [lua] table:0x1F1554E0  @mrxguibase:1353
[16:30:12.204] [lua] table:0x1F1554E0  @mrxguibase:1353
[16:30:12.229] [lua] table:0x1F1554E0  @mrxguibase:1353
[16:30:12.254] [lua] table:0x1F1554E0  @mrxguibase:1353
[16:30:12.278] [lua] table:0x1F1554E0  @mrxguibase:1353
[16:30:12.304] [lua] table:0x1F1554E0  @mrxguibase:1353
[16:30:12.328] [lua] table:0x1F1554E0  @mrxguibase:1353
[16:30:12.355] [lua] table:0x1F1554E0  @mrxguibase:1353
[16:30:12.382] [lua] table:0x1F1554E0  @mrxguibase:1353
[16:30:12.409] [lua] table:0x1F1554E0  @mrxguibase:1353
[16:30:12.439] [lua] table:0x1F1554E0  @mrxguibase:1353
[16:30:12.468] [lua] table:0x1F1554E0  @mrxguibase:1353
[16:30:12.500] [lua] table:0x1F1554E0  @mrxguibase:1353
[16:30:12.531] [lua] table:0x1F1554E0  @mrxguibase:1353
[16:30:12.562] [lua] table:0x1F1554E0  @mrxguibase:1353
[16:30:12.590] [lua] table:0x1F1554E0  @mrxguibase:1353
[16:30:12.618] [lua] table:0x1F1554E0  @mrxguibase:1353
[16:30:12.647] [lua] table:0x1F1554E0  @mrxguibase:1353
[16:30:12.676] [lua] table:0x1F1554E0  @mrxguibase:1353
[16:30:12.706] [lua] table:0x1F1554E0  @mrxguibase:1353
[16:30:12.736] [lua] table:0x1F1554E0  @mrxguibase:1353
[16:30:12.765] [lua] table:0x1F1554E0  @mrxguibase:1353
[16:30:12.796] [lua] table:0x1F1554E0  @mrxguibase:1353
[16:30:12.828] [lua] table:0x1F1554E0  @mrxguibase:1353
[16:30:12.859] [lua] table:0x1F1554E0  @mrxguibase:1353
[16:30:12.890] [lua] table:0x1F1554E0  @mrxguibase:1353
[16:30:12.927] [lua] table:0x1F1554E0  @mrxguibase:1353
[16:30:12.981] [lua] table:0x1F1554E0  @mrxguibase:1353
[16:30:13.019] [lua] table:0x1F1554E0  @mrxguibase:1353
[16:30:13.064] [lua] table:0x1F1554E0  @mrxguibase:1353
[16:30:13.101] [lua] table:0x1F1554E0  @mrxguibase:1353
[16:30:13.141] [lua] table:0x1F1554E0  @mrxguibase:1353
[16:30:13.180] [lua] table:0x1F1554E0  @mrxguibase:1353
[16:30:13.225] [lua] table:0x1F1554E0  @mrxguibase:1353
[16:30:13.268] [lua] table:0x1F1554E0  @mrxguibase:1353
[16:30:13.313] [lua] table:0x1F1554E0  @mrxguibase:1353
[16:30:13.358] [lua] table:0x1F1554E0  @mrxguibase:1353
[16:30:13.403] [lua] table:0x1F1554E0  @mrxguibase:1353
[16:30:13.448] [lua] table:0x1F1554E0  @mrxguibase:1353
[16:30:13.492] [lua] table:0x1F1554E0  @mrxguibase:1353
[16:30:13.541] [lua] table:0x1F1554E0  @mrxguibase:1353
[16:30:13.587] [lua] table:0x1F1554E0  @mrxguibase:1353
[16:30:13.633] [lua] table:0x1F1554E0  @mrxguibase:1353
[16:30:13.683] [lua] table:0x1F1554E0  @mrxguibase:1353
[16:30:13.748] [lua] table:0x1F1554E0  @mrxguibase:1353
[16:30:13.801] [lua] table:0x1F1554E0  @mrxguibase:1353
[16:30:13.848] [lua] table:0x1F1554E0  @mrxguibase:1353
[16:30:13.905] [lua] @@@@@@@@@@ MrxState._StateComplete:  state STATE_WAITFORSTREAMING, about to _AttemptGlobalExit  @mrxstate:325
[16:30:13.905] [world] >>> @@@@@@@@@@ MrxState._StateComplete:  state STATE_WAITFORSTREAMING, about to _AttemptGlobalExit  @mrxstate:325
[16:30:13.916] [lua] @@@@@@@@@@ MrxUtil._TeleportComplete: tOperation[1].bComplete=true  @mrxutil:524
[16:30:13.926] [lua] @@@@@@@@@@ MrxUtil._TeleportComplete: tOperations.bStreamingComplete=true  @mrxutil:527
[16:30:13.937] [lua] Enabling physics for teleport  @mrxutil:541
[16:30:13.948] [lua] @@@@@@@@@@ MrxState._AttemptGlobalExit  @mrxstate:495
[16:30:13.959] [lua] @@@@@@@@@@ MrxState._AttemptGlobalExit:  state STATE_WAITFORSTREAMING still active .. (refcount=1,bLocked=false)  @mrxstate:512
[16:30:13.959] [world] >>> @@@@@@@@@@ MrxState._AttemptGlobalExit:  state STATE_WAITFORSTREAMING still active .. (refcount=1,bLocked=false)  @mrxstate:512
[16:30:13.976] [lua] table:0x1F1554E0  @mrxguibase:1353
[16:30:14.052] [lua] table:0x1F1554E0  @mrxguibase:1353
[16:30:14.107] [lua] table:0x1F1554E0  @mrxguibase:1353
[16:30:14.191] [lua] table:0x1F1554E0  @mrxguibase:1353
[16:30:14.250] [lua] table:0x1F1554E0  @mrxguibase:1353
[16:30:14.285] [lua] table:0x1F1554E0  @mrxguibase:1353
[16:30:14.319] [lua] table:0x1F1554E0  @mrxguibase:1353
[16:30:14.358] [lua] table:0x1F1554E0  @mrxguibase:1353
[16:30:14.398] [lua] table:0x1F1554E0  @mrxguibase:1353
[16:30:14.433] [lua] table:0x1F1554E0  @mrxguibase:1353
[16:30:14.467] [lua] table:0x1F1554E0  @mrxguibase:1353
[16:30:14.497] [lua] table:0x1F1554E0  @mrxguibase:1353
[16:30:14.542] [lua] table:0x1F1554E0  @mrxguibase:1353
[16:30:14.581] [lua] table:0x1F1554E0  @mrxguibase:1353
[16:30:14.615] [lua] @@@@@@@@@@ MrxState.Exit: state STATE_WAITFORSTREAMING (refcount=0)  @mrxstate:476
[16:30:14.615] [world] >>> @@@@@@@@@@ MrxState.Exit: state STATE_WAITFORSTREAMING (refcount=0)  @mrxstate:476
[16:30:14.628] [lua] @@@@@@@@@@ MrxState._AttemptGlobalExit  @mrxstate:495
[16:30:14.638] [lua] @@@@@@@@@@ MrxState._AttemptGlobalExit:  state STATE_WAITFORGAME still active .. (refcount=1,bLocked=false)  @mrxstate:512
[16:30:14.638] [world] >>> @@@@@@@@@@ MrxState._AttemptGlobalExit:  state STATE_WAITFORGAME still active .. (refcount=1,bLocked=false)  @mrxstate:512
[16:30:14.648] [lua] @@@@@@@@@@ WifPmcInterior._ExitEnd: _bHeroTeleportComplete  @wifpmcinterior:900
[16:30:14.659] [lua] Reporting ENABLED  @mrxfactionmanager:1634
[16:30:14.670] [lua] @@@@@@@@@@ WifVzBoundary.SetInteriorMode (_sBoundaryName=Boundary02)  @wifvzboundary:185
[16:30:14.681] [lua] @@@@@@@@@@ MrxState.Exit: state STATE_WAITFORGAME (refcount=0)  @mrxstate:476
[16:30:14.681] [world] >>> @@@@@@@@@@ MrxState.Exit: state STATE_WAITFORGAME (refcount=0)  @mrxstate:476
[16:30:14.694] [lua] @@@@@@@@@@ MrxState._AttemptGlobalExit  @mrxstate:495
[16:30:14.705] [lua] @@@@@@@@@@ MrxState._AttemptGlobalExit: all states exited; success  @mrxstate:524
[16:30:14.716] [lua] ###! GlobalExit - Begin  @mrxstate:233
[16:30:14.726] [lua] Long Fading-In...  @mrxstate:252
[16:30:14.737] [lua] ~~~~~~~~~~~~~~~~~~~~~~~~  GlobalFadeFromBlack  @mrxgui:568
[16:30:14.747] [lua] =================== FADE OUT (count: 0)===========================  @mrxgui:572
[16:30:14.760] [lua] @@@@@@@@@@ MrxState.EnableFade: bEnable=true  @mrxstate:550
[16:30:14.770] [lua] Fade-In in 1.1000000238419s...  @mrxstate:273
[16:30:14.796] [lua] table:0x1F1ABD00  @mrxguibase:1353
[16:30:14.805] [lua] table:0x1F1ABE60  @mrxguibase:1353
[16:30:14.815] [lua] table:0x1F1AD140  @mrxguibase:1353
[16:30:14.824] [lua] table:0x1F1554E0  @mrxguibase:1353
[16:30:14.833] [lua] table:0x1F1AD140  @mrxguibase:1353
[16:30:14.842] [lua] table:0x1F1ACE00  @mrxguibase:1353
[16:30:14.853] [lua] table:0x1F1AC9E0  @mrxguibase:1353
[16:30:14.861] [lua] table:0x1F1AC5E0  @mrxguibase:1353
[16:30:14.870] [lua] table:0x1F1ABD00  @mrxguibase:1353
[16:30:14.880] [lua] table:0x1F1ABE60  @mrxguibase:1353
[16:30:14.888] [lua] table:0x1F1ABE60  @mrxguibase:1353
[16:30:14.897] [lua] table:0x1F192BE0  @mrxguibase:1353
[16:30:14.906] [lua] table:0x1F192AE0  @mrxguibase:1353
[16:30:14.915] [lua] table:0x1F1969C0  @mrxguibase:1353
[16:30:14.923] [lua] table:0x1F196840  @mrxguibase:1353
[16:30:14.932] [lua] table:0x1F1966C0  @mrxguibase:1353
[16:30:14.941] [lua] table:0x1F196520  @mrxguibase:1353
[16:30:14.987] [lua] table:0x1F1554E0  @mrxguibase:1353
[16:30:14.999] [lua] table:0x1F1AC300  @mrxguibase:1353
[16:30:15.008] [lua] table:0x1F1AC240  @mrxguibase:1353
[16:30:15.017] [lua] table:0x1F1ABA00  @mrxguibase:1353
[16:30:15.026] [lua] table:0x1F1AB940  @mrxguibase:1353
[16:30:15.060] [lua] table:0x1F1554E0  @mrxguibase:1353
[16:30:15.071] [lua] table:0x1F1AC180  @mrxguibase:1353
[16:30:15.081] [lua] table:0x1F1AC0C0  @mrxguibase:1353
[16:30:15.089] [lua] table:0x1E058160  @mrxguibase:1353
[16:30:15.098] [lua] table:0x1F1AB880  @mrxguibase:1353
[16:30:15.107] [lua] table:0x1F1AB7C0  @mrxguibase:1353
[16:30:15.115] [lua] table:0x1E027D20  @mrxguibase:1353
[16:30:15.148] [lua] table:0x1F1554E0  @mrxguibase:1353
[16:30:15.158] [lua] table:0x1F1AC480  @mrxguibase:1353
[16:30:15.167] [lua] table:0x1F1ABB80  @mrxguibase:1353
[16:30:15.175] [lua] table:0x1F192CE0  @mrxguibase:1353
[16:30:15.184] [lua] table:0x1F192BE0  @mrxguibase:1353
[16:30:15.192] [lua] table:0x1F192AE0  @mrxguibase:1353
[16:30:15.227] [lua] table:0x1F1554E0  @mrxguibase:1353
[16:30:15.237] [lua] table:0x1E027400  @mrxguibase:1353
[16:30:15.246] [lua] table:0x1E027160  @mrxguibase:1353
[16:30:15.255] [lua] table:0x1E027D20  @mrxguibase:1353
[16:30:15.264] [lua] table:0x1E027D20  @mrxguibase:1353
[16:30:15.273] [lua] table:0x1E058160  @mrxguibase:1353
[16:30:15.282] [lua] table:0x1E058160  @mrxguibase:1353
[16:30:15.317] [lua] table:0x1F1554E0  @mrxguibase:1353
[16:30:15.326] [lua] table:0x1ED479A0  @mrxguibase:1353
[16:30:15.335] [lua] table:0x1F193260  @mrxguibase:1353
[16:30:15.361] [lua] table:0x1F1554E0  @mrxguibase:1353
[16:30:15.371] [lua] table:0x1F1ACB80  @mrxguibase:1353
[16:30:15.381] [lua] table:0x1F1AC3C0  @mrxguibase:1353
[16:30:15.390] [lua] table:0x1F1ABAC0  @mrxguibase:1353
[16:30:15.415] [lua] table:0x1F1554E0  @mrxguibase:1353
[16:30:15.425] [lua] table:0x1E027D20  @mrxguibase:1353
[16:30:15.438] [lua] table:0x1E058160  @mrxguibase:1353
[16:30:15.447] [lua] table:0x1E027160  @mrxguibase:1353
[16:30:15.455] [lua] table:0x1E027160  @mrxguibase:1353
[16:30:15.464] [lua] table:0x1E027400  @mrxguibase:1353
[16:30:15.474] [lua] table:0x1E027400  @mrxguibase:1353
[16:30:15.499] [lua] table:0x1F1554E0  @mrxguibase:1353
[16:30:15.510] [lua] table:0x1F1AB940  @mrxguibase:1353
[16:30:15.518] [lua] table:0x1F1ABA00  @mrxguibase:1353
[16:30:15.527] [lua] table:0x1F1AC240  @mrxguibase:1353
[16:30:15.536] [lua] table:0x1F1AC300  @mrxguibase:1353
[16:30:15.560] [lua] table:0x1F1554E0  @mrxguibase:1353
[16:30:15.570] [lua] table:0x1F1AB7C0  @mrxguibase:1353
[16:30:15.578] [lua] table:0x1F1AB880  @mrxguibase:1353
[16:30:15.588] [lua] table:0x1F1AC0C0  @mrxguibase:1353
[16:30:15.596] [lua] table:0x1F1AC180  @mrxguibase:1353
[16:30:15.622] [lua] table:0x1F1554E0  @mrxguibase:1353
[16:30:15.633] [lua] table:0x1E027160  @mrxguibase:1353
[16:30:15.646] [lua] table:0x1E027400  @mrxguibase:1353
[16:30:15.671] [lua] table:0x1F1554E0  @mrxguibase:1353
[16:30:15.681] [lua] table:0x1F192AE0  @mrxguibase:1353
[16:30:15.690] [lua] table:0x1F192BE0  @mrxguibase:1353
[16:30:15.698] [lua] table:0x1F1ABB80  @mrxguibase:1353
[16:30:15.708] [lua] table:0x1F1AC480  @mrxguibase:1353
[16:30:15.734] [lua] table:0x1F1554E0  @mrxguibase:1353
[16:30:15.772] [lua] table:0x1F1554E0  @mrxguibase:1353
[16:30:15.807] [lua] table:0x1F1554E0  @mrxguibase:1353
[16:30:15.847] [lua] table:0x1F1554E0  @mrxguibase:1353
[16:30:15.860] [lua] table:0x1F1AB500  @mrxguibase:1353
[16:30:15.885] [lua] table:0x1F1554E0  @mrxguibase:1353
[16:30:15.897] [lua] table:0x1F1ABE60  @mrxguibase:1353
[16:30:15.906] [lua] table:0x1F1ABE60  @mrxguibase:1353
[16:30:15.933] [lua] table:0x1F1554E0  @mrxguibase:1353
[16:30:15.971] [lua] table:0x1F1554E0  @mrxguibase:1353
[16:30:16.005] [lua] FanfareQueue: Pending  @mrxguiinterface:1340
[16:30:16.016] [lua] ###! GlobalExit - Complete  @mrxstate:298
[16:30:16.016] [world] >>> ###! GlobalExit - Complete  @mrxstate:298
[16:30:16.039] [lua] table:0x1F1554E0  @mrxguibase:1353
[16:30:16.072] [lua] table:0x1F1554E0  @mrxguibase:1353
[16:30:16.115] [lua] table:0x1F1554E0  @mrxguibase:1353
[16:30:16.161] [lua] table:0x1F1554E0  @mrxguibase:1353
[16:30:16.213] [lua] ^^^^^^^^^^^^^^^^ ON EXIT 	lightuserdata:0x4000650E  @spyhunter:141
[16:30:16.226] [lua] OnExit  another boat?^^^^^^^^^^^^^^^^ + player is 	nil  @spyhunter:27
[16:30:16.250] [lua] table:0x1F1554E0  @mrxguibase:1353
[16:30:16.296] [lua] ^^^^^^^^^^^^^^^^ ON EXIT 	lightuserdata:0x40006528  @spyhunter:141
[16:30:16.310] [lua] OnExit  another boat?^^^^^^^^^^^^^^^^ + player is 	nil  @spyhunter:27
[16:30:16.326] [lua] table:0x1F1554E0  @mrxguibase:1353
[16:30:16.373] [lua] table:0x1F1554E0  @mrxguibase:1353
[16:30:16.421] [lua] table:0x1F1554E0  @mrxguibase:1353
[16:30:16.473] [lua] table:0x1F1554E0  @mrxguibase:1353
[16:30:16.521] [lua] table:0x1F1554E0  @mrxguibase:1353
[16:30:16.577] [lua] table:0x1F1554E0  @mrxguibase:1353
[16:30:16.624] [lua] table:0x1F1554E0  @mrxguibase:1353
[16:30:16.673] [lua] table:0x1F1554E0  @mrxguibase:1353
[16:30:16.716] [lua] table:0x1F1554E0  @mrxguibase:1353
[16:30:16.763] [lua] table:0x1F1554E0  @mrxguibase:1353
[16:30:16.813] [lua] table:0x1F1554E0  @mrxguibase:1353
[16:30:16.863] [lua] table:0x1F1554E0  @mrxguibase:1353
[16:30:16.883] [lua] ~~~~~~~~~~~~~~~~~~~~~~~~  _FinishFadeFromBlack  @mrxgui:623
[16:30:16.923] [lua] 1  @mrxfactionmanager:505
[16:30:16.935] [lua] Starter Unloading
  @mrxstarter:749
[16:30:16.945] [lua] @ Unloaded asset Global_Job_Briefing_Ewan.facefxanimationset  @mrxstarter:790
[16:30:16.956] [lua] Starter Unloading
  @mrxstarter:749
[16:30:16.967] [lua] @ Unloaded asset Global_Job_Briefing_Fiona.facefxanimationset  @mrxstarter:790
[16:30:16.979] [lua] Starter Unloading
  @mrxstarter:749
[16:30:16.989] [lua] @ Unloaded asset Global_Job_Briefing_Misha.facefxanimationset  @mrxstarter:790
[16:30:17.001] [lua] Starter Unloading
  @mrxstarter:749
[16:30:17.012] [lua] @ Unloaded asset Global_Job_Briefing_Eva.facefxanimationset  @mrxstarter:790
[16:30:17.023] [lua] @@@@@@@@@@ MrxState.Exit: UNPAIRED EXIT to state STATE_WAITFORGAME  @mrxstate:447
[16:30:17.023] [world] >>> @@@@@@@@@@ MrxState.Exit: UNPAIRED EXIT to state STATE_WAITFORGAME  @mrxstate:447
[16:30:17.048] [lua] table:0x1F1554E0  @mrxguibase:1353
[16:30:17.058] [lua] table:0x1F1ABE60  @mrxguibase:1353
[16:30:17.106] [lua] table:0x1F1554E0  @mrxguibase:1353
[16:30:17.148] [lua] Hijack_Huey: Loading vehicle animation assets  @hijack_huey:54
[16:30:17.166] [lua] table:0x1F1554E0  @mrxguibase:1353
[16:30:17.216] [lua] VehicleBlippable Create  @vehicleblippable:39
[16:30:17.227] [lua] Creating MOOD event forGur  @vehicleblippable:60
[16:30:17.238] [lua] VehicleBlippable.SetBlipped  @vehicleblippable:96
[16:30:17.270] [lua] table:0x1F1554E0  @mrxguibase:1353
[16:30:17.326] [lua] table:0x1F1554E0  @mrxguibase:1353
[16:30:17.380] [lua] table:0x1F1554E0  @mrxguibase:1353
[16:30:17.428] [lua] table:0x1F1554E0  @mrxguibase:1353
[16:30:17.478] [lua] table:0x1F1554E0  @mrxguibase:1353
[16:30:17.533] [lua] table:0x1F1554E0  @mrxguibase:1353
[16:30:17.586] [lua] table:0x1F1554E0  @mrxguibase:1353
[16:30:17.635] [lua] table:0x1F1554E0  @mrxguibase:1353
[16:30:17.698] [lua] table:0x1F1554E0  @mrxguibase:1353
[16:30:17.767] [lua] table:0x1F1554E0  @mrxguibase:1353
[16:30:17.840] [lua] table:0x1F1554E0  @mrxguibase:1353
[16:30:17.907] [lua] table:0x1F1554E0  @mrxguibase:1353
[16:30:17.972] [lua] table:0x1F1554E0  @mrxguibase:1353
[16:30:17.983] [lua] table:0x1F1AC5E0  @mrxguibase:1353
[16:30:17.992] [lua] table:0x1F1ABD00  @mrxguibase:1353
[16:30:18.001] [lua] table:0x1F1AB720  @mrxguibase:1353
[16:30:18.078] [lua] table:0x1F1554E0  @mrxguibase:1353
[16:30:18.147] [lua] table:0x1F1554E0  @mrxguibase:1353
[16:30:18.157] [lua] table:0x1F1AB720  @mrxguibase:1353
[16:30:18.217] [lua] table:0x1F1554E0  @mrxguibase:1353
[16:30:18.294] [lua] table:0x1F1554E0  @mrxguibase:1353
