[17:25:19.914] [blackbox] ============================================
[17:25:19.914] [blackbox]   Mercenaries 2: World in Flames
[17:25:19.914] [blackbox]   PMC Blackbox v3.0.0 (ASI Loader)
[17:25:19.914] [blackbox] ============================================
[17:25:19.914] [blackbox]   PID: 3396
[17:25:19.915] [blackbox]   SecuROM event: created (signaled)
[17:25:19.915] [blackbox] ============================================
[17:25:19.915] [crash] Crash handler armed (VEH + UnhandledExceptionFilter) — faults logged to source [crash].
[17:25:19.942] [lualog] Stripped-log capture installed: MinHook @0x006D5640 (shared print/Debug.Printf/subsystem stub). Watch sources [lua]/[world].
[17:25:19.942] [blackbox] Spawn validation flag set (0x00DFBD74 = 0x01)
[17:25:19.942] [blackbox] [ASI Loader]
[17:25:19.942] [blackbox]   Base: C:\Users\Shadow\Desktop\Mercenaries 2 World in Flames\
[17:25:19.944] [blackbox]   [LOADED] scripts\multiplayer_restore.asi
[17:25:19.946] [blackbox]   [LOADED] scripts\quiet_freeplay_vo.asi
[17:25:19.993] [blackbox]   [LOADED] scripts\resprobe.asi
[17:25:20.064] [blackbox]   [LOADED] scripts\windowed_mode.asi
[17:25:20.065] [blackbox]   Summary: 4 loaded, 0 failed, 4 total
[17:25:20.168] [lualog] first stripped-log call intercepted — hook live (arg=0x20007800)
[17:25:21.257] [lua] SoundShellBootstrap.Init  @mrxsoundshellbootstrap:18
[17:25:21.260] [lua] Top of ShellBootstrap::Init()  @shellbootstrap:98
[17:25:21.262] [lua] Attempting to play movie 1  @shellbootstrap:26
[17:25:21.264] [lua] Playing EA for -1 seconds...  @shellbootstrap:50
[17:25:21.300] [lua] MrxGuiCinematic._Hide  @mrxguicinematic:279
[17:25:22.203] [lua] Movie EA time up...  @shellbootstrap:53
[17:25:22.206] [lua] Attempting to play movie 2  @shellbootstrap:26
[17:25:22.210] [lua] Playing Pandemic for -1 seconds...  @shellbootstrap:50
[17:25:23.112] [lua] Movie Pandemic time up...  @shellbootstrap:53
[17:25:23.115] [lua] Attempting to play movie 3  @shellbootstrap:26
[17:25:23.116] [lua] All movies complete  @shellbootstrap:29
[17:25:23.119] [lua]  StartPrecache()  @shellbootstrap:85
[17:25:23.125] [lua] Opening filename .\Data\Audios\vo_stream.english.pws with alias vo_stream.pws  @mrxsoundbanks:103
[17:25:23.128] [lua] Opening filename .\Data\Audios\music.pws with alias music.pws  @mrxsoundbanks:103
[17:25:23.130] [lua] Opening filename .\Data\Audios\ambience.pws with alias ambience.pws  @mrxsoundbanks:103
[17:25:23.133] [lua] Added request ui_shell, soundbank, true  @mrxsoundbanks:71
[17:25:23.135] [lua] Submitted request for ui_shell, soundbank with 1 submitted, 0 last index, and 1 outstanding  @mrxsoundbanks:66
[17:25:23.137] [lua] Added request ui_shell, wavebank, true  @mrxsoundbanks:71
[17:25:23.139] [lua] Submitted request for ui_shell, wavebank with 2 submitted, 0 last index, and 2 outstanding  @mrxsoundbanks:66
[17:25:23.140] [lua] Added request ui_hud, soundbank, true  @mrxsoundbanks:71
[17:25:23.143] [lua] Submitted request for ui_hud, soundbank with 3 submitted, 0 last index, and 3 outstanding  @mrxsoundbanks:66
[17:25:23.145] [lua] Added request ui_hud, wavebank, true  @mrxsoundbanks:71
[17:25:23.146] [lua] Submitted request for ui_hud, wavebank with 4 submitted, 0 last index, and 4 outstanding  @mrxsoundbanks:66
[17:25:23.149] [lua] Added request music, soundbank, true  @mrxsoundbanks:71
[17:25:23.150] [lua] Submitted request for music, soundbank with 5 submitted, 0 last index, and 5 outstanding  @mrxsoundbanks:66
[17:25:23.153] [lua] Added request music, wavebank, true  @mrxsoundbanks:71
[17:25:23.156] [lua] Submitted request for music, wavebank with 6 submitted, 0 last index, and 6 outstanding  @mrxsoundbanks:66
[17:25:23.353] [lua] AssetOpComplete: 6 submitted, 6 oustanding, 0 last added  @mrxsoundbanks:148
[17:25:23.356] [lua] AssetOpComplete: 5 submitted, 5 oustanding, 0 last added  @mrxsoundbanks:148
[17:25:23.441] [lua] AssetOpComplete: 4 submitted, 4 oustanding, 0 last added  @mrxsoundbanks:148
[17:25:23.445] [lua] AssetOpComplete: 3 submitted, 3 oustanding, 0 last added  @mrxsoundbanks:148
[17:25:23.624] [lua] AssetOpComplete: 2 submitted, 2 oustanding, 0 last added  @mrxsoundbanks:148
[17:25:23.627] [lua] AssetOpComplete: 1 submitted, 1 oustanding, 0 last added  @mrxsoundbanks:148
[17:25:23.630] [lua] AssetOp Batch Complete  @mrxsoundbanks:157
[17:25:23.633] [lua] Shell music started.  @mrxsound:41
[17:25:33.320] [lua] true  @mrxguishell:966
[17:25:34.476] [lua] Added request ui_shell, soundbank, false  @mrxsoundbanks:71
[17:25:34.479] [lua] Submitted request for ui_shell, soundbank with 1 submitted, 0 last index, and 1 outstanding  @mrxsoundbanks:66
[17:25:34.482] [lua] Added request ui_shell, wavebank, false  @mrxsoundbanks:71
[17:25:34.485] [lua] Submitted request for ui_shell, wavebank with 2 submitted, 0 last index, and 2 outstanding  @mrxsoundbanks:66
[17:25:34.489] [lua] Added request ui_hud, soundbank, false  @mrxsoundbanks:71
[17:25:34.492] [lua] Submitted request for ui_hud, soundbank with 3 submitted, 0 last index, and 3 outstanding  @mrxsoundbanks:66
[17:25:34.495] [lua] Added request ui_hud, wavebank, false  @mrxsoundbanks:71
[17:25:34.498] [lua] Submitted request for ui_hud, wavebank with 4 submitted, 0 last index, and 4 outstanding  @mrxsoundbanks:66
[17:25:34.502] [lua] Added request music, soundbank, false  @mrxsoundbanks:71
[17:25:34.505] [lua] Submitted request for music, soundbank with 5 submitted, 0 last index, and 5 outstanding  @mrxsoundbanks:66
[17:25:34.509] [lua] Added request music, wavebank, false  @mrxsoundbanks:71
[17:25:34.512] [lua] Submitted request for music, wavebank with 6 submitted, 0 last index, and 6 outstanding  @mrxsoundbanks:66
[17:25:34.515] [lua] Shell exited  @mrxsound:37
[17:25:34.515] [world] >>> Shell exited  @mrxsound:37
[17:25:34.580] [lua] AssetOpComplete: 6 submitted, 6 oustanding, 0 last added  @mrxsoundbanks:148
[17:25:34.584] [lua] AssetOpComplete: 5 submitted, 5 oustanding, 0 last added  @mrxsoundbanks:148
[17:25:34.587] [lua] AssetOpComplete: 4 submitted, 4 oustanding, 0 last added  @mrxsoundbanks:148
[17:25:34.590] [lua] AssetOpComplete: 3 submitted, 3 oustanding, 0 last added  @mrxsoundbanks:148
[17:25:34.595] [lua] AssetOpComplete: 2 submitted, 2 oustanding, 0 last added  @mrxsoundbanks:148
[17:25:34.598] [lua] AssetOpComplete: 1 submitted, 1 oustanding, 0 last added  @mrxsoundbanks:148
[17:25:35.177] [lua] MrxSoundBootstrap.Init  @mrxsoundbootstrap:18
[17:25:35.180] [lua] Loading sound assets  @mrxsoundbootstrap:286
[17:25:35.184] [lua] Opening filename .\Data\Audios\vo_stream.english.pws with alias vo_stream.pws  @mrxsoundbanks:103
[17:25:35.187] [lua] Opening filename .\Data\Audios\music.pws with alias music.pws  @mrxsoundbanks:103
[17:25:35.190] [lua] Opening filename .\Data\Audios\ambience.pws with alias ambience.pws  @mrxsoundbanks:103
[17:25:35.193] [lua] Added request ambience, wavebank, true  @mrxsoundbanks:71
[17:25:35.196] [lua] Submitted request for ambience, wavebank with 1 submitted, 0 last index, and 1 outstanding  @mrxsoundbanks:66
[17:25:35.200] [lua] Added request ambience, soundbank, true  @mrxsoundbanks:71
[17:25:35.203] [lua] Submitted request for ambience, soundbank with 2 submitted, 0 last index, and 2 outstanding  @mrxsoundbanks:66
[17:25:35.206] [lua] Added request amb_birds, wavebank, true  @mrxsoundbanks:71
[17:25:35.209] [lua] Submitted request for amb_birds, wavebank with 3 submitted, 0 last index, and 3 outstanding  @mrxsoundbanks:66
[17:25:35.213] [lua] Added request amb_birds, soundbank, true  @mrxsoundbanks:71
[17:25:35.216] [lua] Submitted request for amb_birds, soundbank with 4 submitted, 0 last index, and 4 outstanding  @mrxsoundbanks:66
[17:25:35.219] [lua] Added request amb_shared, wavebank, true  @mrxsoundbanks:71
[17:25:35.223] [lua] Submitted request for amb_shared, wavebank with 5 submitted, 0 last index, and 5 outstanding  @mrxsoundbanks:66
[17:25:35.226] [lua] Added request collision_shared, wavebank, true  @mrxsoundbanks:71
[17:25:35.229] [lua] Submitted request for collision_shared, wavebank with 6 submitted, 0 last index, and 6 outstanding  @mrxsoundbanks:66
[17:25:35.232] [lua] Added request collision_shared, soundbank, true  @mrxsoundbanks:71
[17:25:35.236] [lua] Submitted request for collision_shared, soundbank with 7 submitted, 0 last index, and 7 outstanding  @mrxsoundbanks:66
[17:25:35.239] [lua] Added request destruction_shared, wavebank, true  @mrxsoundbanks:71
[17:25:35.242] [lua] Submitted request for destruction_shared, wavebank with 8 submitted, 0 last index, and 8 outstanding  @mrxsoundbanks:66
[17:25:35.245] [lua] Added request destruction_shared, soundbank, true  @mrxsoundbanks:71
[17:25:35.249] [lua] Submitted request for destruction_shared, soundbank with 9 submitted, 0 last index, and 9 outstanding  @mrxsoundbanks:66
[17:25:35.253] [lua] Added request fol_shared, wavebank, true  @mrxsoundbanks:71
[17:25:35.256] [lua] Submitted request for fol_shared, wavebank with 10 submitted, 0 last index, and 10 outstanding  @mrxsoundbanks:66
[17:25:35.259] [lua] Added request fol_shared, soundbank, true  @mrxsoundbanks:71
[17:25:35.262] [lua] Submitted request for fol_shared, soundbank with 11 submitted, 0 last index, and 11 outstanding  @mrxsoundbanks:66
[17:25:35.265] [lua] Added request veh_shared, soundbank, true  @mrxsoundbanks:71
[17:25:35.268] [lua] Submitted request for veh_shared, soundbank with 12 submitted, 0 last index, and 12 outstanding  @mrxsoundbanks:66
[17:25:35.270] [lua] Added request veh_shared, wavebank, true  @mrxsoundbanks:71
[17:25:35.276] [lua] Submitted request for veh_shared, wavebank with 13 submitted, 0 last index, and 13 outstanding  @mrxsoundbanks:66
[17:25:35.280] [lua] Added request wpn_shared, soundbank, true  @mrxsoundbanks:71
[17:25:35.283] [lua] Submitted request for wpn_shared, soundbank with 14 submitted, 0 last index, and 14 outstanding  @mrxsoundbanks:66
[17:25:35.286] [lua] Added request wpn_shared, wavebank, true  @mrxsoundbanks:71
[17:25:35.289] [lua] Submitted request for wpn_shared, wavebank with 15 submitted, 0 last index, and 15 outstanding  @mrxsoundbanks:66
[17:25:35.292] [lua] Added request building_destruct, soundbank, true  @mrxsoundbanks:71
[17:25:35.295] [lua] Submitted request for building_destruct, soundbank with 16 submitted, 0 last index, and 16 outstanding  @mrxsoundbanks:66
[17:25:35.299] [lua] Added request bulding_destruct, wavebank, true  @mrxsoundbanks:71
[17:25:35.302] [lua] Submitted request for bulding_destruct, wavebank with 17 submitted, 0 last index, and 17 outstanding  @mrxsoundbanks:66
[17:25:35.305] [lua] Added request veh_support, soundbank, true  @mrxsoundbanks:71
[17:25:35.308] [lua] Submitted request for veh_support, soundbank with 18 submitted, 0 last index, and 18 outstanding  @mrxsoundbanks:66
[17:25:35.313] [lua] Added request veh_support, wavebank, true  @mrxsoundbanks:71
[17:25:35.318] [lua] Submitted request for veh_support, wavebank with 19 submitted, 0 last index, and 19 outstanding  @mrxsoundbanks:66
[17:25:35.321] [lua] Added request music, soundbank, true  @mrxsoundbanks:71
[17:25:35.324] [lua] Submitted request for music, soundbank with 20 submitted, 0 last index, and 20 outstanding  @mrxsoundbanks:66
[17:25:35.328] [lua] Added request music, wavebank, true  @mrxsoundbanks:71
[17:25:35.332] [lua] Submitted request for music, wavebank with 21 submitted, 0 last index, and 21 outstanding  @mrxsoundbanks:66
[17:25:35.335] [lua] Added request ui_hud, wavebank, true  @mrxsoundbanks:71
[17:25:35.338] [lua] Submitted request for ui_hud, wavebank with 22 submitted, 0 last index, and 22 outstanding  @mrxsoundbanks:66
[17:25:35.341] [lua] Added request ui_hud, soundbank, true  @mrxsoundbanks:71
[17:25:35.345] [lua] Submitted request for ui_hud, soundbank with 23 submitted, 0 last index, and 23 outstanding  @mrxsoundbanks:66
[17:25:35.348] [lua] Added request vo_stream, wavebank, true  @mrxsoundbanks:71
[17:25:35.351] [lua] Submitted request for vo_stream.english, wavebank with 24 submitted, 0 last index, and 24 outstanding  @mrxsoundbanks:66
[17:25:35.355] [lua] Added request vo_mattias, soundbank, true  @mrxsoundbanks:71
[17:25:35.358] [lua] Submitted request for vo_mattias.english, soundbank with 25 submitted, 0 last index, and 25 outstanding  @mrxsoundbanks:66
[17:25:35.360] [lua] Added request vo_Chris, soundbank, true  @mrxsoundbanks:71
[17:25:35.364] [lua] Submitted request for vo_Chris.english, soundbank with 26 submitted, 0 last index, and 26 outstanding  @mrxsoundbanks:66
[17:25:35.367] [lua] Added request vo_carmona, soundbank, true  @mrxsoundbanks:71
[17:25:35.370] [lua] Submitted request for vo_carmona.english, soundbank with 27 submitted, 0 last index, and 27 outstanding  @mrxsoundbanks:66
[17:25:35.374] [lua] Added request vo_Jen, soundbank, true  @mrxsoundbanks:71
[17:25:35.380] [lua] Submitted request for vo_Jen.english, soundbank with 28 submitted, 0 last index, and 28 outstanding  @mrxsoundbanks:66
[17:25:35.383] [lua] Added request vo_Fiona, soundbank, true  @mrxsoundbanks:71
[17:25:35.386] [lua] Submitted request for vo_Fiona.english, soundbank with 29 submitted, 0 last index, and 29 outstanding  @mrxsoundbanks:66
[17:25:35.389] [lua] Added request vo_Ewan, soundbank, true  @mrxsoundbanks:71
[17:25:35.392] [lua] Submitted request for vo_Ewan.english, soundbank with 30 submitted, 0 last index, and 30 outstanding  @mrxsoundbanks:66
[17:25:35.396] [lua] Added request vo_Misha, soundbank, true  @mrxsoundbanks:71
[17:25:35.399] [lua] Submitted request for vo_Misha.english, soundbank with 31 submitted, 0 last index, and 31 outstanding  @mrxsoundbanks:66
[17:25:35.402] [lua] Added request vo_Misc, soundbank, true  @mrxsoundbanks:71
[17:25:35.405] [lua] Submitted request for vo_Misc.english, soundbank with 32 submitted, 0 last index, and 32 outstanding  @mrxsoundbanks:66
[17:25:35.408] [lua] Added request vo_alliedSoldier_01, soundbank, true  @mrxsoundbanks:71
[17:25:35.411] [lua] Submitted request for vo_alliedSoldier_01.english, soundbank with 33 submitted, 0 last index, and 33 outstanding  @mrxsoundbanks:66
[17:25:35.415] [lua] Added request vo_alliedSoldier_02, soundbank, true  @mrxsoundbanks:71
[17:25:35.418] [lua] Submitted request for vo_alliedSoldier_02.english, soundbank with 34 submitted, 0 last index, and 34 outstanding  @mrxsoundbanks:66
[17:25:35.421] [lua] Added request vo_alliedSoldier_black_03, soundbank, true  @mrxsoundbanks:71
[17:25:35.424] [lua] Submitted request for vo_alliedSoldier_black_03.english, soundbank with 35 submitted, 0 last index, and 35 outstanding  @mrxsoundbanks:66
[17:25:35.427] [lua] Added request vo_chinSoldier_01, soundbank, true  @mrxsoundbanks:71
[17:25:35.430] [lua] Submitted request for vo_chinSoldier_01.english, soundbank with 36 submitted, 0 last index, and 36 outstanding  @mrxsoundbanks:66
[17:25:35.434] [lua] Added request vo_chinSoldier_02, soundbank, true  @mrxsoundbanks:71
[17:25:35.437] [lua] Submitted request for vo_chinSoldier_02.english, soundbank with 37 submitted, 0 last index, and 37 outstanding  @mrxsoundbanks:66
[17:25:35.440] [lua] Added request vo_oc_merc_01, soundbank, true  @mrxsoundbanks:71
[17:25:35.443] [lua] Submitted request for vo_oc_merc_01.english, soundbank with 38 submitted, 0 last index, and 38 outstanding  @mrxsoundbanks:66
[17:25:35.447] [lua] Added request vo_oc_merc_02, soundbank, true  @mrxsoundbanks:71
[17:25:35.450] [lua] Submitted request for vo_oc_merc_02.english, soundbank with 39 submitted, 0 last index, and 39 outstanding  @mrxsoundbanks:66
[17:25:35.455] [lua] Added request vo_vzCiv_01, soundbank, true  @mrxsoundbanks:71
[17:25:35.460] [lua] Submitted request for vo_vzCiv_01.english, soundbank with 40 submitted, 0 last index, and 40 outstanding  @mrxsoundbanks:66
[17:25:35.463] [lua] Added request vo_vzCiv_02, soundbank, true  @mrxsoundbanks:71
[17:25:35.467] [lua] Submitted request for vo_vzCiv_02.english, soundbank with 41 submitted, 0 last index, and 41 outstanding  @mrxsoundbanks:66
[17:25:35.470] [lua] Added request vo_vzCiv_female_01, soundbank, true  @mrxsoundbanks:71
[17:25:35.473] [lua] Submitted request for vo_vzCiv_female_01.english, soundbank with 42 submitted, 0 last index, and 42 outstanding  @mrxsoundbanks:66
[17:25:35.477] [lua] Added request vo_vzCiv_female_02, soundbank, true  @mrxsoundbanks:71
[17:25:35.480] [lua] Submitted request for vo_vzCiv_female_02.english, soundbank with 43 submitted, 0 last index, and 43 outstanding  @mrxsoundbanks:66
[17:25:35.483] [lua] Added request vo_vzGurSoldier_01, soundbank, true  @mrxsoundbanks:71
[17:25:35.486] [lua] Submitted request for vo_vzGurSoldier_01.english, soundbank with 44 submitted, 0 last index, and 44 outstanding  @mrxsoundbanks:66
[17:25:35.490] [lua] Added request vo_vzGurSoldier_02, soundbank, true  @mrxsoundbanks:71
[17:25:35.493] [lua] Submitted request for vo_vzGurSoldier_02.english, soundbank with 45 submitted, 0 last index, and 45 outstanding  @mrxsoundbanks:66
[17:25:35.496] [lua] Added request vo_vzGurSoldier_female_01, soundbank, true  @mrxsoundbanks:71
[17:25:35.499] [lua] Submitted request for vo_vzGurSoldier_female_01.english, soundbank with 46 submitted, 0 last index, and 46 outstanding  @mrxsoundbanks:66
[17:25:35.503] [lua] Added request vo_vzSoldier_01, soundbank, true  @mrxsoundbanks:71
[17:25:35.506] [lua] Submitted request for vo_vzSoldier_01.english, soundbank with 47 submitted, 0 last index, and 47 outstanding  @mrxsoundbanks:66
[17:25:35.509] [lua] Added request vo_vzSoldier_02, soundbank, true  @mrxsoundbanks:71
[17:25:35.512] [lua] Submitted request for vo_vzSoldier_02.english, soundbank with 48 submitted, 0 last index, and 48 outstanding  @mrxsoundbanks:66
[17:25:35.516] [lua] Added request vo_pirate_01, soundbank, true  @mrxsoundbanks:71
[17:25:35.519] [lua] Submitted request for vo_pirate_01.english, soundbank with 49 submitted, 0 last index, and 49 outstanding  @mrxsoundbanks:66
[17:25:35.522] [lua] Added request vo_pirate_02, soundbank, true  @mrxsoundbanks:71
[17:25:35.525] [lua] Submitted request for vo_pirate_02.english, soundbank with 50 submitted, 0 last index, and 50 outstanding  @mrxsoundbanks:66
[17:25:35.529] [lua] Added request vo_pirate_female_01, soundbank, true  @mrxsoundbanks:71
[17:25:35.533] [lua] Submitted request for vo_pirate_female_01.english, soundbank with 51 submitted, 0 last index, and 51 outstanding  @mrxsoundbanks:66
[17:25:35.536] [lua] ##@ GameBootstrap - bailing because finished shell  @gamebootstrap:68
[17:25:35.551] [lua] MrxGuiCinematic._Hide  @mrxguicinematic:279
[17:25:37.434] [lua] Loading vz level with vz masterscript  @levelbootstrap:16
[17:25:37.434] [world] >>> Loading vz level with vz masterscript  @levelbootstrap:16
[17:25:37.479] [lua] AssetOpComplete: 51 submitted, 51 oustanding, 0 last added  @mrxsoundbanks:148
[17:25:37.487] [lua] AssetOpComplete: 50 submitted, 50 oustanding, 0 last added  @mrxsoundbanks:148
[17:25:37.495] [lua] AssetOpComplete: 49 submitted, 49 oustanding, 0 last added  @mrxsoundbanks:148
[17:25:37.503] [lua] AssetOpComplete: 48 submitted, 48 oustanding, 0 last added  @mrxsoundbanks:148
[17:25:37.510] [lua] AssetOpComplete: 47 submitted, 47 oustanding, 0 last added  @mrxsoundbanks:148
[17:25:37.519] [lua] AssetOpComplete: 46 submitted, 46 oustanding, 0 last added  @mrxsoundbanks:148
[17:25:37.527] [lua] AssetOpComplete: 45 submitted, 45 oustanding, 0 last added  @mrxsoundbanks:148
[17:25:37.534] [lua] AssetOpComplete: 44 submitted, 44 oustanding, 0 last added  @mrxsoundbanks:148
[17:25:37.542] [lua] AssetOpComplete: 43 submitted, 43 oustanding, 0 last added  @mrxsoundbanks:148
[17:25:37.550] [lua] AssetOpComplete: 42 submitted, 42 oustanding, 0 last added  @mrxsoundbanks:148
[17:25:37.558] [lua] AssetOpComplete: 41 submitted, 41 oustanding, 0 last added  @mrxsoundbanks:148
[17:25:37.565] [lua] AssetOpComplete: 40 submitted, 40 oustanding, 0 last added  @mrxsoundbanks:148
[17:25:37.573] [lua] AssetOpComplete: 39 submitted, 39 oustanding, 0 last added  @mrxsoundbanks:148
[17:25:37.580] [lua] AssetOpComplete: 38 submitted, 38 oustanding, 0 last added  @mrxsoundbanks:148
[17:25:37.591] [lua] AssetOpComplete: 37 submitted, 37 oustanding, 0 last added  @mrxsoundbanks:148
[17:25:37.599] [lua] AssetOpComplete: 36 submitted, 36 oustanding, 0 last added  @mrxsoundbanks:148
[17:25:37.607] [lua] AssetOpComplete: 35 submitted, 35 oustanding, 0 last added  @mrxsoundbanks:148
[17:25:37.615] [lua] AssetOpComplete: 34 submitted, 34 oustanding, 0 last added  @mrxsoundbanks:148
[17:25:37.623] [lua] AssetOpComplete: 33 submitted, 33 oustanding, 0 last added  @mrxsoundbanks:148
[17:25:37.630] [lua] AssetOpComplete: 32 submitted, 32 oustanding, 0 last added  @mrxsoundbanks:148
[17:25:37.639] [lua] AssetOpComplete: 31 submitted, 31 oustanding, 0 last added  @mrxsoundbanks:148
[17:25:37.667] [lua] AssetOpComplete: 30 submitted, 30 oustanding, 0 last added  @mrxsoundbanks:148
[17:25:37.676] [lua] AssetOpComplete: 29 submitted, 29 oustanding, 0 last added  @mrxsoundbanks:148
[17:25:37.684] [lua] AssetOpComplete: 28 submitted, 28 oustanding, 0 last added  @mrxsoundbanks:148
[17:25:37.691] [lua] AssetOpComplete: 27 submitted, 27 oustanding, 0 last added  @mrxsoundbanks:148
[17:25:37.700] [lua] AssetOpComplete: 26 submitted, 26 oustanding, 0 last added  @mrxsoundbanks:148
[17:25:37.708] [lua] AssetOpComplete: 25 submitted, 25 oustanding, 0 last added  @mrxsoundbanks:148
[17:25:37.715] [lua] AssetOpComplete: 24 submitted, 24 oustanding, 0 last added  @mrxsoundbanks:148
[17:25:37.723] [lua] AssetOpComplete: 23 submitted, 23 oustanding, 0 last added  @mrxsoundbanks:148
[17:25:37.732] [lua] AssetOpComplete: 22 submitted, 22 oustanding, 0 last added  @mrxsoundbanks:148
[17:25:37.740] [lua] AssetOpComplete: 21 submitted, 21 oustanding, 0 last added  @mrxsoundbanks:148
[17:25:37.747] [lua] AssetOpComplete: 20 submitted, 20 oustanding, 0 last added  @mrxsoundbanks:148
[17:25:37.755] [lua] AssetOpComplete: 19 submitted, 19 oustanding, 0 last added  @mrxsoundbanks:148
[17:25:37.763] [lua] AssetOpComplete: 18 submitted, 18 oustanding, 0 last added  @mrxsoundbanks:148
[17:25:37.772] [lua] AssetOpComplete: 17 submitted, 17 oustanding, 0 last added  @mrxsoundbanks:148
[17:25:37.779] [lua] AssetOpComplete: 16 submitted, 16 oustanding, 0 last added  @mrxsoundbanks:148
[17:25:37.788] [lua] AssetOpComplete: 15 submitted, 15 oustanding, 0 last added  @mrxsoundbanks:148
[17:25:37.796] [lua] AssetOpComplete: 14 submitted, 14 oustanding, 0 last added  @mrxsoundbanks:148
[17:25:37.805] [lua] AssetOpComplete: 13 submitted, 13 oustanding, 0 last added  @mrxsoundbanks:148
[17:25:37.812] [lua] AssetOpComplete: 12 submitted, 12 oustanding, 0 last added  @mrxsoundbanks:148
[17:25:37.820] [lua] AssetOpComplete: 11 submitted, 11 oustanding, 0 last added  @mrxsoundbanks:148
[17:25:37.828] [lua] AssetOpComplete: 10 submitted, 10 oustanding, 0 last added  @mrxsoundbanks:148
[17:25:37.836] [lua] AssetOpComplete: 9 submitted, 9 oustanding, 0 last added  @mrxsoundbanks:148
[17:25:37.844] [lua] AssetOpComplete: 8 submitted, 8 oustanding, 0 last added  @mrxsoundbanks:148
[17:25:37.853] [lua] AssetOpComplete: 7 submitted, 7 oustanding, 0 last added  @mrxsoundbanks:148
[17:25:37.860] [lua] AssetOpComplete: 6 submitted, 6 oustanding, 0 last added  @mrxsoundbanks:148
[17:25:37.868] [lua] AssetOpComplete: 5 submitted, 5 oustanding, 0 last added  @mrxsoundbanks:148
[17:25:37.876] [lua] AssetOpComplete: 4 submitted, 4 oustanding, 0 last added  @mrxsoundbanks:148
[17:25:37.884] [lua] AssetOpComplete: 3 submitted, 3 oustanding, 0 last added  @mrxsoundbanks:148
[17:25:38.077] [lua] AssetOpComplete: 2 submitted, 2 oustanding, 0 last added  @mrxsoundbanks:148
[17:25:38.085] [lua] AssetOpComplete: 1 submitted, 1 oustanding, 0 last added  @mrxsoundbanks:148
[17:25:38.120] [lua] [dlc_skin] wifpmcinterior chunk LOADED + top-level executed  @output/_scratch/skin_bytecode/wifpmcinterior.dlc10v9i.lua:1601
[17:25:38.133] [lua] true  @mrxrewarddata:2166
[17:25:38.139] [lua] true  @mrxrewarddata:2218
[17:25:38.146] [lua] true  @mrxrewarddata:2166
[17:25:38.153] [lua] true  @mrxrewarddata:2166
[17:25:38.160] [lua] true  @mrxrewarddata:2218
[17:25:38.166] [lua] true  @mrxrewarddata:2166
[17:25:38.173] [lua] true  @mrxrewarddata:2166
[17:25:38.180] [lua] true  @mrxrewarddata:2218
[17:25:38.186] [lua] true  @mrxrewarddata:2218
[17:25:38.193] [lua] true  @mrxrewarddata:2166
[17:25:38.199] [lua] true  @mrxrewarddata:2218
[17:25:38.206] [lua] true  @mrxrewarddata:2166
[17:25:38.212] [lua] true  @mrxrewarddata:2166
[17:25:38.220] [lua] true  @mrxrewarddata:2166
[17:25:38.227] [lua] true  @mrxrewarddata:2166
[17:25:38.233] [lua] true  @mrxrewarddata:2166
[17:25:38.240] [lua] true  @mrxrewarddata:2166
[17:25:38.248] [lua] true  @mrxrewarddata:2166
[17:25:38.256] [lua] true  @mrxrewarddata:2166
[17:25:38.266] [lua] true  @mrxrewarddata:2166
[17:25:38.273] [lua] true  @mrxrewarddata:2166
[17:25:38.279] [lua] true  @mrxrewarddata:2166
[17:25:38.287] [lua] true  @mrxrewarddata:2166
[17:25:38.295] [lua] true  @mrxrewarddata:2166
[17:25:38.301] [lua] true  @mrxrewarddata:2166
[17:25:38.308] [lua] true  @mrxrewarddata:2166
[17:25:38.315] [lua] true  @mrxrewarddata:2166
[17:25:38.322] [lua] true  @mrxrewarddata:2166
[17:25:38.329] [lua] true  @mrxrewarddata:2218
[17:25:38.335] [lua] true  @mrxrewarddata:2166
[17:25:38.342] [lua] true  @mrxrewarddata:2166
[17:25:38.349] [lua] true  @mrxrewarddata:2166
[17:25:38.356] [lua] true  @mrxrewarddata:2166
[17:25:38.362] [lua] true  @mrxrewarddata:2166
[17:25:38.369] [lua] true  @mrxrewarddata:2192
[17:25:38.377] [lua] true  @mrxrewarddata:2166
[17:25:38.384] [lua] true  @mrxrewarddata:2166
[17:25:38.390] [lua] true  @mrxrewarddata:2166
[17:25:38.397] [lua] true  @mrxrewarddata:2192
[17:25:38.404] [lua] true  @mrxrewarddata:2218
[17:25:38.410] [lua] true  @mrxrewarddata:2218
[17:25:38.417] [lua] true  @mrxrewarddata:2166
[17:25:38.424] [lua] true  @mrxrewarddata:2218
[17:25:38.430] [lua] true  @mrxrewarddata:2166
[17:25:38.437] [lua] true  @mrxrewarddata:2166
[17:25:38.444] [lua] true  @mrxrewarddata:2166
[17:25:38.451] [lua] true  @mrxrewarddata:2218
[17:25:38.458] [lua] true  @mrxrewarddata:2166
[17:25:38.465] [lua] true  @mrxrewarddata:2166
[17:25:38.472] [lua] true  @mrxrewarddata:2166
[17:25:38.483] [lua] true  @mrxrewarddata:2192
[17:25:38.490] [lua] true  @mrxrewarddata:2166
[17:25:38.497] [lua] true  @mrxrewarddata:2218
[17:25:38.504] [lua] true  @mrxrewarddata:2166
[17:25:38.510] [lua] true  @mrxrewarddata:2166
[17:25:38.518] [lua] true  @mrxrewarddata:2166
[17:25:38.524] [lua] true  @mrxrewarddata:2166
[17:25:38.533] [lua] true  @mrxrewarddata:2166
[17:25:38.540] [lua] true  @mrxrewarddata:2218
[17:25:38.547] [lua] true  @mrxrewarddata:2166
[17:25:38.553] [lua] true  @mrxrewarddata:2166
[17:25:38.560] [lua] true  @mrxrewarddata:2166
[17:25:38.568] [lua] true  @mrxrewarddata:2192
[17:25:38.575] [lua] true  @mrxrewarddata:2166
[17:25:38.581] [lua] true  @mrxrewarddata:2166
[17:25:38.589] [lua] true  @mrxrewarddata:2166
[17:25:38.596] [lua] true  @mrxrewarddata:2166
[17:25:38.602] [lua] true  @mrxrewarddata:2166
[17:25:38.609] [lua] true  @mrxrewarddata:2218
[17:25:38.617] [lua] true  @mrxrewarddata:2166
[17:25:38.623] [lua] true  @mrxrewarddata:2166
[17:25:38.630] [lua] true  @mrxrewarddata:2166
[17:25:38.637] [lua] true  @mrxrewarddata:2166
[17:25:38.644] [lua] true  @mrxrewarddata:2218
[17:25:38.655] [lua] true  @mrxrewarddata:2166
[17:25:38.661] [lua] true  @mrxrewarddata:2166
[17:25:38.668] [lua] true  @mrxrewarddata:2166
[17:25:38.675] [lua] true  @mrxrewarddata:2192
[17:25:38.681] [lua] true  @mrxrewarddata:2218
[17:25:38.688] [lua] true  @mrxrewarddata:2218
[17:25:38.695] [lua] true  @mrxrewarddata:2218
[17:25:38.701] [lua] true  @mrxrewarddata:2166
[17:25:38.708] [lua] true  @mrxrewarddata:2166
[17:25:38.715] [lua] true  @mrxrewarddata:2166
[17:25:38.725] [lua] true  @mrxrewarddata:2218
[17:25:38.734] [lua] true  @mrxrewarddata:2166
[17:25:38.740] [lua] true  @mrxrewarddata:2166
[17:25:38.747] [lua] true  @mrxrewarddata:2166
[17:25:38.754] [lua] true  @mrxrewarddata:2192
[17:25:38.760] [lua] true  @mrxrewarddata:2166
[17:25:38.768] [lua] true  @mrxrewarddata:2166
[17:25:38.775] [lua] true  @mrxrewarddata:2166
[17:25:38.781] [lua] true  @mrxrewarddata:2166
[17:25:38.788] [lua] true  @mrxrewarddata:2192
[17:25:38.796] [lua] true  @mrxrewarddata:2166
[17:25:38.803] [lua] true  @mrxrewarddata:2166
[17:25:38.811] [lua] true  @mrxrewarddata:2166
[17:25:38.819] [lua] true  @mrxrewarddata:2166
[17:25:38.826] [lua] true  @mrxrewarddata:2166
[17:25:38.832] [lua] true  @mrxrewarddata:2166
[17:25:38.839] [lua] true  @mrxrewarddata:2166
[17:25:38.845] [lua] true  @mrxrewarddata:2166
[17:25:38.852] [lua] true  @mrxrewarddata:2166
[17:25:38.859] [lua] true  @mrxrewarddata:2166
[17:25:38.865] [lua] true  @mrxrewarddata:2166
[17:25:38.872] [lua] true  @mrxrewarddata:2166
[17:25:38.879] [lua] true  @mrxrewarddata:2166
[17:25:38.887] [lua] true  @mrxrewarddata:2166
[17:25:38.894] [lua] true  @mrxrewarddata:2166
[17:25:38.900] [lua] true  @mrxrewarddata:2166
[17:25:38.907] [lua] true  @mrxrewarddata:2166
[17:25:38.914] [lua] true  @mrxrewarddata:2166
[17:25:38.920] [lua] true  @mrxrewarddata:2166
[17:25:38.928] [lua] true  @mrxrewarddata:2166
[17:25:38.940] [lua] true  @mrxrewarddata:2166
[17:25:38.947] [lua] true  @mrxrewarddata:2166
[17:25:38.954] [lua] true  @mrxrewarddata:2166
[17:25:38.960] [lua] true  @mrxrewarddata:2166
[17:25:38.970] [lua] true  @mrxrewarddata:2166
[17:25:38.977] [lua] true  @mrxrewarddata:2166
[17:25:38.984] [lua] true  @mrxrewarddata:2166
[17:25:38.995] [lua] true  @mrxrewarddata:2166
[17:25:39.002] [lua] true  @mrxrewarddata:2166
[17:25:39.009] [lua] true  @mrxrewarddata:2166
[17:25:39.016] [lua] true  @mrxrewarddata:2166
[17:25:39.023] [lua] true  @mrxrewarddata:2166
[17:25:39.030] [lua] true  @mrxrewarddata:2166
[17:25:39.036] [lua] true  @mrxrewarddata:2166
[17:25:39.044] [lua] true  @mrxrewarddata:2218
[17:25:39.051] [lua] true  @mrxrewarddata:2166
[17:25:39.059] [lua] true  @mrxrewarddata:2218
[17:25:39.065] [lua] true  @mrxrewarddata:2166
[17:25:39.072] [lua] true  @mrxrewarddata:2166
[17:25:39.079] [lua] true  @mrxrewarddata:2218
[17:25:39.086] [lua] true  @mrxrewarddata:2218
[17:25:39.093] [lua] true  @mrxrewarddata:2218
[17:25:39.099] [lua] true  @mrxrewarddata:2218
[17:25:39.106] [lua] true  @mrxrewarddata:2218
[17:25:39.113] [lua] true  @mrxrewarddata:2166
[17:25:39.120] [lua] true  @mrxrewarddata:2166
[17:25:39.128] [lua] true  @mrxrewarddata:2218
[17:25:39.135] [lua] true  @mrxrewarddata:2166
[17:25:39.140] [lua] true  @mrxrewarddata:2166
[17:25:39.148] [lua] true  @mrxrewarddata:2166
[17:25:39.158] [lua] true  @mrxrewarddata:2218
[17:25:39.165] [lua] true  @mrxrewarddata:2218
[17:25:39.172] [lua] true  @mrxrewarddata:2166
[17:25:39.178] [lua] true  @mrxrewarddata:2166
[17:25:39.186] [lua] true  @mrxrewarddata:2192
[17:25:39.193] [lua] true  @mrxrewarddata:2166
[17:25:39.201] [lua] true  @mrxrewarddata:2218
[17:25:39.208] [lua] true  @mrxrewarddata:2166
[17:25:39.215] [lua] true  @mrxrewarddata:2166
[17:25:39.222] [lua] true  @mrxrewarddata:2166
[17:25:39.229] [lua] true  @mrxrewarddata:2166
[17:25:39.235] [lua] true  @mrxrewarddata:2166
[17:25:39.245] [lua] true  @mrxrewarddata:2218
[17:25:39.252] [lua] true  @mrxrewarddata:2218
[17:25:39.262] [lua] true  @mrxrewarddata:2218
[17:25:39.269] [lua] true  @mrxrewarddata:2218
[17:25:39.276] [lua] true  @mrxrewarddata:2218
[17:25:39.283] [lua] true  @mrxrewarddata:2166
[17:25:39.291] [lua] true  @mrxrewarddata:2218
[17:25:39.298] [lua] true  @mrxrewarddata:2166
[17:25:39.305] [lua] true  @mrxrewarddata:2166
[17:25:39.311] [lua] true  @mrxrewarddata:2166
[17:25:39.318] [lua] true  @mrxrewarddata:2166
[17:25:39.324] [lua] true  @mrxrewarddata:2166
[17:25:39.330] [lua] true  @mrxrewarddata:2192
[17:25:39.338] [lua] true  @mrxrewarddata:2166
[17:25:39.345] [lua] true  @mrxrewarddata:2166
[17:25:39.351] [lua] true  @mrxrewarddata:2166
[17:25:39.358] [lua] true  @mrxrewarddata:2218
[17:25:39.364] [lua] true  @mrxrewarddata:2218
[17:25:39.370] [lua] true  @mrxrewarddata:2218
[17:25:39.378] [lua] true  @mrxrewarddata:2218
[17:25:39.384] [lua] true  @mrxrewarddata:2166
[17:25:39.390] [lua] true  @mrxrewarddata:2166
[17:25:39.397] [lua] true  @mrxrewarddata:2166
[17:25:39.404] [lua] true  @mrxrewarddata:2166
[17:25:39.410] [lua] true  @mrxrewarddata:2166
[17:25:39.418] [lua] true  @mrxrewarddata:2166
[17:25:39.425] [lua] true  @mrxrewarddata:2166
[17:25:39.432] [lua] true  @mrxrewarddata:2218
[17:25:39.439] [lua] true  @mrxrewarddata:2166
[17:25:39.446] [lua] true  @mrxrewarddata:2166
[17:25:39.452] [lua] true  @mrxrewarddata:2166
[17:25:39.459] [lua] true  @mrxrewarddata:2192
[17:25:39.466] [lua] true  @mrxrewarddata:2166
[17:25:39.472] [lua] true  @mrxrewarddata:2166
[17:25:39.479] [lua] true  @mrxrewarddata:2166
[17:25:39.486] [lua] true  @mrxrewarddata:2192
[17:25:39.493] [lua] true  @mrxrewarddata:2218
[17:25:39.499] [lua] true  @mrxrewarddata:2166
[17:25:39.510] [lua] true  @mrxrewarddata:2166
[17:25:39.517] [lua] true  @mrxrewarddata:2166
[17:25:39.527] [lua] true  @mrxrewarddata:2166
[17:25:39.533] [lua] true  @mrxrewarddata:2166
[17:25:39.540] [lua] true  @mrxrewarddata:2192
[17:25:39.547] [lua] true  @mrxrewarddata:2218
[17:25:39.553] [lua] true  @mrxrewarddata:2166
[17:25:39.560] [lua] true  @mrxrewarddata:2166
[17:25:39.566] [lua] true  @mrxrewarddata:2192
[17:25:39.573] [lua] true  @mrxrewarddata:2166
[17:25:39.579] [lua] true  @mrxrewarddata:2166
[17:25:39.587] [lua] true  @mrxrewarddata:2192
[17:25:39.593] [lua] true  @mrxrewarddata:2166
[17:25:39.600] [lua] true  @mrxrewarddata:2218
[17:25:39.607] [lua] true  @mrxrewarddata:2166
[17:25:39.613] [lua] true  @mrxrewarddata:2218
[17:25:39.620] [lua] true  @mrxrewarddata:2218
[17:25:39.628] [lua] Shop - Generating Global ShopList...  @mrxshop:39
[17:25:39.637] [lua] creating player 0  @mrxplayer:149
[17:25:39.644] [lua] creating player 1  @mrxplayer:149
[17:25:39.654] [lua] Careless is set to nil  @mrxsupportdelivery:163
[17:25:39.666] [lua] Careless is set to true  @mrxsupportdelivery:163
[17:25:39.674] [lua] Careless is set to nil  @mrxsupportdelivery:163
[17:25:39.683] [lua] Careless is set to true  @mrxsupportdelivery:163
[17:25:39.691] [lua] Careless is set to nil  @mrxsupportdelivery:163
[17:25:39.700] [lua] Careless is set to true  @mrxsupportdelivery:163
[17:25:39.709] [lua] Careless is set to nil  @mrxsupportdelivery:163
[17:25:39.717] [lua] Careless is set to true  @mrxsupportdelivery:163
[17:25:39.725] [lua] Careless is set to nil  @mrxsupportdelivery:163
[17:25:39.733] [lua] Careless is set to nil  @mrxsupportdelivery:163
[17:25:39.742] [lua] Careless is set to nil  @mrxsupportdelivery:163
[17:25:39.757] [lua] Careless is set to nil  @mrxsupportdelivery:163
[17:25:39.765] [lua] Careless is set to true  @mrxsupportdelivery:163
[17:25:39.773] [lua] Careless is set to nil  @mrxsupportdelivery:163
[17:25:39.781] [lua] Careless is set to true  @mrxsupportdelivery:163
[17:25:39.790] [lua] Careless is set to nil  @mrxsupportdelivery:163
[17:25:39.798] [lua] Careless is set to nil  @mrxsupportdelivery:163
[17:25:39.806] [lua] Careless is set to true  @mrxsupportdelivery:163
[17:25:39.813] [lua] Careless is set to nil  @mrxsupportdelivery:163
[17:25:39.822] [lua] Careless is set to nil  @mrxsupportdelivery:163
[17:25:39.830] [lua] Careless is set to nil  @mrxsupportdelivery:163
[17:25:39.838] [lua] Careless is set to true  @mrxsupportdelivery:163
[17:25:39.847] [lua] Careless is set to nil  @mrxsupportdelivery:163
[17:25:39.855] [lua] Careless is set to true  @mrxsupportdelivery:163
[17:25:39.862] [lua] Careless is set to nil  @mrxsupportdelivery:163
[17:25:39.872] [lua] Careless is set to nil  @mrxsupportdelivery:163
[17:25:39.880] [lua] Careless is set to true  @mrxsupportdelivery:163
[17:25:39.888] [lua] Careless is set to nil  @mrxsupportdelivery:163
[17:25:39.896] [lua] Careless is set to true  @mrxsupportdelivery:163
[17:25:39.904] [lua] Careless is set to true  @mrxsupportdelivery:163
[17:25:39.912] [lua] Careless is set to nil  @mrxsupportdelivery:163
[17:25:39.920] [lua] Careless is set to nil  @mrxsupportdelivery:163
[17:25:39.928] [lua] Careless is set to nil  @mrxsupportdelivery:163
[17:25:39.937] [lua] Careless is set to nil  @mrxsupportdelivery:163
[17:25:39.946] [lua] Careless is set to true  @mrxsupportdelivery:163
[17:25:39.954] [lua] Careless is set to nil  @mrxsupportdelivery:163
[17:25:39.962] [lua] Careless is set to true  @mrxsupportdelivery:163
[17:25:39.969] [lua] Careless is set to nil  @mrxsupportdelivery:163
[17:25:39.978] [lua] Careless is set to true  @mrxsupportdelivery:163
[17:25:39.986] [lua] Careless is set to nil  @mrxsupportdelivery:163
[17:25:39.996] [lua] Careless is set to nil  @mrxsupportdelivery:163
[17:25:40.004] [lua] Careless is set to nil  @mrxsupportdelivery:163
[17:25:40.012] [lua] Careless is set to nil  @mrxsupportdelivery:163
[17:25:40.020] [lua] Careless is set to nil  @mrxsupportdelivery:163
[17:25:40.029] [lua] Careless is set to nil  @mrxsupportdelivery:163
[17:25:40.036] [lua] Careless is set to true  @mrxsupportdelivery:163
[17:25:40.050] [lua] Careless is set to nil  @mrxsupportdelivery:163
[17:25:40.058] [lua] Careless is set to nil  @mrxsupportdelivery:163
[17:25:40.066] [lua] Careless is set to nil  @mrxsupportdelivery:163
[17:25:40.074] [lua] Careless is set to nil  @mrxsupportdelivery:163
[17:25:40.083] [lua] Careless is set to nil  @mrxsupportdelivery:163
[17:25:40.091] [lua] Careless is set to nil  @mrxsupportdelivery:163
[17:25:40.099] [lua] Careless is set to nil  @mrxsupportdelivery:163
[17:25:40.109] [lua] Careless is set to nil  @mrxsupportdelivery:163
[17:25:40.117] [lua] Careless is set to true  @mrxsupportdelivery:163
[17:25:40.125] [lua] Careless is set to nil  @mrxsupportdelivery:163
[17:25:40.136] [lua] Careless is set to nil  @mrxsupportdelivery:163
[17:25:40.144] [lua] Careless is set to nil  @mrxsupportdelivery:163
[17:25:40.152] [lua] Careless is set to nil  @mrxsupportdelivery:163
[17:25:40.160] [lua] Careless is set to nil  @mrxsupportdelivery:163
[17:25:40.169] [lua] Careless is set to nil  @mrxsupportdelivery:163
[17:25:40.177] [lua] Careless is set to nil  @mrxsupportdelivery:163
[17:25:40.187] [lua] Careless is set to nil  @mrxsupportdelivery:163
[17:25:40.196] [lua] Careless is set to nil  @mrxsupportdelivery:163
[17:25:40.205] [lua] Careless is set to nil  @mrxsupportdelivery:163
[17:25:40.213] [lua] Careless is set to nil  @mrxsupportdelivery:163
[17:25:40.221] [lua] Careless is set to nil  @mrxsupportdelivery:163
[17:25:40.229] [lua] Careless is set to nil  @mrxsupportdelivery:163
[17:25:40.237] [lua] Careless is set to nil  @mrxsupportdelivery:163
[17:25:40.245] [lua] Careless is set to nil  @mrxsupportdelivery:163
[17:25:40.253] [lua] Careless is set to nil  @mrxsupportdelivery:163
[17:25:40.262] [lua] Careless is set to nil  @mrxsupportdelivery:163
[17:25:40.270] [lua] Careless is set to nil  @mrxsupportdelivery:163
[17:25:40.278] [lua] Careless is set to nil  @mrxsupportdelivery:163
[17:25:40.285] [lua] Careless is set to nil  @mrxsupportdelivery:163
[17:25:40.294] [lua] Careless is set to nil  @mrxsupportdelivery:163
[17:25:40.302] [lua] Careless is set to nil  @mrxsupportdelivery:163
[17:25:40.310] [lua] Careless is set to nil  @mrxsupportdelivery:163
[17:25:40.319] [lua] Careless is set to true  @mrxsupportdelivery:163
[17:25:40.327] [lua] Careless is set to true  @mrxsupportdelivery:163
[17:25:40.335] [lua] Careless is set to nil  @mrxsupportdelivery:163
[17:25:40.343] [lua] Careless is set to true  @mrxsupportdelivery:163
[17:25:40.352] [lua] Careless is set to true  @mrxsupportdelivery:163
[17:25:40.360] [lua] Careless is set to nil  @mrxsupportdelivery:163
[17:25:40.368] [lua] Careless is set to nil  @mrxsupportdelivery:163
[17:25:40.376] [lua] Careless is set to true  @mrxsupportdelivery:163
[17:25:40.385] [lua] Careless is set to nil  @mrxsupportdelivery:163
[17:25:40.394] [lua] Careless is set to nil  @mrxsupportdelivery:163
[17:25:40.401] [lua] Careless is set to true  @mrxsupportdelivery:163
[17:25:40.410] [lua] Careless is set to nil  @mrxsupportdelivery:163
[17:25:40.418] [lua] Careless is set to true  @mrxsupportdelivery:163
[17:25:40.427] [lua] Careless is set to nil  @mrxsupportdelivery:163
[17:25:40.435] [lua] Careless is set to nil  @mrxsupportdelivery:163
[17:25:40.444] [lua] Careless is set to nil  @mrxsupportdelivery:163
[17:25:40.451] [lua] Careless is set to true  @mrxsupportdelivery:163
[17:25:40.460] [lua] Careless is set to nil  @mrxsupportdelivery:163
[17:25:40.468] [lua] Careless is set to true  @mrxsupportdelivery:163
[17:25:40.476] [lua] Careless is set to true  @mrxsupportdelivery:163
[17:25:40.484] [lua] Careless is set to nil  @mrxsupportdelivery:163
[17:25:40.492] [lua] Careless is set to nil  @mrxsupportdelivery:163
[17:25:40.500] [lua] Careless is set to nil  @mrxsupportdelivery:163
[17:25:40.509] [lua] Careless is set to true  @mrxsupportdelivery:163
[17:25:40.517] [lua] Careless is set to nil  @mrxsupportdelivery:163
[17:25:40.526] [lua] Careless is set to nil  @mrxsupportdelivery:163
[17:25:40.534] [lua] Careless is set to nil  @mrxsupportdelivery:163
[17:25:40.542] [lua] Careless is set to true  @mrxsupportdelivery:163
[17:25:40.550] [lua] Careless is set to true  @mrxsupportdelivery:163
[17:25:40.558] [lua] Careless is set to nil  @mrxsupportdelivery:163
[17:25:40.566] [lua] Careless is set to nil  @mrxsupportdelivery:163
[17:25:40.574] [lua] Careless is set to nil  @mrxsupportdelivery:163
[17:25:40.582] [lua] Careless is set to nil  @mrxsupportdelivery:163
[17:25:40.590] [lua] Careless is set to nil  @mrxsupportdelivery:163
[17:25:40.598] [lua] Careless is set to nil  @mrxsupportdelivery:163
[17:25:40.607] [lua] Careless is set to nil  @mrxsupportdelivery:163
[17:25:40.615] [lua] Setting satellite cost (default)  @mrxsatelliteguidedbomb:28
[17:25:40.625] [lua] Setting satellite cost (default)  @mrxsatelliteguidedbomb:28
[17:25:40.638] [lua] Careless is set to nil  @mrxsupportdelivery:163
[17:25:40.646] [lua] Careless is set to true  @mrxsupportdelivery:163
[17:25:40.654] [lua] Careless is set to nil  @mrxsupportdelivery:163
[17:25:40.662] [lua] Careless is set to nil  @mrxsupportdelivery:163
[17:25:40.670] [lua] Careless is set to true  @mrxsupportdelivery:163
[17:25:40.679] [lua] Careless is set to nil  @mrxsupportdelivery:163
[17:25:40.687] [lua] Careless is set to true  @mrxsupportdelivery:163
[17:25:40.696] [lua] Careless is set to nil  @mrxsupportdelivery:163
[17:25:40.704] [lua] Careless is set to true  @mrxsupportdelivery:163
[17:25:40.713] [lua] Careless is set to nil  @mrxsupportdelivery:163
[17:25:40.722] [lua] Careless is set to true  @mrxsupportdelivery:163
[17:25:40.730] [lua] Careless is set to nil  @mrxsupportdelivery:163
[17:25:40.739] [lua] registering player callbacks  @mrxplayer:175
[17:25:40.747] [lua] de-registering player callbacks  @mrxplayer:184
[17:25:40.755] [lua] @@@@@@@@@@ MrxState.EnableFade: bEnable=false  @mrxstate:550
[17:25:40.767] [lua] MRXMUSIC ------------ EnterFreeplayMusic()  @mrxmusic:410
[17:25:40.775] [lua] free  @mrxplaystate:49
[17:25:40.782] [lua] Play state: free  @mrxplaystate:66
[17:25:40.791] [lua] MRXMUSIC ------------ EnterFreeplayMusic()  @mrxmusic:410
[17:25:40.799] [lua] SetSpawnLocations Pmc_Entry1  @mrxplayer:208
[17:25:40.807] [lua] New operation (170 layers)  @mrxlayermanager:181
[17:25:40.815] [lua] After culling, 170 layers in operation  @mrxlayermanager:250
[17:25:40.823] [lua] Adding new request (1): adding 170 layers  @mrxlayermanager:281
[17:25:40.831] [lua] (Currently, there are 1 requests for layer vz_all_hq)  @mrxlayermanager:298
[17:25:40.840] [lua] (Currently, there are 1 requests for layer vz_all_job001_a)  @mrxlayermanager:298
[17:25:40.848] [lua] (Currently, there are 1 requests for layer vz_all_job001_b)  @mrxlayermanager:298
[17:25:40.860] [lua] (Currently, there are 1 requests for layer vz_all_job001_c)  @mrxlayermanager:298
[17:25:40.868] [lua] (Currently, there are 1 requests for layer vz_all_job001_d)  @mrxlayermanager:298
[17:25:40.876] [lua] (Currently, there are 1 requests for layer vz_all_job002_a)  @mrxlayermanager:298
[17:25:40.884] [lua] (Currently, there are 1 requests for layer vz_all_job002_b)  @mrxlayermanager:298
[17:25:40.896] [lua] (Currently, there are 1 requests for layer vz_all_job002_c)  @mrxlayermanager:298
[17:25:40.904] [lua] (Currently, there are 1 requests for layer vz_all_job002_d)  @mrxlayermanager:298
[17:25:40.913] [lua] (Currently, there are 1 requests for layer vz_all_job002_e)  @mrxlayermanager:298
[17:25:40.920] [lua] (Currently, there are 1 requests for layer vz_all_job005_a)  @mrxlayermanager:298
[17:25:40.929] [lua] (Currently, there are 1 requests for layer vz_all_job005_e)  @mrxlayermanager:298
[17:25:40.937] [lua] (Currently, there are 1 requests for layer vz_all_job005_d)  @mrxlayermanager:298
[17:25:40.946] [lua] (Currently, there are 1 requests for layer vz_all_job010_a)  @mrxlayermanager:298
[17:25:40.953] [lua] (Currently, there are 1 requests for layer vz_all_job010_b)  @mrxlayermanager:298
[17:25:40.961] [lua] (Currently, there are 1 requests for layer vz_all_job010_c)  @mrxlayermanager:298
[17:25:40.973] [lua] (Currently, there are 1 requests for layer vz_all_job010_d)  @mrxlayermanager:298
[17:25:40.981] [lua] (Currently, there are 1 requests for layer vz_all_job010_e)  @mrxlayermanager:298
[17:25:40.990] [lua] (Currently, there are 1 requests for layer vz_amazon_base)  @mrxlayermanager:298
[17:25:40.998] [lua] (Currently, there are 1 requests for layer vz_amazon_scrub)  @mrxlayermanager:298
[17:25:41.005] [lua] (Currently, there are 1 requests for layer vz_amazon_road)  @mrxlayermanager:298
[17:25:41.013] [lua] (Currently, there are 1 requests for layer vz_amazon_foilage)  @mrxlayermanager:298
[17:25:41.021] [lua] (Currently, there are 1 requests for layer vz_amazon_billboard)  @mrxlayermanager:298
[17:25:41.029] [lua] (Currently, there are 1 requests for layer vz_angel_falls_foilage)  @mrxlayermanager:298
[17:25:41.037] [lua] (Currently, there are 1 requests for layer vz_angel_falls_road)  @mrxlayermanager:298
[17:25:41.044] [lua] (Currently, there are 1 requests for layer vz_atmosphere_regions)  @mrxlayermanager:298
[17:25:41.057] [lua] (Currently, there are 1 requests for layer vz_boundary_regions)  @mrxlayermanager:298
[17:25:41.065] [lua] (Currently, there are 1 requests for layer vz_caracas_base)  @mrxlayermanager:298
[17:25:41.073] [lua] (Currently, there are 1 requests for layer vz_caracas_scrub)  @mrxlayermanager:298
[17:25:41.081] [lua] (Currently, there are 1 requests for layer vz_car_city)  @mrxlayermanager:298
[17:25:41.089] [lua] (Currently, there are 1 requests for layer vz_car_billboard)  @mrxlayermanager:298
[17:25:41.097] [lua] (Currently, there are 1 requests for layer vz_car_city_roads)  @mrxlayermanager:298
[17:25:41.106] [lua] (Currently, there are 1 requests for layer vz_car_estate)  @mrxlayermanager:298
[17:25:41.116] [lua] (Currently, there are 1 requests for layer vz_caracas_foilage)  @mrxlayermanager:298
[17:25:41.124] [lua] (Currently, there are 1 requests for layer vz_car_shanty02)  @mrxlayermanager:298
[17:25:41.133] [lua] (Currently, there are 1 requests for layer vz_car_shanty_roads)  @mrxlayermanager:298
[17:25:41.142] [lua] (Currently, there are 1 requests for layer vz_chi_con005_d)  @mrxlayermanager:298
[17:25:41.150] [lua] (Currently, there are 1 requests for layer vz_chi_con006_d)  @mrxlayermanager:298
[17:25:41.158] [lua] (Currently, there are 1 requests for layer vz_chi_con054)  @mrxlayermanager:298
[17:25:41.166] [lua] (Currently, there are 1 requests for layer vz_chi_job001_a)  @mrxlayermanager:298
[17:25:41.175] [lua] (Currently, there are 1 requests for layer vz_chi_job001_b)  @mrxlayermanager:298
[17:25:41.184] [lua] (Currently, there are 1 requests for layer vz_chi_job001_c)  @mrxlayermanager:298
[17:25:41.196] [lua] (Currently, there are 1 requests for layer vz_chi_job001_d)  @mrxlayermanager:298
[17:25:41.204] [lua] (Currently, there are 1 requests for layer vz_chi_job002_a)  @mrxlayermanager:298
[17:25:41.212] [lua] (Currently, there are 1 requests for layer vz_chi_job002_b)  @mrxlayermanager:298
[17:25:41.221] [lua] (Currently, there are 1 requests for layer vz_chi_job002_c)  @mrxlayermanager:298
[17:25:41.230] [lua] (Currently, there are 1 requests for layer vz_chi_job002_d)  @mrxlayermanager:298
[17:25:41.239] [lua] (Currently, there are 1 requests for layer vz_chi_job002_e)  @mrxlayermanager:298
[17:25:41.247] [lua] (Currently, there are 1 requests for layer vz_chi_job006_a)  @mrxlayermanager:298
[17:25:41.255] [lua] (Currently, there are 1 requests for layer vz_chi_job006_b)  @mrxlayermanager:298
[17:25:41.263] [lua] (Currently, there are 1 requests for layer vz_chi_job006_c)  @mrxlayermanager:298
[17:25:41.270] [lua] (Currently, there are 1 requests for layer vz_chi_job006_d)  @mrxlayermanager:298
[17:25:41.283] [lua] (Currently, there are 1 requests for layer vz_chi_job006_e)  @mrxlayermanager:298
[17:25:41.292] [lua] (Currently, there are 1 requests for layer vz_chi_job010_a)  @mrxlayermanager:298
[17:25:41.299] [lua] (Currently, there are 1 requests for layer vz_chi_job010_b)  @mrxlayermanager:298
[17:25:41.307] [lua] (Currently, there are 1 requests for layer vz_chi_job010_c)  @mrxlayermanager:298
[17:25:41.315] [lua] (Currently, there are 1 requests for layer vz_chi_job010_d)  @mrxlayermanager:298
[17:25:41.324] [lua] (Currently, there are 1 requests for layer vz_chi_job010_e)  @mrxlayermanager:298
[17:25:41.332] [lua] (Currently, there are 1 requests for layer vz_commonlocations)  @mrxlayermanager:298
[17:25:41.340] [lua] (Currently, there are 1 requests for layer vz_cum_city)  @mrxlayermanager:298
[17:25:41.348] [lua] (Currently, there are 1 requests for layer vz_cum_billboard)  @mrxlayermanager:298
[17:25:41.357] [lua] (Currently, there are 1 requests for layer vz_cum_margarita)  @mrxlayermanager:298
[17:25:41.366] [lua] (Currently, there are 1 requests for layer vz_cum_outskirt)  @mrxlayermanager:298
[17:25:41.377] [lua] (Currently, there are 1 requests for layer vz_cum_fortress)  @mrxlayermanager:298
[17:25:41.385] [lua] (Currently, there are 1 requests for layer vz_cum_roads)  @mrxlayermanager:298
[17:25:41.393] [lua] (Currently, there are 1 requests for layer vz_cumana_scrub)  @mrxlayermanager:298
[17:25:41.401] [lua] (Currently, there are 1 requests for layer vz_cumana_foilage)  @mrxlayermanager:298
[17:25:41.409] [lua] (Currently, there are 1 requests for layer vz_gua_upperclass)  @mrxlayermanager:298
[17:25:41.417] [lua] (Currently, there are 1 requests for layer vz_gua_billboard)  @mrxlayermanager:298
[17:25:41.425] [lua] (Currently, there are 1 requests for layer vz_guanare_road)  @mrxlayermanager:298
[17:25:41.433] [lua] (Currently, there are 1 requests for layer vz_gua_vzbase)  @mrxlayermanager:298
[17:25:41.440] [lua] (Currently, there are 1 requests for layer vz_gur_base)  @mrxlayermanager:298
[17:25:41.454] [lua] (Currently, there are 1 requests for layer vz_gur_base_mines)  @mrxlayermanager:298
[17:25:41.462] [lua] (Currently, there are 1 requests for layer vz_gur_hq)  @mrxlayermanager:298
[17:25:41.470] [lua] (Currently, there are 1 requests for layer vz_gur_job002_b)  @mrxlayermanager:298
[17:25:41.478] [lua] (Currently, there are 1 requests for layer vz_gur_job002_c)  @mrxlayermanager:298
[17:25:41.486] [lua] (Currently, there are 1 requests for layer vz_gur_job002_d)  @mrxlayermanager:298
[17:25:41.494] [lua] (Currently, there are 1 requests for layer vz_gur_job002_f)  @mrxlayermanager:298
[17:25:41.502] [lua] (Currently, there are 1 requests for layer vz_gur_job002_h)  @mrxlayermanager:298
[17:25:41.510] [lua] (Currently, there are 1 requests for layer vz_gur_job002_j)  @mrxlayermanager:298
[17:25:41.518] [lua] (Currently, there are 1 requests for layer vz_gur_job003)  @mrxlayermanager:298
[17:25:41.527] [lua] (Currently, there are 1 requests for layer vz_gur_job005)  @mrxlayermanager:298
[17:25:41.535] [lua] (Currently, there are 1 requests for layer vz_gur_job008_a)  @mrxlayermanager:298
[17:25:41.543] [lua] (Currently, there are 1 requests for layer vz_gur_job008_b)  @mrxlayermanager:298
[17:25:41.556] [lua] (Currently, there are 1 requests for layer vz_gur_job012_a)  @mrxlayermanager:298
[17:25:41.564] [lua] (Currently, there are 1 requests for layer vz_gur_job012_g)  @mrxlayermanager:298
[17:25:41.572] [lua] (Currently, there are 1 requests for layer vz_gur_job012_i)  @mrxlayermanager:298
[17:25:41.580] [lua] (Currently, there are 1 requests for layer vz_jet_con001)  @mrxlayermanager:298
[17:25:41.589] [lua] (Currently, there are 1 requests for layer vz_jungle_mountain_billboard)  @mrxlayermanager:298
[17:25:41.597] [lua] (Currently, there are 1 requests for layer vz_jungle_mountain_foilage)  @mrxlayermanager:298
[17:25:41.606] [lua] (Currently, there are 1 requests for layer vz_jungle_mountain_road)  @mrxlayermanager:298
[17:25:41.614] [lua] (Currently, there are 1 requests for layer vz_jungle_mountain_scrub)  @mrxlayermanager:298
[17:25:41.622] [lua] (Currently, there are 1 requests for layer vz_landingzone)  @mrxlayermanager:298
[17:25:41.630] [lua] (Currently, there are 1 requests for layer vz_mar_altagracia)  @mrxlayermanager:298
[17:25:41.638] [lua] (Currently, there are 1 requests for layer vz_mar_altagracia_roads)  @mrxlayermanager:298
[17:25:41.646] [lua] (Currently, there are 1 requests for layer vz_mar_city)  @mrxlayermanager:298
[17:25:41.653] [lua] (Currently, there are 1 requests for layer vz_mar_fortress)  @mrxlayermanager:298
[17:25:41.662] [lua] (Currently, there are 1 requests for layer vz_mar_roads)  @mrxlayermanager:298
[17:25:41.670] [lua] (Currently, there are 1 requests for layer vz_mar_billboard)  @mrxlayermanager:298
[17:25:41.678] [lua] (Currently, there are 1 requests for layer vz_mar_foilage)  @mrxlayermanager:298
[17:25:41.686] [lua] (Currently, there are 1 requests for layer vz_mar_scrub)  @mrxlayermanager:298
[17:25:41.694] [lua] (Currently, there are 1 requests for layer vz_mar_industrial)  @mrxlayermanager:298
[17:25:41.702] [lua] (Currently, there are 1 requests for layer vz_mar_industrial_roads)  @mrxlayermanager:298
[17:25:41.710] [lua] (Currently, there are 1 requests for layer vz_mar_outskirt)  @mrxlayermanager:298
[17:25:41.718] [lua] (Currently, there are 1 requests for layer vz_mar_outskirt_roads)  @mrxlayermanager:298
[17:25:41.726] [lua] (Currently, there are 1 requests for layer vz_mar_village)  @mrxlayermanager:298
[17:25:41.734] [lua] (Currently, there are 1 requests for layer vz_mar_village_roads)  @mrxlayermanager:298
[17:25:41.741] [lua] (Currently, there are 1 requests for layer vz_mer_commercial)  @mrxlayermanager:298
[17:25:41.749] [lua] (Currently, there are 1 requests for layer vz_mer_billboard)  @mrxlayermanager:298
[17:25:41.757] [lua] (Currently, there are 1 requests for layer vz_mer_dock)  @mrxlayermanager:298
[17:25:41.765] [lua] (Currently, there are 1 requests for layer vz_mer_outskirt)  @mrxlayermanager:298
[17:25:41.773] [lua] (Currently, there are 1 requests for layer vz_mer_residential)  @mrxlayermanager:298
[17:25:41.781] [lua] (Currently, there are 1 requests for layer vz_mer_white)  @mrxlayermanager:298
[17:25:41.789] [lua] (Currently, there are 1 requests for layer vz_merida_foilage)  @mrxlayermanager:298
[17:25:41.797] [lua] (Currently, there are 1 requests for layer vz_merida_roads)  @mrxlayermanager:298
[17:25:41.805] [lua] (Currently, there are 1 requests for layer vz_merida_scrub)  @mrxlayermanager:298
[17:25:41.813] [lua] (Currently, there are 1 requests for layer vz_oil_job001)  @mrxlayermanager:298
[17:25:41.820] [lua] (Currently, there are 1 requests for layer vz_oil_job002)  @mrxlayermanager:298
[17:25:41.829] [lua] (Currently, there are 1 requests for layer vz_oil_job005)  @mrxlayermanager:298
[17:25:41.838] [lua] (Currently, there are 1 requests for layer vz_oil_job008_d)  @mrxlayermanager:298
[17:25:41.846] [lua] (Currently, there are 1 requests for layer vz_oil_job011_a)  @mrxlayermanager:298
[17:25:41.854] [lua] (Currently, there are 1 requests for layer vz_oil_job011_c)  @mrxlayermanager:298
[17:25:41.862] [lua] (Currently, there are 1 requests for layer vz_oil_job011_e)  @mrxlayermanager:298
[17:25:41.870] [lua] (Currently, there are 1 requests for layer vz_oil_job011_h)  @mrxlayermanager:298
[17:25:41.878] [lua] (Currently, there are 1 requests for layer vz_oil_job011_i)  @mrxlayermanager:298
[17:25:41.886] [lua] (Currently, there are 1 requests for layer vz_oil_job011_j)  @mrxlayermanager:298
[17:25:41.894] [lua] (Currently, there are 1 requests for layer vz_oil_job011_f)  @mrxlayermanager:298
[17:25:41.902] [lua] (Currently, there are 1 requests for layer vz_oil_job011_g)  @mrxlayermanager:298
[17:25:41.910] [lua] (Currently, there are 1 requests for layer vz_pir_hq)  @mrxlayermanager:298
[17:25:41.919] [lua] (Currently, there are 1 requests for layer vz_pir_con003)  @mrxlayermanager:298
[17:25:41.927] [lua] (Currently, there are 1 requests for layer vz_pir_job002_a)  @mrxlayermanager:298
[17:25:41.935] [lua] (Currently, there are 1 requests for layer vz_pir_job002_b)  @mrxlayermanager:298
[17:25:41.943] [lua] (Currently, there are 1 requests for layer vz_pir_job002_c)  @mrxlayermanager:298
[17:25:41.952] [lua] (Currently, there are 1 requests for layer vz_pir_job007_a)  @mrxlayermanager:298
[17:25:41.966] [lua] (Currently, there are 1 requests for layer vz_pir_job012_a)  @mrxlayermanager:298
[17:25:41.974] [lua] (Currently, there are 1 requests for layer vz_pir_job012_b)  @mrxlayermanager:298
[17:25:41.981] [lua] (Currently, there are 1 requests for layer vz_pir_job012_c)  @mrxlayermanager:298
[17:25:41.990] [lua] (Currently, there are 1 requests for layer vz_pir_job012_d)  @mrxlayermanager:298
[17:25:41.997] [lua] (Currently, there are 1 requests for layer vz_pir_job012_e)  @mrxlayermanager:298
[17:25:42.005] [lua] (Currently, there are 1 requests for layer vz_pir_job012_f)  @mrxlayermanager:298
[17:25:42.013] [lua] (Currently, there are 1 requests for layer vz_pir_job012_g)  @mrxlayermanager:298
[17:25:42.021] [lua] (Currently, there are 1 requests for layer vz_pir_job012_h)  @mrxlayermanager:298
[17:25:42.029] [lua] (Currently, there are 1 requests for layer vz_pir_job012_i)  @mrxlayermanager:298
[17:25:42.037] [lua] (Currently, there are 1 requests for layer vz_pir_job012_j)  @mrxlayermanager:298
[17:25:42.045] [lua] (Currently, there are 1 requests for layer vz_pirate_isles_foilage)  @mrxlayermanager:298
[17:25:42.053] [lua] (Currently, there are 1 requests for layer vz_pirate_isles_roads)  @mrxlayermanager:298
[17:25:42.060] [lua] (Currently, there are 1 requests for layer vz_pirate_isles_scrub)  @mrxlayermanager:298
[17:25:42.069] [lua] (Currently, there are 1 requests for layer vz_pmc)  @mrxlayermanager:298
[17:25:42.077] [lua] (Currently, there are 1 requests for layer vz_pmc_roads)  @mrxlayermanager:298
[17:25:42.087] [lua] (Currently, there are 1 requests for layer vz_pmc_scrub)  @mrxlayermanager:298
[17:25:42.094] [lua] (Currently, there are 1 requests for layer vz_pmc_foilage)  @mrxlayermanager:298
[17:25:42.102] [lua] (Currently, there are 1 requests for layer vz_poi_lineregions)  @mrxlayermanager:298
[17:25:42.110] [lua] (Currently, there are 1 requests for layer vz_rover_camera_test)  @mrxlayermanager:298
[17:25:42.118] [lua] (Currently, there are 1 requests for layer vz_sfx_ambience)  @mrxlayermanager:298
[17:25:42.132] [lua] (Currently, there are 1 requests for layer vz_watersounds)  @mrxlayermanager:298
[17:25:42.143] [lua] (Currently, there are 1 requests for layer vz_sol_base)  @mrxlayermanager:298
[17:25:42.150] [lua] (Currently, there are 1 requests for layer vz_start_location)  @mrxlayermanager:298
[17:25:42.159] [lua] (Currently, there are 1 requests for layer vz_teleporter)  @mrxlayermanager:298
[17:25:42.167] [lua] (Currently, there are 1 requests for layer vz_lowresterrain)  @mrxlayermanager:298
[17:25:42.176] [lua] (Currently, there are 1 requests for layer vz_terrain)  @mrxlayermanager:298
[17:25:42.184] [lua] (Currently, there are 1 requests for layer vz_caracas_tiny)  @mrxlayermanager:298
[17:25:42.193] [lua] (Currently, there are 1 requests for layer vz_maracaibo_tiny)  @mrxlayermanager:298
[17:25:42.202] [lua] (Currently, there are 1 requests for layer vz_amazon_tiny)  @mrxlayermanager:298
[17:25:42.210] [lua] (Currently, there are 1 requests for layer vz_angel_falls_tiny)  @mrxlayermanager:298
[17:25:42.219] [lua] (Currently, there are 1 requests for layer vz_jungle_mountain_tiny)  @mrxlayermanager:298
[17:25:42.227] [lua] (Currently, there are 1 requests for layer vz_merida_tiny)  @mrxlayermanager:298
[17:25:42.235] [lua] (Currently, there are 1 requests for layer vz_guanare_tiny)  @mrxlayermanager:298
[17:25:42.242] [lua] (Currently, there are 1 requests for layer vz_cumana_tiny)  @mrxlayermanager:298
[17:25:42.250] [lua] (Currently, there are 1 requests for layer vz_pirate_isles_tiny)  @mrxlayermanager:298
[17:25:42.259] [lua] (Currently, there are 1 requests for layer vz_pmc_tiny)  @mrxlayermanager:298
[17:25:42.267] [lua] (nPendingOps = 170)  @mrxlayermanager:324
[17:25:42.275] [lua] Setting asset request max to 170  @mrxlayermanager:338
[17:25:42.283] [lua] Loading vz_all_job005_d (static: true)  @mrxlayermanager:375
[17:25:42.290] [lua] true	Unable to load layer vz_all_job005_d  @mrxlayermanager:403
[17:25:42.299] [lua] Loading vz_mar_city (static: true)  @mrxlayermanager:375
[17:25:42.307] [lua] true	Unable to load layer vz_mar_city  @mrxlayermanager:403
[17:25:42.314] [lua] Loading vz_caracas_tiny (static: true)  @mrxlayermanager:375
[17:25:42.326] [lua] true	Unable to load layer vz_caracas_tiny  @mrxlayermanager:403
[17:25:42.333] [lua] Loading vz_landingzone (static: true)  @mrxlayermanager:375
[17:25:42.341] [lua] true	Unable to load layer vz_landingzone  @mrxlayermanager:403
[17:25:42.350] [lua] Loading vz_pirate_isles_foilage (static: true)  @mrxlayermanager:375
[17:25:42.357] [lua] true	Unable to load layer vz_pirate_isles_foilage  @mrxlayermanager:403
[17:25:42.366] [lua] Loading vz_mer_white (static: true)  @mrxlayermanager:375
[17:25:42.374] [lua] true	Unable to load layer vz_mer_white  @mrxlayermanager:403
[17:25:42.382] [lua] Loading vz_commonlocations (static: true)  @mrxlayermanager:375
[17:25:42.393] [lua] true	Unable to load layer vz_commonlocations  @mrxlayermanager:403
[17:25:42.400] [lua] Loading vz_terrain (static: true)  @mrxlayermanager:375
[17:25:42.409] [lua] true	Unable to load layer vz_terrain  @mrxlayermanager:403
[17:25:42.418] [lua] Loading vz_oil_job008_d (static: true)  @mrxlayermanager:375
[17:25:42.426] [lua] true	Unable to load layer vz_oil_job008_d  @mrxlayermanager:403
[17:25:42.434] [lua] Loading vz_oil_job001 (static: true)  @mrxlayermanager:375
[17:25:42.442] [lua] true	Unable to load layer vz_oil_job001  @mrxlayermanager:403
[17:25:42.452] [lua]   ----=== # dynamic layers: 	0	 save data: 	238  @mrxlayermanager:560
[17:25:42.461] [lua]   ----=== # culling: 	0	 adding: 	238  @mrxlayermanager:561
[17:25:42.469] [lua] New operation (0 layers)  @mrxlayermanager:181
[17:25:42.477] [lua] After culling, 0 layers in operation  @mrxlayermanager:250
[17:25:42.485] [lua] New operation (238 layers)  @mrxlayermanager:181
[17:25:42.494] [lua] After culling, 238 layers in operation  @mrxlayermanager:250
[17:25:42.502] [lua] Adding new request (2): adding 238 layers  @mrxlayermanager:281
[17:25:42.510] [lua] (Currently, there are 1 requests for layer vz_state_all_fuel_amazon)  @mrxlayermanager:298
[17:25:42.520] [lua] (Currently, there are 1 requests for layer vz_state_all_hq_structures)  @mrxlayermanager:298
[17:25:42.529] [lua] (Currently, there are 1 requests for layer vz_state_allcon001_pristine)  @mrxlayermanager:298
[17:25:42.538] [lua] (Currently, there are 1 requests for layer vz_state_allcon002_boats)  @mrxlayermanager:298
[17:25:42.550] [lua] (Currently, there are 1 requests for layer vz_state_allcon002_mlrs)  @mrxlayermanager:298
[17:25:42.558] [lua] (Currently, there are 1 requests for layer vz_state_allcon002_officers)  @mrxlayermanager:298
[17:25:42.567] [lua] (Currently, there are 1 requests for layer vz_state_allcon003_and_chicon003_pristine)  @mrxlayermanager:298
[17:25:42.576] [lua] (Currently, there are 1 requests for layer vz_state_alljob001_01_captured)  @mrxlayermanager:298
[17:25:42.590] [lua] (Currently, there are 1 requests for layer vz_state_alljob001_01_pristine)  @mrxlayermanager:298
[17:25:42.599] [lua] (Currently, there are 1 requests for layer vz_state_alljob001_02_pristine)  @mrxlayermanager:298
[17:25:42.609] [lua] (Currently, there are 1 requests for layer vz_state_alljob001_03_captured)  @mrxlayermanager:298
[17:25:42.621] [lua] (Currently, there are 1 requests for layer vz_state_alljob001_03_pristine)  @mrxlayermanager:298
[17:25:42.630] [lua] (Currently, there are 1 requests for layer vz_state_alljob001_04_captured)  @mrxlayermanager:298
[17:25:42.638] [lua] (Currently, there are 1 requests for layer vz_state_alljob001_04_pristine)  @mrxlayermanager:298
[17:25:42.645] [lua] (Currently, there are 1 requests for layer vz_state_alljob002_01_pristine)  @mrxlayermanager:298
[17:25:42.653] [lua] (Currently, there are 1 requests for layer vz_state_alljob002_01_staging)  @mrxlayermanager:298
[17:25:42.663] [lua] (Currently, there are 1 requests for layer vz_state_alljob002_02_pristine)  @mrxlayermanager:298
[17:25:42.671] [lua] (Currently, there are 1 requests for layer vz_state_alljob002_02_staging)  @mrxlayermanager:298
[17:25:42.679] [lua] (Currently, there are 1 requests for layer vz_state_alljob002_03_pristine)  @mrxlayermanager:298
[17:25:42.689] [lua] (Currently, there are 1 requests for layer vz_state_alljob002_03_staging)  @mrxlayermanager:298
[17:25:42.697] [lua] (Currently, there are 1 requests for layer vz_state_alljob002_04_pristine)  @mrxlayermanager:298
[17:25:42.705] [lua] (Currently, there are 1 requests for layer vz_state_alljob002_04_staging)  @mrxlayermanager:298
[17:25:42.713] [lua] (Currently, there are 1 requests for layer vz_state_alljob002_05_pristine)  @mrxlayermanager:298
[17:25:42.721] [lua] (Currently, there are 1 requests for layer vz_state_alljob002_05_staging)  @mrxlayermanager:298
[17:25:42.729] [lua] (Currently, there are 1 requests for layer vz_state_alljob005_01_destroyed)  @mrxlayermanager:298
[17:25:42.737] [lua] (Currently, there are 1 requests for layer vz_state_alljob005_02_destroyed)  @mrxlayermanager:298
[17:25:42.745] [lua] (Currently, there are 1 requests for layer vz_state_alljob005_03_destroyed)  @mrxlayermanager:298
[17:25:42.753] [lua] (Currently, there are 1 requests for layer vz_state_alljob005_04_destroyed)  @mrxlayermanager:298
[17:25:42.761] [lua] (Currently, there are 1 requests for layer vz_state_alljob005_05_destroyed)  @mrxlayermanager:298
[17:25:42.769] [lua] (Currently, there are 1 requests for layer vz_state_alljob009_01_destroyed)  @mrxlayermanager:298
[17:25:42.777] [lua] (Currently, there are 1 requests for layer vz_state_alljob009_01_pristine)  @mrxlayermanager:298
[17:25:42.785] [lua] (Currently, there are 1 requests for layer vz_state_alljob009_02_destroyed)  @mrxlayermanager:298
[17:25:42.793] [lua] (Currently, there are 1 requests for layer vz_state_alljob009_02_pristine)  @mrxlayermanager:298
[17:25:42.802] [lua] (Currently, there are 1 requests for layer vz_state_alljob009_03_destroyed)  @mrxlayermanager:298
[17:25:42.810] [lua] (Currently, there are 1 requests for layer vz_state_alljob009_03_pristine)  @mrxlayermanager:298
[17:25:42.818] [lua] (Currently, there are 1 requests for layer vz_state_alljob009_04_destroyed)  @mrxlayermanager:298
[17:25:42.826] [lua] (Currently, there are 1 requests for layer vz_state_alljob009_04_pristine)  @mrxlayermanager:298
[17:25:42.834] [lua] (Currently, there are 1 requests for layer vz_state_alljob009_05_destroyed)  @mrxlayermanager:298
[17:25:42.842] [lua] (Currently, there are 1 requests for layer vz_state_alljob009_05_pristine)  @mrxlayermanager:298
[17:25:42.850] [lua] (Currently, there are 1 requests for layer vz_state_alljob010_02_pristine)  @mrxlayermanager:298
[17:25:42.859] [lua] (Currently, there are 1 requests for layer vz_state_alljob010_03_pristine)  @mrxlayermanager:298
[17:25:42.868] [lua] (Currently, there are 1 requests for layer vz_state_alljob010_04_pristine)  @mrxlayermanager:298
[17:25:42.875] [lua] (Currently, there are 1 requests for layer vz_state_alljob010_05_pristine)  @mrxlayermanager:298
[17:25:42.883] [lua] (Currently, there are 1 requests for layer vz_state_amazon_act2)  @mrxlayermanager:298
[17:25:42.898] [lua] (Currently, there are 1 requests for layer vz_state_angel_falls_act1)  @mrxlayermanager:298
[17:25:42.907] [lua] (Currently, there are 1 requests for layer vz_state_car_big_lineregion)  @mrxlayermanager:298
[17:25:42.916] [lua] (Currently, there are 1 requests for layer vz_state_car_city_act1)  @mrxlayermanager:298
[17:25:42.924] [lua] (Currently, there are 1 requests for layer vz_state_car_city_act2chi)  @mrxlayermanager:298
[17:25:42.932] [lua] (Currently, there are 1 requests for layer vz_state_car_city_act2chi_staging)  @mrxlayermanager:298
[17:25:42.940] [lua] (Currently, there are 1 requests for layer vz_state_car_city_pristine)  @mrxlayermanager:298
[17:25:42.949] [lua] (Currently, there are 1 requests for layer vz_state_car_shanty_act1)  @mrxlayermanager:298
[17:25:42.957] [lua] (Currently, there are 1 requests for layer vz_state_cashpickups)  @mrxlayermanager:298
[17:25:42.965] [lua] (Currently, there are 1 requests for layer vz_state_chi_fuel_amazon)  @mrxlayermanager:298
[17:25:42.973] [lua] (Currently, there are 1 requests for layer vz_state_chi_hq_structures)  @mrxlayermanager:298
[17:25:42.981] [lua] (Currently, there are 1 requests for layer vz_state_chicon001_pristine)  @mrxlayermanager:298
[17:25:42.990] [lua] (Currently, there are 1 requests for layer vz_state_chicon002_bridge_destroyed)  @mrxlayermanager:298
[17:25:42.998] [lua] (Currently, there are 1 requests for layer vz_state_chicon002_depot_destroyed)  @mrxlayermanager:298
[17:25:43.006] [lua] (Currently, there are 1 requests for layer vz_state_chicon002_hq_destroyed)  @mrxlayermanager:298
[17:25:43.015] [lua] (Currently, there are 1 requests for layer vz_state_chicon005_a_pristine)  @mrxlayermanager:298
[17:25:43.023] [lua] (Currently, there are 1 requests for layer vz_state_chicon005_b_pristine)  @mrxlayermanager:298
[17:25:43.032] [lua] (Currently, there are 1 requests for layer vz_state_chicon005_c_pristine)  @mrxlayermanager:298
[17:25:43.040] [lua] (Currently, there are 1 requests for layer vz_state_chicon006_a_pristine)  @mrxlayermanager:298
[17:25:43.049] [lua] (Currently, there are 1 requests for layer vz_state_chicon006_b_pristine)  @mrxlayermanager:298
[17:25:43.057] [lua] (Currently, there are 1 requests for layer vz_state_chicon006_c_pristine)  @mrxlayermanager:298
[17:25:43.065] [lua] (Currently, there are 1 requests for layer vz_state_chicon054_pristine)  @mrxlayermanager:298
[17:25:43.074] [lua] (Currently, there are 1 requests for layer vz_state_chicon054_staging)  @mrxlayermanager:298
[17:25:43.082] [lua] (Currently, there are 1 requests for layer vz_state_chijob001_01_captured)  @mrxlayermanager:298
[17:25:43.090] [lua] (Currently, there are 1 requests for layer vz_state_chijob001_01_pristine)  @mrxlayermanager:298
[17:25:43.098] [lua] (Currently, there are 1 requests for layer vz_state_chijob001_02_captured)  @mrxlayermanager:298
[17:25:43.107] [lua] (Currently, there are 1 requests for layer vz_state_chijob001_02_pristine)  @mrxlayermanager:298
[17:25:43.115] [lua] (Currently, there are 1 requests for layer vz_state_chijob001_03_pristine)  @mrxlayermanager:298
[17:25:43.123] [lua] (Currently, there are 1 requests for layer vz_state_chijob001_03_staging)  @mrxlayermanager:298
[17:25:43.130] [lua] (Currently, there are 1 requests for layer vz_state_chijob001_04_captured)  @mrxlayermanager:298
[17:25:43.139] [lua] (Currently, there are 1 requests for layer vz_state_chijob001_04_pristine)  @mrxlayermanager:298
[17:25:43.148] [lua] (Currently, there are 1 requests for layer vz_state_chijob002_01_pristine)  @mrxlayermanager:298
[17:25:43.156] [lua] (Currently, there are 1 requests for layer vz_state_chijob002_01_staging)  @mrxlayermanager:298
[17:25:43.165] [lua] (Currently, there are 1 requests for layer vz_state_chijob002_02_pristine)  @mrxlayermanager:298
[17:25:43.172] [lua] (Currently, there are 1 requests for layer vz_state_chijob002_02_staging)  @mrxlayermanager:298
[17:25:43.180] [lua] (Currently, there are 1 requests for layer vz_state_chijob002_03_pristine)  @mrxlayermanager:298
[17:25:43.189] [lua] (Currently, there are 1 requests for layer vz_state_chijob002_03_staging)  @mrxlayermanager:298
[17:25:43.197] [lua] (Currently, there are 1 requests for layer vz_state_chijob002_04_pristine)  @mrxlayermanager:298
[17:25:43.205] [lua] (Currently, there are 1 requests for layer vz_state_chijob002_05_pristine)  @mrxlayermanager:298
[17:25:43.213] [lua] (Currently, there are 1 requests for layer vz_state_chijob005_a_destroyed)  @mrxlayermanager:298
[17:25:43.220] [lua] (Currently, there are 1 requests for layer vz_state_chijob005_b_destroyed)  @mrxlayermanager:298
[17:25:43.229] [lua] (Currently, there are 1 requests for layer vz_state_chijob005_c_destroyed)  @mrxlayermanager:298
[17:25:43.237] [lua] (Currently, there are 1 requests for layer vz_state_chijob005_d_destroyed)  @mrxlayermanager:298
[17:25:43.246] [lua] (Currently, there are 1 requests for layer vz_state_chijob005_e_destroyed)  @mrxlayermanager:298
[17:25:43.253] [lua] (Currently, there are 1 requests for layer vz_state_chijob005_f_destroyed)  @mrxlayermanager:298
[17:25:43.261] [lua] (Currently, there are 1 requests for layer vz_state_chijob005_g_destroyed)  @mrxlayermanager:298
[17:25:43.269] [lua] (Currently, there are 1 requests for layer vz_state_chijob006_a_destroyed)  @mrxlayermanager:298
[17:25:43.277] [lua] (Currently, there are 1 requests for layer vz_state_chijob006_b_destroyed)  @mrxlayermanager:298
[17:25:43.285] [lua] (Currently, there are 1 requests for layer vz_state_chijob006_c_destroyed)  @mrxlayermanager:298
[17:25:43.294] [lua] (Currently, there are 1 requests for layer vz_state_chijob006_d_destroyed)  @mrxlayermanager:298
[17:25:43.302] [lua] (Currently, there are 1 requests for layer vz_state_chijob006_e_destroyed)  @mrxlayermanager:298
[17:25:43.316] [lua] (Currently, there are 1 requests for layer vz_state_chijob009_a_destroyed)  @mrxlayermanager:298
[17:25:43.324] [lua] (Currently, there are 1 requests for layer vz_state_chijob010_01_pristine)  @mrxlayermanager:298
[17:25:43.332] [lua] (Currently, there are 1 requests for layer vz_state_chijob010_02_pristine)  @mrxlayermanager:298
[17:25:43.340] [lua] (Currently, there are 1 requests for layer vz_state_chijob010_04_pristine)  @mrxlayermanager:298
[17:25:43.348] [lua] (Currently, there are 1 requests for layer vz_state_cumana_act1chi)  @mrxlayermanager:298
[17:25:43.357] [lua] (Currently, there are 1 requests for layer vz_state_cumana_act2chi)  @mrxlayermanager:298
[17:25:43.365] [lua] (Currently, there are 1 requests for layer vz_state_gua_upperclass_pristine)  @mrxlayermanager:298
[17:25:43.373] [lua] (Currently, there are 1 requests for layer vz_state_guanare_act1)  @mrxlayermanager:298
[17:25:43.380] [lua] (Currently, there are 1 requests for layer vz_state_gur_fuel_junglemountains)  @mrxlayermanager:298
[17:25:43.390] [lua] (Currently, there are 1 requests for layer vz_state_gurcon001_fortress_destroyed)  @mrxlayermanager:298
[17:25:43.398] [lua] (Currently, there are 1 requests for layer vz_state_gurcon002_pristine)  @mrxlayermanager:298
[17:25:43.406] [lua] (Currently, there are 1 requests for layer vz_state_gurcon003_med)  @mrxlayermanager:298
[17:25:43.414] [lua] (Currently, there are 1 requests for layer vz_state_gurcon005_airportdefbase)  @mrxlayermanager:298
[17:25:43.422] [lua] (Currently, there are 1 requests for layer vz_state_gurcon005_depot)  @mrxlayermanager:298
[17:25:43.430] [lua] (Currently, there are 1 requests for layer vz_state_gurcon005_junglebase)  @mrxlayermanager:298
[17:25:43.438] [lua] (Currently, there are 1 requests for layer vz_state_gurhq_act1)  @mrxlayermanager:298
[17:25:43.446] [lua] (Currently, there are 1 requests for layer vz_state_gurjob002_01_pristine)  @mrxlayermanager:298
[17:25:43.459] [lua] (Currently, there are 1 requests for layer vz_state_gurjob002_02_pristine)  @mrxlayermanager:298
[17:25:43.467] [lua] (Currently, there are 1 requests for layer vz_state_gurjob002_03_pristine)  @mrxlayermanager:298
[17:25:43.474] [lua] (Currently, there are 1 requests for layer vz_state_gurjob002_04_pristine)  @mrxlayermanager:298
[17:25:43.482] [lua] (Currently, there are 1 requests for layer vz_state_gurjob002_05_pristine)  @mrxlayermanager:298
[17:25:43.490] [lua] (Currently, there are 1 requests for layer vz_state_gurjob003_captured)  @mrxlayermanager:298
[17:25:43.505] [lua] (Currently, there are 1 requests for layer vz_state_gurjob003_pristine)  @mrxlayermanager:298
[17:25:43.513] [lua] (Currently, there are 1 requests for layer vz_state_gurjob005_captured)  @mrxlayermanager:298
[17:25:43.521] [lua] (Currently, there are 1 requests for layer vz_state_gurjob006)  @mrxlayermanager:298
[17:25:43.529] [lua] (Currently, there are 1 requests for layer vz_state_gurjob007_01_destroyed)  @mrxlayermanager:298
[17:25:43.537] [lua] (Currently, there are 1 requests for layer vz_state_gurjob007_02_destroyed)  @mrxlayermanager:298
[17:25:43.546] [lua] (Currently, there are 1 requests for layer vz_state_gurjob007_03_destroyed)  @mrxlayermanager:298
[17:25:43.555] [lua] (Currently, there are 1 requests for layer vz_state_gurjob008_01_captured)  @mrxlayermanager:298
[17:25:43.564] [lua] (Currently, there are 1 requests for layer vz_state_gurjob008_01_pristine)  @mrxlayermanager:298
[17:25:43.571] [lua] (Currently, there are 1 requests for layer vz_state_gurjob008_02_captured)  @mrxlayermanager:298
[17:25:43.581] [lua] (Currently, there are 1 requests for layer vz_state_gurjob008_02_pristine)  @mrxlayermanager:298
[17:25:43.589] [lua] (Currently, there are 1 requests for layer vz_state_gurjob011_01_destroyed)  @mrxlayermanager:298
[17:25:43.596] [lua] (Currently, there are 1 requests for layer vz_state_gurjob011_02_destroyed)  @mrxlayermanager:298
[17:25:43.604] [lua] (Currently, there are 1 requests for layer vz_state_gurjob011_03_destroyed)  @mrxlayermanager:298
[17:25:43.613] [lua] (Currently, there are 1 requests for layer vz_state_gurjob011_04_destroyed)  @mrxlayermanager:298
[17:25:43.621] [lua] (Currently, there are 1 requests for layer vz_state_gurjob011_05_destroyed)  @mrxlayermanager:298
[17:25:43.629] [lua] (Currently, there are 1 requests for layer vz_state_gurjob011_06_destroyed)  @mrxlayermanager:298
[17:25:43.637] [lua] (Currently, there are 1 requests for layer vz_state_gurjob011_07_destroyed)  @mrxlayermanager:298
[17:25:43.645] [lua] (Currently, there are 1 requests for layer vz_state_gurjob011_08_destroyed)  @mrxlayermanager:298
[17:25:43.653] [lua] (Currently, there are 1 requests for layer vz_state_gurjob011_09_destroyed)  @mrxlayermanager:298
[17:25:43.660] [lua] (Currently, there are 1 requests for layer vz_state_gurjob011_10_destroyed)  @mrxlayermanager:298
[17:25:43.674] [lua] (Currently, there are 1 requests for layer vz_state_gurjob012_01_pristine)  @mrxlayermanager:298
[17:25:43.682] [lua] (Currently, there are 1 requests for layer vz_state_gurjob012_02_pristine)  @mrxlayermanager:298
[17:25:43.691] [lua] (Currently, there are 1 requests for layer vz_state_gurjob012_03_pristine)  @mrxlayermanager:298
[17:25:43.699] [lua] (Currently, there are 1 requests for layer vz_state_gurjob012_04_pristine)  @mrxlayermanager:298
[17:25:43.707] [lua] (Currently, there are 1 requests for layer vz_state_gurjob012_05_pristine)  @mrxlayermanager:298
[17:25:43.715] [lua] (Currently, there are 1 requests for layer vz_state_jetcon001_copterattack)  @mrxlayermanager:298
[17:25:43.723] [lua] (Currently, there are 1 requests for layer vz_state_jetcon001_post)  @mrxlayermanager:298
[17:25:43.736] [lua] (Currently, there are 1 requests for layer vz_state_jungle_mountain_act2)  @mrxlayermanager:298
[17:25:43.744] [lua] (Currently, there are 1 requests for layer vz_state_mar_altagracia_act2)  @mrxlayermanager:298
[17:25:43.753] [lua] (Currently, there are 1 requests for layer vz_state_mar_big_lineregion)  @mrxlayermanager:298
[17:25:43.760] [lua] (Currently, there are 1 requests for layer vz_state_mar_city_act1)  @mrxlayermanager:298
[17:25:43.768] [lua] (Currently, there are 1 requests for layer vz_state_mar_city_act3)  @mrxlayermanager:298
[17:25:43.776] [lua] (Currently, there are 1 requests for layer vz_state_mar_city_ruined)  @mrxlayermanager:298
[17:25:43.785] [lua] (Currently, there are 1 requests for layer vz_state_mar_industrial_act3)  @mrxlayermanager:298
[17:25:43.793] [lua] (Currently, there are 1 requests for layer vz_state_mar_industrial_pristine)  @mrxlayermanager:298
[17:25:43.800] [lua] (Currently, there are 1 requests for layer vz_state_mar_outskirt_act2)  @mrxlayermanager:298
[17:25:43.809] [lua] (Currently, there are 1 requests for layer vz_state_mar_village_act1)  @mrxlayermanager:298
[17:25:43.818] [lua] (Currently, there are 1 requests for layer vz_state_margarita_act2)  @mrxlayermanager:298
[17:25:43.827] [lua] (Currently, there are 1 requests for layer vz_state_margarita_crash)  @mrxlayermanager:298
[17:25:43.835] [lua] (Currently, there are 1 requests for layer vz_state_mer_big_lineregion)  @mrxlayermanager:298
[17:25:43.842] [lua] (Currently, there are 1 requests for layer vz_state_mer_commercialpristine)  @mrxlayermanager:298
[17:25:43.850] [lua] (Currently, there are 1 requests for layer vz_state_merida_act2)  @mrxlayermanager:298
[17:25:43.859] [lua] (Currently, there are 1 requests for layer vz_state_merida_act2_helo)  @mrxlayermanager:298
[17:25:43.867] [lua] (Currently, there are 1 requests for layer vz_state_munitions_freeplay)  @mrxlayermanager:298
[17:25:43.875] [lua] (Currently, there are 1 requests for layer vz_state_oc_depot)  @mrxlayermanager:298
[17:25:43.883] [lua] (Currently, there are 1 requests for layer vz_state_oc_depot_pristine)  @mrxlayermanager:298
[17:25:43.890] [lua] (Currently, there are 1 requests for layer vz_state_ocgate_dynamic)  @mrxlayermanager:298
[17:25:43.899] [lua] (Currently, there are 1 requests for layer vz_state_oil_fuel_maroutskirts)  @mrxlayermanager:298
[17:25:43.908] [lua] (Currently, there are 1 requests for layer vz_state_oilcon001_post)  @mrxlayermanager:298
[17:25:43.917] [lua] (Currently, there are 1 requests for layer vz_state_oilcon002_pristine)  @mrxlayermanager:298
[17:25:43.925] [lua] (Currently, there are 1 requests for layer vz_state_oiljob001_captured)  @mrxlayermanager:298
[17:25:43.933] [lua] (Currently, there are 1 requests for layer vz_state_oiljob001_pristine)  @mrxlayermanager:298
[17:25:43.941] [lua] (Currently, there are 1 requests for layer vz_state_oiljob002_captured)  @mrxlayermanager:298
[17:25:43.949] [lua] (Currently, there are 1 requests for layer vz_state_oiljob002_pristine)  @mrxlayermanager:298
[17:25:43.957] [lua] (Currently, there are 1 requests for layer vz_state_oiljob004)  @mrxlayermanager:298
[17:25:43.965] [lua] (Currently, there are 1 requests for layer vz_state_oiljob005_captured)  @mrxlayermanager:298
[17:25:43.973] [lua] (Currently, there are 1 requests for layer vz_state_oiljob005_pristine)  @mrxlayermanager:298
[17:25:43.980] [lua] (Currently, there are 1 requests for layer vz_state_oiljob008_a_pristine)  @mrxlayermanager:298
[17:25:43.990] [lua] (Currently, there are 1 requests for layer vz_state_oiljob008_a_staging)  @mrxlayermanager:298
[17:25:43.999] [lua] (Currently, there are 1 requests for layer vz_state_oiljob008_b_destroyed)  @mrxlayermanager:298
[17:25:44.008] [lua] (Currently, there are 1 requests for layer vz_state_oiljob008_c_destroyed)  @mrxlayermanager:298
[17:25:44.016] [lua] (Currently, there are 1 requests for layer vz_state_oiljob008_d_ruined)  @mrxlayermanager:298
[17:25:44.025] [lua] (Currently, there are 1 requests for layer vz_state_oiljob008_i_pristine)  @mrxlayermanager:298
[17:25:44.033] [lua] (Currently, there are 1 requests for layer vz_state_oiljob008_k_ruined)  @mrxlayermanager:298
[17:25:44.041] [lua] (Currently, there are 1 requests for layer vz_state_oiljob008_l_ruined)  @mrxlayermanager:298
[17:25:44.049] [lua] (Currently, there are 1 requests for layer vz_state_oiljob008_m_ruined)  @mrxlayermanager:298
[17:25:44.058] [lua] (Currently, there are 1 requests for layer vz_state_oiljob011_01_pristine)  @mrxlayermanager:298
[17:25:44.065] [lua] (Currently, there are 1 requests for layer vz_state_oiljob011_02_pristine)  @mrxlayermanager:298
[17:25:44.075] [lua] (Currently, there are 1 requests for layer vz_state_oiljob011_03_pristine)  @mrxlayermanager:298
[17:25:44.082] [lua] (Currently, there are 1 requests for layer vz_state_oiljob011_04_pristine)  @mrxlayermanager:298
[17:25:44.091] [lua] (Currently, there are 1 requests for layer vz_state_oiljob011_05_pristine)  @mrxlayermanager:298
[17:25:44.100] [lua] (Currently, there are 1 requests for layer vz_state_oiljob012_01_pristine)  @mrxlayermanager:298
[17:25:44.108] [lua] (Currently, there are 1 requests for layer vz_state_oiljob012_01_staging)  @mrxlayermanager:298
[17:25:44.116] [lua] (Currently, there are 1 requests for layer vz_state_oiljob012_02_pristine)  @mrxlayermanager:298
[17:25:44.125] [lua] (Currently, there are 1 requests for layer vz_state_oiljob012_02_staging)  @mrxlayermanager:298
[17:25:44.133] [lua] (Currently, there are 1 requests for layer vz_state_oiljob012_03_pristine)  @mrxlayermanager:298
[17:25:44.140] [lua] (Currently, there are 1 requests for layer vz_state_oiljob012_03_staging)  @mrxlayermanager:298
[17:25:44.148] [lua] (Currently, there are 1 requests for layer vz_state_oiljob012_04_pristine)  @mrxlayermanager:298
[17:25:44.157] [lua] (Currently, there are 1 requests for layer vz_state_oiljob012_04_staging)  @mrxlayermanager:298
[17:25:44.166] [lua] (Currently, there are 1 requests for layer vz_state_oiljob012_05_pristine)  @mrxlayermanager:298
[17:25:44.173] [lua] (Currently, there are 1 requests for layer vz_state_oiljob012_05_staging)  @mrxlayermanager:298
[17:25:44.182] [lua] (Currently, there are 1 requests for layer vz_state_pircon004_pristine)  @mrxlayermanager:298
[17:25:44.191] [lua] (Currently, there are 1 requests for layer vz_state_pirjob002_01_captured)  @mrxlayermanager:298
[17:25:44.199] [lua] (Currently, there are 1 requests for layer vz_state_pirjob002_02_captured)  @mrxlayermanager:298
[17:25:44.208] [lua] (Currently, there are 1 requests for layer vz_state_pirjob002_02_pristine)  @mrxlayermanager:298
[17:25:44.216] [lua] (Currently, there are 1 requests for layer vz_state_pirjob002_03_captured)  @mrxlayermanager:298
[17:25:44.224] [lua] (Currently, there are 1 requests for layer vz_state_pirjob002_03_pristine)  @mrxlayermanager:298
[17:25:44.233] [lua] (Currently, there are 1 requests for layer vz_state_pirjob007_a_destroyed)  @mrxlayermanager:298
[17:25:44.240] [lua] (Currently, there are 1 requests for layer vz_state_pirjob007_b_destroyed)  @mrxlayermanager:298
[17:25:44.249] [lua] (Currently, there are 1 requests for layer vz_state_pirjob007_c_destroyed)  @mrxlayermanager:298
[17:25:44.258] [lua] (Currently, there are 1 requests for layer vz_state_pirjob007_e_pristine)  @mrxlayermanager:298
[17:25:44.270] [lua] (Currently, there are 1 requests for layer vz_state_pirjob007_e_staging)  @mrxlayermanager:298
[17:25:44.279] [lua] (Currently, there are 1 requests for layer vz_state_pirjob007_f_destroyed)  @mrxlayermanager:298
[17:25:44.287] [lua] (Currently, there are 1 requests for layer vz_state_pirjob007_g_destroyed)  @mrxlayermanager:298
[17:25:44.295] [lua] (Currently, there are 1 requests for layer vz_state_pirjob010_01_destroyed)  @mrxlayermanager:298
[17:25:44.304] [lua] (Currently, there are 1 requests for layer vz_state_pirjob010_02_destroyed)  @mrxlayermanager:298
[17:25:44.312] [lua] (Currently, there are 1 requests for layer vz_state_pirjob010_03_destroyed)  @mrxlayermanager:298
[17:25:44.320] [lua] (Currently, there are 1 requests for layer vz_state_pirjob011_01_destroyed)  @mrxlayermanager:298
[17:25:44.329] [lua] (Currently, there are 1 requests for layer vz_state_pirjob011_02_destroyed)  @mrxlayermanager:298
[17:25:44.338] [lua] (Currently, there are 1 requests for layer vz_state_pirjob011_03_destroyed)  @mrxlayermanager:298
[17:25:44.345] [lua] (Currently, there are 1 requests for layer vz_state_pirjob012_01_pristine)  @mrxlayermanager:298
[17:25:44.353] [lua] (Currently, there are 1 requests for layer vz_state_pirjob012_02_pristine)  @mrxlayermanager:298
[17:25:44.362] [lua] (Currently, there are 1 requests for layer vz_state_pirjob012_03_pristine)  @mrxlayermanager:298
[17:25:44.370] [lua] (Currently, there are 1 requests for layer vz_state_pirjob012_05_pristine)  @mrxlayermanager:298
[17:25:44.378] [lua] (Currently, there are 1 requests for layer vz_state_pirjob012_06_pristine)  @mrxlayermanager:298
[17:25:44.386] [lua] (Currently, there are 1 requests for layer vz_state_pirjob012_07_pristine)  @mrxlayermanager:298
[17:25:44.395] [lua] (Currently, there are 1 requests for layer vz_state_pirjob012_08_pristine)  @mrxlayermanager:298
[17:25:44.404] [lua] (Currently, there are 1 requests for layer vz_state_pirjob012_09_pristine)  @mrxlayermanager:298
[17:25:44.413] [lua] (Currently, there are 1 requests for layer vz_state_pirjob012_10_pristine)  @mrxlayermanager:298
[17:25:44.420] [lua] (Currently, there are 1 requests for layer vz_state_pmc)  @mrxlayermanager:298
[17:25:44.429] [lua] (Currently, there are 1 requests for layer vz_state_pmc_act1)  @mrxlayermanager:298
[17:25:44.437] [lua] (Currently, there are 1 requests for layer vz_state_pmc_livedin)  @mrxlayermanager:298
[17:25:44.446] [lua] (Currently, there are 1 requests for layer vz_state_pmccon002_blanco)  @mrxlayermanager:298
[17:25:44.454] [lua] (Currently, there are 1 requests for layer vz_state_sol_bunker)  @mrxlayermanager:298
[17:25:44.462] [lua] (Currently, there are 1 requests for layer vz_state_staging_all_hq)  @mrxlayermanager:298
[17:25:44.470] [lua] (Currently, there are 1 requests for layer vz_state_staging_chi_hq)  @mrxlayermanager:298
[17:25:44.479] [lua] (Currently, there are 1 requests for layer vz_state_staging_pirhq)  @mrxlayermanager:298
[17:25:44.487] [lua] (Currently, there are 1 requests for layer vz_state_vza_con001)  @mrxlayermanager:298
[17:25:44.495] [lua] (Currently, there are 1 requests for layer vz_state_vza_con001_post)  @mrxlayermanager:298
[17:25:44.504] [lua] (Currently, there are 1 requests for layer vz_state_vzacon001_pregate1)  @mrxlayermanager:298
[17:25:44.511] [lua] (Currently, there are 1 requests for layer vz_state_vzacon001_pregate2)  @mrxlayermanager:298
[17:25:44.519] [lua] (Currently, there are 1 requests for layer vz_state_vzacon001_ruined)  @mrxlayermanager:298
[17:25:44.527] [lua] (nPendingOps = 408)  @mrxlayermanager:324
[17:25:44.538] [lua] Setting asset request max to 408  @mrxlayermanager:338
[17:25:44.979] [lua] Request fulfilled: Load layer vz_all_job005_d (static: nil)  @mrxlayermanager:446
[17:25:44.987] [lua] Layer request 1: 1 of 170 complete  @mrxlayermanager:479
[17:25:44.995] [lua] Culling op for layer vz_all_job005_d!  @mrxlayermanager:318
[17:25:45.003] [lua] (nPendingOps = 407)  @mrxlayermanager:324
[17:25:45.011] [lua] Loading vz_state_gurjob012_02_pristine (static: false)  @mrxlayermanager:375
[17:25:45.019] [lua] true	Unable to load layer vz_state_gurjob012_02_pristine  @mrxlayermanager:403
[17:25:45.028] [lua] Request fulfilled: Load layer vz_mar_city (static: nil)  @mrxlayermanager:446
[17:25:45.037] [lua] Layer request 1: 2 of 170 complete  @mrxlayermanager:479
[17:25:45.045] [lua] Culling op for layer vz_mar_city!  @mrxlayermanager:318
[17:25:45.054] [lua] (nPendingOps = 406)  @mrxlayermanager:324
[17:25:45.063] [lua] Loading vz_state_car_city_pristine (static: false)  @mrxlayermanager:375
[17:25:45.071] [lua] true	Unable to load layer vz_state_car_city_pristine  @mrxlayermanager:403
[17:25:45.080] [lua] Request fulfilled: Load layer vz_caracas_tiny (static: nil)  @mrxlayermanager:446
[17:25:45.089] [lua] Layer request 1: 3 of 170 complete  @mrxlayermanager:479
[17:25:45.097] [lua] Culling op for layer vz_caracas_tiny!  @mrxlayermanager:318
[17:25:45.105] [lua] (nPendingOps = 405)  @mrxlayermanager:324
[17:25:45.113] [lua] Loading vz_state_pirjob007_a_destroyed (static: false)  @mrxlayermanager:375
[17:25:45.121] [lua] true	Unable to load layer vz_state_pirjob007_a_destroyed  @mrxlayermanager:403
[17:25:45.130] [lua] Request fulfilled: Load layer vz_landingzone (static: nil)  @mrxlayermanager:446
[17:25:45.138] [lua] Layer request 1: 4 of 170 complete  @mrxlayermanager:479
[17:25:45.146] [lua] Culling op for layer vz_landingzone!  @mrxlayermanager:318
[17:25:45.155] [lua] (nPendingOps = 404)  @mrxlayermanager:324
[17:25:45.163] [lua] Loading vz_state_chijob005_c_destroyed (static: false)  @mrxlayermanager:375
[17:25:45.171] [lua] true	Unable to load layer vz_state_chijob005_c_destroyed  @mrxlayermanager:403
[17:25:45.180] [lua] Request fulfilled: Load layer vz_pirate_isles_foilage (static: nil)  @mrxlayermanager:446
[17:25:45.188] [lua] Layer request 1: 5 of 170 complete  @mrxlayermanager:479
[17:25:45.196] [lua] Culling op for layer vz_pirate_isles_foilage!  @mrxlayermanager:318
[17:25:45.204] [lua] (nPendingOps = 403)  @mrxlayermanager:324
[17:25:45.218] [lua] Loading vz_state_sol_bunker (static: false)  @mrxlayermanager:375
[17:25:45.226] [lua] true	Unable to load layer vz_state_sol_bunker  @mrxlayermanager:403
[17:25:45.234] [lua] Request fulfilled: Load layer vz_mer_white (static: nil)  @mrxlayermanager:446
[17:25:45.242] [lua] Layer request 1: 6 of 170 complete  @mrxlayermanager:479
[17:25:45.250] [lua] Culling op for layer vz_mer_white!  @mrxlayermanager:318
[17:25:45.264] [lua] (nPendingOps = 402)  @mrxlayermanager:324
[17:25:45.272] [lua] Loading vz_state_gurcon005_airportdefbase (static: false)  @mrxlayermanager:375
[17:25:45.280] [lua] true	Unable to load layer vz_state_gurcon005_airportdefbase  @mrxlayermanager:403
[17:25:45.288] [lua] Request fulfilled: Load layer vz_commonlocations (static: nil)  @mrxlayermanager:446
[17:25:45.297] [lua] Layer request 1: 7 of 170 complete  @mrxlayermanager:479
[17:25:45.306] [lua] Culling op for layer vz_commonlocations!  @mrxlayermanager:318
[17:25:45.314] [lua] (nPendingOps = 401)  @mrxlayermanager:324
[17:25:45.322] [lua] Loading vz_state_pmc_act1 (static: false)  @mrxlayermanager:375
[17:25:45.332] [lua] true	Unable to load layer vz_state_pmc_act1  @mrxlayermanager:403
[17:25:45.341] [lua] Request fulfilled: Load layer vz_terrain (static: nil)  @mrxlayermanager:446
[17:25:45.349] [lua] Layer request 1: 8 of 170 complete  @mrxlayermanager:479
[17:25:45.358] [lua] Culling op for layer vz_terrain!  @mrxlayermanager:318
[17:25:45.368] [lua] (nPendingOps = 400)  @mrxlayermanager:324
[17:25:45.379] [lua] Loading vz_merida_roads (static: true)  @mrxlayermanager:375
[17:25:45.387] [lua] true	Unable to load layer vz_merida_roads  @mrxlayermanager:403
[17:25:45.395] [lua] Request fulfilled: Load layer vz_oil_job008_d (static: nil)  @mrxlayermanager:446
[17:25:45.403] [lua] Layer request 1: 9 of 170 complete  @mrxlayermanager:479
[17:25:45.412] [lua] Culling op for layer vz_oil_job008_d!  @mrxlayermanager:318
[17:25:45.421] [lua] (nPendingOps = 399)  @mrxlayermanager:324
[17:25:45.429] [lua] Loading vz_state_vzacon001_pregate1 (static: false)  @mrxlayermanager:375
[17:25:45.439] [lua] true	Unable to load layer vz_state_vzacon001_pregate1  @mrxlayermanager:403
[17:25:45.447] [lua] Request fulfilled: Load layer vz_oil_job001 (static: nil)  @mrxlayermanager:446
[17:25:45.460] [lua] Layer request 1: 10 of 170 complete  @mrxlayermanager:479
[17:25:45.468] [lua] Culling op for layer vz_oil_job001!  @mrxlayermanager:318
[17:25:45.477] [lua] (nPendingOps = 398)  @mrxlayermanager:324
[17:25:45.485] [lua] Loading vz_pir_hq (static: true)  @mrxlayermanager:375
[17:25:45.493] [lua] true	Unable to load layer vz_pir_hq  @mrxlayermanager:403
[17:25:45.506] [lua] Request fulfilled: Load layer vz_merida_roads (static: nil)  @mrxlayermanager:446
[17:25:45.515] [lua] Layer request 1: 11 of 170 complete  @mrxlayermanager:479
[17:25:45.524] [lua] Culling op for layer vz_merida_roads!  @mrxlayermanager:318
[17:25:45.533] [lua] (nPendingOps = 397)  @mrxlayermanager:324
[17:25:45.543] [lua] Loading vz_maracaibo_tiny (static: true)  @mrxlayermanager:375
[17:25:45.552] [lua] true	Unable to load layer vz_maracaibo_tiny  @mrxlayermanager:403
[17:25:45.560] [lua] Request fulfilled: Load layer vz_pir_hq (static: nil)  @mrxlayermanager:446
[17:25:45.569] [lua] Layer request 1: 12 of 170 complete  @mrxlayermanager:479
[17:25:45.578] [lua] Culling op for layer vz_pir_hq!  @mrxlayermanager:318
[17:25:45.587] [lua] (nPendingOps = 396)  @mrxlayermanager:324
[17:25:45.595] [lua] Loading vz_cumana_scrub (static: true)  @mrxlayermanager:375
[17:25:45.603] [lua] true	Unable to load layer vz_cumana_scrub  @mrxlayermanager:403
[17:25:45.614] [lua] Request fulfilled: Load layer vz_state_gurjob012_02_pristine (static: nil)  @mrxlayermanager:446
[17:25:45.625] [lua] Layer request 2: 1 of 238 complete  @mrxlayermanager:479
[17:25:45.633] [lua] Culling op for layer vz_state_gurjob012_02_pristine!  @mrxlayermanager:318
[17:25:45.640] [lua] (nPendingOps = 395)  @mrxlayermanager:324
[17:25:45.649] [lua] Loading vz_chi_job006_d (static: true)  @mrxlayermanager:375
[17:25:45.657] [lua] true	Unable to load layer vz_chi_job006_d  @mrxlayermanager:403
[17:25:45.666] [lua] Request fulfilled: Load layer vz_maracaibo_tiny (static: nil)  @mrxlayermanager:446
[17:25:45.674] [lua] Layer request 1: 13 of 170 complete  @mrxlayermanager:479
[17:25:45.682] [lua] Culling op for layer vz_maracaibo_tiny!  @mrxlayermanager:318
[17:25:45.690] [lua] (nPendingOps = 394)  @mrxlayermanager:324
[17:25:45.699] [lua] Loading vz_state_merida_act2_helo (static: false)  @mrxlayermanager:375
[17:25:45.707] [lua] true	Unable to load layer vz_state_merida_act2_helo  @mrxlayermanager:403
[17:25:45.718] [lua] Request fulfilled: Load layer vz_cumana_scrub (static: nil)  @mrxlayermanager:446
[17:25:45.727] [lua] Layer request 1: 14 of 170 complete  @mrxlayermanager:479
[17:25:45.735] [lua] Culling op for layer vz_cumana_scrub!  @mrxlayermanager:318
[17:25:45.743] [lua] (nPendingOps = 393)  @mrxlayermanager:324
[17:25:45.751] [lua] Loading vz_state_chijob002_03_pristine (static: false)  @mrxlayermanager:375
[17:25:45.759] [lua] true	Unable to load layer vz_state_chijob002_03_pristine  @mrxlayermanager:403
[17:25:45.769] [lua] Request fulfilled: Load layer vz_chi_job006_d (static: nil)  @mrxlayermanager:446
[17:25:45.778] [lua] Layer request 1: 15 of 170 complete  @mrxlayermanager:479
[17:25:45.788] [lua] Culling op for layer vz_chi_job006_d!  @mrxlayermanager:318
[17:25:45.796] [lua] (nPendingOps = 392)  @mrxlayermanager:324
[17:25:45.804] [lua] Loading vz_state_oiljob008_d_ruined (static: false)  @mrxlayermanager:375
[17:25:45.812] [lua] true	Unable to load layer vz_state_oiljob008_d_ruined  @mrxlayermanager:403
[17:25:45.820] [lua] Request fulfilled: Load layer vz_state_pirjob007_a_destroyed (static: nil)  @mrxlayermanager:446
[17:25:45.828] [lua] Layer request 2: 2 of 238 complete  @mrxlayermanager:479
[17:25:45.836] [lua] Culling op for layer vz_state_pirjob007_a_destroyed!  @mrxlayermanager:318
[17:25:45.845] [lua] (nPendingOps = 391)  @mrxlayermanager:324
[17:25:45.854] [lua] Loading vz_state_gurjob008_02_captured (static: false)  @mrxlayermanager:375
[17:25:45.863] [lua] true	Unable to load layer vz_state_gurjob008_02_captured  @mrxlayermanager:403
[17:25:45.873] [lua] Request fulfilled: Load layer vz_state_pmc_act1 (static: nil)  @mrxlayermanager:446
[17:25:45.882] [lua] Layer request 2: 3 of 238 complete  @mrxlayermanager:479
[17:25:45.890] [lua] Culling op for layer vz_state_pmc_act1!  @mrxlayermanager:318
[17:25:45.899] [lua] (nPendingOps = 390)  @mrxlayermanager:324
[17:25:45.906] [lua] Loading vz_state_chijob010_01_pristine (static: false)  @mrxlayermanager:375
[17:25:45.915] [lua] true	Unable to load layer vz_state_chijob010_01_pristine  @mrxlayermanager:403
[17:25:45.925] [lua] Request fulfilled: Load layer vz_state_gurjob008_02_captured (static: nil)  @mrxlayermanager:446
[17:25:45.934] [lua] Layer request 2: 4 of 238 complete  @mrxlayermanager:479
[17:25:45.942] [lua] Culling op for layer vz_state_gurjob008_02_captured!  @mrxlayermanager:318
[17:25:45.950] [lua] (nPendingOps = 389)  @mrxlayermanager:324
[17:25:45.959] [lua] Loading vz_state_alljob002_04_staging (static: false)  @mrxlayermanager:375
[17:25:45.967] [lua] true	Unable to load layer vz_state_alljob002_04_staging  @mrxlayermanager:403
[17:25:45.976] [lua] Request fulfilled: Load layer vz_state_merida_act2_helo (static: nil)  @mrxlayermanager:446
[17:25:45.988] [lua] Layer request 2: 5 of 238 complete  @mrxlayermanager:479
[17:25:45.996] [lua] Culling op for layer vz_state_merida_act2_helo!  @mrxlayermanager:318
[17:25:46.004] [lua] (nPendingOps = 388)  @mrxlayermanager:324
[17:25:46.012] [lua] Loading vz_pir_job012_g (static: true)  @mrxlayermanager:375
[17:25:46.020] [lua] true	Unable to load layer vz_pir_job012_g  @mrxlayermanager:403
[17:25:46.030] [lua] Request fulfilled: Load layer vz_pir_job012_g (static: nil)  @mrxlayermanager:446
[17:25:46.038] [lua] Layer request 1: 16 of 170 complete  @mrxlayermanager:479
[17:25:46.046] [lua] Culling op for layer vz_pir_job012_g!  @mrxlayermanager:318
[17:25:46.055] [lua] (nPendingOps = 387)  @mrxlayermanager:324
[17:25:46.063] [lua] Loading vz_state_chi_hq_structures (static: false)  @mrxlayermanager:375
[17:25:46.070] [lua] true	Unable to load layer vz_state_chi_hq_structures  @mrxlayermanager:403
[17:25:46.079] [lua] Request fulfilled: Load layer vz_state_vzacon001_pregate1 (static: nil)  @mrxlayermanager:446
[17:25:46.087] [lua] Layer request 2: 6 of 238 complete  @mrxlayermanager:479
[17:25:46.099] [lua] Culling op for layer vz_state_vzacon001_pregate1!  @mrxlayermanager:318
[17:25:46.108] [lua] (nPendingOps = 386)  @mrxlayermanager:324
[17:25:46.120] [lua] Loading vz_all_job010_a (static: true)  @mrxlayermanager:375
[17:25:46.128] [lua] true	Unable to load layer vz_all_job010_a  @mrxlayermanager:403
[17:25:46.142] [lua] Request fulfilled: Load layer vz_state_car_city_pristine (static: nil)  @mrxlayermanager:446
[17:25:46.150] [lua] Layer request 2: 7 of 238 complete  @mrxlayermanager:479
[17:25:46.159] [lua] Culling op for layer vz_state_car_city_pristine!  @mrxlayermanager:318
[17:25:46.167] [lua] (nPendingOps = 385)  @mrxlayermanager:324
[17:25:46.175] [lua] Loading vz_state_chijob005_f_destroyed (static: false)  @mrxlayermanager:375
[17:25:46.183] [lua] true	Unable to load layer vz_state_chijob005_f_destroyed  @mrxlayermanager:403
[17:25:46.192] [lua] Request fulfilled: Load layer vz_all_job010_a (static: nil)  @mrxlayermanager:446
[17:25:46.200] [lua] Layer request 1: 17 of 170 complete  @mrxlayermanager:479
[17:25:46.208] [lua] Culling op for layer vz_all_job010_a!  @mrxlayermanager:318
[17:25:46.219] [lua] (nPendingOps = 384)  @mrxlayermanager:324
[17:25:46.227] [lua] Loading vz_state_gurcon002_pristine (static: false)  @mrxlayermanager:375
[17:25:46.235] [lua] true	Unable to load layer vz_state_gurcon002_pristine  @mrxlayermanager:403
[17:25:46.245] [lua] Request fulfilled: Load layer vz_state_gurcon005_airportdefbase (static: nil)  @mrxlayermanager:446
[17:25:46.253] [lua] Layer request 2: 8 of 238 complete  @mrxlayermanager:479
[17:25:46.262] [lua] Culling op for layer vz_state_gurcon005_airportdefbase!  @mrxlayermanager:318
[17:25:46.270] [lua] (nPendingOps = 383)  @mrxlayermanager:324
[17:25:46.279] [lua] Loading vz_state_pirjob010_02_destroyed (static: false)  @mrxlayermanager:375
[17:25:46.287] [lua] true	Unable to load layer vz_state_pirjob010_02_destroyed  @mrxlayermanager:403
[17:25:46.296] [lua] Request fulfilled: Load layer vz_state_sol_bunker (static: nil)  @mrxlayermanager:446
[17:25:46.304] [lua] Layer request 2: 9 of 238 complete  @mrxlayermanager:479
[17:25:46.313] [lua] Culling op for layer vz_state_sol_bunker!  @mrxlayermanager:318
[17:25:46.322] [lua] (nPendingOps = 382)  @mrxlayermanager:324
[17:25:46.330] [lua] Loading vz_state_gurjob007_03_destroyed (static: false)  @mrxlayermanager:375
[17:25:46.338] [lua] true	Unable to load layer vz_state_gurjob007_03_destroyed  @mrxlayermanager:403
[17:25:46.348] [lua] Request fulfilled: Load layer vz_state_chijob002_03_pristine (static: nil)  @mrxlayermanager:446
[17:25:46.356] [lua] Layer request 2: 10 of 238 complete  @mrxlayermanager:479
[17:25:46.369] [lua] Culling op for layer vz_state_chijob002_03_pristine!  @mrxlayermanager:318
[17:25:46.381] [lua] (nPendingOps = 381)  @mrxlayermanager:324
[17:25:46.390] [lua] Loading vz_state_gurjob008_02_pristine (static: false)  @mrxlayermanager:375
[17:25:46.398] [lua] true	Unable to load layer vz_state_gurjob008_02_pristine  @mrxlayermanager:403
[17:25:46.408] [lua] Request fulfilled: Load layer vz_state_pirjob010_02_destroyed (static: nil)  @mrxlayermanager:446
[17:25:46.416] [lua] Layer request 2: 11 of 238 complete  @mrxlayermanager:479
[17:25:46.424] [lua] Culling op for layer vz_state_pirjob010_02_destroyed!  @mrxlayermanager:318
[17:25:46.432] [lua] (nPendingOps = 380)  @mrxlayermanager:324
[17:25:46.440] [lua] Loading vz_boundary_regions (static: true)  @mrxlayermanager:375
[17:25:46.448] [lua] true	Unable to load layer vz_boundary_regions  @mrxlayermanager:403
[17:25:46.457] [lua] Request fulfilled: Load layer vz_boundary_regions (static: nil)  @mrxlayermanager:446
[17:25:46.466] [lua] Layer request 1: 18 of 170 complete  @mrxlayermanager:479
[17:25:46.474] [lua] Culling op for layer vz_boundary_regions!  @mrxlayermanager:318
[17:25:46.483] [lua] (nPendingOps = 379)  @mrxlayermanager:324
[17:25:46.491] [lua] Loading vz_state_allcon001_pristine (static: false)  @mrxlayermanager:375
[17:25:46.500] [lua] true	Unable to load layer vz_state_allcon001_pristine  @mrxlayermanager:403
[17:25:46.510] [lua] Request fulfilled: Load layer vz_state_chijob005_c_destroyed (static: nil)  @mrxlayermanager:446
[17:25:46.518] [lua] Layer request 2: 12 of 238 complete  @mrxlayermanager:479
[17:25:46.526] [lua] Culling op for layer vz_state_chijob005_c_destroyed!  @mrxlayermanager:318
[17:25:46.536] [lua] (nPendingOps = 378)  @mrxlayermanager:324
[17:25:46.544] [lua] Loading vz_state_alljob002_05_staging (static: false)  @mrxlayermanager:375
[17:25:46.552] [lua] true	Unable to load layer vz_state_alljob002_05_staging  @mrxlayermanager:403
[17:25:46.562] [lua] Request fulfilled: Load layer vz_state_gurjob007_03_destroyed (static: nil)  @mrxlayermanager:446
[17:25:46.569] [lua] Layer request 2: 13 of 238 complete  @mrxlayermanager:479
[17:25:46.578] [lua] Culling op for layer vz_state_gurjob007_03_destroyed!  @mrxlayermanager:318
[17:25:46.588] [lua] (nPendingOps = 377)  @mrxlayermanager:324
[17:25:46.596] [lua] Loading vz_gua_vzbase (static: true)  @mrxlayermanager:375
[17:25:46.604] [lua] true	Unable to load layer vz_gua_vzbase  @mrxlayermanager:403
[17:25:46.614] [lua] Request fulfilled: Load layer vz_state_alljob002_04_staging (static: nil)  @mrxlayermanager:446
[17:25:46.623] [lua] Layer request 2: 14 of 238 complete  @mrxlayermanager:479
[17:25:46.630] [lua] Culling op for layer vz_state_alljob002_04_staging!  @mrxlayermanager:318
[17:25:46.642] [lua] (nPendingOps = 376)  @mrxlayermanager:324
[17:25:46.650] [lua] Loading vz_cum_margarita (static: true)  @mrxlayermanager:375
[17:25:46.659] [lua] true	Unable to load layer vz_cum_margarita  @mrxlayermanager:403
[17:25:46.668] [lua] Request fulfilled: Load layer vz_gua_vzbase (static: nil)  @mrxlayermanager:446
[17:25:46.676] [lua] Layer request 1: 19 of 170 complete  @mrxlayermanager:479
[17:25:46.685] [lua] Culling op for layer vz_gua_vzbase!  @mrxlayermanager:318
[17:25:46.693] [lua] (nPendingOps = 375)  @mrxlayermanager:324
[17:25:46.700] [lua] Loading vz_state_oc_depot_pristine (static: false)  @mrxlayermanager:375
[17:25:46.709] [lua] true	Unable to load layer vz_state_oc_depot_pristine  @mrxlayermanager:403
[17:25:46.719] [lua] Request fulfilled: Load layer vz_cum_margarita (static: nil)  @mrxlayermanager:446
[17:25:46.727] [lua] Layer request 1: 20 of 170 complete  @mrxlayermanager:479
[17:25:46.740] [lua] Culling op for layer vz_cum_margarita!  @mrxlayermanager:318
[17:25:46.749] [lua] (nPendingOps = 374)  @mrxlayermanager:324
[17:25:46.757] [lua] Loading vz_state_alljob005_04_destroyed (static: false)  @mrxlayermanager:375
[17:25:46.772] [lua] true	Unable to load layer vz_state_alljob005_04_destroyed  @mrxlayermanager:403
[17:25:46.780] [lua] Request fulfilled: Load layer vz_state_chijob010_01_pristine (static: nil)  @mrxlayermanager:446
[17:25:46.788] [lua] Layer request 2: 15 of 238 complete  @mrxlayermanager:479
[17:25:46.796] [lua] Culling op for layer vz_state_chijob010_01_pristine!  @mrxlayermanager:318
[17:25:46.806] [lua] (nPendingOps = 373)  @mrxlayermanager:324
[17:25:46.817] [lua] Loading vz_state_alljob001_02_pristine (static: false)  @mrxlayermanager:375
[17:25:46.830] [lua] true	Unable to load layer vz_state_alljob001_02_pristine  @mrxlayermanager:403
[17:25:46.840] [lua] Request fulfilled: Load layer vz_state_alljob002_05_staging (static: nil)  @mrxlayermanager:446
[17:25:46.849] [lua] Layer request 2: 16 of 238 complete  @mrxlayermanager:479
[17:25:46.857] [lua] Culling op for layer vz_state_alljob002_05_staging!  @mrxlayermanager:318
[17:25:46.864] [lua] (nPendingOps = 372)  @mrxlayermanager:324
[17:25:46.872] [lua] Loading vz_gur_job002_c (static: true)  @mrxlayermanager:375
[17:25:46.880] [lua] true	Unable to load layer vz_gur_job002_c  @mrxlayermanager:403
[17:25:46.890] [lua] Request fulfilled: Load layer vz_state_chijob005_f_destroyed (static: nil)  @mrxlayermanager:446
[17:25:46.900] [lua] Layer request 2: 17 of 238 complete  @mrxlayermanager:479
[17:25:46.910] [lua] Culling op for layer vz_state_chijob005_f_destroyed!  @mrxlayermanager:318
[17:25:46.919] [lua] (nPendingOps = 371)  @mrxlayermanager:324
[17:25:46.927] [lua] Loading vz_watersounds (static: true)  @mrxlayermanager:375
[17:25:46.936] [lua] true	Unable to load layer vz_watersounds  @mrxlayermanager:403
[17:25:46.945] [lua] Request fulfilled: Load layer vz_gur_job002_c (static: nil)  @mrxlayermanager:446
[17:25:46.953] [lua] Layer request 1: 21 of 170 complete  @mrxlayermanager:479
[17:25:46.960] [lua] Culling op for layer vz_gur_job002_c!  @mrxlayermanager:318
[17:25:46.969] [lua] (nPendingOps = 370)  @mrxlayermanager:324
[17:25:46.979] [lua] Loading vz_state_gurcon001_fortress_destroyed (static: false)  @mrxlayermanager:375
[17:25:46.987] [lua] true	Unable to load layer vz_state_gurcon001_fortress_destroyed  @mrxlayermanager:403
[17:25:47.004] [lua] Request fulfilled: Load layer vz_state_oiljob008_d_ruined (static: nil)  @mrxlayermanager:446
[17:25:47.012] [lua] Layer request 2: 18 of 238 complete  @mrxlayermanager:479
[17:25:47.024] [lua] Culling op for layer vz_state_oiljob008_d_ruined!  @mrxlayermanager:318
[17:25:47.032] [lua] (nPendingOps = 369)  @mrxlayermanager:324
[17:25:47.041] [lua] Loading vz_mar_foilage (static: true)  @mrxlayermanager:375
[17:25:47.049] [lua] true	Unable to load layer vz_mar_foilage  @mrxlayermanager:403
[17:25:47.057] [lua] Request fulfilled: Load layer vz_watersounds (static: nil)  @mrxlayermanager:446
[17:25:47.065] [lua] Layer request 1: 22 of 170 complete  @mrxlayermanager:479
[17:25:47.073] [lua] Culling op for layer vz_watersounds!  @mrxlayermanager:318
[17:25:47.081] [lua] (nPendingOps = 368)  @mrxlayermanager:324
[17:25:47.089] [lua] Loading vz_state_gurcon005_junglebase (static: false)  @mrxlayermanager:375
[17:25:47.097] [lua] true	Unable to load layer vz_state_gurcon005_junglebase  @mrxlayermanager:403
[17:25:47.107] [lua] Request fulfilled: Load layer vz_mar_foilage (static: nil)  @mrxlayermanager:446
[17:25:47.115] [lua] Layer request 1: 23 of 170 complete  @mrxlayermanager:479
[17:25:47.125] [lua] Culling op for layer vz_mar_foilage!  @mrxlayermanager:318
[17:25:47.134] [lua] (nPendingOps = 367)  @mrxlayermanager:324
[17:25:47.142] [lua] Loading vz_pir_job012_f (static: true)  @mrxlayermanager:375
[17:25:47.151] [lua] true	Unable to load layer vz_pir_job012_f  @mrxlayermanager:403
[17:25:47.159] [lua] Request fulfilled: Load layer vz_state_chi_hq_structures (static: nil)  @mrxlayermanager:446
[17:25:47.168] [lua] Layer request 2: 19 of 238 complete  @mrxlayermanager:479
[17:25:47.175] [lua] Culling op for layer vz_state_chi_hq_structures!  @mrxlayermanager:318
[17:25:47.184] [lua] (nPendingOps = 366)  @mrxlayermanager:324
[17:25:47.192] [lua] Loading vz_pirate_isles_roads (static: true)  @mrxlayermanager:375
[17:25:47.200] [lua] true	Unable to load layer vz_pirate_isles_roads  @mrxlayermanager:403
[17:25:47.211] [lua] Request fulfilled: Load layer vz_pir_job012_f (static: nil)  @mrxlayermanager:446
[17:25:47.219] [lua] Layer request 1: 24 of 170 complete  @mrxlayermanager:479
[17:25:47.228] [lua] Culling op for layer vz_pir_job012_f!  @mrxlayermanager:318
[17:25:47.236] [lua] (nPendingOps = 365)  @mrxlayermanager:324
[17:25:47.243] [lua] Loading vz_mar_fortress (static: true)  @mrxlayermanager:375
[17:25:47.252] [lua] true	Unable to load layer vz_mar_fortress  @mrxlayermanager:403
[17:25:47.260] [lua] Request fulfilled: Load layer vz_state_gurcon005_junglebase (static: nil)  @mrxlayermanager:446
[17:25:47.269] [lua] Layer request 2: 20 of 238 complete  @mrxlayermanager:479
[17:25:47.277] [lua] Culling op for layer vz_state_gurcon005_junglebase!  @mrxlayermanager:318
[17:25:47.289] [lua] (nPendingOps = 364)  @mrxlayermanager:324
[17:25:47.297] [lua] Loading vz_state_pmc (static: false)  @mrxlayermanager:375
[17:25:47.306] [lua] true	Unable to load layer vz_state_pmc  @mrxlayermanager:403
[17:25:47.318] [lua] Request fulfilled: Load layer vz_pirate_isles_roads (static: nil)  @mrxlayermanager:446
[17:25:47.326] [lua] Layer request 1: 25 of 170 complete  @mrxlayermanager:479
[17:25:47.334] [lua] Culling op for layer vz_pirate_isles_roads!  @mrxlayermanager:318
[17:25:47.346] [lua] (nPendingOps = 363)  @mrxlayermanager:324
[17:25:47.354] [lua] Loading vz_all_job002_c (static: true)  @mrxlayermanager:375
[17:25:47.362] [lua] true	Unable to load layer vz_all_job002_c  @mrxlayermanager:403
[17:25:47.372] [lua] Request fulfilled: Load layer vz_mar_fortress (static: nil)  @mrxlayermanager:446
[17:25:47.380] [lua] Layer request 1: 26 of 170 complete  @mrxlayermanager:479
[17:25:47.388] [lua] Culling op for layer vz_mar_fortress!  @mrxlayermanager:318
[17:25:47.397] [lua] (nPendingOps = 362)  @mrxlayermanager:324
[17:25:47.405] [lua] Loading vz_state_oiljob001_pristine (static: false)  @mrxlayermanager:375
[17:25:47.413] [lua] true	Unable to load layer vz_state_oiljob001_pristine  @mrxlayermanager:403
[17:25:47.421] [lua] Request fulfilled: Load layer vz_state_allcon001_pristine (static: nil)  @mrxlayermanager:446
[17:25:47.430] [lua] Layer request 2: 21 of 238 complete  @mrxlayermanager:479
[17:25:47.438] [lua] Culling op for layer vz_state_allcon001_pristine!  @mrxlayermanager:318
[17:25:47.446] [lua] (nPendingOps = 361)  @mrxlayermanager:324
[17:25:47.454] [lua] Loading vz_state_mar_city_act3 (static: false)  @mrxlayermanager:375
[17:25:47.463] [lua] true	Unable to load layer vz_state_mar_city_act3  @mrxlayermanager:403
[17:25:47.470] [lua] Request fulfilled: Load layer vz_all_job002_c (static: nil)  @mrxlayermanager:446
[17:25:47.479] [lua] Layer request 1: 27 of 170 complete  @mrxlayermanager:479
[17:25:47.489] [lua] Culling op for layer vz_all_job002_c!  @mrxlayermanager:318
[17:25:47.499] [lua] (nPendingOps = 360)  @mrxlayermanager:324
[17:25:47.507] [lua] Loading vz_state_car_big_lineregion (static: false)  @mrxlayermanager:375
[17:25:47.516] [lua] true	Unable to load layer vz_state_car_big_lineregion  @mrxlayermanager:403
[17:25:47.525] [lua] Request fulfilled: Load layer vz_state_gurcon002_pristine (static: nil)  @mrxlayermanager:446
[17:25:47.533] [lua] Layer request 2: 22 of 238 complete  @mrxlayermanager:479
[17:25:47.541] [lua] Culling op for layer vz_state_gurcon002_pristine!  @mrxlayermanager:318
[17:25:47.549] [lua] (nPendingOps = 359)  @mrxlayermanager:324
[17:25:47.558] [lua] Loading vz_state_angel_falls_act1 (static: false)  @mrxlayermanager:375
[17:25:47.569] [lua] true	Unable to load layer vz_state_angel_falls_act1  @mrxlayermanager:403
[17:25:47.584] [lua] Request fulfilled: Load layer vz_state_alljob001_02_pristine (static: nil)  @mrxlayermanager:446
[17:25:47.600] [lua] Layer request 2: 23 of 238 complete  @mrxlayermanager:479
[17:25:47.608] [lua] Culling op for layer vz_state_alljob001_02_pristine!  @mrxlayermanager:318
[17:25:47.617] [lua] (nPendingOps = 358)  @mrxlayermanager:324
[17:25:47.624] [lua] Loading vz_state_staging_all_hq (static: false)  @mrxlayermanager:375
[17:25:47.633] [lua] true	Unable to load layer vz_state_staging_all_hq  @mrxlayermanager:403
[17:25:47.642] [lua] Request fulfilled: Load layer vz_state_gurjob008_02_pristine (static: nil)  @mrxlayermanager:446
[17:25:47.652] [lua] Layer request 2: 24 of 238 complete  @mrxlayermanager:479
[17:25:47.660] [lua] Culling op for layer vz_state_gurjob008_02_pristine!  @mrxlayermanager:318
[17:25:47.669] [lua] (nPendingOps = 357)  @mrxlayermanager:324
[17:25:47.677] [lua] Loading vz_merida_scrub (static: true)  @mrxlayermanager:375
[17:25:47.685] [lua] true	Unable to load layer vz_merida_scrub  @mrxlayermanager:403
[17:25:47.695] [lua] Request fulfilled: Load layer vz_state_oc_depot_pristine (static: nil)  @mrxlayermanager:446
[17:25:47.703] [lua] Layer request 2: 25 of 238 complete  @mrxlayermanager:479
[17:25:47.710] [lua] Culling op for layer vz_state_oc_depot_pristine!  @mrxlayermanager:318
[17:25:47.719] [lua] (nPendingOps = 356)  @mrxlayermanager:324
[17:25:47.727] [lua] Loading vz_gur_job002_b (static: true)  @mrxlayermanager:375
[17:25:47.739] [lua] true	Unable to load layer vz_gur_job002_b  @mrxlayermanager:403
[17:25:47.747] [lua] Request fulfilled: Load layer vz_merida_scrub (static: nil)  @mrxlayermanager:446
[17:25:47.755] [lua] Layer request 1: 28 of 170 complete  @mrxlayermanager:479
[17:25:47.763] [lua] Culling op for layer vz_merida_scrub!  @mrxlayermanager:318
[17:25:47.772] [lua] (nPendingOps = 355)  @mrxlayermanager:324
[17:25:47.780] [lua] Loading vz_state_alljob002_02_pristine (static: false)  @mrxlayermanager:375
[17:25:47.788] [lua] true	Unable to load layer vz_state_alljob002_02_pristine  @mrxlayermanager:403
[17:25:47.798] [lua] Request fulfilled: Load layer vz_gur_job002_b (static: nil)  @mrxlayermanager:446
[17:25:47.806] [lua] Layer request 1: 29 of 170 complete  @mrxlayermanager:479
[17:25:47.815] [lua] Culling op for layer vz_gur_job002_b!  @mrxlayermanager:318
[17:25:47.823] [lua] (nPendingOps = 354)  @mrxlayermanager:324
[17:25:47.830] [lua] Loading vz_state_pirjob007_e_pristine (static: false)  @mrxlayermanager:375
[17:25:47.838] [lua] true	Unable to load layer vz_state_pirjob007_e_pristine  @mrxlayermanager:403
[17:25:47.846] [lua] Request fulfilled: Load layer vz_state_car_big_lineregion (static: nil)  @mrxlayermanager:446
[17:25:47.855] [lua] Layer request 2: 26 of 238 complete  @mrxlayermanager:479
[17:25:47.863] [lua] Culling op for layer vz_state_car_big_lineregion!  @mrxlayermanager:318
[17:25:47.871] [lua] (nPendingOps = 353)  @mrxlayermanager:324
[17:25:47.879] [lua] Loading vz_oil_job011_i (static: true)  @mrxlayermanager:375
[17:25:47.888] [lua] true	Unable to load layer vz_oil_job011_i  @mrxlayermanager:403
[17:25:47.897] [lua] Request fulfilled: Load layer vz_state_alljob005_04_destroyed (static: nil)  @mrxlayermanager:446
[17:25:47.906] [lua] Layer request 2: 27 of 238 complete  @mrxlayermanager:479
[17:25:47.914] [lua] Culling op for layer vz_state_alljob005_04_destroyed!  @mrxlayermanager:318
[17:25:47.925] [lua] (nPendingOps = 352)  @mrxlayermanager:324
[17:25:47.933] [lua] Loading vz_angel_falls_road (static: true)  @mrxlayermanager:375
[17:25:47.941] [lua] true	Unable to load layer vz_angel_falls_road  @mrxlayermanager:403
[17:25:47.949] [lua] Request fulfilled: Load layer vz_oil_job011_i (static: nil)  @mrxlayermanager:446
[17:25:47.957] [lua] Layer request 1: 30 of 170 complete  @mrxlayermanager:479
[17:25:47.965] [lua] Culling op for layer vz_oil_job011_i!  @mrxlayermanager:318
[17:25:47.975] [lua] (nPendingOps = 351)  @mrxlayermanager:324
[17:25:47.984] [lua] Loading vz_chi_job002_b (static: true)  @mrxlayermanager:375
[17:25:47.991] [lua] true	Unable to load layer vz_chi_job002_b  @mrxlayermanager:403
[17:25:48.001] [lua] Request fulfilled: Load layer vz_angel_falls_road (static: nil)  @mrxlayermanager:446
[17:25:48.016] [lua] Layer request 1: 31 of 170 complete  @mrxlayermanager:479
[17:25:48.024] [lua] Culling op for layer vz_angel_falls_road!  @mrxlayermanager:318
[17:25:48.032] [lua] (nPendingOps = 350)  @mrxlayermanager:324
[17:25:48.040] [lua] Loading vz_all_job005_a (static: true)  @mrxlayermanager:375
[17:25:48.049] [lua] true	Unable to load layer vz_all_job005_a  @mrxlayermanager:403
[17:25:48.061] [lua] Request fulfilled: Load layer vz_state_staging_all_hq (static: nil)  @mrxlayermanager:446
[17:25:48.069] [lua] Layer request 2: 28 of 238 complete  @mrxlayermanager:479
[17:25:48.077] [lua] Culling op for layer vz_state_staging_all_hq!  @mrxlayermanager:318
[17:25:48.085] [lua] (nPendingOps = 349)  @mrxlayermanager:324
[17:25:48.093] [lua] Loading vz_state_oiljob008_a_pristine (static: false)  @mrxlayermanager:375
[17:25:48.100] [lua] true	Unable to load layer vz_state_oiljob008_a_pristine  @mrxlayermanager:403
[17:25:48.108] [lua] Request fulfilled: Load layer vz_chi_job002_b (static: nil)  @mrxlayermanager:446
[17:25:48.117] [lua] Layer request 1: 32 of 170 complete  @mrxlayermanager:479
[17:25:48.125] [lua] Culling op for layer vz_chi_job002_b!  @mrxlayermanager:318
[17:25:48.133] [lua] (nPendingOps = 348)  @mrxlayermanager:324
[17:25:48.141] [lua] Loading vz_chi_job010_d (static: true)  @mrxlayermanager:375
[17:25:48.149] [lua] true	Unable to load layer vz_chi_job010_d  @mrxlayermanager:403
[17:25:48.161] [lua] Request fulfilled: Load layer vz_all_job005_a (static: nil)  @mrxlayermanager:446
[17:25:48.168] [lua] Layer request 1: 33 of 170 complete  @mrxlayermanager:479
[17:25:48.176] [lua] Culling op for layer vz_all_job005_a!  @mrxlayermanager:318
[17:25:48.184] [lua] (nPendingOps = 347)  @mrxlayermanager:324
[17:25:48.193] [lua] Loading vz_state_alljob009_02_destroyed (static: false)  @mrxlayermanager:375
[17:25:48.200] [lua] true	Unable to load layer vz_state_alljob009_02_destroyed  @mrxlayermanager:403
[17:25:48.210] [lua] Request fulfilled: Load layer vz_state_gurcon001_fortress_destroyed (static: nil)  @mrxlayermanager:446
[17:25:48.218] [lua] Layer request 2: 29 of 238 complete  @mrxlayermanager:479
[17:25:48.227] [lua] Culling op for layer vz_state_gurcon001_fortress_destroyed!  @mrxlayermanager:318
[17:25:48.235] [lua] (nPendingOps = 346)  @mrxlayermanager:324
[17:25:48.244] [lua] Loading vz_merida_foilage (static: true)  @mrxlayermanager:375
[17:25:48.251] [lua] true	Unable to load layer vz_merida_foilage  @mrxlayermanager:403
[17:25:48.260] [lua] Request fulfilled: Load layer vz_chi_job010_d (static: nil)  @mrxlayermanager:446
[17:25:48.268] [lua] Layer request 1: 34 of 170 complete  @mrxlayermanager:479
[17:25:48.276] [lua] Culling op for layer vz_chi_job010_d!  @mrxlayermanager:318
[17:25:48.284] [lua] (nPendingOps = 345)  @mrxlayermanager:324
[17:25:48.292] [lua] Loading vz_caracas_scrub (static: true)  @mrxlayermanager:375
[17:25:48.300] [lua] true	Unable to load layer vz_caracas_scrub  @mrxlayermanager:403
[17:25:48.312] [lua] Request fulfilled: Load layer vz_state_pmc (static: nil)  @mrxlayermanager:446
[17:25:48.320] [lua] Layer request 2: 30 of 238 complete  @mrxlayermanager:479
[17:25:48.329] [lua] Culling op for layer vz_state_pmc!  @mrxlayermanager:318
[17:25:48.338] [lua] (nPendingOps = 344)  @mrxlayermanager:324
[17:25:48.347] [lua] Loading vz_all_job010_e (static: true)  @mrxlayermanager:375
[17:25:48.355] [lua] true	Unable to load layer vz_all_job010_e  @mrxlayermanager:403
[17:25:48.363] [lua] Request fulfilled: Load layer vz_merida_foilage (static: nil)  @mrxlayermanager:446
[17:25:48.370] [lua] Layer request 1: 35 of 170 complete  @mrxlayermanager:479
[17:25:48.379] [lua] Culling op for layer vz_merida_foilage!  @mrxlayermanager:318
[17:25:48.388] [lua] (nPendingOps = 343)  @mrxlayermanager:324
[17:25:48.396] [lua] Loading vz_mar_village_roads (static: true)  @mrxlayermanager:375
[17:25:48.405] [lua] true	Unable to load layer vz_mar_village_roads  @mrxlayermanager:403
[17:25:48.413] [lua] Request fulfilled: Load layer vz_caracas_scrub (static: nil)  @mrxlayermanager:446
[17:25:48.422] [lua] Layer request 1: 36 of 170 complete  @mrxlayermanager:479
[17:25:48.430] [lua] Culling op for layer vz_caracas_scrub!  @mrxlayermanager:318
[17:25:48.440] [lua] (nPendingOps = 342)  @mrxlayermanager:324
[17:25:48.448] [lua] Loading vz_atmosphere_regions (static: true)  @mrxlayermanager:375
[17:25:48.456] [lua] true	Unable to load layer vz_atmosphere_regions  @mrxlayermanager:403
[17:25:48.467] [lua] Request fulfilled: Load layer vz_all_job010_e (static: nil)  @mrxlayermanager:446
[17:25:48.476] [lua] Layer request 1: 37 of 170 complete  @mrxlayermanager:479
[17:25:48.484] [lua] Culling op for layer vz_all_job010_e!  @mrxlayermanager:318
[17:25:48.492] [lua] (nPendingOps = 341)  @mrxlayermanager:324
[17:25:48.500] [lua] Loading vz_state_chicon054_pristine (static: false)  @mrxlayermanager:375
[17:25:48.510] [lua] true	Unable to load layer vz_state_chicon054_pristine  @mrxlayermanager:403
[17:25:48.518] [lua] Request fulfilled: Load layer vz_mar_village_roads (static: nil)  @mrxlayermanager:446
[17:25:48.527] [lua] Layer request 1: 38 of 170 complete  @mrxlayermanager:479
[17:25:48.535] [lua] Culling op for layer vz_mar_village_roads!  @mrxlayermanager:318
[17:25:48.543] [lua] (nPendingOps = 340)  @mrxlayermanager:324
[17:25:48.550] [lua] Loading vz_state_chicon006_b_pristine (static: false)  @mrxlayermanager:375
[17:25:48.559] [lua] true	Unable to load layer vz_state_chicon006_b_pristine  @mrxlayermanager:403
[17:25:48.567] [lua] Request fulfilled: Load layer vz_state_mar_city_act3 (static: nil)  @mrxlayermanager:446
[17:25:48.575] [lua] Layer request 2: 31 of 238 complete  @mrxlayermanager:479
[17:25:48.583] [lua] Culling op for layer vz_state_mar_city_act3!  @mrxlayermanager:318
[17:25:48.590] [lua] (nPendingOps = 339)  @mrxlayermanager:324
[17:25:48.599] [lua] Loading vz_mar_billboard (static: true)  @mrxlayermanager:375
[17:25:48.607] [lua] true	Unable to load layer vz_mar_billboard  @mrxlayermanager:403
[17:25:48.616] [lua] Request fulfilled: Load layer vz_atmosphere_regions (static: nil)  @mrxlayermanager:446
[17:25:48.624] [lua] Layer request 1: 39 of 170 complete  @mrxlayermanager:479
[17:25:48.632] [lua] Culling op for layer vz_atmosphere_regions!  @mrxlayermanager:318
[17:25:48.640] [lua] (nPendingOps = 338)  @mrxlayermanager:324
[17:25:48.649] [lua] Loading vz_mar_outskirt_roads (static: true)  @mrxlayermanager:375
[17:25:48.657] [lua] true	Unable to load layer vz_mar_outskirt_roads  @mrxlayermanager:403
[17:25:48.666] [lua] Request fulfilled: Load layer vz_state_pirjob007_e_pristine (static: nil)  @mrxlayermanager:446
[17:25:48.675] [lua] Layer request 2: 32 of 238 complete  @mrxlayermanager:479
[17:25:48.683] [lua] Culling op for layer vz_state_pirjob007_e_pristine!  @mrxlayermanager:318
[17:25:48.691] [lua] (nPendingOps = 337)  @mrxlayermanager:324
[17:25:48.699] [lua] Loading vz_state_cashpickups (static: false)  @mrxlayermanager:375
[17:25:48.708] [lua] true	Unable to load layer vz_state_cashpickups  @mrxlayermanager:403
[17:25:48.716] [lua] Request fulfilled: Load layer vz_mar_billboard (static: nil)  @mrxlayermanager:446
[17:25:48.724] [lua] Layer request 1: 40 of 170 complete  @mrxlayermanager:479
[17:25:48.732] [lua] Culling op for layer vz_mar_billboard!  @mrxlayermanager:318
[17:25:48.740] [lua] (nPendingOps = 336)  @mrxlayermanager:324
[17:25:48.748] [lua] Loading vz_state_jetcon001_copterattack (static: false)  @mrxlayermanager:375
[17:25:48.756] [lua] true	Unable to load layer vz_state_jetcon001_copterattack  @mrxlayermanager:403
[17:25:48.764] [lua] Request fulfilled: Load layer vz_mar_outskirt_roads (static: nil)  @mrxlayermanager:446
[17:25:48.773] [lua] Layer request 1: 41 of 170 complete  @mrxlayermanager:479
[17:25:48.782] [lua] Culling op for layer vz_mar_outskirt_roads!  @mrxlayermanager:318
[17:25:48.790] [lua] (nPendingOps = 335)  @mrxlayermanager:324
[17:25:48.798] [lua] Loading vz_state_oiljob011_04_pristine (static: false)  @mrxlayermanager:375
[17:25:48.807] [lua] true	Unable to load layer vz_state_oiljob011_04_pristine  @mrxlayermanager:403
[17:25:48.816] [lua] Request fulfilled: Load layer vz_state_oiljob001_pristine (static: nil)  @mrxlayermanager:446
[17:25:48.824] [lua] Layer request 2: 33 of 238 complete  @mrxlayermanager:479
[17:25:48.832] [lua] Culling op for layer vz_state_oiljob001_pristine!  @mrxlayermanager:318
[17:25:48.846] [lua] (nPendingOps = 334)  @mrxlayermanager:324
[17:25:48.854] [lua] Loading vz_state_alljob009_02_pristine (static: false)  @mrxlayermanager:375
[17:25:48.863] [lua] true	Unable to load layer vz_state_alljob009_02_pristine  @mrxlayermanager:403
[17:25:48.873] [lua] Request fulfilled: Load layer vz_state_angel_falls_act1 (static: nil)  @mrxlayermanager:446
[17:25:48.880] [lua] Layer request 2: 34 of 238 complete  @mrxlayermanager:479
[17:25:48.890] [lua] Culling op for layer vz_state_angel_falls_act1!  @mrxlayermanager:318
[17:25:48.898] [lua] (nPendingOps = 333)  @mrxlayermanager:324
[17:25:48.905] [lua] Loading vz_jungle_mountain_billboard (static: true)  @mrxlayermanager:375
[17:25:48.915] [lua] true	Unable to load layer vz_jungle_mountain_billboard  @mrxlayermanager:403
[17:25:48.925] [lua] Request fulfilled: Load layer vz_state_oiljob008_a_pristine (static: nil)  @mrxlayermanager:446
[17:25:48.935] [lua] Layer request 2: 35 of 238 complete  @mrxlayermanager:479
[17:25:48.943] [lua] Culling op for layer vz_state_oiljob008_a_pristine!  @mrxlayermanager:318
[17:25:48.953] [lua] (nPendingOps = 332)  @mrxlayermanager:324
[17:25:48.961] [lua] Loading vz_state_chijob006_e_destroyed (static: false)  @mrxlayermanager:375
[17:25:48.970] [lua] true	Unable to load layer vz_state_chijob006_e_destroyed  @mrxlayermanager:403
[17:25:48.979] [lua] Request fulfilled: Load layer vz_jungle_mountain_billboard (static: nil)  @mrxlayermanager:446
[17:25:48.988] [lua] Layer request 1: 42 of 170 complete  @mrxlayermanager:479
[17:25:48.995] [lua] Culling op for layer vz_jungle_mountain_billboard!  @mrxlayermanager:318
[17:25:49.005] [lua] (nPendingOps = 331)  @mrxlayermanager:324
[17:25:49.013] [lua] Loading vz_state_oiljob005_captured (static: false)  @mrxlayermanager:375
[17:25:49.021] [lua] true	Unable to load layer vz_state_oiljob005_captured  @mrxlayermanager:403
[17:25:49.030] [lua] Request fulfilled: Load layer vz_state_chicon054_pristine (static: nil)  @mrxlayermanager:446
[17:25:49.038] [lua] Layer request 2: 36 of 238 complete  @mrxlayermanager:479
[17:25:49.047] [lua] Culling op for layer vz_state_chicon054_pristine!  @mrxlayermanager:318
[17:25:49.055] [lua] (nPendingOps = 330)  @mrxlayermanager:324
[17:25:49.063] [lua] Loading vz_cum_fortress (static: true)  @mrxlayermanager:375
[17:25:49.071] [lua] true	Unable to load layer vz_cum_fortress  @mrxlayermanager:403
[17:25:49.082] [lua] Request fulfilled: Load layer vz_cum_fortress (static: nil)  @mrxlayermanager:446
[17:25:49.090] [lua] Layer request 1: 43 of 170 complete  @mrxlayermanager:479
[17:25:49.098] [lua] Culling op for layer vz_cum_fortress!  @mrxlayermanager:318
[17:25:49.107] [lua] (nPendingOps = 329)  @mrxlayermanager:324
[17:25:49.116] [lua] Loading vz_guanare_road (static: true)  @mrxlayermanager:375
[17:25:49.125] [lua] true	Unable to load layer vz_guanare_road  @mrxlayermanager:403
[17:25:49.133] [lua] Request fulfilled: Load layer vz_state_chicon006_b_pristine (static: nil)  @mrxlayermanager:446
[17:25:49.141] [lua] Layer request 2: 37 of 238 complete  @mrxlayermanager:479
[17:25:49.150] [lua] Culling op for layer vz_state_chicon006_b_pristine!  @mrxlayermanager:318
[17:25:49.159] [lua] (nPendingOps = 328)  @mrxlayermanager:324
[17:25:49.167] [lua] Loading vz_mer_outskirt (static: true)  @mrxlayermanager:375
[17:25:49.175] [lua] true	Unable to load layer vz_mer_outskirt  @mrxlayermanager:403
[17:25:49.185] [lua] Request fulfilled: Load layer vz_guanare_road (static: nil)  @mrxlayermanager:446
[17:25:49.193] [lua] Layer request 1: 44 of 170 complete  @mrxlayermanager:479
[17:25:49.202] [lua] Culling op for layer vz_guanare_road!  @mrxlayermanager:318
[17:25:49.210] [lua] (nPendingOps = 327)  @mrxlayermanager:324
[17:25:49.219] [lua] Loading vz_state_alljob009_04_pristine (static: false)  @mrxlayermanager:375
[17:25:49.227] [lua] true	Unable to load layer vz_state_alljob009_04_pristine  @mrxlayermanager:403
[17:25:49.239] [lua] Request fulfilled: Load layer vz_mer_outskirt (static: nil)  @mrxlayermanager:446
[17:25:49.247] [lua] Layer request 1: 45 of 170 complete  @mrxlayermanager:479
[17:25:49.255] [lua] Culling op for layer vz_mer_outskirt!  @mrxlayermanager:318
[17:25:49.264] [lua] (nPendingOps = 326)  @mrxlayermanager:324
[17:25:49.272] [lua] Loading vz_angel_falls_foilage (static: true)  @mrxlayermanager:375
[17:25:49.280] [lua] true	Unable to load layer vz_angel_falls_foilage  @mrxlayermanager:403
[17:25:49.289] [lua] Request fulfilled: Load layer vz_state_oiljob005_captured (static: nil)  @mrxlayermanager:446
[17:25:49.297] [lua] Layer request 2: 38 of 238 complete  @mrxlayermanager:479
[17:25:49.305] [lua] Culling op for layer vz_state_oiljob005_captured!  @mrxlayermanager:318
[17:25:49.313] [lua] (nPendingOps = 325)  @mrxlayermanager:324
[17:25:49.321] [lua] Loading vz_guanare_tiny (static: true)  @mrxlayermanager:375
[17:25:49.330] [lua] true	Unable to load layer vz_guanare_tiny  @mrxlayermanager:403
[17:25:49.339] [lua] Request fulfilled: Load layer vz_angel_falls_foilage (static: nil)  @mrxlayermanager:446
[17:25:49.347] [lua] Layer request 1: 46 of 170 complete  @mrxlayermanager:479
[17:25:49.356] [lua] Culling op for layer vz_angel_falls_foilage!  @mrxlayermanager:318
[17:25:49.366] [lua] (nPendingOps = 324)  @mrxlayermanager:324
[17:25:49.374] [lua] Loading vz_all_job001_a (static: true)  @mrxlayermanager:375
[17:25:49.382] [lua] true	Unable to load layer vz_all_job001_a  @mrxlayermanager:403
[17:25:49.390] [lua] Request fulfilled: Load layer vz_state_chijob006_e_destroyed (static: nil)  @mrxlayermanager:446
[17:25:49.399] [lua] Layer request 2: 39 of 238 complete  @mrxlayermanager:479
[17:25:49.407] [lua] Culling op for layer vz_state_chijob006_e_destroyed!  @mrxlayermanager:318
[17:25:49.415] [lua] (nPendingOps = 323)  @mrxlayermanager:324
[17:25:49.424] [lua] Loading vz_cum_billboard (static: true)  @mrxlayermanager:375
[17:25:49.432] [lua] true	Unable to load layer vz_cum_billboard  @mrxlayermanager:403
[17:25:49.440] [lua] Request fulfilled: Load layer vz_guanare_tiny (static: nil)  @mrxlayermanager:446
[17:25:49.448] [lua] Layer request 1: 47 of 170 complete  @mrxlayermanager:479
[17:25:49.457] [lua] Culling op for layer vz_guanare_tiny!  @mrxlayermanager:318
[17:25:49.465] [lua] (nPendingOps = 322)  @mrxlayermanager:324
[17:25:49.473] [lua] Loading vz_state_allcon002_boats (static: false)  @mrxlayermanager:375
[17:25:49.481] [lua] true	Unable to load layer vz_state_allcon002_boats  @mrxlayermanager:403
[17:25:49.493] [lua] Request fulfilled: Load layer vz_all_job001_a (static: nil)  @mrxlayermanager:446
[17:25:49.500] [lua] Layer request 1: 48 of 170 complete  @mrxlayermanager:479
[17:25:49.509] [lua] Culling op for layer vz_all_job001_a!  @mrxlayermanager:318
[17:25:49.518] [lua] (nPendingOps = 321)  @mrxlayermanager:324
[17:25:49.526] [lua] Loading vz_state_gua_upperclass_pristine (static: false)  @mrxlayermanager:375
[17:25:49.534] [lua] true	Unable to load layer vz_state_gua_upperclass_pristine  @mrxlayermanager:403
[17:25:49.543] [lua] Request fulfilled: Load layer vz_state_cashpickups (static: nil)  @mrxlayermanager:446
[17:25:49.551] [lua] Layer request 2: 40 of 238 complete  @mrxlayermanager:479
[17:25:49.560] [lua] Culling op for layer vz_state_cashpickups!  @mrxlayermanager:318
[17:25:49.568] [lua] (nPendingOps = 320)  @mrxlayermanager:324
[17:25:49.577] [lua] Loading vz_oil_job011_c (static: true)  @mrxlayermanager:375
[17:25:49.585] [lua] true	Unable to load layer vz_oil_job011_c  @mrxlayermanager:403
[17:25:49.593] [lua] Request fulfilled: Load layer vz_cum_billboard (static: nil)  @mrxlayermanager:446
[17:25:49.600] [lua] Layer request 1: 49 of 170 complete  @mrxlayermanager:479
[17:25:49.609] [lua] Culling op for layer vz_cum_billboard!  @mrxlayermanager:318
[17:25:49.618] [lua] (nPendingOps = 319)  @mrxlayermanager:324
[17:25:49.627] [lua] Loading vz_pir_job002_b (static: true)  @mrxlayermanager:375
[17:25:49.635] [lua] true	Unable to load layer vz_pir_job002_b  @mrxlayermanager:403
[17:25:49.644] [lua] Request fulfilled: Load layer vz_oil_job011_c (static: nil)  @mrxlayermanager:446
[17:25:49.657] [lua] Layer request 1: 50 of 170 complete  @mrxlayermanager:479
[17:25:49.667] [lua] Culling op for layer vz_oil_job011_c!  @mrxlayermanager:318
[17:25:49.677] [lua] (nPendingOps = 318)  @mrxlayermanager:324
[17:25:49.687] [lua] Loading vz_state_vza_con001 (static: false)  @mrxlayermanager:375
[17:25:49.696] [lua] true	Unable to load layer vz_state_vza_con001  @mrxlayermanager:403
[17:25:49.704] [lua] Request fulfilled: Load layer vz_state_jetcon001_copterattack (static: nil)  @mrxlayermanager:446
[17:25:49.712] [lua] Layer request 2: 41 of 238 complete  @mrxlayermanager:479
[17:25:49.724] [lua] Culling op for layer vz_state_jetcon001_copterattack!  @mrxlayermanager:318
[17:25:49.735] [lua] (nPendingOps = 317)  @mrxlayermanager:324
[17:25:49.747] [lua] Loading vz_state_oiljob012_03_staging (static: false)  @mrxlayermanager:375
[17:25:49.758] [lua] true	Unable to load layer vz_state_oiljob012_03_staging  @mrxlayermanager:403
[17:25:49.774] [lua] Request fulfilled: Load layer vz_pir_job002_b (static: nil)  @mrxlayermanager:446
[17:25:49.788] [lua] Layer request 1: 51 of 170 complete  @mrxlayermanager:479
[17:25:49.796] [lua] Culling op for layer vz_pir_job002_b!  @mrxlayermanager:318
[17:25:49.806] [lua] (nPendingOps = 316)  @mrxlayermanager:324
[17:25:49.815] [lua] Loading vz_state_pirjob007_f_destroyed (static: false)  @mrxlayermanager:375
[17:25:49.824] [lua] true	Unable to load layer vz_state_pirjob007_f_destroyed  @mrxlayermanager:403
[17:25:49.835] [lua] Request fulfilled: Load layer vz_state_alljob009_04_pristine (static: nil)  @mrxlayermanager:446
[17:25:49.845] [lua] Layer request 2: 42 of 238 complete  @mrxlayermanager:479
[17:25:49.854] [lua] Culling op for layer vz_state_alljob009_04_pristine!  @mrxlayermanager:318
[17:25:49.862] [lua] (nPendingOps = 315)  @mrxlayermanager:324
[17:25:49.872] [lua] Loading vz_state_gurjob011_08_destroyed (static: false)  @mrxlayermanager:375
[17:25:49.882] [lua] true	Unable to load layer vz_state_gurjob011_08_destroyed  @mrxlayermanager:403
[17:25:49.892] [lua] Request fulfilled: Load layer vz_state_alljob009_02_pristine (static: nil)  @mrxlayermanager:446
[17:25:49.900] [lua] Layer request 2: 43 of 238 complete  @mrxlayermanager:479
[17:25:49.909] [lua] Culling op for layer vz_state_alljob009_02_pristine!  @mrxlayermanager:318
[17:25:49.918] [lua] (nPendingOps = 314)  @mrxlayermanager:324
[17:25:49.927] [lua] Loading vz_state_margarita_act2 (static: false)  @mrxlayermanager:375
[17:25:49.937] [lua] true	Unable to load layer vz_state_margarita_act2  @mrxlayermanager:403
[17:25:49.953] [lua] Request fulfilled: Load layer vz_state_allcon002_boats (static: nil)  @mrxlayermanager:446
[17:25:49.961] [lua] Layer request 2: 44 of 238 complete  @mrxlayermanager:479
[17:25:49.971] [lua] Culling op for layer vz_state_allcon002_boats!  @mrxlayermanager:318
[17:25:49.983] [lua] (nPendingOps = 313)  @mrxlayermanager:324
[17:25:49.992] [lua] Loading vz_state_pirjob002_03_pristine (static: false)  @mrxlayermanager:375
[17:25:50.000] [lua] true	Unable to load layer vz_state_pirjob002_03_pristine  @mrxlayermanager:403
[17:25:50.013] [lua] Request fulfilled: Load layer vz_state_margarita_act2 (static: nil)  @mrxlayermanager:446
[17:25:50.021] [lua] Layer request 2: 45 of 238 complete  @mrxlayermanager:479
[17:25:50.035] [lua] Culling op for layer vz_state_margarita_act2!  @mrxlayermanager:318
[17:25:50.044] [lua] (nPendingOps = 312)  @mrxlayermanager:324
[17:25:50.052] [lua] Loading vz_state_alljob002_03_pristine (static: false)  @mrxlayermanager:375
[17:25:50.062] [lua] true	Unable to load layer vz_state_alljob002_03_pristine  @mrxlayermanager:403
[17:25:50.071] [lua] Request fulfilled: Load layer vz_state_alljob002_02_pristine (static: nil)  @mrxlayermanager:446
[17:25:50.082] [lua] Layer request 2: 46 of 238 complete  @mrxlayermanager:479
[17:25:50.090] [lua] Culling op for layer vz_state_alljob002_02_pristine!  @mrxlayermanager:318
[17:25:50.100] [lua] (nPendingOps = 311)  @mrxlayermanager:324
[17:25:50.108] [lua] Loading vz_chi_job001_a (static: true)  @mrxlayermanager:375
[17:25:50.120] [lua] true	Unable to load layer vz_chi_job001_a  @mrxlayermanager:403
[17:25:50.129] [lua] Request fulfilled: Load layer vz_state_alljob009_02_destroyed (static: nil)  @mrxlayermanager:446
[17:25:50.139] [lua] Layer request 2: 47 of 238 complete  @mrxlayermanager:479
[17:25:50.147] [lua] Culling op for layer vz_state_alljob009_02_destroyed!  @mrxlayermanager:318
[17:25:50.156] [lua] (nPendingOps = 310)  @mrxlayermanager:324
[17:25:50.163] [lua] Loading vz_state_gurjob012_04_pristine (static: false)  @mrxlayermanager:375
[17:25:50.172] [lua] true	Unable to load layer vz_state_gurjob012_04_pristine  @mrxlayermanager:403
[17:25:50.180] [lua] Request fulfilled: Load layer vz_chi_job001_a (static: nil)  @mrxlayermanager:446
[17:25:50.189] [lua] Layer request 1: 52 of 170 complete  @mrxlayermanager:479
[17:25:50.198] [lua] Culling op for layer vz_chi_job001_a!  @mrxlayermanager:318
[17:25:50.206] [lua] (nPendingOps = 309)  @mrxlayermanager:324
[17:25:50.214] [lua] Loading vz_state_vza_con001_post (static: false)  @mrxlayermanager:375
[17:25:50.223] [lua] true	Unable to load layer vz_state_vza_con001_post  @mrxlayermanager:403
[17:25:50.232] [lua] Request fulfilled: Load layer vz_state_oiljob011_04_pristine (static: nil)  @mrxlayermanager:446
[17:25:50.240] [lua] Layer request 2: 48 of 238 complete  @mrxlayermanager:479
[17:25:50.250] [lua] Culling op for layer vz_state_oiljob011_04_pristine!  @mrxlayermanager:318
[17:25:50.258] [lua] (nPendingOps = 308)  @mrxlayermanager:324
[17:25:50.267] [lua] Loading vz_state_alljob010_05_pristine (static: false)  @mrxlayermanager:375
[17:25:50.275] [lua] true	Unable to load layer vz_state_alljob010_05_pristine  @mrxlayermanager:403
[17:25:50.284] [lua] Request fulfilled: Load layer vz_state_gurjob012_04_pristine (static: nil)  @mrxlayermanager:446
[17:25:50.293] [lua] Layer request 2: 49 of 238 complete  @mrxlayermanager:479
[17:25:50.301] [lua] Culling op for layer vz_state_gurjob012_04_pristine!  @mrxlayermanager:318
[17:25:50.314] [lua] (nPendingOps = 307)  @mrxlayermanager:324
[17:25:50.322] [lua] Loading vz_state_gurjob002_04_pristine (static: false)  @mrxlayermanager:375
[17:25:50.330] [lua] true	Unable to load layer vz_state_gurjob002_04_pristine  @mrxlayermanager:403
[17:25:50.340] [lua] Request fulfilled: Load layer vz_state_pirjob002_03_pristine (static: nil)  @mrxlayermanager:446
[17:25:50.348] [lua] Layer request 2: 50 of 238 complete  @mrxlayermanager:479
[17:25:50.358] [lua] Culling op for layer vz_state_pirjob002_03_pristine!  @mrxlayermanager:318
[17:25:50.366] [lua] (nPendingOps = 306)  @mrxlayermanager:324
[17:25:50.374] [lua] Loading vz_state_pirjob012_01_pristine (static: false)  @mrxlayermanager:375
[17:25:50.382] [lua] true	Unable to load layer vz_state_pirjob012_01_pristine  @mrxlayermanager:403
[17:25:50.394] [lua] Request fulfilled: Load layer vz_state_vza_con001_post (static: nil)  @mrxlayermanager:446
[17:25:50.402] [lua] Layer request 2: 51 of 238 complete  @mrxlayermanager:479
[17:25:50.410] [lua] Culling op for layer vz_state_vza_con001_post!  @mrxlayermanager:318
[17:25:50.419] [lua] (nPendingOps = 305)  @mrxlayermanager:324
[17:25:50.427] [lua] Loading vz_state_oiljob008_i_pristine (static: false)  @mrxlayermanager:375
[17:25:50.435] [lua] true	Unable to load layer vz_state_oiljob008_i_pristine  @mrxlayermanager:403
[17:25:50.445] [lua] Request fulfilled: Load layer vz_state_gua_upperclass_pristine (static: nil)  @mrxlayermanager:446
[17:25:50.453] [lua] Layer request 2: 52 of 238 complete  @mrxlayermanager:479
[17:25:50.463] [lua] Culling op for layer vz_state_gua_upperclass_pristine!  @mrxlayermanager:318
[17:25:50.472] [lua] (nPendingOps = 304)  @mrxlayermanager:324
[17:25:50.480] [lua] Loading vz_state_munitions_freeplay (static: false)  @mrxlayermanager:375
[17:25:50.488] [lua] true	Unable to load layer vz_state_munitions_freeplay  @mrxlayermanager:403
[17:25:50.497] [lua] Request fulfilled: Load layer vz_state_vza_con001 (static: nil)  @mrxlayermanager:446
[17:25:50.505] [lua] Layer request 2: 53 of 238 complete  @mrxlayermanager:479
[17:25:50.513] [lua] Culling op for layer vz_state_vza_con001!  @mrxlayermanager:318
[17:25:50.522] [lua] (nPendingOps = 303)  @mrxlayermanager:324
[17:25:50.530] [lua] Loading vz_state_chi_fuel_amazon (static: false)  @mrxlayermanager:375
[17:25:50.539] [lua] true	Unable to load layer vz_state_chi_fuel_amazon  @mrxlayermanager:403
[17:25:50.548] [lua] Request fulfilled: Load layer vz_state_oiljob008_i_pristine (static: nil)  @mrxlayermanager:446
[17:25:50.558] [lua] Layer request 2: 54 of 238 complete  @mrxlayermanager:479
[17:25:50.567] [lua] Culling op for layer vz_state_oiljob008_i_pristine!  @mrxlayermanager:318
[17:25:50.575] [lua] (nPendingOps = 302)  @mrxlayermanager:324
[17:25:50.582] [lua] Loading vz_pmc (static: true)  @mrxlayermanager:375
[17:25:50.592] [lua] true	Unable to load layer vz_pmc  @mrxlayermanager:403
[17:25:50.606] [lua] Request fulfilled: Load layer vz_state_chi_fuel_amazon (static: nil)  @mrxlayermanager:446
[17:25:50.614] [lua] Layer request 2: 55 of 238 complete  @mrxlayermanager:479
[17:25:50.624] [lua] Culling op for layer vz_state_chi_fuel_amazon!  @mrxlayermanager:318
[17:25:50.632] [lua] (nPendingOps = 301)  @mrxlayermanager:324
[17:25:50.640] [lua] Loading vz_state_chijob001_01_pristine (static: false)  @mrxlayermanager:375
[17:25:50.648] [lua] true	Unable to load layer vz_state_chijob001_01_pristine  @mrxlayermanager:403
[17:25:50.656] [lua] Request fulfilled: Load layer vz_pmc (static: nil)  @mrxlayermanager:446
[17:25:50.666] [lua] Layer request 1: 53 of 170 complete  @mrxlayermanager:479
[17:25:50.674] [lua] Culling op for layer vz_pmc!  @mrxlayermanager:318
[17:25:50.682] [lua] (nPendingOps = 300)  @mrxlayermanager:324
[17:25:50.690] [lua] Loading vz_jet_con001 (static: true)  @mrxlayermanager:375
[17:25:50.698] [lua] true	Unable to load layer vz_jet_con001  @mrxlayermanager:403
[17:25:50.708] [lua] Request fulfilled: Load layer vz_state_pirjob012_01_pristine (static: nil)  @mrxlayermanager:446
[17:25:50.716] [lua] Layer request 2: 56 of 238 complete  @mrxlayermanager:479
[17:25:50.724] [lua] Culling op for layer vz_state_pirjob012_01_pristine!  @mrxlayermanager:318
[17:25:50.732] [lua] (nPendingOps = 299)  @mrxlayermanager:324
[17:25:50.740] [lua] Loading vz_state_gur_fuel_junglemountains (static: false)  @mrxlayermanager:375
[17:25:50.749] [lua] true	Unable to load layer vz_state_gur_fuel_junglemountains  @mrxlayermanager:403
[17:25:50.758] [lua] Request fulfilled: Load layer vz_jet_con001 (static: nil)  @mrxlayermanager:446
[17:25:50.766] [lua] Layer request 1: 54 of 170 complete  @mrxlayermanager:479
[17:25:50.777] [lua] Culling op for layer vz_jet_con001!  @mrxlayermanager:318
[17:25:50.785] [lua] (nPendingOps = 298)  @mrxlayermanager:324
[17:25:50.793] [lua] Loading vz_state_oiljob001_captured (static: false)  @mrxlayermanager:375
[17:25:50.801] [lua] true	Unable to load layer vz_state_oiljob001_captured  @mrxlayermanager:403
[17:25:50.812] [lua] Request fulfilled: Load layer vz_state_gurjob011_08_destroyed (static: nil)  @mrxlayermanager:446
[17:25:50.820] [lua] Layer request 2: 57 of 238 complete  @mrxlayermanager:479
[17:25:50.828] [lua] Culling op for layer vz_state_gurjob011_08_destroyed!  @mrxlayermanager:318
[17:25:50.837] [lua] (nPendingOps = 297)  @mrxlayermanager:324
[17:25:50.844] [lua] Loading vz_sfx_ambience (static: true)  @mrxlayermanager:375
[17:25:50.853] [lua] true	Unable to load layer vz_sfx_ambience  @mrxlayermanager:403
[17:25:50.866] [lua] Request fulfilled: Load layer vz_sfx_ambience (static: nil)  @mrxlayermanager:446
[17:25:50.874] [lua] Layer request 1: 55 of 170 complete  @mrxlayermanager:479
[17:25:50.883] [lua] Culling op for layer vz_sfx_ambience!  @mrxlayermanager:318
[17:25:50.890] [lua] (nPendingOps = 296)  @mrxlayermanager:324
[17:25:50.899] [lua] Loading vz_state_gurjob002_05_pristine (static: false)  @mrxlayermanager:375
[17:25:50.912] [lua] true	Unable to load layer vz_state_gurjob002_05_pristine  @mrxlayermanager:403
[17:25:50.920] [lua] Request fulfilled: Load layer vz_state_gur_fuel_junglemountains (static: nil)  @mrxlayermanager:446
[17:25:50.930] [lua] Layer request 2: 58 of 238 complete  @mrxlayermanager:479
[17:25:50.938] [lua] Culling op for layer vz_state_gur_fuel_junglemountains!  @mrxlayermanager:318
[17:25:50.946] [lua] (nPendingOps = 295)  @mrxlayermanager:324
[17:25:50.954] [lua] Loading vz_chi_job010_e (static: true)  @mrxlayermanager:375
[17:25:50.963] [lua] true	Unable to load layer vz_chi_job010_e  @mrxlayermanager:403
[17:25:50.973] [lua] Request fulfilled: Load layer vz_state_pirjob007_f_destroyed (static: nil)  @mrxlayermanager:446
[17:25:50.980] [lua] Layer request 2: 59 of 238 complete  @mrxlayermanager:479
[17:25:50.992] [lua] Culling op for layer vz_state_pirjob007_f_destroyed!  @mrxlayermanager:318
[17:25:51.000] [lua] (nPendingOps = 294)  @mrxlayermanager:324
[17:25:51.009] [lua] Loading vz_state_gurjob002_02_pristine (static: false)  @mrxlayermanager:375
[17:25:51.017] [lua] true	Unable to load layer vz_state_gurjob002_02_pristine  @mrxlayermanager:403
[17:25:51.025] [lua] Request fulfilled: Load layer vz_chi_job010_e (static: nil)  @mrxlayermanager:446
[17:25:51.033] [lua] Layer request 1: 56 of 170 complete  @mrxlayermanager:479
[17:25:51.042] [lua] Culling op for layer vz_chi_job010_e!  @mrxlayermanager:318
[17:25:51.050] [lua] (nPendingOps = 293)  @mrxlayermanager:324
[17:25:51.058] [lua] Loading vz_state_alljob010_04_pristine (static: false)  @mrxlayermanager:375
[17:25:51.066] [lua] true	Unable to load layer vz_state_alljob010_04_pristine  @mrxlayermanager:403
[17:25:51.078] [lua] Request fulfilled: Load layer vz_state_oiljob012_03_staging (static: nil)  @mrxlayermanager:446
[17:25:51.087] [lua] Layer request 2: 60 of 238 complete  @mrxlayermanager:479
[17:25:51.094] [lua] Culling op for layer vz_state_oiljob012_03_staging!  @mrxlayermanager:318
[17:25:51.103] [lua] (nPendingOps = 292)  @mrxlayermanager:324
[17:25:51.111] [lua] Loading vz_state_chijob002_01_staging (static: false)  @mrxlayermanager:375
[17:25:51.120] [lua] true	Unable to load layer vz_state_chijob002_01_staging  @mrxlayermanager:403
[17:25:51.129] [lua] Request fulfilled: Load layer vz_state_alljob002_03_pristine (static: nil)  @mrxlayermanager:446
[17:25:51.138] [lua] Layer request 2: 61 of 238 complete  @mrxlayermanager:479
[17:25:51.147] [lua] Culling op for layer vz_state_alljob002_03_pristine!  @mrxlayermanager:318
[17:25:51.155] [lua] (nPendingOps = 291)  @mrxlayermanager:324
[17:25:51.165] [lua] Loading vz_state_gurjob003_pristine (static: false)  @mrxlayermanager:375
[17:25:51.173] [lua] true	Unable to load layer vz_state_gurjob003_pristine  @mrxlayermanager:403
[17:25:51.183] [lua] Request fulfilled: Load layer vz_state_alljob010_04_pristine (static: nil)  @mrxlayermanager:446
[17:25:51.190] [lua] Layer request 2: 62 of 238 complete  @mrxlayermanager:479
[17:25:51.199] [lua] Culling op for layer vz_state_alljob010_04_pristine!  @mrxlayermanager:318
[17:25:51.207] [lua] (nPendingOps = 290)  @mrxlayermanager:324
[17:25:51.215] [lua] Loading vz_chi_job001_b (static: true)  @mrxlayermanager:375
[17:25:51.224] [lua] true	Unable to load layer vz_chi_job001_b  @mrxlayermanager:403
[17:25:51.233] [lua] Request fulfilled: Load layer vz_state_gurjob002_04_pristine (static: nil)  @mrxlayermanager:446
[17:25:51.243] [lua] Layer request 2: 63 of 238 complete  @mrxlayermanager:479
[17:25:51.251] [lua] Culling op for layer vz_state_gurjob002_04_pristine!  @mrxlayermanager:318
[17:25:51.260] [lua] (nPendingOps = 289)  @mrxlayermanager:324
[17:25:51.269] [lua] Loading vz_jungle_mountain_tiny (static: true)  @mrxlayermanager:375
[17:25:51.278] [lua] true	Unable to load layer vz_jungle_mountain_tiny  @mrxlayermanager:403
[17:25:51.286] [lua] Request fulfilled: Load layer vz_chi_job001_b (static: nil)  @mrxlayermanager:446
[17:25:51.294] [lua] Layer request 1: 57 of 170 complete  @mrxlayermanager:479
[17:25:51.302] [lua] Culling op for layer vz_chi_job001_b!  @mrxlayermanager:318
[17:25:51.310] [lua] (nPendingOps = 288)  @mrxlayermanager:324
[17:25:51.319] [lua] Loading vz_state_chijob010_02_pristine (static: false)  @mrxlayermanager:375
[17:25:51.327] [lua] true	Unable to load layer vz_state_chijob010_02_pristine  @mrxlayermanager:403
[17:25:51.336] [lua] Request fulfilled: Load layer vz_jungle_mountain_tiny (static: nil)  @mrxlayermanager:446
[17:25:51.346] [lua] Layer request 1: 58 of 170 complete  @mrxlayermanager:479
[17:25:51.354] [lua] Culling op for layer vz_jungle_mountain_tiny!  @mrxlayermanager:318
[17:25:51.363] [lua] (nPendingOps = 287)  @mrxlayermanager:324
[17:25:51.370] [lua] Loading vz_state_alljob001_01_pristine (static: false)  @mrxlayermanager:375
[17:25:51.379] [lua] true	Unable to load layer vz_state_alljob001_01_pristine  @mrxlayermanager:403
[17:25:51.387] [lua] Request fulfilled: Load layer vz_state_alljob010_05_pristine (static: nil)  @mrxlayermanager:446
[17:25:51.396] [lua] Layer request 2: 64 of 238 complete  @mrxlayermanager:479
[17:25:51.404] [lua] Culling op for layer vz_state_alljob010_05_pristine!  @mrxlayermanager:318
[17:25:51.412] [lua] (nPendingOps = 286)  @mrxlayermanager:324
[17:25:51.420] [lua] Loading vz_amazon_foilage (static: true)  @mrxlayermanager:375
[17:25:51.429] [lua] true	Unable to load layer vz_amazon_foilage  @mrxlayermanager:403
[17:25:51.440] [lua] Request fulfilled: Load layer vz_state_munitions_freeplay (static: nil)  @mrxlayermanager:446
[17:25:51.448] [lua] Layer request 2: 65 of 238 complete  @mrxlayermanager:479
[17:25:51.458] [lua] Culling op for layer vz_state_munitions_freeplay!  @mrxlayermanager:318
[17:25:51.466] [lua] (nPendingOps = 285)  @mrxlayermanager:324
[17:25:51.478] [lua] Loading vz_state_gurjob011_02_destroyed (static: false)  @mrxlayermanager:375
[17:25:51.490] [lua] true	Unable to load layer vz_state_gurjob011_02_destroyed  @mrxlayermanager:403
[17:25:51.500] [lua] Request fulfilled: Load layer vz_amazon_foilage (static: nil)  @mrxlayermanager:446
[17:25:51.512] [lua] Layer request 1: 59 of 170 complete  @mrxlayermanager:479
[17:25:51.520] [lua] Culling op for layer vz_amazon_foilage!  @mrxlayermanager:318
[17:25:51.528] [lua] (nPendingOps = 284)  @mrxlayermanager:324
[17:25:51.537] [lua] Loading vz_state_pirjob002_03_captured (static: false)  @mrxlayermanager:375
[17:25:51.545] [lua] true	Unable to load layer vz_state_pirjob002_03_captured  @mrxlayermanager:403
[17:25:51.555] [lua] Request fulfilled: Load layer vz_state_chijob001_01_pristine (static: nil)  @mrxlayermanager:446
[17:25:51.563] [lua] Layer request 2: 66 of 238 complete  @mrxlayermanager:479
[17:25:51.571] [lua] Culling op for layer vz_state_chijob001_01_pristine!  @mrxlayermanager:318
[17:25:51.580] [lua] (nPendingOps = 283)  @mrxlayermanager:324
[17:25:51.588] [lua] Loading vz_state_allcon002_officers (static: false)  @mrxlayermanager:375
[17:25:51.596] [lua] true	Unable to load layer vz_state_allcon002_officers  @mrxlayermanager:403
[17:25:51.607] [lua] Request fulfilled: Load layer vz_state_chijob002_01_staging (static: nil)  @mrxlayermanager:446
[17:25:51.615] [lua] Layer request 2: 67 of 238 complete  @mrxlayermanager:479
[17:25:51.623] [lua] Culling op for layer vz_state_chijob002_01_staging!  @mrxlayermanager:318
[17:25:51.634] [lua] (nPendingOps = 282)  @mrxlayermanager:324
[17:25:51.642] [lua] Loading vz_pmc_foilage (static: true)  @mrxlayermanager:375
[17:25:51.651] [lua] true	Unable to load layer vz_pmc_foilage  @mrxlayermanager:403
[17:25:51.661] [lua] Request fulfilled: Load layer vz_pmc_foilage (static: nil)  @mrxlayermanager:446
[17:25:51.669] [lua] Layer request 1: 60 of 170 complete  @mrxlayermanager:479
[17:25:51.677] [lua] Culling op for layer vz_pmc_foilage!  @mrxlayermanager:318
[17:25:51.685] [lua] (nPendingOps = 281)  @mrxlayermanager:324
[17:25:51.694] [lua] Loading vz_state_alljob010_03_pristine (static: false)  @mrxlayermanager:375
[17:25:51.707] [lua] true	Unable to load layer vz_state_alljob010_03_pristine  @mrxlayermanager:403
[17:25:51.715] [lua] Request fulfilled: Load layer vz_state_oiljob001_captured (static: nil)  @mrxlayermanager:446
[17:25:51.723] [lua] Layer request 2: 68 of 238 complete  @mrxlayermanager:479
[17:25:51.732] [lua] Culling op for layer vz_state_oiljob001_captured!  @mrxlayermanager:318
[17:25:51.740] [lua] (nPendingOps = 280)  @mrxlayermanager:324
[17:25:51.750] [lua] Loading vz_all_job010_c (static: true)  @mrxlayermanager:375
[17:25:51.759] [lua] true	Unable to load layer vz_all_job010_c  @mrxlayermanager:403
[17:25:51.769] [lua] Request fulfilled: Load layer vz_state_allcon002_officers (static: nil)  @mrxlayermanager:446
[17:25:51.777] [lua] Layer request 2: 69 of 238 complete  @mrxlayermanager:479
[17:25:51.784] [lua] Culling op for layer vz_state_allcon002_officers!  @mrxlayermanager:318
[17:25:51.795] [lua] (nPendingOps = 279)  @mrxlayermanager:324
[17:25:51.808] [lua] Loading vz_state_chijob002_03_staging (static: false)  @mrxlayermanager:375
[17:25:51.817] [lua] true	Unable to load layer vz_state_chijob002_03_staging  @mrxlayermanager:403
[17:25:51.824] [lua] Request fulfilled: Load layer vz_all_job010_c (static: nil)  @mrxlayermanager:446
[17:25:51.834] [lua] Layer request 1: 61 of 170 complete  @mrxlayermanager:479
[17:25:51.842] [lua] Culling op for layer vz_all_job010_c!  @mrxlayermanager:318
[17:25:51.853] [lua] (nPendingOps = 278)  @mrxlayermanager:324
[17:25:51.860] [lua] Loading vz_amazon_tiny (static: true)  @mrxlayermanager:375
[17:25:51.869] [lua] true	Unable to load layer vz_amazon_tiny  @mrxlayermanager:403
[17:25:51.882] [lua] Request fulfilled: Load layer vz_state_chijob010_02_pristine (static: nil)  @mrxlayermanager:446
[17:25:51.890] [lua] Layer request 2: 70 of 238 complete  @mrxlayermanager:479
[17:25:51.899] [lua] Culling op for layer vz_state_chijob010_02_pristine!  @mrxlayermanager:318
[17:25:51.907] [lua] (nPendingOps = 277)  @mrxlayermanager:324
[17:25:51.914] [lua] Loading vz_state_oiljob012_01_pristine (static: false)  @mrxlayermanager:375
[17:25:51.923] [lua] true	Unable to load layer vz_state_oiljob012_01_pristine  @mrxlayermanager:403
[17:25:51.931] [lua] Request fulfilled: Load layer vz_amazon_tiny (static: nil)  @mrxlayermanager:446
[17:25:51.940] [lua] Layer request 1: 62 of 170 complete  @mrxlayermanager:479
[17:25:51.948] [lua] Culling op for layer vz_amazon_tiny!  @mrxlayermanager:318
[17:25:51.956] [lua] (nPendingOps = 276)  @mrxlayermanager:324
[17:25:51.964] [lua] Loading vz_cum_outskirt (static: true)  @mrxlayermanager:375
[17:25:51.972] [lua] true	Unable to load layer vz_cum_outskirt  @mrxlayermanager:403
[17:25:51.981] [lua] Request fulfilled: Load layer vz_state_gurjob002_05_pristine (static: nil)  @mrxlayermanager:446
[17:25:51.990] [lua] Layer request 2: 71 of 238 complete  @mrxlayermanager:479
[17:25:51.998] [lua] Culling op for layer vz_state_gurjob002_05_pristine!  @mrxlayermanager:318
[17:25:52.007] [lua] (nPendingOps = 275)  @mrxlayermanager:324
[17:25:52.016] [lua] Loading vz_state_gurjob002_03_pristine (static: false)  @mrxlayermanager:375
[17:25:52.024] [lua] true	Unable to load layer vz_state_gurjob002_03_pristine  @mrxlayermanager:403
[17:25:52.033] [lua] Request fulfilled: Load layer vz_cum_outskirt (static: nil)  @mrxlayermanager:446
[17:25:52.042] [lua] Layer request 1: 63 of 170 complete  @mrxlayermanager:479
[17:25:52.050] [lua] Culling op for layer vz_cum_outskirt!  @mrxlayermanager:318
[17:25:52.060] [lua] (nPendingOps = 274)  @mrxlayermanager:324
[17:25:52.069] [lua] Loading vz_mar_village (static: true)  @mrxlayermanager:375
[17:25:52.077] [lua] true	Unable to load layer vz_mar_village  @mrxlayermanager:403
[17:25:52.087] [lua] Request fulfilled: Load layer vz_state_gurjob002_02_pristine (static: nil)  @mrxlayermanager:446
[17:25:52.102] [lua] Layer request 2: 72 of 238 complete  @mrxlayermanager:479
[17:25:52.110] [lua] Culling op for layer vz_state_gurjob002_02_pristine!  @mrxlayermanager:318
[17:25:52.130] [lua] (nPendingOps = 273)  @mrxlayermanager:324
[17:25:52.142] [lua] Loading vz_all_job002_e (static: true)  @mrxlayermanager:375
[17:25:52.154] [lua] true	Unable to load layer vz_all_job002_e  @mrxlayermanager:403
[17:25:52.162] [lua] Request fulfilled: Load layer vz_mar_village (static: nil)  @mrxlayermanager:446
[17:25:52.170] [lua] Layer request 1: 64 of 170 complete  @mrxlayermanager:479
[17:25:52.179] [lua] Culling op for layer vz_mar_village!  @mrxlayermanager:318
[17:25:52.187] [lua] (nPendingOps = 272)  @mrxlayermanager:324
[17:25:52.197] [lua] Loading vz_state_car_city_act2chi (static: false)  @mrxlayermanager:375
[17:25:52.205] [lua] true	Unable to load layer vz_state_car_city_act2chi  @mrxlayermanager:403
[17:25:52.218] [lua] Request fulfilled: Load layer vz_state_gurjob003_pristine (static: nil)  @mrxlayermanager:446
[17:25:52.226] [lua] Layer request 2: 73 of 238 complete  @mrxlayermanager:479
[17:25:52.234] [lua] Culling op for layer vz_state_gurjob003_pristine!  @mrxlayermanager:318
[17:25:52.242] [lua] (nPendingOps = 271)  @mrxlayermanager:324
[17:25:52.253] [lua] Loading vz_state_alljob002_01_pristine (static: false)  @mrxlayermanager:375
[17:25:52.260] [lua] true	Unable to load layer vz_state_alljob002_01_pristine  @mrxlayermanager:403
[17:25:52.269] [lua] Request fulfilled: Load layer vz_all_job002_e (static: nil)  @mrxlayermanager:446
[17:25:52.277] [lua] Layer request 1: 65 of 170 complete  @mrxlayermanager:479
[17:25:52.285] [lua] Culling op for layer vz_all_job002_e!  @mrxlayermanager:318
[17:25:52.294] [lua] (nPendingOps = 270)  @mrxlayermanager:324
[17:25:52.302] [lua] Loading vz_state_oil_fuel_maroutskirts (static: false)  @mrxlayermanager:375
[17:25:52.316] [lua] true	Unable to load layer vz_state_oil_fuel_maroutskirts  @mrxlayermanager:403
[17:25:52.327] [lua] Request fulfilled: Load layer vz_state_gurjob002_03_pristine (static: nil)  @mrxlayermanager:446
[17:25:52.335] [lua] Layer request 2: 74 of 238 complete  @mrxlayermanager:479
[17:25:52.344] [lua] Culling op for layer vz_state_gurjob002_03_pristine!  @mrxlayermanager:318
[17:25:52.352] [lua] (nPendingOps = 269)  @mrxlayermanager:324
[17:25:52.360] [lua] Loading vz_state_pirjob010_01_destroyed (static: false)  @mrxlayermanager:375
[17:25:52.368] [lua] true	Unable to load layer vz_state_pirjob010_01_destroyed  @mrxlayermanager:403
[17:25:52.380] [lua] Request fulfilled: Load layer vz_state_oil_fuel_maroutskirts (static: nil)  @mrxlayermanager:446
[17:25:52.388] [lua] Layer request 2: 75 of 238 complete  @mrxlayermanager:479
[17:25:52.396] [lua] Culling op for layer vz_state_oil_fuel_maroutskirts!  @mrxlayermanager:318
[17:25:52.404] [lua] (nPendingOps = 268)  @mrxlayermanager:324
[17:25:52.413] [lua] Loading vz_rover_camera_test (static: true)  @mrxlayermanager:375
[17:25:52.420] [lua] true	Unable to load layer vz_rover_camera_test  @mrxlayermanager:403
[17:25:52.430] [lua] Request fulfilled: Load layer vz_rover_camera_test (static: nil)  @mrxlayermanager:446
[17:25:52.439] [lua] Layer request 1: 66 of 170 complete  @mrxlayermanager:479
[17:25:52.448] [lua] Culling op for layer vz_rover_camera_test!  @mrxlayermanager:318
[17:25:52.457] [lua] (nPendingOps = 267)  @mrxlayermanager:324
[17:25:52.467] [lua] Loading vz_state_cumana_act1chi (static: false)  @mrxlayermanager:375
[17:25:52.475] [lua] true	Unable to load layer vz_state_cumana_act1chi  @mrxlayermanager:403
[17:25:52.484] [lua] Request fulfilled: Load layer vz_state_pirjob002_03_captured (static: nil)  @mrxlayermanager:446
[17:25:52.492] [lua] Layer request 2: 76 of 238 complete  @mrxlayermanager:479
[17:25:52.500] [lua] Culling op for layer vz_state_pirjob002_03_captured!  @mrxlayermanager:318
[17:25:52.508] [lua] (nPendingOps = 266)  @mrxlayermanager:324
[17:25:52.517] [lua] Loading vz_state_oiljob011_01_pristine (static: false)  @mrxlayermanager:375
[17:25:52.525] [lua] true	Unable to load layer vz_state_oiljob011_01_pristine  @mrxlayermanager:403
[17:25:52.534] [lua] Request fulfilled: Load layer vz_state_oiljob012_01_pristine (static: nil)  @mrxlayermanager:446
[17:25:52.542] [lua] Layer request 2: 77 of 238 complete  @mrxlayermanager:479
[17:25:52.553] [lua] Culling op for layer vz_state_oiljob012_01_pristine!  @mrxlayermanager:318
[17:25:52.562] [lua] (nPendingOps = 265)  @mrxlayermanager:324
[17:25:52.570] [lua] Loading vz_state_vzacon001_ruined (static: false)  @mrxlayermanager:375
[17:25:52.578] [lua] true	Unable to load layer vz_state_vzacon001_ruined  @mrxlayermanager:403
[17:25:52.588] [lua] Request fulfilled: Load layer vz_state_alljob001_01_pristine (static: nil)  @mrxlayermanager:446
[17:25:52.596] [lua] Layer request 2: 78 of 238 complete  @mrxlayermanager:479
[17:25:52.606] [lua] Culling op for layer vz_state_alljob001_01_pristine!  @mrxlayermanager:318
[17:25:52.614] [lua] (nPendingOps = 264)  @mrxlayermanager:324
[17:25:52.622] [lua] Loading vz_state_alljob009_01_destroyed (static: false)  @mrxlayermanager:375
[17:25:52.631] [lua] true	Unable to load layer vz_state_alljob009_01_destroyed  @mrxlayermanager:403
[17:25:52.640] [lua] Request fulfilled: Load layer vz_state_gurjob011_02_destroyed (static: nil)  @mrxlayermanager:446
[17:25:52.649] [lua] Layer request 2: 79 of 238 complete  @mrxlayermanager:479
[17:25:52.659] [lua] Culling op for layer vz_state_gurjob011_02_destroyed!  @mrxlayermanager:318
[17:25:52.668] [lua] (nPendingOps = 263)  @mrxlayermanager:324
[17:25:52.677] [lua] Loading vz_state_oilcon002_pristine (static: false)  @mrxlayermanager:375
[17:25:52.685] [lua] true	Unable to load layer vz_state_oilcon002_pristine  @mrxlayermanager:403
[17:25:52.695] [lua] Request fulfilled: Load layer vz_state_pirjob010_01_destroyed (static: nil)  @mrxlayermanager:446
[17:25:52.704] [lua] Layer request 2: 80 of 238 complete  @mrxlayermanager:479
[17:25:52.712] [lua] Culling op for layer vz_state_pirjob010_01_destroyed!  @mrxlayermanager:318
[17:25:52.720] [lua] (nPendingOps = 262)  @mrxlayermanager:324
[17:25:52.728] [lua] Loading vz_state_chijob006_b_destroyed (static: false)  @mrxlayermanager:375
[17:25:52.736] [lua] true	Unable to load layer vz_state_chijob006_b_destroyed  @mrxlayermanager:403
[17:25:52.746] [lua] Request fulfilled: Load layer vz_state_alljob010_03_pristine (static: nil)  @mrxlayermanager:446
[17:25:52.754] [lua] Layer request 2: 81 of 238 complete  @mrxlayermanager:479
[17:25:52.766] [lua] Culling op for layer vz_state_alljob010_03_pristine!  @mrxlayermanager:318
[17:25:52.774] [lua] (nPendingOps = 261)  @mrxlayermanager:324
[17:25:52.782] [lua] Loading vz_state_chijob002_04_pristine (static: false)  @mrxlayermanager:375
[17:25:52.790] [lua] true	Unable to load layer vz_state_chijob002_04_pristine  @mrxlayermanager:403
[17:25:52.800] [lua] Request fulfilled: Load layer vz_state_chijob002_03_staging (static: nil)  @mrxlayermanager:446
[17:25:52.810] [lua] Layer request 2: 82 of 238 complete  @mrxlayermanager:479
[17:25:52.818] [lua] Culling op for layer vz_state_chijob002_03_staging!  @mrxlayermanager:318
[17:25:52.828] [lua] (nPendingOps = 260)  @mrxlayermanager:324
[17:25:52.836] [lua] Loading vz_state_oiljob012_04_staging (static: false)  @mrxlayermanager:375
[17:25:52.844] [lua] true	Unable to load layer vz_state_oiljob012_04_staging  @mrxlayermanager:403
[17:25:52.854] [lua] Request fulfilled: Load layer vz_state_car_city_act2chi (static: nil)  @mrxlayermanager:446
[17:25:52.862] [lua] Layer request 2: 83 of 238 complete  @mrxlayermanager:479
[17:25:52.871] [lua] Culling op for layer vz_state_car_city_act2chi!  @mrxlayermanager:318
[17:25:52.880] [lua] (nPendingOps = 259)  @mrxlayermanager:324
[17:25:52.888] [lua] Loading vz_state_mer_commercialpristine (static: false)  @mrxlayermanager:375
[17:25:52.896] [lua] true	Unable to load layer vz_state_mer_commercialpristine  @mrxlayermanager:403
[17:25:52.907] [lua] Request fulfilled: Load layer vz_state_alljob002_01_pristine (static: nil)  @mrxlayermanager:446
[17:25:52.916] [lua] Layer request 2: 84 of 238 complete  @mrxlayermanager:479
[17:25:52.928] [lua] Culling op for layer vz_state_alljob002_01_pristine!  @mrxlayermanager:318
[17:25:52.937] [lua] (nPendingOps = 258)  @mrxlayermanager:324
[17:25:52.945] [lua] Loading vz_chi_job001_c (static: true)  @mrxlayermanager:375
[17:25:52.953] [lua] true	Unable to load layer vz_chi_job001_c  @mrxlayermanager:403
[17:25:52.963] [lua] Request fulfilled: Load layer vz_chi_job001_c (static: nil)  @mrxlayermanager:446
[17:25:52.970] [lua] Layer request 1: 67 of 170 complete  @mrxlayermanager:479
[17:25:52.979] [lua] Culling op for layer vz_chi_job001_c!  @mrxlayermanager:318
[17:25:52.987] [lua] (nPendingOps = 257)  @mrxlayermanager:324
[17:25:52.996] [lua] Loading vz_state_staging_chi_hq (static: false)  @mrxlayermanager:375
[17:25:53.004] [lua] true	Unable to load layer vz_state_staging_chi_hq  @mrxlayermanager:403
[17:25:53.013] [lua] Request fulfilled: Load layer vz_state_chijob002_04_pristine (static: nil)  @mrxlayermanager:446
[17:25:53.020] [lua] Layer request 2: 85 of 238 complete  @mrxlayermanager:479
[17:25:53.029] [lua] Culling op for layer vz_state_chijob002_04_pristine!  @mrxlayermanager:318
[17:25:53.038] [lua] (nPendingOps = 256)  @mrxlayermanager:324
[17:25:53.046] [lua] Loading vz_state_chijob009_a_destroyed (static: false)  @mrxlayermanager:375
[17:25:53.059] [lua] true	Unable to load layer vz_state_chijob009_a_destroyed  @mrxlayermanager:403
[17:25:53.069] [lua] Request fulfilled: Load layer vz_state_alljob009_01_destroyed (static: nil)  @mrxlayermanager:446
[17:25:53.077] [lua] Layer request 2: 86 of 238 complete  @mrxlayermanager:479
[17:25:53.086] [lua] Culling op for layer vz_state_alljob009_01_destroyed!  @mrxlayermanager:318
[17:25:53.094] [lua] (nPendingOps = 255)  @mrxlayermanager:324
[17:25:53.102] [lua] Loading vz_state_gurcon003_med (static: false)  @mrxlayermanager:375
[17:25:53.110] [lua] true	Unable to load layer vz_state_gurcon003_med  @mrxlayermanager:403
[17:25:53.120] [lua] Request fulfilled: Load layer vz_state_vzacon001_ruined (static: nil)  @mrxlayermanager:446
[17:25:53.128] [lua] Layer request 2: 87 of 238 complete  @mrxlayermanager:479
[17:25:53.137] [lua] Culling op for layer vz_state_vzacon001_ruined!  @mrxlayermanager:318
[17:25:53.145] [lua] (nPendingOps = 254)  @mrxlayermanager:324
[17:25:53.153] [lua] Loading vz_state_mer_big_lineregion (static: false)  @mrxlayermanager:375
[17:25:53.161] [lua] true	Unable to load layer vz_state_mer_big_lineregion  @mrxlayermanager:403
[17:25:53.171] [lua] Request fulfilled: Load layer vz_state_oiljob011_01_pristine (static: nil)  @mrxlayermanager:446
[17:25:53.181] [lua] Layer request 2: 88 of 238 complete  @mrxlayermanager:479
[17:25:53.189] [lua] Culling op for layer vz_state_oiljob011_01_pristine!  @mrxlayermanager:318
[17:25:53.198] [lua] (nPendingOps = 253)  @mrxlayermanager:324
[17:25:53.206] [lua] Loading vz_state_alljob005_01_destroyed (static: false)  @mrxlayermanager:375
[17:25:53.214] [lua] true	Unable to load layer vz_state_alljob005_01_destroyed  @mrxlayermanager:403
[17:25:53.225] [lua] Request fulfilled: Load layer vz_state_oiljob012_04_staging (static: nil)  @mrxlayermanager:446
[17:25:53.235] [lua] Layer request 2: 89 of 238 complete  @mrxlayermanager:479
[17:25:53.243] [lua] Culling op for layer vz_state_oiljob012_04_staging!  @mrxlayermanager:318
[17:25:53.252] [lua] (nPendingOps = 252)  @mrxlayermanager:324
[17:25:53.260] [lua] Loading vz_state_gurjob012_03_pristine (static: false)  @mrxlayermanager:375
[17:25:53.268] [lua] true	Unable to load layer vz_state_gurjob012_03_pristine  @mrxlayermanager:403
[17:25:53.278] [lua] Request fulfilled: Load layer vz_state_oilcon002_pristine (static: nil)  @mrxlayermanager:446
[17:25:53.286] [lua] Layer request 2: 90 of 238 complete  @mrxlayermanager:479
[17:25:53.295] [lua] Culling op for layer vz_state_oilcon002_pristine!  @mrxlayermanager:318
[17:25:53.303] [lua] (nPendingOps = 251)  @mrxlayermanager:324
[17:25:53.310] [lua] Loading vz_state_alljob005_02_destroyed (static: false)  @mrxlayermanager:375
[17:25:53.319] [lua] true	Unable to load layer vz_state_alljob005_02_destroyed  @mrxlayermanager:403
[17:25:53.329] [lua] Request fulfilled: Load layer vz_state_gurjob012_03_pristine (static: nil)  @mrxlayermanager:446
[17:25:53.338] [lua] Layer request 2: 91 of 238 complete  @mrxlayermanager:479
[17:25:53.346] [lua] Culling op for layer vz_state_gurjob012_03_pristine!  @mrxlayermanager:318
[17:25:53.354] [lua] (nPendingOps = 250)  @mrxlayermanager:324
[17:25:53.363] [lua] Loading vz_state_oiljob012_01_staging (static: false)  @mrxlayermanager:375
[17:25:53.373] [lua] true	Unable to load layer vz_state_oiljob012_01_staging  @mrxlayermanager:403
[17:25:53.383] [lua] Request fulfilled: Load layer vz_state_gurcon003_med (static: nil)  @mrxlayermanager:446
[17:25:53.390] [lua] Layer request 2: 92 of 238 complete  @mrxlayermanager:479
[17:25:53.399] [lua] Culling op for layer vz_state_gurcon003_med!  @mrxlayermanager:318
[17:25:53.410] [lua] (nPendingOps = 249)  @mrxlayermanager:324
[17:25:53.419] [lua] Loading vz_car_city (static: true)  @mrxlayermanager:375
[17:25:53.427] [lua] true	Unable to load layer vz_car_city  @mrxlayermanager:403
[17:25:53.437] [lua] Request fulfilled: Load layer vz_car_city (static: nil)  @mrxlayermanager:446
[17:25:53.445] [lua] Layer request 1: 68 of 170 complete  @mrxlayermanager:479
[17:25:53.453] [lua] Culling op for layer vz_car_city!  @mrxlayermanager:318
[17:25:53.462] [lua] (nPendingOps = 248)  @mrxlayermanager:324
[17:25:53.470] [lua] Loading vz_chi_job006_a (static: true)  @mrxlayermanager:375
[17:25:53.478] [lua] true	Unable to load layer vz_chi_job006_a  @mrxlayermanager:403
[17:25:53.490] [lua] Request fulfilled: Load layer vz_state_cumana_act1chi (static: nil)  @mrxlayermanager:446
[17:25:53.499] [lua] Layer request 2: 93 of 238 complete  @mrxlayermanager:479
[17:25:53.507] [lua] Culling op for layer vz_state_cumana_act1chi!  @mrxlayermanager:318
[17:25:53.515] [lua] (nPendingOps = 247)  @mrxlayermanager:324
[17:25:53.523] [lua] Loading vz_all_job010_d (static: true)  @mrxlayermanager:375
[17:25:53.531] [lua] true	Unable to load layer vz_all_job010_d  @mrxlayermanager:403
[17:25:53.541] [lua] Request fulfilled: Load layer vz_state_staging_chi_hq (static: nil)  @mrxlayermanager:446
[17:25:53.550] [lua] Layer request 2: 94 of 238 complete  @mrxlayermanager:479
[17:25:53.558] [lua] Culling op for layer vz_state_staging_chi_hq!  @mrxlayermanager:318
[17:25:53.566] [lua] (nPendingOps = 246)  @mrxlayermanager:324
[17:25:53.574] [lua] Loading vz_chi_job010_a (static: true)  @mrxlayermanager:375
[17:25:53.582] [lua] true	Unable to load layer vz_chi_job010_a  @mrxlayermanager:403
[17:25:53.590] [lua] Request fulfilled: Load layer vz_chi_job006_a (static: nil)  @mrxlayermanager:446
[17:25:53.599] [lua] Layer request 1: 69 of 170 complete  @mrxlayermanager:479
[17:25:53.607] [lua] Culling op for layer vz_chi_job006_a!  @mrxlayermanager:318
[17:25:53.616] [lua] (nPendingOps = 245)  @mrxlayermanager:324
[17:25:53.624] [lua] Loading vz_state_chicon005_b_pristine (static: false)  @mrxlayermanager:375
[17:25:53.632] [lua] true	Unable to load layer vz_state_chicon005_b_pristine  @mrxlayermanager:403
[17:25:53.640] [lua] Request fulfilled: Load layer vz_all_job010_d (static: nil)  @mrxlayermanager:446
[17:25:53.649] [lua] Layer request 1: 70 of 170 complete  @mrxlayermanager:479
[17:25:53.657] [lua] Culling op for layer vz_all_job010_d!  @mrxlayermanager:318
[17:25:53.666] [lua] (nPendingOps = 244)  @mrxlayermanager:324
[17:25:53.674] [lua] Loading vz_state_gurcon005_depot (static: false)  @mrxlayermanager:375
[17:25:53.682] [lua] true	Unable to load layer vz_state_gurcon005_depot  @mrxlayermanager:403
[17:25:53.692] [lua] Request fulfilled: Load layer vz_chi_job010_a (static: nil)  @mrxlayermanager:446
[17:25:53.700] [lua] Layer request 1: 71 of 170 complete  @mrxlayermanager:479
[17:25:53.710] [lua] Culling op for layer vz_chi_job010_a!  @mrxlayermanager:318
[17:25:53.718] [lua] (nPendingOps = 243)  @mrxlayermanager:324
[17:25:53.726] [lua] Loading vz_mar_industrial_roads (static: true)  @mrxlayermanager:375
[17:25:53.734] [lua] true	Unable to load layer vz_mar_industrial_roads  @mrxlayermanager:403
[17:25:53.742] [lua] Request fulfilled: Load layer vz_state_chijob006_b_destroyed (static: nil)  @mrxlayermanager:446
[17:25:53.750] [lua] Layer request 2: 95 of 238 complete  @mrxlayermanager:479
[17:25:53.758] [lua] Culling op for layer vz_state_chijob006_b_destroyed!  @mrxlayermanager:318
[17:25:53.768] [lua] (nPendingOps = 242)  @mrxlayermanager:324
[17:25:53.776] [lua] Loading vz_state_chijob005_b_destroyed (static: false)  @mrxlayermanager:375
[17:25:53.785] [lua] true	Unable to load layer vz_state_chijob005_b_destroyed  @mrxlayermanager:403
[17:25:53.794] [lua] Request fulfilled: Load layer vz_mar_industrial_roads (static: nil)  @mrxlayermanager:446
[17:25:53.802] [lua] Layer request 1: 72 of 170 complete  @mrxlayermanager:479
[17:25:53.810] [lua] Culling op for layer vz_mar_industrial_roads!  @mrxlayermanager:318
[17:25:53.819] [lua] (nPendingOps = 241)  @mrxlayermanager:324
[17:25:53.827] [lua] Loading vz_state_oiljob012_02_pristine (static: false)  @mrxlayermanager:375
[17:25:53.837] [lua] true	Unable to load layer vz_state_oiljob012_02_pristine  @mrxlayermanager:403
[17:25:53.845] [lua] Request fulfilled: Load layer vz_state_alljob005_01_destroyed (static: nil)  @mrxlayermanager:446
[17:25:53.855] [lua] Layer request 2: 96 of 238 complete  @mrxlayermanager:479
[17:25:53.863] [lua] Culling op for layer vz_state_alljob005_01_destroyed!  @mrxlayermanager:318
[17:25:53.872] [lua] (nPendingOps = 240)  @mrxlayermanager:324
[17:25:53.880] [lua] Loading vz_state_oiljob012_04_pristine (static: false)  @mrxlayermanager:375
[17:25:53.888] [lua] true	Unable to load layer vz_state_oiljob012_04_pristine  @mrxlayermanager:403
[17:25:53.898] [lua] Request fulfilled: Load layer vz_state_mer_big_lineregion (static: nil)  @mrxlayermanager:446
[17:25:53.906] [lua] Layer request 2: 97 of 238 complete  @mrxlayermanager:479
[17:25:53.917] [lua] Culling op for layer vz_state_mer_big_lineregion!  @mrxlayermanager:318
[17:25:53.924] [lua] (nPendingOps = 239)  @mrxlayermanager:324
[17:25:53.933] [lua] Loading vz_state_pirjob012_09_pristine (static: false)  @mrxlayermanager:375
[17:25:53.945] [lua] true	Unable to load layer vz_state_pirjob012_09_pristine  @mrxlayermanager:403
[17:25:53.955] [lua] Request fulfilled: Load layer vz_state_mer_commercialpristine (static: nil)  @mrxlayermanager:446
[17:25:53.963] [lua] Layer request 2: 98 of 238 complete  @mrxlayermanager:479
[17:25:53.972] [lua] Culling op for layer vz_state_mer_commercialpristine!  @mrxlayermanager:318
[17:25:53.981] [lua] (nPendingOps = 238)  @mrxlayermanager:324
[17:25:53.989] [lua] Loading vz_gur_job002_f (static: true)  @mrxlayermanager:375
[17:25:53.998] [lua] true	Unable to load layer vz_gur_job002_f  @mrxlayermanager:403
[17:25:54.007] [lua] Request fulfilled: Load layer vz_state_chijob009_a_destroyed (static: nil)  @mrxlayermanager:446
[17:25:54.018] [lua] Layer request 2: 99 of 238 complete  @mrxlayermanager:479
[17:25:54.026] [lua] Culling op for layer vz_state_chijob009_a_destroyed!  @mrxlayermanager:318
[17:25:54.034] [lua] (nPendingOps = 237)  @mrxlayermanager:324
[17:25:54.044] [lua] Loading vz_mer_dock (static: true)  @mrxlayermanager:375
[17:25:54.052] [lua] true	Unable to load layer vz_mer_dock  @mrxlayermanager:403
[17:25:54.060] [lua] Request fulfilled: Load layer vz_gur_job002_f (static: nil)  @mrxlayermanager:446
[17:25:54.071] [lua] Layer request 1: 73 of 170 complete  @mrxlayermanager:479
[17:25:54.080] [lua] Culling op for layer vz_gur_job002_f!  @mrxlayermanager:318
[17:25:54.088] [lua] (nPendingOps = 236)  @mrxlayermanager:324
[17:25:54.096] [lua] Loading vz_all_job001_d (static: true)  @mrxlayermanager:375
[17:25:54.104] [lua] true	Unable to load layer vz_all_job001_d  @mrxlayermanager:403
[17:25:54.114] [lua] Request fulfilled: Load layer vz_state_alljob005_02_destroyed (static: nil)  @mrxlayermanager:446
[17:25:54.122] [lua] Layer request 2: 100 of 238 complete  @mrxlayermanager:479
[17:25:54.130] [lua] Culling op for layer vz_state_alljob005_02_destroyed!  @mrxlayermanager:318
[17:25:54.139] [lua] (nPendingOps = 235)  @mrxlayermanager:324
[17:25:54.148] [lua] Loading vz_chi_con054 (static: true)  @mrxlayermanager:375
[17:25:54.156] [lua] true	Unable to load layer vz_chi_con054  @mrxlayermanager:403
[17:25:54.164] [lua] Request fulfilled: Load layer vz_mer_dock (static: nil)  @mrxlayermanager:446
[17:25:54.172] [lua] Layer request 1: 74 of 170 complete  @mrxlayermanager:479
[17:25:54.180] [lua] Culling op for layer vz_mer_dock!  @mrxlayermanager:318
[17:25:54.188] [lua] (nPendingOps = 234)  @mrxlayermanager:324
[17:25:54.196] [lua] Loading vz_chi_job002_a (static: true)  @mrxlayermanager:375
[17:25:54.205] [lua] true	Unable to load layer vz_chi_job002_a  @mrxlayermanager:403
[17:25:54.212] [lua] Request fulfilled: Load layer vz_all_job001_d (static: nil)  @mrxlayermanager:446
[17:25:54.220] [lua] Layer request 1: 75 of 170 complete  @mrxlayermanager:479
[17:25:54.232] [lua] Culling op for layer vz_all_job001_d!  @mrxlayermanager:318
[17:25:54.240] [lua] (nPendingOps = 233)  @mrxlayermanager:324
[17:25:54.249] [lua] Loading vz_pir_job012_d (static: true)  @mrxlayermanager:375
[17:25:54.257] [lua] true	Unable to load layer vz_pir_job012_d  @mrxlayermanager:403
[17:25:54.267] [lua] Request fulfilled: Load layer vz_chi_con054 (static: nil)  @mrxlayermanager:446
[17:25:54.277] [lua] Layer request 1: 76 of 170 complete  @mrxlayermanager:479
[17:25:54.285] [lua] Culling op for layer vz_chi_con054!  @mrxlayermanager:318
[17:25:54.294] [lua] (nPendingOps = 232)  @mrxlayermanager:324
[17:25:54.303] [lua] Loading vz_gur_job008_b (static: true)  @mrxlayermanager:375
[17:25:54.318] [lua] true	Unable to load layer vz_gur_job008_b  @mrxlayermanager:403
[17:25:54.331] [lua] Request fulfilled: Load layer vz_chi_job002_a (static: nil)  @mrxlayermanager:446
[17:25:54.342] [lua] Layer request 1: 77 of 170 complete  @mrxlayermanager:479
[17:25:54.350] [lua] Culling op for layer vz_chi_job002_a!  @mrxlayermanager:318
[17:25:54.358] [lua] (nPendingOps = 231)  @mrxlayermanager:324
[17:25:54.366] [lua] Loading vz_state_alljob002_05_pristine (static: false)  @mrxlayermanager:375
[17:25:54.375] [lua] true	Unable to load layer vz_state_alljob002_05_pristine  @mrxlayermanager:403
[17:25:54.383] [lua] Request fulfilled: Load layer vz_state_pirjob012_09_pristine (static: nil)  @mrxlayermanager:446
[17:25:54.390] [lua] Layer request 2: 101 of 238 complete  @mrxlayermanager:479
[17:25:54.402] [lua] Culling op for layer vz_state_pirjob012_09_pristine!  @mrxlayermanager:318
[17:25:54.410] [lua] (nPendingOps = 230)  @mrxlayermanager:324
[17:25:54.418] [lua] Loading vz_amazon_billboard (static: true)  @mrxlayermanager:375
[17:25:54.427] [lua] true	Unable to load layer vz_amazon_billboard  @mrxlayermanager:403
[17:25:54.435] [lua] Request fulfilled: Load layer vz_pir_job012_d (static: nil)  @mrxlayermanager:446
[17:25:54.443] [lua] Layer request 1: 78 of 170 complete  @mrxlayermanager:479
[17:25:54.450] [lua] Culling op for layer vz_pir_job012_d!  @mrxlayermanager:318
[17:25:54.460] [lua] (nPendingOps = 229)  @mrxlayermanager:324
[17:25:54.469] [lua] Loading vz_state_oiljob004 (static: false)  @mrxlayermanager:375
[17:25:54.478] [lua] true	Unable to load layer vz_state_oiljob004  @mrxlayermanager:403
[17:25:54.488] [lua] Request fulfilled: Load layer vz_gur_job008_b (static: nil)  @mrxlayermanager:446
[17:25:54.498] [lua] Layer request 1: 79 of 170 complete  @mrxlayermanager:479
[17:25:54.506] [lua] Culling op for layer vz_gur_job008_b!  @mrxlayermanager:318
[17:25:54.514] [lua] (nPendingOps = 228)  @mrxlayermanager:324
[17:25:54.522] [lua] Loading vz_gur_job002_h (static: true)  @mrxlayermanager:375
[17:25:54.530] [lua] true	Unable to load layer vz_gur_job002_h  @mrxlayermanager:403
[17:25:54.539] [lua] Request fulfilled: Load layer vz_state_gurcon005_depot (static: nil)  @mrxlayermanager:446
[17:25:54.547] [lua] Layer request 2: 102 of 238 complete  @mrxlayermanager:479
[17:25:54.555] [lua] Culling op for layer vz_state_gurcon005_depot!  @mrxlayermanager:318
[17:25:54.564] [lua] (nPendingOps = 227)  @mrxlayermanager:324
[17:25:54.572] [lua] Loading vz_state_pirjob002_02_captured (static: false)  @mrxlayermanager:375
[17:25:54.580] [lua] true	Unable to load layer vz_state_pirjob002_02_captured  @mrxlayermanager:403
[17:25:54.588] [lua] Request fulfilled: Load layer vz_amazon_billboard (static: nil)  @mrxlayermanager:446
[17:25:54.596] [lua] Layer request 1: 80 of 170 complete  @mrxlayermanager:479
[17:25:54.605] [lua] Culling op for layer vz_amazon_billboard!  @mrxlayermanager:318
[17:25:54.613] [lua] (nPendingOps = 226)  @mrxlayermanager:324
[17:25:54.621] [lua] Loading vz_state_gurjob011_05_destroyed (static: false)  @mrxlayermanager:375
[17:25:54.630] [lua] true	Unable to load layer vz_state_gurjob011_05_destroyed  @mrxlayermanager:403
[17:25:54.640] [lua] Request fulfilled: Load layer vz_gur_job002_h (static: nil)  @mrxlayermanager:446
[17:25:54.648] [lua] Layer request 1: 81 of 170 complete  @mrxlayermanager:479
[17:25:54.656] [lua] Culling op for layer vz_gur_job002_h!  @mrxlayermanager:318
[17:25:54.664] [lua] (nPendingOps = 225)  @mrxlayermanager:324
[17:25:54.672] [lua] Loading vz_state_pirjob002_02_pristine (static: false)  @mrxlayermanager:375
[17:25:54.680] [lua] true	Unable to load layer vz_state_pirjob002_02_pristine  @mrxlayermanager:403
[17:25:54.688] [lua] Request fulfilled: Load layer vz_state_oiljob012_01_staging (static: nil)  @mrxlayermanager:446
[17:25:54.698] [lua] Layer request 2: 103 of 238 complete  @mrxlayermanager:479
[17:25:54.707] [lua] Culling op for layer vz_state_oiljob012_01_staging!  @mrxlayermanager:318
[17:25:54.715] [lua] (nPendingOps = 224)  @mrxlayermanager:324
[17:25:54.723] [lua] Loading vz_pir_job012_j (static: true)  @mrxlayermanager:375
[17:25:54.731] [lua] true	Unable to load layer vz_pir_job012_j  @mrxlayermanager:403
[17:25:54.741] [lua] Request fulfilled: Load layer vz_state_chicon005_b_pristine (static: nil)  @mrxlayermanager:446
[17:25:54.749] [lua] Layer request 2: 104 of 238 complete  @mrxlayermanager:479
[17:25:54.758] [lua] Culling op for layer vz_state_chicon005_b_pristine!  @mrxlayermanager:318
[17:25:54.766] [lua] (nPendingOps = 223)  @mrxlayermanager:324
[17:25:54.775] [lua] Loading vz_state_pirjob012_10_pristine (static: false)  @mrxlayermanager:375
[17:25:54.783] [lua] true	Unable to load layer vz_state_pirjob012_10_pristine  @mrxlayermanager:403
[17:25:54.791] [lua] Request fulfilled: Load layer vz_pir_job012_j (static: nil)  @mrxlayermanager:446
[17:25:54.799] [lua] Layer request 1: 82 of 170 complete  @mrxlayermanager:479
[17:25:54.807] [lua] Culling op for layer vz_pir_job012_j!  @mrxlayermanager:318
[17:25:54.815] [lua] (nPendingOps = 222)  @mrxlayermanager:324
[17:25:54.824] [lua] Loading vz_state_margarita_crash (static: false)  @mrxlayermanager:375
[17:25:54.833] [lua] true	Unable to load layer vz_state_margarita_crash  @mrxlayermanager:403
[17:25:54.842] [lua] Request fulfilled: Load layer vz_state_gurjob011_05_destroyed (static: nil)  @mrxlayermanager:446
[17:25:54.850] [lua] Layer request 2: 105 of 238 complete  @mrxlayermanager:479
[17:25:54.858] [lua] Culling op for layer vz_state_gurjob011_05_destroyed!  @mrxlayermanager:318
[17:25:54.870] [lua] (nPendingOps = 221)  @mrxlayermanager:324
[17:25:54.877] [lua] Loading vz_state_oiljob011_05_pristine (static: false)  @mrxlayermanager:375
[17:25:54.886] [lua] true	Unable to load layer vz_state_oiljob011_05_pristine  @mrxlayermanager:403
[17:25:54.896] [lua] Request fulfilled: Load layer vz_state_oiljob012_04_pristine (static: nil)  @mrxlayermanager:446
[17:25:54.904] [lua] Layer request 2: 106 of 238 complete  @mrxlayermanager:479
[17:25:54.915] [lua] Culling op for layer vz_state_oiljob012_04_pristine!  @mrxlayermanager:318
[17:25:54.923] [lua] (nPendingOps = 220)  @mrxlayermanager:324
[17:25:54.931] [lua] Loading vz_car_shanty_roads (static: true)  @mrxlayermanager:375
[17:25:54.939] [lua] true	Unable to load layer vz_car_shanty_roads  @mrxlayermanager:403
[17:25:54.949] [lua] Request fulfilled: Load layer vz_car_shanty_roads (static: nil)  @mrxlayermanager:446
[17:25:54.957] [lua] Layer request 1: 83 of 170 complete  @mrxlayermanager:479
[17:25:54.966] [lua] Culling op for layer vz_car_shanty_roads!  @mrxlayermanager:318
[17:25:54.974] [lua] (nPendingOps = 219)  @mrxlayermanager:324
[17:25:54.982] [lua] Loading vz_pmc_scrub (static: true)  @mrxlayermanager:375
[17:25:54.990] [lua] true	Unable to load layer vz_pmc_scrub  @mrxlayermanager:403
[17:25:54.998] [lua] Request fulfilled: Load layer vz_state_oiljob004 (static: nil)  @mrxlayermanager:446
[17:25:55.007] [lua] Layer request 2: 107 of 238 complete  @mrxlayermanager:479
[17:25:55.015] [lua] Culling op for layer vz_state_oiljob004!  @mrxlayermanager:318
[17:25:55.025] [lua] (nPendingOps = 218)  @mrxlayermanager:324
[17:25:55.033] [lua] Loading vz_oil_job011_g (static: true)  @mrxlayermanager:375
[17:25:55.041] [lua] true	Unable to load layer vz_oil_job011_g  @mrxlayermanager:403
[17:25:55.053] [lua] Request fulfilled: Load layer vz_state_pirjob002_02_captured (static: nil)  @mrxlayermanager:446
[17:25:55.061] [lua] Layer request 2: 108 of 238 complete  @mrxlayermanager:479
[17:25:55.069] [lua] Culling op for layer vz_state_pirjob002_02_captured!  @mrxlayermanager:318
[17:25:55.079] [lua] (nPendingOps = 217)  @mrxlayermanager:324
[17:25:55.087] [lua] Loading vz_state_oiljob002_captured (static: false)  @mrxlayermanager:375
[17:25:55.095] [lua] true	Unable to load layer vz_state_oiljob002_captured  @mrxlayermanager:403
[17:25:55.104] [lua] Request fulfilled: Load layer vz_pmc_scrub (static: nil)  @mrxlayermanager:446
[17:25:55.112] [lua] Layer request 1: 84 of 170 complete  @mrxlayermanager:479
[17:25:55.122] [lua] Culling op for layer vz_pmc_scrub!  @mrxlayermanager:318
[17:25:55.130] [lua] (nPendingOps = 216)  @mrxlayermanager:324
[17:25:55.138] [lua] Loading vz_state_chicon054_staging (static: false)  @mrxlayermanager:375
[17:25:55.147] [lua] true	Unable to load layer vz_state_chicon054_staging  @mrxlayermanager:403
[17:25:55.155] [lua] Request fulfilled: Load layer vz_oil_job011_g (static: nil)  @mrxlayermanager:446
[17:25:55.166] [lua] Layer request 1: 85 of 170 complete  @mrxlayermanager:479
[17:25:55.174] [lua] Culling op for layer vz_oil_job011_g!  @mrxlayermanager:318
[17:25:55.182] [lua] (nPendingOps = 215)  @mrxlayermanager:324
[17:25:55.190] [lua] Loading vz_state_oiljob011_02_pristine (static: false)  @mrxlayermanager:375
[17:25:55.199] [lua] true	Unable to load layer vz_state_oiljob011_02_pristine  @mrxlayermanager:403
[17:25:55.210] [lua] Request fulfilled: Load layer vz_state_oiljob012_02_pristine (static: nil)  @mrxlayermanager:446
[17:25:55.218] [lua] Layer request 2: 109 of 238 complete  @mrxlayermanager:479
[17:25:55.227] [lua] Culling op for layer vz_state_oiljob012_02_pristine!  @mrxlayermanager:318
[17:25:55.236] [lua] (nPendingOps = 214)  @mrxlayermanager:324
[17:25:55.246] [lua] Loading vz_state_mar_industrial_pristine (static: false)  @mrxlayermanager:375
[17:25:55.254] [lua] true	Unable to load layer vz_state_mar_industrial_pristine  @mrxlayermanager:403
[17:25:55.263] [lua] Request fulfilled: Load layer vz_state_pirjob002_02_pristine (static: nil)  @mrxlayermanager:446
[17:25:55.271] [lua] Layer request 2: 110 of 238 complete  @mrxlayermanager:479
[17:25:55.284] [lua] Culling op for layer vz_state_pirjob002_02_pristine!  @mrxlayermanager:318
[17:25:55.292] [lua] (nPendingOps = 213)  @mrxlayermanager:324
[17:25:55.300] [lua] Loading vz_state_gurjob007_01_destroyed (static: false)  @mrxlayermanager:375
[17:25:55.314] [lua] true	Unable to load layer vz_state_gurjob007_01_destroyed  @mrxlayermanager:403
[17:25:55.323] [lua] Request fulfilled: Load layer vz_state_chijob005_b_destroyed (static: nil)  @mrxlayermanager:446
[17:25:55.333] [lua] Layer request 2: 111 of 238 complete  @mrxlayermanager:479
[17:25:55.340] [lua] Culling op for layer vz_state_chijob005_b_destroyed!  @mrxlayermanager:318
[17:25:55.349] [lua] (nPendingOps = 212)  @mrxlayermanager:324
[17:25:55.357] [lua] Loading vz_pir_job012_b (static: true)  @mrxlayermanager:375
[17:25:55.365] [lua] true	Unable to load layer vz_pir_job012_b  @mrxlayermanager:403
[17:25:55.375] [lua] Request fulfilled: Load layer vz_pir_job012_b (static: nil)  @mrxlayermanager:446
[17:25:55.383] [lua] Layer request 1: 86 of 170 complete  @mrxlayermanager:479
[17:25:55.398] [lua] Culling op for layer vz_pir_job012_b!  @mrxlayermanager:318
[17:25:55.406] [lua] (nPendingOps = 211)  @mrxlayermanager:324
[17:25:55.415] [lua] Loading vz_state_alljob002_04_pristine (static: false)  @mrxlayermanager:375
[17:25:55.423] [lua] true	Unable to load layer vz_state_alljob002_04_pristine  @mrxlayermanager:403
[17:25:55.431] [lua] Request fulfilled: Load layer vz_state_alljob002_05_pristine (static: nil)  @mrxlayermanager:446
[17:25:55.440] [lua] Layer request 2: 112 of 238 complete  @mrxlayermanager:479
[17:25:55.448] [lua] Culling op for layer vz_state_alljob002_05_pristine!  @mrxlayermanager:318
[17:25:55.457] [lua] (nPendingOps = 210)  @mrxlayermanager:324
[17:25:55.465] [lua] Loading vz_state_chijob001_02_pristine (static: false)  @mrxlayermanager:375
[17:25:55.473] [lua] true	Unable to load layer vz_state_chijob001_02_pristine  @mrxlayermanager:403
[17:25:55.483] [lua] Request fulfilled: Load layer vz_state_pirjob012_10_pristine (static: nil)  @mrxlayermanager:446
[17:25:55.492] [lua] Layer request 2: 113 of 238 complete  @mrxlayermanager:479
[17:25:55.499] [lua] Culling op for layer vz_state_pirjob012_10_pristine!  @mrxlayermanager:318
[17:25:55.508] [lua] (nPendingOps = 209)  @mrxlayermanager:324
[17:25:55.520] [lua] Loading vz_angel_falls_tiny (static: true)  @mrxlayermanager:375
[17:25:55.529] [lua] true	Unable to load layer vz_angel_falls_tiny  @mrxlayermanager:403
[17:25:55.539] [lua] Request fulfilled: Load layer vz_angel_falls_tiny (static: nil)  @mrxlayermanager:446
[17:25:55.547] [lua] Layer request 1: 87 of 170 complete  @mrxlayermanager:479
[17:25:55.559] [lua] Culling op for layer vz_angel_falls_tiny!  @mrxlayermanager:318
[17:25:55.568] [lua] (nPendingOps = 208)  @mrxlayermanager:324
[17:25:55.576] [lua] Loading vz_state_pirjob007_e_staging (static: false)  @mrxlayermanager:375
[17:25:55.584] [lua] true	Unable to load layer vz_state_pirjob007_e_staging  @mrxlayermanager:403
[17:25:55.593] [lua] Request fulfilled: Load layer vz_state_margarita_crash (static: nil)  @mrxlayermanager:446
[17:25:55.601] [lua] Layer request 2: 114 of 238 complete  @mrxlayermanager:479
[17:25:55.613] [lua] Culling op for layer vz_state_margarita_crash!  @mrxlayermanager:318
[17:25:55.622] [lua] (nPendingOps = 207)  @mrxlayermanager:324
[17:25:55.629] [lua] Loading vz_state_chicon002_hq_destroyed (static: false)  @mrxlayermanager:375
[17:25:55.638] [lua] true	Unable to load layer vz_state_chicon002_hq_destroyed  @mrxlayermanager:403
[17:25:55.648] [lua] Request fulfilled: Load layer vz_state_mar_industrial_pristine (static: nil)  @mrxlayermanager:446
[17:25:55.657] [lua] Layer request 2: 115 of 238 complete  @mrxlayermanager:479
[17:25:55.665] [lua] Culling op for layer vz_state_mar_industrial_pristine!  @mrxlayermanager:318
[17:25:55.674] [lua] (nPendingOps = 206)  @mrxlayermanager:324
[17:25:55.682] [lua] Loading vz_state_gurjob012_01_pristine (static: false)  @mrxlayermanager:375
[17:25:55.690] [lua] true	Unable to load layer vz_state_gurjob012_01_pristine  @mrxlayermanager:403
[17:25:55.700] [lua] Request fulfilled: Load layer vz_state_oiljob002_captured (static: nil)  @mrxlayermanager:446
[17:25:55.709] [lua] Layer request 2: 116 of 238 complete  @mrxlayermanager:479
[17:25:55.717] [lua] Culling op for layer vz_state_oiljob002_captured!  @mrxlayermanager:318
[17:25:55.727] [lua] (nPendingOps = 205)  @mrxlayermanager:324
[17:25:55.735] [lua] Loading vz_gur_hq (static: true)  @mrxlayermanager:375
[17:25:55.743] [lua] true	Unable to load layer vz_gur_hq  @mrxlayermanager:403
[17:25:55.753] [lua] Request fulfilled: Load layer vz_state_chicon002_hq_destroyed (static: nil)  @mrxlayermanager:446
[17:25:55.767] [lua] Layer request 2: 117 of 238 complete  @mrxlayermanager:479
[17:25:55.775] [lua] Culling op for layer vz_state_chicon002_hq_destroyed!  @mrxlayermanager:318
[17:25:55.785] [lua] (nPendingOps = 204)  @mrxlayermanager:324
[17:25:55.794] [lua] Loading vz_mer_billboard (static: true)  @mrxlayermanager:375
[17:25:55.801] [lua] true	Unable to load layer vz_mer_billboard  @mrxlayermanager:403
[17:25:55.812] [lua] Request fulfilled: Load layer vz_gur_hq (static: nil)  @mrxlayermanager:446
[17:25:55.821] [lua] Layer request 1: 88 of 170 complete  @mrxlayermanager:479
[17:25:55.829] [lua] Culling op for layer vz_gur_hq!  @mrxlayermanager:318
[17:25:55.837] [lua] (nPendingOps = 203)  @mrxlayermanager:324
[17:25:55.846] [lua] Loading vz_state_alljob009_03_destroyed (static: false)  @mrxlayermanager:375
[17:25:55.854] [lua] true	Unable to load layer vz_state_alljob009_03_destroyed  @mrxlayermanager:403
[17:25:55.864] [lua] Request fulfilled: Load layer vz_mer_billboard (static: nil)  @mrxlayermanager:446
[17:25:55.871] [lua] Layer request 1: 89 of 170 complete  @mrxlayermanager:479
[17:25:55.880] [lua] Culling op for layer vz_mer_billboard!  @mrxlayermanager:318
[17:25:55.888] [lua] (nPendingOps = 202)  @mrxlayermanager:324
[17:25:55.903] [lua] Loading vz_state_mar_city_ruined (static: false)  @mrxlayermanager:375
[17:25:55.911] [lua] true	Unable to load layer vz_state_mar_city_ruined  @mrxlayermanager:403
[17:25:55.920] [lua] Request fulfilled: Load layer vz_state_chicon054_staging (static: nil)  @mrxlayermanager:446
[17:25:55.929] [lua] Layer request 2: 118 of 238 complete  @mrxlayermanager:479
[17:25:55.938] [lua] Culling op for layer vz_state_chicon054_staging!  @mrxlayermanager:318
[17:25:55.946] [lua] (nPendingOps = 201)  @mrxlayermanager:324
[17:25:55.954] [lua] Loading vz_oil_job011_e (static: true)  @mrxlayermanager:375
[17:25:55.962] [lua] true	Unable to load layer vz_oil_job011_e  @mrxlayermanager:403
[17:25:55.971] [lua] Request fulfilled: Load layer vz_state_pirjob007_e_staging (static: nil)  @mrxlayermanager:446
[17:25:55.980] [lua] Layer request 2: 119 of 238 complete  @mrxlayermanager:479
[17:25:55.990] [lua] Culling op for layer vz_state_pirjob007_e_staging!  @mrxlayermanager:318
[17:25:55.999] [lua] (nPendingOps = 200)  @mrxlayermanager:324
[17:25:56.007] [lua] Loading vz_all_job002_a (static: true)  @mrxlayermanager:375
[17:25:56.015] [lua] true	Unable to load layer vz_all_job002_a  @mrxlayermanager:403
[17:25:56.023] [lua] Request fulfilled: Load layer vz_oil_job011_e (static: nil)  @mrxlayermanager:446
[17:25:56.030] [lua] Layer request 1: 90 of 170 complete  @mrxlayermanager:479
[17:25:56.039] [lua] Culling op for layer vz_oil_job011_e!  @mrxlayermanager:318
[17:25:56.048] [lua] (nPendingOps = 199)  @mrxlayermanager:324
[17:25:56.056] [lua] Loading vz_state_chijob005_d_destroyed (static: false)  @mrxlayermanager:375
[17:25:56.064] [lua] true	Unable to load layer vz_state_chijob005_d_destroyed  @mrxlayermanager:403
[17:25:56.074] [lua] Request fulfilled: Load layer vz_all_job002_a (static: nil)  @mrxlayermanager:446
[17:25:56.082] [lua] Layer request 1: 91 of 170 complete  @mrxlayermanager:479
[17:25:56.094] [lua] Culling op for layer vz_all_job002_a!  @mrxlayermanager:318
[17:25:56.103] [lua] (nPendingOps = 198)  @mrxlayermanager:324
[17:25:56.110] [lua] Loading vz_oil_job002 (static: true)  @mrxlayermanager:375
[17:25:56.119] [lua] true	Unable to load layer vz_oil_job002  @mrxlayermanager:403
[17:25:56.130] [lua] Request fulfilled: Load layer vz_state_oiljob011_02_pristine (static: nil)  @mrxlayermanager:446
[17:25:56.141] [lua] Layer request 2: 120 of 238 complete  @mrxlayermanager:479
[17:25:56.150] [lua] Culling op for layer vz_state_oiljob011_02_pristine!  @mrxlayermanager:318
[17:25:56.158] [lua] (nPendingOps = 197)  @mrxlayermanager:324
[17:25:56.166] [lua] Loading vz_chi_job006_c (static: true)  @mrxlayermanager:375
[17:25:56.174] [lua] true	Unable to load layer vz_chi_job006_c  @mrxlayermanager:403
[17:25:56.185] [lua] Request fulfilled: Load layer vz_state_gurjob012_01_pristine (static: nil)  @mrxlayermanager:446
[17:25:56.193] [lua] Layer request 2: 121 of 238 complete  @mrxlayermanager:479
[17:25:56.201] [lua] Culling op for layer vz_state_gurjob012_01_pristine!  @mrxlayermanager:318
[17:25:56.209] [lua] (nPendingOps = 196)  @mrxlayermanager:324
[17:25:56.218] [lua] Loading vz_pir_job002_a (static: true)  @mrxlayermanager:375
[17:25:56.227] [lua] true	Unable to load layer vz_pir_job002_a  @mrxlayermanager:403
[17:25:56.235] [lua] Request fulfilled: Load layer vz_oil_job002 (static: nil)  @mrxlayermanager:446
[17:25:56.248] [lua] Layer request 1: 92 of 170 complete  @mrxlayermanager:479
[17:25:56.257] [lua] Culling op for layer vz_oil_job002!  @mrxlayermanager:318
[17:25:56.265] [lua] (nPendingOps = 195)  @mrxlayermanager:324
[17:25:56.273] [lua] Loading vz_state_ocgate_dynamic (static: false)  @mrxlayermanager:375
[17:25:56.281] [lua] true	Unable to load layer vz_state_ocgate_dynamic  @mrxlayermanager:403
[17:25:56.289] [lua] Request fulfilled: Load layer vz_chi_job006_c (static: nil)  @mrxlayermanager:446
[17:25:56.297] [lua] Layer request 1: 93 of 170 complete  @mrxlayermanager:479
[17:25:56.305] [lua] Culling op for layer vz_chi_job006_c!  @mrxlayermanager:318
[17:25:56.314] [lua] (nPendingOps = 194)  @mrxlayermanager:324
[17:25:56.322] [lua] Loading vz_state_gurjob011_03_destroyed (static: false)  @mrxlayermanager:375
[17:25:56.330] [lua] true	Unable to load layer vz_state_gurjob011_03_destroyed  @mrxlayermanager:403
[17:25:56.340] [lua] Request fulfilled: Load layer vz_pir_job002_a (static: nil)  @mrxlayermanager:446
[17:25:56.349] [lua] Layer request 1: 94 of 170 complete  @mrxlayermanager:479
[17:25:56.359] [lua] Culling op for layer vz_pir_job002_a!  @mrxlayermanager:318
[17:25:56.367] [lua] (nPendingOps = 193)  @mrxlayermanager:324
[17:25:56.377] [lua] Loading vz_state_pirjob012_05_pristine (static: false)  @mrxlayermanager:375
[17:25:56.385] [lua] true	Unable to load layer vz_state_pirjob012_05_pristine  @mrxlayermanager:403
[17:25:56.393] [lua] Request fulfilled: Load layer vz_state_oiljob011_05_pristine (static: nil)  @mrxlayermanager:446
[17:25:56.401] [lua] Layer request 2: 122 of 238 complete  @mrxlayermanager:479
[17:25:56.409] [lua] Culling op for layer vz_state_oiljob011_05_pristine!  @mrxlayermanager:318
[17:25:56.418] [lua] (nPendingOps = 192)  @mrxlayermanager:324
[17:25:56.426] [lua] Loading vz_state_gurjob011_09_destroyed (static: false)  @mrxlayermanager:375
[17:25:56.435] [lua] true	Unable to load layer vz_state_gurjob011_09_destroyed  @mrxlayermanager:403
[17:25:56.444] [lua] Request fulfilled: Load layer vz_state_chijob005_d_destroyed (static: nil)  @mrxlayermanager:446
[17:25:56.453] [lua] Layer request 2: 123 of 238 complete  @mrxlayermanager:479
[17:25:56.462] [lua] Culling op for layer vz_state_chijob005_d_destroyed!  @mrxlayermanager:318
[17:25:56.470] [lua] (nPendingOps = 191)  @mrxlayermanager:324
[17:25:56.480] [lua] Loading vz_state_all_fuel_amazon (static: false)  @mrxlayermanager:375
[17:25:56.488] [lua] true	Unable to load layer vz_state_all_fuel_amazon  @mrxlayermanager:403
[17:25:56.498] [lua] Request fulfilled: Load layer vz_state_gurjob007_01_destroyed (static: nil)  @mrxlayermanager:446
[17:25:56.506] [lua] Layer request 2: 124 of 238 complete  @mrxlayermanager:479
[17:25:56.514] [lua] Culling op for layer vz_state_gurjob007_01_destroyed!  @mrxlayermanager:318
[17:25:56.523] [lua] (nPendingOps = 190)  @mrxlayermanager:324
[17:25:56.531] [lua] Loading vz_gua_billboard (static: true)  @mrxlayermanager:375
[17:25:56.539] [lua] true	Unable to load layer vz_gua_billboard  @mrxlayermanager:403
[17:25:56.549] [lua] Request fulfilled: Load layer vz_gua_billboard (static: nil)  @mrxlayermanager:446
[17:25:56.560] [lua] Layer request 1: 95 of 170 complete  @mrxlayermanager:479
[17:25:56.569] [lua] Culling op for layer vz_gua_billboard!  @mrxlayermanager:318
[17:25:56.580] [lua] (nPendingOps = 189)  @mrxlayermanager:324
[17:25:56.589] [lua] Loading vz_state_pirjob007_c_destroyed (static: false)  @mrxlayermanager:375
[17:25:56.598] [lua] true	Unable to load layer vz_state_pirjob007_c_destroyed  @mrxlayermanager:403
[17:25:56.606] [lua] Request fulfilled: Load layer vz_state_chijob001_02_pristine (static: nil)  @mrxlayermanager:446
[17:25:56.613] [lua] Layer request 2: 125 of 238 complete  @mrxlayermanager:479
[17:25:56.622] [lua] Culling op for layer vz_state_chijob001_02_pristine!  @mrxlayermanager:318
[17:25:56.630] [lua] (nPendingOps = 188)  @mrxlayermanager:324
[17:25:56.638] [lua] Loading vz_pir_job012_e (static: true)  @mrxlayermanager:375
[17:25:56.646] [lua] true	Unable to load layer vz_pir_job012_e  @mrxlayermanager:403
[17:25:56.656] [lua] Request fulfilled: Load layer vz_pir_job012_e (static: nil)  @mrxlayermanager:446
[17:25:56.664] [lua] Layer request 1: 96 of 170 complete  @mrxlayermanager:479
[17:25:56.672] [lua] Culling op for layer vz_pir_job012_e!  @mrxlayermanager:318
[17:25:56.681] [lua] (nPendingOps = 187)  @mrxlayermanager:324
[17:25:56.690] [lua] Loading vz_state_alljob009_05_pristine (static: false)  @mrxlayermanager:375
[17:25:56.699] [lua] true	Unable to load layer vz_state_alljob009_05_pristine  @mrxlayermanager:403
[17:25:56.707] [lua] Request fulfilled: Load layer vz_state_gurjob011_09_destroyed (static: nil)  @mrxlayermanager:446
[17:25:56.715] [lua] Layer request 2: 126 of 238 complete  @mrxlayermanager:479
[17:25:56.723] [lua] Culling op for layer vz_state_gurjob011_09_destroyed!  @mrxlayermanager:318
[17:25:56.731] [lua] (nPendingOps = 186)  @mrxlayermanager:324
[17:25:56.742] [lua] Loading vz_state_chijob001_03_pristine (static: false)  @mrxlayermanager:375
[17:25:56.750] [lua] true	Unable to load layer vz_state_chijob001_03_pristine  @mrxlayermanager:403
[17:25:56.760] [lua] Request fulfilled: Load layer vz_state_gurjob011_03_destroyed (static: nil)  @mrxlayermanager:446
[17:25:56.768] [lua] Layer request 2: 127 of 238 complete  @mrxlayermanager:479
[17:25:56.778] [lua] Culling op for layer vz_state_gurjob011_03_destroyed!  @mrxlayermanager:318
[17:25:56.787] [lua] (nPendingOps = 185)  @mrxlayermanager:324
[17:25:56.796] [lua] Loading vz_state_alljob001_03_pristine (static: false)  @mrxlayermanager:375
[17:25:56.804] [lua] true	Unable to load layer vz_state_alljob001_03_pristine  @mrxlayermanager:403
[17:25:56.814] [lua] Request fulfilled: Load layer vz_state_alljob009_03_destroyed (static: nil)  @mrxlayermanager:446
[17:25:56.822] [lua] Layer request 2: 128 of 238 complete  @mrxlayermanager:479
[17:25:56.831] [lua] Culling op for layer vz_state_alljob009_03_destroyed!  @mrxlayermanager:318
[17:25:56.840] [lua] (nPendingOps = 184)  @mrxlayermanager:324
[17:25:56.854] [lua] Loading vz_state_pmccon002_blanco (static: false)  @mrxlayermanager:375
[17:25:56.862] [lua] true	Unable to load layer vz_state_pmccon002_blanco  @mrxlayermanager:403
[17:25:56.872] [lua] Request fulfilled: Load layer vz_state_mar_city_ruined (static: nil)  @mrxlayermanager:446
[17:25:56.880] [lua] Layer request 2: 129 of 238 complete  @mrxlayermanager:479
[17:25:56.888] [lua] Culling op for layer vz_state_mar_city_ruined!  @mrxlayermanager:318
[17:25:56.896] [lua] (nPendingOps = 183)  @mrxlayermanager:324
[17:25:56.905] [lua] Loading vz_state_chijob002_02_staging (static: false)  @mrxlayermanager:375
[17:25:56.913] [lua] true	Unable to load layer vz_state_chijob002_02_staging  @mrxlayermanager:403
[17:25:56.925] [lua] Request fulfilled: Load layer vz_state_alljob002_04_pristine (static: nil)  @mrxlayermanager:446
[17:25:56.933] [lua] Layer request 2: 130 of 238 complete  @mrxlayermanager:479
[17:25:56.940] [lua] Culling op for layer vz_state_alljob002_04_pristine!  @mrxlayermanager:318
[17:25:56.949] [lua] (nPendingOps = 182)  @mrxlayermanager:324
[17:25:56.958] [lua] Loading vz_merida_tiny (static: true)  @mrxlayermanager:375
[17:25:56.969] [lua] true	Unable to load layer vz_merida_tiny  @mrxlayermanager:403
[17:25:56.979] [lua] Request fulfilled: Load layer vz_merida_tiny (static: nil)  @mrxlayermanager:446
[17:25:56.987] [lua] Layer request 1: 97 of 170 complete  @mrxlayermanager:479
[17:25:56.995] [lua] Culling op for layer vz_merida_tiny!  @mrxlayermanager:318
[17:25:57.003] [lua] (nPendingOps = 181)  @mrxlayermanager:324
[17:25:57.011] [lua] Loading vz_gur_job012_a (static: true)  @mrxlayermanager:375
[17:25:57.020] [lua] true	Unable to load layer vz_gur_job012_a  @mrxlayermanager:403
[17:25:57.028] [lua] Request fulfilled: Load layer vz_state_ocgate_dynamic (static: nil)  @mrxlayermanager:446
[17:25:57.036] [lua] Layer request 2: 131 of 238 complete  @mrxlayermanager:479
[17:25:57.044] [lua] Culling op for layer vz_state_ocgate_dynamic!  @mrxlayermanager:318
[17:25:57.052] [lua] (nPendingOps = 180)  @mrxlayermanager:324
[17:25:57.060] [lua] Loading vz_all_job002_d (static: true)  @mrxlayermanager:375
[17:25:57.069] [lua] true	Unable to load layer vz_all_job002_d  @mrxlayermanager:403
[17:25:57.079] [lua] Request fulfilled: Load layer vz_state_pirjob012_05_pristine (static: nil)  @mrxlayermanager:446
[17:25:57.087] [lua] Layer request 2: 132 of 238 complete  @mrxlayermanager:479
[17:25:57.095] [lua] Culling op for layer vz_state_pirjob012_05_pristine!  @mrxlayermanager:318
[17:25:57.103] [lua] (nPendingOps = 179)  @mrxlayermanager:324
[17:25:57.111] [lua] Loading vz_state_pirjob011_03_destroyed (static: false)  @mrxlayermanager:375
[17:25:57.119] [lua] true	Unable to load layer vz_state_pirjob011_03_destroyed  @mrxlayermanager:403
[17:25:57.127] [lua] Request fulfilled: Load layer vz_gur_job012_a (static: nil)  @mrxlayermanager:446
[17:25:57.137] [lua] Layer request 1: 98 of 170 complete  @mrxlayermanager:479
[17:25:57.145] [lua] Culling op for layer vz_gur_job012_a!  @mrxlayermanager:318
[17:25:57.153] [lua] (nPendingOps = 178)  @mrxlayermanager:324
[17:25:57.161] [lua] Loading vz_mer_commercial (static: true)  @mrxlayermanager:375
[17:25:57.170] [lua] true	Unable to load layer vz_mer_commercial  @mrxlayermanager:403
[17:25:57.178] [lua] Request fulfilled: Load layer vz_all_job002_d (static: nil)  @mrxlayermanager:446
[17:25:57.186] [lua] Layer request 1: 99 of 170 complete  @mrxlayermanager:479
[17:25:57.194] [lua] Culling op for layer vz_all_job002_d!  @mrxlayermanager:318
[17:25:57.202] [lua] (nPendingOps = 177)  @mrxlayermanager:324
[17:25:57.212] [lua] Loading vz_cumana_tiny (static: true)  @mrxlayermanager:375
[17:25:57.220] [lua] true	Unable to load layer vz_cumana_tiny  @mrxlayermanager:403
[17:25:57.229] [lua] Request fulfilled: Load layer vz_mer_commercial (static: nil)  @mrxlayermanager:446
[17:25:57.238] [lua] Layer request 1: 100 of 170 complete  @mrxlayermanager:479
[17:25:57.247] [lua] Culling op for layer vz_mer_commercial!  @mrxlayermanager:318
[17:25:57.257] [lua] (nPendingOps = 176)  @mrxlayermanager:324
[17:25:57.266] [lua] Loading vz_pir_job002_c (static: true)  @mrxlayermanager:375
[17:25:57.274] [lua] true	Unable to load layer vz_pir_job002_c  @mrxlayermanager:403
[17:25:57.282] [lua] Request fulfilled: Load layer vz_cumana_tiny (static: nil)  @mrxlayermanager:446
[17:25:57.290] [lua] Layer request 1: 101 of 170 complete  @mrxlayermanager:479
[17:25:57.300] [lua] Culling op for layer vz_cumana_tiny!  @mrxlayermanager:318
[17:25:57.308] [lua] (nPendingOps = 175)  @mrxlayermanager:324
[17:25:57.316] [lua] Loading vz_state_chijob001_01_captured (static: false)  @mrxlayermanager:375
[17:25:57.324] [lua] true	Unable to load layer vz_state_chijob001_01_captured  @mrxlayermanager:403
[17:25:57.336] [lua] Request fulfilled: Load layer vz_state_alljob001_03_pristine (static: nil)  @mrxlayermanager:446
[17:25:57.345] [lua] Layer request 2: 133 of 238 complete  @mrxlayermanager:479
[17:25:57.354] [lua] Culling op for layer vz_state_alljob001_03_pristine!  @mrxlayermanager:318
[17:25:57.362] [lua] (nPendingOps = 174)  @mrxlayermanager:324
[17:25:57.370] [lua] Loading vz_state_chijob002_05_pristine (static: false)  @mrxlayermanager:375
[17:25:57.380] [lua] true	Unable to load layer vz_state_chijob002_05_pristine  @mrxlayermanager:403
[17:25:57.396] [lua] Request fulfilled: Load layer vz_pir_job002_c (static: nil)  @mrxlayermanager:446
[17:25:57.404] [lua] Layer request 1: 102 of 170 complete  @mrxlayermanager:479
[17:25:57.412] [lua] Culling op for layer vz_pir_job002_c!  @mrxlayermanager:318
[17:25:57.421] [lua] (nPendingOps = 173)  @mrxlayermanager:324
[17:25:57.428] [lua] Loading vz_state_oiljob008_a_staging (static: false)  @mrxlayermanager:375
[17:25:57.437] [lua] true	Unable to load layer vz_state_oiljob008_a_staging  @mrxlayermanager:403
[17:25:57.445] [lua] Request fulfilled: Load layer vz_state_all_fuel_amazon (static: nil)  @mrxlayermanager:446
[17:25:57.453] [lua] Layer request 2: 134 of 238 complete  @mrxlayermanager:479
[17:25:57.461] [lua] Culling op for layer vz_state_all_fuel_amazon!  @mrxlayermanager:318
[17:25:57.475] [lua] (nPendingOps = 172)  @mrxlayermanager:324
[17:25:57.484] [lua] Loading vz_oil_job011_f (static: true)  @mrxlayermanager:375
[17:25:57.497] [lua] true	Unable to load layer vz_oil_job011_f  @mrxlayermanager:403
[17:25:57.508] [lua] Request fulfilled: Load layer vz_state_pirjob007_c_destroyed (static: nil)  @mrxlayermanager:446
[17:25:57.516] [lua] Layer request 2: 135 of 238 complete  @mrxlayermanager:479
[17:25:57.527] [lua] Culling op for layer vz_state_pirjob007_c_destroyed!  @mrxlayermanager:318
[17:25:57.535] [lua] (nPendingOps = 171)  @mrxlayermanager:324
[17:25:57.543] [lua] Loading vz_gur_job005 (static: true)  @mrxlayermanager:375
[17:25:57.552] [lua] true	Unable to load layer vz_gur_job005  @mrxlayermanager:403
[17:25:57.560] [lua] Request fulfilled: Load layer vz_oil_job011_f (static: nil)  @mrxlayermanager:446
[17:25:57.568] [lua] Layer request 1: 103 of 170 complete  @mrxlayermanager:479
[17:25:57.576] [lua] Culling op for layer vz_oil_job011_f!  @mrxlayermanager:318
[17:25:57.584] [lua] (nPendingOps = 170)  @mrxlayermanager:324
[17:25:57.592] [lua] Loading vz_state_pirjob011_02_destroyed (static: false)  @mrxlayermanager:375
[17:25:57.600] [lua] true	Unable to load layer vz_state_pirjob011_02_destroyed  @mrxlayermanager:403
[17:25:57.610] [lua] Request fulfilled: Load layer vz_gur_job005 (static: nil)  @mrxlayermanager:446
[17:25:57.618] [lua] Layer request 1: 104 of 170 complete  @mrxlayermanager:479
[17:25:57.626] [lua] Culling op for layer vz_gur_job005!  @mrxlayermanager:318
[17:25:57.635] [lua] (nPendingOps = 169)  @mrxlayermanager:324
[17:25:57.643] [lua] Loading vz_state_chicon002_depot_destroyed (static: false)  @mrxlayermanager:375
[17:25:57.650] [lua] true	Unable to load layer vz_state_chicon002_depot_destroyed  @mrxlayermanager:403
[17:25:57.659] [lua] Request fulfilled: Load layer vz_state_alljob009_05_pristine (static: nil)  @mrxlayermanager:446
[17:25:57.667] [lua] Layer request 2: 136 of 238 complete  @mrxlayermanager:479
[17:25:57.676] [lua] Culling op for layer vz_state_alljob009_05_pristine!  @mrxlayermanager:318
[17:25:57.684] [lua] (nPendingOps = 168)  @mrxlayermanager:324
[17:25:57.692] [lua] Loading vz_pir_job012_c (static: true)  @mrxlayermanager:375
[17:25:57.700] [lua] true	Unable to load layer vz_pir_job012_c  @mrxlayermanager:403
[17:25:57.710] [lua] Request fulfilled: Load layer vz_state_oiljob008_a_staging (static: nil)  @mrxlayermanager:446
[17:25:57.718] [lua] Layer request 2: 137 of 238 complete  @mrxlayermanager:479
[17:25:57.726] [lua] Culling op for layer vz_state_oiljob008_a_staging!  @mrxlayermanager:318
[17:25:57.734] [lua] (nPendingOps = 167)  @mrxlayermanager:324
[17:25:57.742] [lua] Loading vz_state_pirjob002_01_captured (static: false)  @mrxlayermanager:375
[17:25:57.750] [lua] true	Unable to load layer vz_state_pirjob002_01_captured  @mrxlayermanager:403
[17:25:57.759] [lua] Request fulfilled: Load layer vz_pir_job012_c (static: nil)  @mrxlayermanager:446
[17:25:57.767] [lua] Layer request 1: 105 of 170 complete  @mrxlayermanager:479
[17:25:57.775] [lua] Culling op for layer vz_pir_job012_c!  @mrxlayermanager:318
[17:25:57.783] [lua] (nPendingOps = 166)  @mrxlayermanager:324
[17:25:57.792] [lua] Loading vz_state_pirjob007_b_destroyed (static: false)  @mrxlayermanager:375
[17:25:57.800] [lua] true	Unable to load layer vz_state_pirjob007_b_destroyed  @mrxlayermanager:403
[17:25:57.810] [lua] Request fulfilled: Load layer vz_state_chicon002_depot_destroyed (static: nil)  @mrxlayermanager:446
[17:25:57.819] [lua] Layer request 2: 138 of 238 complete  @mrxlayermanager:479
[17:25:57.827] [lua] Culling op for layer vz_state_chicon002_depot_destroyed!  @mrxlayermanager:318
[17:25:57.835] [lua] (nPendingOps = 165)  @mrxlayermanager:324
[17:25:57.843] [lua] Loading vz_state_chijob005_a_destroyed (static: false)  @mrxlayermanager:375
[17:25:57.851] [lua] true	Unable to load layer vz_state_chijob005_a_destroyed  @mrxlayermanager:403
[17:25:57.861] [lua] Request fulfilled: Load layer vz_state_chijob002_05_pristine (static: nil)  @mrxlayermanager:446
[17:25:57.870] [lua] Layer request 2: 139 of 238 complete  @mrxlayermanager:479
[17:25:57.879] [lua] Culling op for layer vz_state_chijob002_05_pristine!  @mrxlayermanager:318
[17:25:57.892] [lua] (nPendingOps = 164)  @mrxlayermanager:324
[17:25:57.900] [lua] Loading vz_car_estate (static: true)  @mrxlayermanager:375
[17:25:57.908] [lua] true	Unable to load layer vz_car_estate  @mrxlayermanager:403
[17:25:57.918] [lua] Request fulfilled: Load layer vz_state_chijob001_01_captured (static: nil)  @mrxlayermanager:446
[17:25:57.926] [lua] Layer request 2: 140 of 238 complete  @mrxlayermanager:479
[17:25:57.936] [lua] Culling op for layer vz_state_chijob001_01_captured!  @mrxlayermanager:318
[17:25:57.944] [lua] (nPendingOps = 163)  @mrxlayermanager:324
[17:25:57.952] [lua] Loading vz_gua_upperclass (static: true)  @mrxlayermanager:375
[17:25:57.960] [lua] true	Unable to load layer vz_gua_upperclass  @mrxlayermanager:403
[17:25:57.968] [lua] Request fulfilled: Load layer vz_car_estate (static: nil)  @mrxlayermanager:446
[17:25:57.976] [lua] Layer request 1: 106 of 170 complete  @mrxlayermanager:479
[17:25:57.984] [lua] Culling op for layer vz_car_estate!  @mrxlayermanager:318
[17:25:57.993] [lua] (nPendingOps = 162)  @mrxlayermanager:324
[17:25:58.000] [lua] Loading vz_mer_residential (static: true)  @mrxlayermanager:375
[17:25:58.009] [lua] true	Unable to load layer vz_mer_residential  @mrxlayermanager:403
[17:25:58.019] [lua] Request fulfilled: Load layer vz_gua_upperclass (static: nil)  @mrxlayermanager:446
[17:25:58.027] [lua] Layer request 1: 107 of 170 complete  @mrxlayermanager:479
[17:25:58.035] [lua] Culling op for layer vz_gua_upperclass!  @mrxlayermanager:318
[17:25:58.043] [lua] (nPendingOps = 161)  @mrxlayermanager:324
[17:25:58.052] [lua] Loading vz_chi_job001_d (static: true)  @mrxlayermanager:375
[17:25:58.059] [lua] true	Unable to load layer vz_chi_job001_d  @mrxlayermanager:403
[17:25:58.068] [lua] Request fulfilled: Load layer vz_state_chijob001_03_pristine (static: nil)  @mrxlayermanager:446
[17:25:58.076] [lua] Layer request 2: 141 of 238 complete  @mrxlayermanager:479
[17:25:58.084] [lua] Culling op for layer vz_state_chijob001_03_pristine!  @mrxlayermanager:318
[17:25:58.092] [lua] (nPendingOps = 160)  @mrxlayermanager:324
[17:25:58.100] [lua] Loading vz_mar_outskirt (static: true)  @mrxlayermanager:375
[17:25:58.108] [lua] true	Unable to load layer vz_mar_outskirt  @mrxlayermanager:403
[17:25:58.117] [lua] Request fulfilled: Load layer vz_mer_residential (static: nil)  @mrxlayermanager:446
[17:25:58.125] [lua] Layer request 1: 108 of 170 complete  @mrxlayermanager:479
[17:25:58.134] [lua] Culling op for layer vz_mer_residential!  @mrxlayermanager:318
[17:25:58.142] [lua] (nPendingOps = 159)  @mrxlayermanager:324
[17:25:58.152] [lua] Loading vz_state_oiljob002_pristine (static: false)  @mrxlayermanager:375
[17:25:58.160] [lua] true	Unable to load layer vz_state_oiljob002_pristine  @mrxlayermanager:403
[17:25:58.170] [lua] Request fulfilled: Load layer vz_chi_job001_d (static: nil)  @mrxlayermanager:446
[17:25:58.179] [lua] Layer request 1: 109 of 170 complete  @mrxlayermanager:479
[17:25:58.188] [lua] Culling op for layer vz_chi_job001_d!  @mrxlayermanager:318
[17:25:58.196] [lua] (nPendingOps = 158)  @mrxlayermanager:324
[17:25:58.205] [lua] Loading vz_state_alljob001_04_pristine (static: false)  @mrxlayermanager:375
[17:25:58.213] [lua] true	Unable to load layer vz_state_alljob001_04_pristine  @mrxlayermanager:403
[17:25:58.221] [lua] Request fulfilled: Load layer vz_state_chijob005_a_destroyed (static: nil)  @mrxlayermanager:446
[17:25:58.230] [lua] Layer request 2: 142 of 238 complete  @mrxlayermanager:479
[17:25:58.238] [lua] Culling op for layer vz_state_chijob005_a_destroyed!  @mrxlayermanager:318
[17:25:58.246] [lua] (nPendingOps = 157)  @mrxlayermanager:324
[17:25:58.254] [lua] Loading vz_chi_job010_c (static: true)  @mrxlayermanager:375
[17:25:58.263] [lua] true	Unable to load layer vz_chi_job010_c  @mrxlayermanager:403
[17:25:58.270] [lua] Request fulfilled: Load layer vz_mar_outskirt (static: nil)  @mrxlayermanager:446
[17:25:58.279] [lua] Layer request 1: 110 of 170 complete  @mrxlayermanager:479
[17:25:58.288] [lua] Culling op for layer vz_mar_outskirt!  @mrxlayermanager:318
[17:25:58.296] [lua] (nPendingOps = 156)  @mrxlayermanager:324
[17:25:58.306] [lua] Loading vz_all_job001_b (static: true)  @mrxlayermanager:375
[17:25:58.314] [lua] true	Unable to load layer vz_all_job001_b  @mrxlayermanager:403
[17:25:58.324] [lua] Request fulfilled: Load layer vz_chi_job010_c (static: nil)  @mrxlayermanager:446
[17:25:58.332] [lua] Layer request 1: 111 of 170 complete  @mrxlayermanager:479
[17:25:58.340] [lua] Culling op for layer vz_chi_job010_c!  @mrxlayermanager:318
[17:25:58.348] [lua] (nPendingOps = 155)  @mrxlayermanager:324
[17:25:58.356] [lua] Loading vz_state_staging_pirhq (static: false)  @mrxlayermanager:375
[17:25:58.365] [lua] true	Unable to load layer vz_state_staging_pirhq  @mrxlayermanager:403
[17:25:58.372] [lua] Request fulfilled: Load layer vz_state_pirjob011_02_destroyed (static: nil)  @mrxlayermanager:446
[17:25:58.383] [lua] Layer request 2: 143 of 238 complete  @mrxlayermanager:479
[17:25:58.391] [lua] Culling op for layer vz_state_pirjob011_02_destroyed!  @mrxlayermanager:318
[17:25:58.399] [lua] (nPendingOps = 154)  @mrxlayermanager:324
[17:25:58.407] [lua] Loading vz_state_oc_depot (static: false)  @mrxlayermanager:375
[17:25:58.416] [lua] true	Unable to load layer vz_state_oc_depot  @mrxlayermanager:403
[17:25:58.424] [lua] Request fulfilled: Load layer vz_all_job001_b (static: nil)  @mrxlayermanager:446
[17:25:58.433] [lua] Layer request 1: 112 of 170 complete  @mrxlayermanager:479
[17:25:58.440] [lua] Culling op for layer vz_all_job001_b!  @mrxlayermanager:318
[17:25:58.449] [lua] (nPendingOps = 153)  @mrxlayermanager:324
[17:25:58.458] [lua] Loading vz_all_job010_b (static: true)  @mrxlayermanager:375
[17:25:58.466] [lua] true	Unable to load layer vz_all_job010_b  @mrxlayermanager:403
[17:25:58.477] [lua] Request fulfilled: Load layer vz_state_chijob002_02_staging (static: nil)  @mrxlayermanager:446
[17:25:58.485] [lua] Layer request 2: 144 of 238 complete  @mrxlayermanager:479
[17:25:58.493] [lua] Culling op for layer vz_state_chijob002_02_staging!  @mrxlayermanager:318
[17:25:58.501] [lua] (nPendingOps = 152)  @mrxlayermanager:324
[17:25:58.515] [lua] Loading vz_state_oiljob008_c_destroyed (static: false)  @mrxlayermanager:375
[17:25:58.524] [lua] true	Unable to load layer vz_state_oiljob008_c_destroyed  @mrxlayermanager:403
[17:25:58.532] [lua] Request fulfilled: Load layer vz_all_job010_b (static: nil)  @mrxlayermanager:446
[17:25:58.540] [lua] Layer request 1: 113 of 170 complete  @mrxlayermanager:479
[17:25:58.549] [lua] Culling op for layer vz_all_job010_b!  @mrxlayermanager:318
[17:25:58.557] [lua] (nPendingOps = 151)  @mrxlayermanager:324
[17:25:58.565] [lua] Loading vz_jungle_mountain_foilage (static: true)  @mrxlayermanager:375
[17:25:58.573] [lua] true	Unable to load layer vz_jungle_mountain_foilage  @mrxlayermanager:403
[17:25:58.583] [lua] Request fulfilled: Load layer vz_jungle_mountain_foilage (static: nil)  @mrxlayermanager:446
[17:25:58.590] [lua] Layer request 1: 114 of 170 complete  @mrxlayermanager:479
[17:25:58.599] [lua] Culling op for layer vz_jungle_mountain_foilage!  @mrxlayermanager:318
[17:25:58.607] [lua] (nPendingOps = 150)  @mrxlayermanager:324
[17:25:58.615] [lua] Loading vz_state_chijob006_d_destroyed (static: false)  @mrxlayermanager:375
[17:25:58.624] [lua] true	Unable to load layer vz_state_chijob006_d_destroyed  @mrxlayermanager:403
[17:25:58.632] [lua] Request fulfilled: Load layer vz_state_oiljob002_pristine (static: nil)  @mrxlayermanager:446
[17:25:58.640] [lua] Layer request 2: 145 of 238 complete  @mrxlayermanager:479
[17:25:58.648] [lua] Culling op for layer vz_state_oiljob002_pristine!  @mrxlayermanager:318
[17:25:58.656] [lua] (nPendingOps = 149)  @mrxlayermanager:324
[17:25:58.664] [lua] Loading vz_state_jetcon001_post (static: false)  @mrxlayermanager:375
[17:25:58.672] [lua] true	Unable to load layer vz_state_jetcon001_post  @mrxlayermanager:403
[17:25:58.682] [lua] Request fulfilled: Load layer vz_state_pirjob011_03_destroyed (static: nil)  @mrxlayermanager:446
[17:25:58.690] [lua] Layer request 2: 146 of 238 complete  @mrxlayermanager:479
[17:25:58.699] [lua] Culling op for layer vz_state_pirjob011_03_destroyed!  @mrxlayermanager:318
[17:25:58.707] [lua] (nPendingOps = 148)  @mrxlayermanager:324
[17:25:58.715] [lua] Loading vz_gur_job008_a (static: true)  @mrxlayermanager:375
[17:25:58.723] [lua] true	Unable to load layer vz_gur_job008_a  @mrxlayermanager:403
[17:25:58.732] [lua] Request fulfilled: Load layer vz_gur_job008_a (static: nil)  @mrxlayermanager:446
[17:25:58.742] [lua] Layer request 1: 115 of 170 complete  @mrxlayermanager:479
[17:25:58.750] [lua] Culling op for layer vz_gur_job008_a!  @mrxlayermanager:318
[17:25:58.758] [lua] (nPendingOps = 147)  @mrxlayermanager:324
[17:25:58.772] [lua] Loading vz_state_oilcon001_post (static: false)  @mrxlayermanager:375
[17:25:58.780] [lua] true	Unable to load layer vz_state_oilcon001_post  @mrxlayermanager:403
[17:25:58.789] [lua] Request fulfilled: Load layer vz_state_chijob006_d_destroyed (static: nil)  @mrxlayermanager:446
[17:25:58.797] [lua] Layer request 2: 147 of 238 complete  @mrxlayermanager:479
[17:25:58.805] [lua] Culling op for layer vz_state_chijob006_d_destroyed!  @mrxlayermanager:318
[17:25:58.813] [lua] (nPendingOps = 146)  @mrxlayermanager:324
[17:25:58.821] [lua] Loading vz_pirate_isles_scrub (static: true)  @mrxlayermanager:375
[17:25:58.829] [lua] true	Unable to load layer vz_pirate_isles_scrub  @mrxlayermanager:403
[17:25:58.839] [lua] Request fulfilled: Load layer vz_state_pmccon002_blanco (static: nil)  @mrxlayermanager:446
[17:25:58.848] [lua] Layer request 2: 148 of 238 complete  @mrxlayermanager:479
[17:25:58.855] [lua] Culling op for layer vz_state_pmccon002_blanco!  @mrxlayermanager:318
[17:25:58.871] [lua] (nPendingOps = 145)  @mrxlayermanager:324
[17:25:58.880] [lua] Loading vz_state_mar_industrial_act3 (static: false)  @mrxlayermanager:375
[17:25:58.889] [lua] true	Unable to load layer vz_state_mar_industrial_act3  @mrxlayermanager:403
[17:25:58.897] [lua] Request fulfilled: Load layer vz_pirate_isles_scrub (static: nil)  @mrxlayermanager:446
[17:25:58.905] [lua] Layer request 1: 116 of 170 complete  @mrxlayermanager:479
[17:25:58.914] [lua] Culling op for layer vz_pirate_isles_scrub!  @mrxlayermanager:318
[17:25:58.923] [lua] (nPendingOps = 144)  @mrxlayermanager:324
[17:25:58.932] [lua] Loading vz_caracas_foilage (static: true)  @mrxlayermanager:375
[17:25:58.940] [lua] true	Unable to load layer vz_caracas_foilage  @mrxlayermanager:403
[17:25:58.950] [lua] Request fulfilled: Load layer vz_state_alljob001_04_pristine (static: nil)  @mrxlayermanager:446
[17:25:58.959] [lua] Layer request 2: 149 of 238 complete  @mrxlayermanager:479
[17:25:58.970] [lua] Culling op for layer vz_state_alljob001_04_pristine!  @mrxlayermanager:318
[17:25:58.978] [lua] (nPendingOps = 143)  @mrxlayermanager:324
[17:25:58.986] [lua] Loading vz_state_alljob005_05_destroyed (static: false)  @mrxlayermanager:375
[17:25:58.994] [lua] true	Unable to load layer vz_state_alljob005_05_destroyed  @mrxlayermanager:403
[17:25:59.002] [lua] Request fulfilled: Load layer vz_caracas_foilage (static: nil)  @mrxlayermanager:446
[17:25:59.010] [lua] Layer request 1: 117 of 170 complete  @mrxlayermanager:479
[17:25:59.019] [lua] Culling op for layer vz_caracas_foilage!  @mrxlayermanager:318
[17:25:59.030] [lua] (nPendingOps = 142)  @mrxlayermanager:324
[17:25:59.039] [lua] Loading vz_amazon_base (static: true)  @mrxlayermanager:375
[17:25:59.047] [lua] true	Unable to load layer vz_amazon_base  @mrxlayermanager:403
[17:25:59.057] [lua] Request fulfilled: Load layer vz_state_pirjob002_01_captured (static: nil)  @mrxlayermanager:446
[17:25:59.066] [lua] Layer request 2: 150 of 238 complete  @mrxlayermanager:479
[17:25:59.073] [lua] Culling op for layer vz_state_pirjob002_01_captured!  @mrxlayermanager:318
[17:25:59.082] [lua] (nPendingOps = 141)  @mrxlayermanager:324
[17:25:59.092] [lua] Loading vz_state_chijob001_04_captured (static: false)  @mrxlayermanager:375
[17:25:59.100] [lua] true	Unable to load layer vz_state_chijob001_04_captured  @mrxlayermanager:403
[17:25:59.109] [lua] Request fulfilled: Load layer vz_amazon_base (static: nil)  @mrxlayermanager:446
[17:25:59.117] [lua] Layer request 1: 118 of 170 complete  @mrxlayermanager:479
[17:25:59.126] [lua] Culling op for layer vz_amazon_base!  @mrxlayermanager:318
[17:25:59.134] [lua] (nPendingOps = 140)  @mrxlayermanager:324
[17:25:59.142] [lua] Loading vz_all_job005_e (static: true)  @mrxlayermanager:375
[17:25:59.150] [lua] true	Unable to load layer vz_all_job005_e  @mrxlayermanager:403
[17:25:59.159] [lua] Request fulfilled: Load layer vz_state_pirjob007_b_destroyed (static: nil)  @mrxlayermanager:446
[17:25:59.167] [lua] Layer request 2: 151 of 238 complete  @mrxlayermanager:479
[17:25:59.175] [lua] Culling op for layer vz_state_pirjob007_b_destroyed!  @mrxlayermanager:318
[17:25:59.184] [lua] (nPendingOps = 139)  @mrxlayermanager:324
[17:25:59.193] [lua] Loading vz_state_alljob002_02_staging (static: false)  @mrxlayermanager:375
[17:25:59.200] [lua] true	Unable to load layer vz_state_alljob002_02_staging  @mrxlayermanager:403
[17:25:59.209] [lua] Request fulfilled: Load layer vz_all_job005_e (static: nil)  @mrxlayermanager:446
[17:25:59.217] [lua] Layer request 1: 119 of 170 complete  @mrxlayermanager:479
[17:25:59.229] [lua] Culling op for layer vz_all_job005_e!  @mrxlayermanager:318
[17:25:59.237] [lua] (nPendingOps = 138)  @mrxlayermanager:324
[17:25:59.245] [lua] Loading vz_state_guanare_act1 (static: false)  @mrxlayermanager:375
[17:25:59.253] [lua] true	Unable to load layer vz_state_guanare_act1  @mrxlayermanager:403
[17:25:59.264] [lua] Request fulfilled: Load layer vz_state_staging_pirhq (static: nil)  @mrxlayermanager:446
[17:25:59.272] [lua] Layer request 2: 152 of 238 complete  @mrxlayermanager:479
[17:25:59.281] [lua] Culling op for layer vz_state_staging_pirhq!  @mrxlayermanager:318
[17:25:59.289] [lua] (nPendingOps = 137)  @mrxlayermanager:324
[17:25:59.297] [lua] Loading vz_cum_roads (static: true)  @mrxlayermanager:375
[17:25:59.305] [lua] true	Unable to load layer vz_cum_roads  @mrxlayermanager:403
[17:25:59.317] [lua] Request fulfilled: Load layer vz_cum_roads (static: nil)  @mrxlayermanager:446
[17:25:59.325] [lua] Layer request 1: 120 of 170 complete  @mrxlayermanager:479
[17:25:59.333] [lua] Culling op for layer vz_cum_roads!  @mrxlayermanager:318
[17:25:59.341] [lua] (nPendingOps = 136)  @mrxlayermanager:324
[17:25:59.350] [lua] Loading vz_chi_job002_d (static: true)  @mrxlayermanager:375
[17:25:59.358] [lua] true	Unable to load layer vz_chi_job002_d  @mrxlayermanager:403
[17:25:59.366] [lua] Request fulfilled: Load layer vz_state_oc_depot (static: nil)  @mrxlayermanager:446
[17:25:59.374] [lua] Layer request 2: 153 of 238 complete  @mrxlayermanager:479
[17:25:59.383] [lua] Culling op for layer vz_state_oc_depot!  @mrxlayermanager:318
[17:25:59.392] [lua] (nPendingOps = 135)  @mrxlayermanager:324
[17:25:59.400] [lua] Loading vz_state_mar_village_act1 (static: false)  @mrxlayermanager:375
[17:25:59.408] [lua] true	Unable to load layer vz_state_mar_village_act1  @mrxlayermanager:403
[17:25:59.418] [lua] Request fulfilled: Load layer vz_chi_job002_d (static: nil)  @mrxlayermanager:446
[17:25:59.426] [lua] Layer request 1: 121 of 170 complete  @mrxlayermanager:479
[17:25:59.435] [lua] Culling op for layer vz_chi_job002_d!  @mrxlayermanager:318
[17:25:59.443] [lua] (nPendingOps = 134)  @mrxlayermanager:324
[17:25:59.451] [lua] Loading vz_chi_job010_b (static: true)  @mrxlayermanager:375
[17:25:59.459] [lua] true	Unable to load layer vz_chi_job010_b  @mrxlayermanager:403
[17:25:59.467] [lua] Request fulfilled: Load layer vz_state_oiljob008_c_destroyed (static: nil)  @mrxlayermanager:446
[17:25:59.476] [lua] Layer request 2: 154 of 238 complete  @mrxlayermanager:479
[17:25:59.484] [lua] Culling op for layer vz_state_oiljob008_c_destroyed!  @mrxlayermanager:318
[17:25:59.492] [lua] (nPendingOps = 133)  @mrxlayermanager:324
[17:25:59.500] [lua] Loading vz_gur_job002_j (static: true)  @mrxlayermanager:375
[17:25:59.508] [lua] true	Unable to load layer vz_gur_job002_j  @mrxlayermanager:403
[17:25:59.519] [lua] Request fulfilled: Load layer vz_chi_job010_b (static: nil)  @mrxlayermanager:446
[17:25:59.529] [lua] Layer request 1: 122 of 170 complete  @mrxlayermanager:479
[17:25:59.537] [lua] Culling op for layer vz_chi_job010_b!  @mrxlayermanager:318
[17:25:59.551] [lua] (nPendingOps = 132)  @mrxlayermanager:324
[17:25:59.559] [lua] Loading vz_state_chijob002_02_pristine (static: false)  @mrxlayermanager:375
[17:25:59.570] [lua] true	Unable to load layer vz_state_chijob002_02_pristine  @mrxlayermanager:403
[17:25:59.579] [lua] Request fulfilled: Load layer vz_gur_job002_j (static: nil)  @mrxlayermanager:446
[17:25:59.587] [lua] Layer request 1: 123 of 170 complete  @mrxlayermanager:479
[17:25:59.595] [lua] Culling op for layer vz_gur_job002_j!  @mrxlayermanager:318
[17:25:59.603] [lua] (nPendingOps = 131)  @mrxlayermanager:324
[17:25:59.613] [lua] Loading vz_state_amazon_act2 (static: false)  @mrxlayermanager:375
[17:25:59.620] [lua] true	Unable to load layer vz_state_amazon_act2  @mrxlayermanager:403
[17:25:59.629] [lua] Request fulfilled: Load layer vz_state_jetcon001_post (static: nil)  @mrxlayermanager:446
[17:25:59.637] [lua] Layer request 2: 155 of 238 complete  @mrxlayermanager:479
[17:25:59.646] [lua] Culling op for layer vz_state_jetcon001_post!  @mrxlayermanager:318
[17:25:59.655] [lua] (nPendingOps = 130)  @mrxlayermanager:324
[17:25:59.667] [lua] Loading vz_state_alljob002_01_staging (static: false)  @mrxlayermanager:375
[17:25:59.676] [lua] true	Unable to load layer vz_state_alljob002_01_staging  @mrxlayermanager:403
[17:25:59.686] [lua] Request fulfilled: Load layer vz_state_oilcon001_post (static: nil)  @mrxlayermanager:446
[17:25:59.694] [lua] Layer request 2: 156 of 238 complete  @mrxlayermanager:479
[17:25:59.702] [lua] Culling op for layer vz_state_oilcon001_post!  @mrxlayermanager:318
[17:25:59.710] [lua] (nPendingOps = 129)  @mrxlayermanager:324
[17:25:59.718] [lua] Loading vz_state_car_shanty_act1 (static: false)  @mrxlayermanager:375
[17:25:59.726] [lua] true	Unable to load layer vz_state_car_shanty_act1  @mrxlayermanager:403
[17:25:59.737] [lua] Request fulfilled: Load layer vz_state_alljob002_01_staging (static: nil)  @mrxlayermanager:446
[17:25:59.745] [lua] Layer request 2: 157 of 238 complete  @mrxlayermanager:479
[17:25:59.754] [lua] Culling op for layer vz_state_alljob002_01_staging!  @mrxlayermanager:318
[17:25:59.762] [lua] (nPendingOps = 128)  @mrxlayermanager:324
[17:25:59.770] [lua] Loading vz_state_mar_outskirt_act2 (static: false)  @mrxlayermanager:375
[17:25:59.782] [lua] true	Unable to load layer vz_state_mar_outskirt_act2  @mrxlayermanager:403
[17:25:59.792] [lua] Request fulfilled: Load layer vz_state_amazon_act2 (static: nil)  @mrxlayermanager:446
[17:25:59.800] [lua] Layer request 2: 158 of 238 complete  @mrxlayermanager:479
[17:25:59.810] [lua] Culling op for layer vz_state_amazon_act2!  @mrxlayermanager:318
[17:25:59.818] [lua] (nPendingOps = 127)  @mrxlayermanager:324
[17:25:59.826] [lua] Loading vz_jungle_mountain_scrub (static: true)  @mrxlayermanager:375
[17:25:59.835] [lua] true	Unable to load layer vz_jungle_mountain_scrub  @mrxlayermanager:403
[17:25:59.846] [lua] Request fulfilled: Load layer vz_jungle_mountain_scrub (static: nil)  @mrxlayermanager:446
[17:25:59.856] [lua] Layer request 1: 124 of 170 complete  @mrxlayermanager:479
[17:25:59.865] [lua] Culling op for layer vz_jungle_mountain_scrub!  @mrxlayermanager:318
[17:25:59.873] [lua] (nPendingOps = 126)  @mrxlayermanager:324
[17:25:59.882] [lua] Loading vz_state_oiljob008_m_ruined (static: false)  @mrxlayermanager:375
[17:25:59.891] [lua] true	Unable to load layer vz_state_oiljob008_m_ruined  @mrxlayermanager:403
[17:25:59.900] [lua] Request fulfilled: Load layer vz_state_alljob002_02_staging (static: nil)  @mrxlayermanager:446
[17:25:59.908] [lua] Layer request 2: 159 of 238 complete  @mrxlayermanager:479
[17:25:59.917] [lua] Culling op for layer vz_state_alljob002_02_staging!  @mrxlayermanager:318
[17:25:59.925] [lua] (nPendingOps = 125)  @mrxlayermanager:324
[17:25:59.933] [lua] Loading vz_state_chijob001_02_captured (static: false)  @mrxlayermanager:375
[17:25:59.941] [lua] true	Unable to load layer vz_state_chijob001_02_captured  @mrxlayermanager:403
[17:25:59.951] [lua] Request fulfilled: Load layer vz_state_car_shanty_act1 (static: nil)  @mrxlayermanager:446
[17:25:59.960] [lua] Layer request 2: 160 of 238 complete  @mrxlayermanager:479
[17:25:59.969] [lua] Culling op for layer vz_state_car_shanty_act1!  @mrxlayermanager:318
[17:25:59.977] [lua] (nPendingOps = 124)  @mrxlayermanager:324
[17:25:59.984] [lua] Loading vz_chi_con006_d (static: true)  @mrxlayermanager:375
[17:25:59.993] [lua] true	Unable to load layer vz_chi_con006_d  @mrxlayermanager:403
[17:26:00.003] [lua] Request fulfilled: Load layer vz_chi_con006_d (static: nil)  @mrxlayermanager:446
[17:26:00.010] [lua] Layer request 1: 125 of 170 complete  @mrxlayermanager:479
[17:26:00.022] [lua] Culling op for layer vz_chi_con006_d!  @mrxlayermanager:318
[17:26:00.031] [lua] (nPendingOps = 123)  @mrxlayermanager:324
[17:26:00.040] [lua] Loading vz_pir_job012_i (static: true)  @mrxlayermanager:375
[17:26:00.048] [lua] true	Unable to load layer vz_pir_job012_i  @mrxlayermanager:403
[17:26:00.056] [lua] Request fulfilled: Load layer vz_state_chijob002_02_pristine (static: nil)  @mrxlayermanager:446
[17:26:00.065] [lua] Layer request 2: 161 of 238 complete  @mrxlayermanager:479
[17:26:00.073] [lua] Culling op for layer vz_state_chijob002_02_pristine!  @mrxlayermanager:318
[17:26:00.081] [lua] (nPendingOps = 122)  @mrxlayermanager:324
[17:26:00.089] [lua] Loading vz_state_allcon002_mlrs (static: false)  @mrxlayermanager:375
[17:26:00.098] [lua] true	Unable to load layer vz_state_allcon002_mlrs  @mrxlayermanager:403
[17:26:00.108] [lua] Request fulfilled: Load layer vz_pir_job012_i (static: nil)  @mrxlayermanager:446
[17:26:00.116] [lua] Layer request 1: 126 of 170 complete  @mrxlayermanager:479
[17:26:00.125] [lua] Culling op for layer vz_pir_job012_i!  @mrxlayermanager:318
[17:26:00.133] [lua] (nPendingOps = 121)  @mrxlayermanager:324
[17:26:00.142] [lua] Loading vz_state_car_city_act1 (static: false)  @mrxlayermanager:375
[17:26:00.150] [lua] true	Unable to load layer vz_state_car_city_act1  @mrxlayermanager:403
[17:26:00.159] [lua] Request fulfilled: Load layer vz_state_mar_industrial_act3 (static: nil)  @mrxlayermanager:446
[17:26:00.167] [lua] Layer request 2: 162 of 238 complete  @mrxlayermanager:479
[17:26:00.176] [lua] Culling op for layer vz_state_mar_industrial_act3!  @mrxlayermanager:318
[17:26:00.184] [lua] (nPendingOps = 120)  @mrxlayermanager:324
[17:26:00.192] [lua] Loading vz_lowresterrain (static: true)  @mrxlayermanager:375
[17:26:00.200] [lua] true	Unable to load layer vz_lowresterrain  @mrxlayermanager:403
[17:26:00.216] [lua] Request fulfilled: Load layer vz_state_alljob005_05_destroyed (static: nil)  @mrxlayermanager:446
[17:26:00.226] [lua] Layer request 2: 163 of 238 complete  @mrxlayermanager:479
[17:26:00.236] [lua] Culling op for layer vz_state_alljob005_05_destroyed!  @mrxlayermanager:318
[17:26:00.244] [lua] (nPendingOps = 119)  @mrxlayermanager:324
[17:26:00.252] [lua] Loading vz_state_chicon006_a_pristine (static: false)  @mrxlayermanager:375
[17:26:00.260] [lua] true	Unable to load layer vz_state_chicon006_a_pristine  @mrxlayermanager:403
[17:26:00.269] [lua] Request fulfilled: Load layer vz_lowresterrain (static: nil)  @mrxlayermanager:446
[17:26:00.277] [lua] Layer request 1: 127 of 170 complete  @mrxlayermanager:479
[17:26:00.285] [lua] Culling op for layer vz_lowresterrain!  @mrxlayermanager:318
[17:26:00.293] [lua] (nPendingOps = 118)  @mrxlayermanager:324
[17:26:00.301] [lua] Loading vz_chi_job002_e (static: true)  @mrxlayermanager:375
[17:26:00.309] [lua] true	Unable to load layer vz_chi_job002_e  @mrxlayermanager:403
[17:26:00.320] [lua] Request fulfilled: Load layer vz_state_allcon002_mlrs (static: nil)  @mrxlayermanager:446
[17:26:00.328] [lua] Layer request 2: 164 of 238 complete  @mrxlayermanager:479
[17:26:00.336] [lua] Culling op for layer vz_state_allcon002_mlrs!  @mrxlayermanager:318
[17:26:00.345] [lua] (nPendingOps = 117)  @mrxlayermanager:324
[17:26:00.353] [lua] Loading vz_mar_altagracia_roads (static: true)  @mrxlayermanager:375
[17:26:00.361] [lua] true	Unable to load layer vz_mar_altagracia_roads  @mrxlayermanager:403
[17:26:00.369] [lua] Request fulfilled: Load layer vz_chi_job002_e (static: nil)  @mrxlayermanager:446
[17:26:00.377] [lua] Layer request 1: 128 of 170 complete  @mrxlayermanager:479
[17:26:00.387] [lua] Culling op for layer vz_chi_job002_e!  @mrxlayermanager:318
[17:26:00.395] [lua] (nPendingOps = 116)  @mrxlayermanager:324
[17:26:00.404] [lua] Loading vz_state_allcon003_and_chicon003_pristine (static: false)  @mrxlayermanager:375
[17:26:00.412] [lua] true	Unable to load layer vz_state_allcon003_and_chicon003_pristine  @mrxlayermanager:403
[17:26:00.423] [lua] Request fulfilled: Load layer vz_mar_altagracia_roads (static: nil)  @mrxlayermanager:446
[17:26:00.430] [lua] Layer request 1: 129 of 170 complete  @mrxlayermanager:479
[17:26:00.439] [lua] Culling op for layer vz_mar_altagracia_roads!  @mrxlayermanager:318
[17:26:00.447] [lua] (nPendingOps = 115)  @mrxlayermanager:324
[17:26:00.456] [lua] Loading vz_state_gurjob011_04_destroyed (static: false)  @mrxlayermanager:375
[17:26:00.464] [lua] true	Unable to load layer vz_state_gurjob011_04_destroyed  @mrxlayermanager:403
[17:26:00.472] [lua] Request fulfilled: Load layer vz_state_chijob001_02_captured (static: nil)  @mrxlayermanager:446
[17:26:00.480] [lua] Layer request 2: 165 of 238 complete  @mrxlayermanager:479
[17:26:00.488] [lua] Culling op for layer vz_state_chijob001_02_captured!  @mrxlayermanager:318
[17:26:00.497] [lua] (nPendingOps = 114)  @mrxlayermanager:324
[17:26:00.510] [lua] Loading vz_state_gurhq_act1 (static: false)  @mrxlayermanager:375
[17:26:00.519] [lua] true	Unable to load layer vz_state_gurhq_act1  @mrxlayermanager:403
[17:26:00.529] [lua] Request fulfilled: Load layer vz_state_chicon006_a_pristine (static: nil)  @mrxlayermanager:446
[17:26:00.537] [lua] Layer request 2: 166 of 238 complete  @mrxlayermanager:479
[17:26:00.547] [lua] Culling op for layer vz_state_chicon006_a_pristine!  @mrxlayermanager:318
[17:26:00.555] [lua] (nPendingOps = 113)  @mrxlayermanager:324
[17:26:00.564] [lua] Loading vz_state_chijob010_04_pristine (static: false)  @mrxlayermanager:375
[17:26:00.572] [lua] true	Unable to load layer vz_state_chijob010_04_pristine  @mrxlayermanager:403
[17:26:00.582] [lua] Request fulfilled: Load layer vz_state_chijob001_04_captured (static: nil)  @mrxlayermanager:446
[17:26:00.590] [lua] Layer request 2: 167 of 238 complete  @mrxlayermanager:479
[17:26:00.598] [lua] Culling op for layer vz_state_chijob001_04_captured!  @mrxlayermanager:318
[17:26:00.607] [lua] (nPendingOps = 112)  @mrxlayermanager:324
[17:26:00.615] [lua] Loading vz_gur_job012_g (static: true)  @mrxlayermanager:375
[17:26:00.624] [lua] true	Unable to load layer vz_gur_job012_g  @mrxlayermanager:403
[17:26:00.633] [lua] Request fulfilled: Load layer vz_gur_job012_g (static: nil)  @mrxlayermanager:446
[17:26:00.641] [lua] Layer request 1: 130 of 170 complete  @mrxlayermanager:479
[17:26:00.649] [lua] Culling op for layer vz_gur_job012_g!  @mrxlayermanager:318
[17:26:00.662] [lua] (nPendingOps = 111)  @mrxlayermanager:324
[17:26:00.673] [lua] Loading vz_state_chicon005_a_pristine (static: false)  @mrxlayermanager:375
[17:26:00.681] [lua] true	Unable to load layer vz_state_chicon005_a_pristine  @mrxlayermanager:403
[17:26:00.689] [lua] Request fulfilled: Load layer vz_state_oiljob008_m_ruined (static: nil)  @mrxlayermanager:446
[17:26:00.697] [lua] Layer request 2: 168 of 238 complete  @mrxlayermanager:479
[17:26:00.706] [lua] Culling op for layer vz_state_oiljob008_m_ruined!  @mrxlayermanager:318
[17:26:00.718] [lua] (nPendingOps = 110)  @mrxlayermanager:324
[17:26:00.726] [lua] Loading vz_state_pirjob011_01_destroyed (static: false)  @mrxlayermanager:375
[17:26:00.738] [lua] true	Unable to load layer vz_state_pirjob011_01_destroyed  @mrxlayermanager:403
[17:26:00.748] [lua] Request fulfilled: Load layer vz_state_guanare_act1 (static: nil)  @mrxlayermanager:446
[17:26:00.756] [lua] Layer request 2: 169 of 238 complete  @mrxlayermanager:479
[17:26:00.766] [lua] Culling op for layer vz_state_guanare_act1!  @mrxlayermanager:318
[17:26:00.773] [lua] (nPendingOps = 109)  @mrxlayermanager:324
[17:26:00.782] [lua] Loading vz_state_gurjob008_01_captured (static: false)  @mrxlayermanager:375
[17:26:00.794] [lua] true	Unable to load layer vz_state_gurjob008_01_captured  @mrxlayermanager:403
[17:26:00.807] [lua] Request fulfilled: Load layer vz_state_car_city_act1 (static: nil)  @mrxlayermanager:446
[17:26:00.815] [lua] Layer request 2: 170 of 238 complete  @mrxlayermanager:479
[17:26:00.823] [lua] Culling op for layer vz_state_car_city_act1!  @mrxlayermanager:318
[17:26:00.832] [lua] (nPendingOps = 108)  @mrxlayermanager:324
[17:26:00.840] [lua] Loading vz_gur_job003 (static: true)  @mrxlayermanager:375
[17:26:00.848] [lua] true	Unable to load layer vz_gur_job003  @mrxlayermanager:403
[17:26:00.858] [lua] Request fulfilled: Load layer vz_gur_job003 (static: nil)  @mrxlayermanager:446
[17:26:00.866] [lua] Layer request 1: 131 of 170 complete  @mrxlayermanager:479
[17:26:00.875] [lua] Culling op for layer vz_gur_job003!  @mrxlayermanager:318
[17:26:00.883] [lua] (nPendingOps = 107)  @mrxlayermanager:324
[17:26:00.892] [lua] Loading vz_state_gurjob012_05_pristine (static: false)  @mrxlayermanager:375
[17:26:00.900] [lua] true	Unable to load layer vz_state_gurjob012_05_pristine  @mrxlayermanager:403
[17:26:00.908] [lua] Request fulfilled: Load layer vz_state_mar_village_act1 (static: nil)  @mrxlayermanager:446
[17:26:00.916] [lua] Layer request 2: 171 of 238 complete  @mrxlayermanager:479
[17:26:00.924] [lua] Culling op for layer vz_state_mar_village_act1!  @mrxlayermanager:318
[17:26:00.934] [lua] (nPendingOps = 106)  @mrxlayermanager:324
[17:26:00.942] [lua] Loading vz_sol_base (static: true)  @mrxlayermanager:375
[17:26:00.950] [lua] true	Unable to load layer vz_sol_base  @mrxlayermanager:403
[17:26:00.959] [lua] Request fulfilled: Load layer vz_sol_base (static: nil)  @mrxlayermanager:446
[17:26:00.969] [lua] Layer request 1: 132 of 170 complete  @mrxlayermanager:479
[17:26:00.978] [lua] Culling op for layer vz_sol_base!  @mrxlayermanager:318
[17:26:00.986] [lua] (nPendingOps = 105)  @mrxlayermanager:324
[17:26:00.996] [lua] Loading vz_gur_job012_i (static: true)  @mrxlayermanager:375
[17:26:01.005] [lua] true	Unable to load layer vz_gur_job012_i  @mrxlayermanager:403
[17:26:01.016] [lua] Request fulfilled: Load layer vz_state_mar_outskirt_act2 (static: nil)  @mrxlayermanager:446
[17:26:01.024] [lua] Layer request 2: 172 of 238 complete  @mrxlayermanager:479
[17:26:01.032] [lua] Culling op for layer vz_state_mar_outskirt_act2!  @mrxlayermanager:318
[17:26:01.041] [lua] (nPendingOps = 104)  @mrxlayermanager:324
[17:26:01.050] [lua] Loading vz_state_alljob009_05_destroyed (static: false)  @mrxlayermanager:375
[17:26:01.059] [lua] true	Unable to load layer vz_state_alljob009_05_destroyed  @mrxlayermanager:403
[17:26:01.068] [lua] Request fulfilled: Load layer vz_state_pirjob011_01_destroyed (static: nil)  @mrxlayermanager:446
[17:26:01.076] [lua] Layer request 2: 173 of 238 complete  @mrxlayermanager:479
[17:26:01.084] [lua] Culling op for layer vz_state_pirjob011_01_destroyed!  @mrxlayermanager:318
[17:26:01.093] [lua] (nPendingOps = 103)  @mrxlayermanager:324
[17:26:01.100] [lua] Loading vz_state_oiljob008_k_ruined (static: false)  @mrxlayermanager:375
[17:26:01.110] [lua] true	Unable to load layer vz_state_oiljob008_k_ruined  @mrxlayermanager:403
[17:26:01.118] [lua] Request fulfilled: Load layer vz_gur_job012_i (static: nil)  @mrxlayermanager:446
[17:26:01.127] [lua] Layer request 1: 133 of 170 complete  @mrxlayermanager:479
[17:26:01.135] [lua] Culling op for layer vz_gur_job012_i!  @mrxlayermanager:318
[17:26:01.145] [lua] (nPendingOps = 102)  @mrxlayermanager:324
[17:26:01.154] [lua] Loading vz_pir_con003 (static: true)  @mrxlayermanager:375
[17:26:01.163] [lua] true	Unable to load layer vz_pir_con003  @mrxlayermanager:403
[17:26:01.172] [lua] Request fulfilled: Load layer vz_state_allcon003_and_chicon003_pristine (static: nil)  @mrxlayermanager:446
[17:26:01.184] [lua] Layer request 2: 174 of 238 complete  @mrxlayermanager:479
[17:26:01.193] [lua] Culling op for layer vz_state_allcon003_and_chicon003_pristine!  @mrxlayermanager:318
[17:26:01.201] [lua] (nPendingOps = 101)  @mrxlayermanager:324
[17:26:01.209] [lua] Loading vz_state_oiljob012_05_staging (static: false)  @mrxlayermanager:375
[17:26:01.218] [lua] true	Unable to load layer vz_state_oiljob012_05_staging  @mrxlayermanager:403
[17:26:01.226] [lua] Request fulfilled: Load layer vz_pir_con003 (static: nil)  @mrxlayermanager:446
[17:26:01.235] [lua] Layer request 1: 134 of 170 complete  @mrxlayermanager:479
[17:26:01.243] [lua] Culling op for layer vz_pir_con003!  @mrxlayermanager:318
[17:26:01.251] [lua] (nPendingOps = 100)  @mrxlayermanager:324
[17:26:01.259] [lua] Loading vz_mar_scrub (static: true)  @mrxlayermanager:375
[17:26:01.267] [lua] true	Unable to load layer vz_mar_scrub  @mrxlayermanager:403
[17:26:01.277] [lua] Request fulfilled: Load layer vz_state_gurjob011_04_destroyed (static: nil)  @mrxlayermanager:446
[17:26:01.285] [lua] Layer request 2: 175 of 238 complete  @mrxlayermanager:479
[17:26:01.293] [lua] Culling op for layer vz_state_gurjob011_04_destroyed!  @mrxlayermanager:318
[17:26:01.308] [lua] (nPendingOps = 99)  @mrxlayermanager:324
[17:26:01.316] [lua] Loading vz_state_gurjob005_captured (static: false)  @mrxlayermanager:375
[17:26:01.324] [lua] true	Unable to load layer vz_state_gurjob005_captured  @mrxlayermanager:403
[17:26:01.332] [lua] Request fulfilled: Load layer vz_mar_scrub (static: nil)  @mrxlayermanager:446
[17:26:01.341] [lua] Layer request 1: 135 of 170 complete  @mrxlayermanager:479
[17:26:01.349] [lua] Culling op for layer vz_mar_scrub!  @mrxlayermanager:318
[17:26:01.358] [lua] (nPendingOps = 98)  @mrxlayermanager:324
[17:26:01.366] [lua] Loading vz_state_oiljob012_03_pristine (static: false)  @mrxlayermanager:375
[17:26:01.378] [lua] true	Unable to load layer vz_state_oiljob012_03_pristine  @mrxlayermanager:403
[17:26:01.389] [lua] Request fulfilled: Load layer vz_state_gurhq_act1 (static: nil)  @mrxlayermanager:446
[17:26:01.398] [lua] Layer request 2: 176 of 238 complete  @mrxlayermanager:479
[17:26:01.406] [lua] Culling op for layer vz_state_gurhq_act1!  @mrxlayermanager:318
[17:26:01.418] [lua] (nPendingOps = 97)  @mrxlayermanager:324
[17:26:01.432] [lua] Loading vz_state_gurjob002_01_pristine (static: false)  @mrxlayermanager:375
[17:26:01.440] [lua] true	Unable to load layer vz_state_gurjob002_01_pristine  @mrxlayermanager:403
[17:26:01.450] [lua] Request fulfilled: Load layer vz_state_chijob010_04_pristine (static: nil)  @mrxlayermanager:446
[17:26:01.459] [lua] Layer request 2: 177 of 238 complete  @mrxlayermanager:479
[17:26:01.467] [lua] Culling op for layer vz_state_chijob010_04_pristine!  @mrxlayermanager:318
[17:26:01.476] [lua] (nPendingOps = 96)  @mrxlayermanager:324
[17:26:01.484] [lua] Loading vz_car_billboard (static: true)  @mrxlayermanager:375
[17:26:01.492] [lua] true	Unable to load layer vz_car_billboard  @mrxlayermanager:403
[17:26:01.502] [lua] Request fulfilled: Load layer vz_state_chicon005_a_pristine (static: nil)  @mrxlayermanager:446
[17:26:01.510] [lua] Layer request 2: 178 of 238 complete  @mrxlayermanager:479
[17:26:01.519] [lua] Culling op for layer vz_state_chicon005_a_pristine!  @mrxlayermanager:318
[17:26:01.527] [lua] (nPendingOps = 95)  @mrxlayermanager:324
[17:26:01.535] [lua] Loading vz_state_chijob005_e_destroyed (static: false)  @mrxlayermanager:375
[17:26:01.543] [lua] true	Unable to load layer vz_state_chijob005_e_destroyed  @mrxlayermanager:403
[17:26:01.550] [lua] Request fulfilled: Load layer vz_car_billboard (static: nil)  @mrxlayermanager:446
[17:26:01.559] [lua] Layer request 1: 136 of 170 complete  @mrxlayermanager:479
[17:26:01.567] [lua] Culling op for layer vz_car_billboard!  @mrxlayermanager:318
[17:26:01.575] [lua] (nPendingOps = 94)  @mrxlayermanager:324
[17:26:01.583] [lua] Loading vz_state_alljob001_01_captured (static: false)  @mrxlayermanager:375
[17:26:01.593] [lua] true	Unable to load layer vz_state_alljob001_01_captured  @mrxlayermanager:403
[17:26:01.604] [lua] Request fulfilled: Load layer vz_state_gurjob008_01_captured (static: nil)  @mrxlayermanager:446
[17:26:01.612] [lua] Layer request 2: 179 of 238 complete  @mrxlayermanager:479
[17:26:01.620] [lua] Culling op for layer vz_state_gurjob008_01_captured!  @mrxlayermanager:318
[17:26:01.629] [lua] (nPendingOps = 93)  @mrxlayermanager:324
[17:26:01.637] [lua] Loading vz_mar_roads (static: true)  @mrxlayermanager:375
[17:26:01.645] [lua] true	Unable to load layer vz_mar_roads  @mrxlayermanager:403
[17:26:01.654] [lua] Request fulfilled: Load layer vz_state_oiljob012_03_pristine (static: nil)  @mrxlayermanager:446
[17:26:01.663] [lua] Layer request 2: 180 of 238 complete  @mrxlayermanager:479
[17:26:01.670] [lua] Culling op for layer vz_state_oiljob012_03_pristine!  @mrxlayermanager:318
[17:26:01.680] [lua] (nPendingOps = 92)  @mrxlayermanager:324
[17:26:01.688] [lua] Loading vz_pmc_tiny (static: true)  @mrxlayermanager:375
[17:26:01.698] [lua] true	Unable to load layer vz_pmc_tiny  @mrxlayermanager:403
[17:26:01.707] [lua] Request fulfilled: Load layer vz_state_gurjob002_01_pristine (static: nil)  @mrxlayermanager:446
[17:26:01.716] [lua] Layer request 2: 181 of 238 complete  @mrxlayermanager:479
[17:26:01.724] [lua] Culling op for layer vz_state_gurjob002_01_pristine!  @mrxlayermanager:318
[17:26:01.732] [lua] (nPendingOps = 91)  @mrxlayermanager:324
[17:26:01.740] [lua] Loading vz_gur_job002_d (static: true)  @mrxlayermanager:375
[17:26:01.748] [lua] true	Unable to load layer vz_gur_job002_d  @mrxlayermanager:403
[17:26:01.756] [lua] Request fulfilled: Load layer vz_pmc_tiny (static: nil)  @mrxlayermanager:446
[17:26:01.764] [lua] Layer request 1: 137 of 170 complete  @mrxlayermanager:479
[17:26:01.773] [lua] Culling op for layer vz_pmc_tiny!  @mrxlayermanager:318
[17:26:01.783] [lua] (nPendingOps = 90)  @mrxlayermanager:324
[17:26:01.790] [lua] Loading vz_state_gurjob011_10_destroyed (static: false)  @mrxlayermanager:375
[17:26:01.799] [lua] true	Unable to load layer vz_state_gurjob011_10_destroyed  @mrxlayermanager:403
[17:26:01.808] [lua] Request fulfilled: Load layer vz_gur_job002_d (static: nil)  @mrxlayermanager:446
[17:26:01.817] [lua] Layer request 1: 138 of 170 complete  @mrxlayermanager:479
[17:26:01.825] [lua] Culling op for layer vz_gur_job002_d!  @mrxlayermanager:318
[17:26:01.834] [lua] (nPendingOps = 89)  @mrxlayermanager:324
[17:26:01.842] [lua] Loading vz_state_alljob002_03_staging (static: false)  @mrxlayermanager:375
[17:26:01.850] [lua] true	Unable to load layer vz_state_alljob002_03_staging  @mrxlayermanager:403
[17:26:01.859] [lua] Request fulfilled: Load layer vz_state_alljob009_05_destroyed (static: nil)  @mrxlayermanager:446
[17:26:01.867] [lua] Layer request 2: 182 of 238 complete  @mrxlayermanager:479
[17:26:01.875] [lua] Culling op for layer vz_state_alljob009_05_destroyed!  @mrxlayermanager:318
[17:26:01.883] [lua] (nPendingOps = 88)  @mrxlayermanager:324
[17:26:01.892] [lua] Loading vz_state_pirjob007_g_destroyed (static: false)  @mrxlayermanager:375
[17:26:01.900] [lua] true	Unable to load layer vz_state_pirjob007_g_destroyed  @mrxlayermanager:403
[17:26:01.910] [lua] Request fulfilled: Load layer vz_state_gurjob011_10_destroyed (static: nil)  @mrxlayermanager:446
[17:26:01.918] [lua] Layer request 2: 183 of 238 complete  @mrxlayermanager:479
[17:26:01.926] [lua] Culling op for layer vz_state_gurjob011_10_destroyed!  @mrxlayermanager:318
[17:26:01.934] [lua] (nPendingOps = 87)  @mrxlayermanager:324
[17:26:01.942] [lua] Loading vz_state_oiljob005_pristine (static: false)  @mrxlayermanager:375
[17:26:01.950] [lua] true	Unable to load layer vz_state_oiljob005_pristine  @mrxlayermanager:403
[17:26:01.962] [lua] Request fulfilled: Load layer vz_state_gurjob012_05_pristine (static: nil)  @mrxlayermanager:446
[17:26:01.970] [lua] Layer request 2: 184 of 238 complete  @mrxlayermanager:479
[17:26:01.979] [lua] Culling op for layer vz_state_gurjob012_05_pristine!  @mrxlayermanager:318
[17:26:01.990] [lua] (nPendingOps = 86)  @mrxlayermanager:324
[17:26:01.999] [lua] Loading vz_state_chijob001_03_staging (static: false)  @mrxlayermanager:375
[17:26:02.007] [lua] true	Unable to load layer vz_state_chijob001_03_staging  @mrxlayermanager:403
[17:26:02.017] [lua] Request fulfilled: Load layer vz_state_oiljob008_k_ruined (static: nil)  @mrxlayermanager:446
[17:26:02.025] [lua] Layer request 2: 185 of 238 complete  @mrxlayermanager:479
[17:26:02.033] [lua] Culling op for layer vz_state_oiljob008_k_ruined!  @mrxlayermanager:318
[17:26:02.042] [lua] (nPendingOps = 85)  @mrxlayermanager:324
[17:26:02.056] [lua] Loading vz_state_chijob005_g_destroyed (static: false)  @mrxlayermanager:375
[17:26:02.064] [lua] true	Unable to load layer vz_state_chijob005_g_destroyed  @mrxlayermanager:403
[17:26:02.077] [lua] Request fulfilled: Load layer vz_state_gurjob005_captured (static: nil)  @mrxlayermanager:446
[17:26:02.085] [lua] Layer request 2: 186 of 238 complete  @mrxlayermanager:479
[17:26:02.093] [lua] Culling op for layer vz_state_gurjob005_captured!  @mrxlayermanager:318
[17:26:02.102] [lua] (nPendingOps = 84)  @mrxlayermanager:324
[17:26:02.110] [lua] Loading vz_state_mar_city_act1 (static: false)  @mrxlayermanager:375
[17:26:02.119] [lua] true	Unable to load layer vz_state_mar_city_act1  @mrxlayermanager:403
[17:26:02.128] [lua] Request fulfilled: Load layer vz_state_oiljob012_05_staging (static: nil)  @mrxlayermanager:446
[17:26:02.140] [lua] Layer request 2: 187 of 238 complete  @mrxlayermanager:479
[17:26:02.148] [lua] Culling op for layer vz_state_oiljob012_05_staging!  @mrxlayermanager:318
[17:26:02.157] [lua] (nPendingOps = 83)  @mrxlayermanager:324
[17:26:02.165] [lua] Loading vz_oil_job005 (static: true)  @mrxlayermanager:375
[17:26:02.173] [lua] true	Unable to load layer vz_oil_job005  @mrxlayermanager:403
[17:26:02.183] [lua] Request fulfilled: Load layer vz_oil_job005 (static: nil)  @mrxlayermanager:446
[17:26:02.190] [lua] Layer request 1: 139 of 170 complete  @mrxlayermanager:479
[17:26:02.199] [lua] Culling op for layer vz_oil_job005!  @mrxlayermanager:318
[17:26:02.208] [lua] (nPendingOps = 82)  @mrxlayermanager:324
[17:26:02.216] [lua] Loading vz_state_pirjob012_02_pristine (static: false)  @mrxlayermanager:375
[17:26:02.224] [lua] true	Unable to load layer vz_state_pirjob012_02_pristine  @mrxlayermanager:403
[17:26:02.232] [lua] Request fulfilled: Load layer vz_state_oiljob005_pristine (static: nil)  @mrxlayermanager:446
[17:26:02.240] [lua] Layer request 2: 188 of 238 complete  @mrxlayermanager:479
[17:26:02.250] [lua] Culling op for layer vz_state_oiljob005_pristine!  @mrxlayermanager:318
[17:26:02.258] [lua] (nPendingOps = 81)  @mrxlayermanager:324
[17:26:02.266] [lua] Loading vz_state_chicon002_bridge_destroyed (static: false)  @mrxlayermanager:375
[17:26:02.274] [lua] true	Unable to load layer vz_state_chicon002_bridge_destroyed  @mrxlayermanager:403
[17:26:02.291] [lua] Request fulfilled: Load layer vz_state_alljob001_01_captured (static: nil)  @mrxlayermanager:446
[17:26:02.300] [lua] Layer request 2: 189 of 238 complete  @mrxlayermanager:479
[17:26:02.309] [lua] Culling op for layer vz_state_alljob001_01_captured!  @mrxlayermanager:318
[17:26:02.317] [lua] (nPendingOps = 80)  @mrxlayermanager:324
[17:26:02.325] [lua] Loading vz_caracas_base (static: true)  @mrxlayermanager:375
[17:26:02.333] [lua] true	Unable to load layer vz_caracas_base  @mrxlayermanager:403
[17:26:02.344] [lua] Request fulfilled: Load layer vz_caracas_base (static: nil)  @mrxlayermanager:446
[17:26:02.353] [lua] Layer request 1: 140 of 170 complete  @mrxlayermanager:479
[17:26:02.361] [lua] Culling op for layer vz_caracas_base!  @mrxlayermanager:318
[17:26:02.369] [lua] (nPendingOps = 79)  @mrxlayermanager:324
[17:26:02.377] [lua] Loading vz_mar_industrial (static: true)  @mrxlayermanager:375
[17:26:02.385] [lua] true	Unable to load layer vz_mar_industrial  @mrxlayermanager:403
[17:26:02.393] [lua] Request fulfilled: Load layer vz_state_mar_city_act1 (static: nil)  @mrxlayermanager:446
[17:26:02.402] [lua] Layer request 2: 190 of 238 complete  @mrxlayermanager:479
[17:26:02.411] [lua] Culling op for layer vz_state_mar_city_act1!  @mrxlayermanager:318
[17:26:02.419] [lua] (nPendingOps = 78)  @mrxlayermanager:324
[17:26:02.428] [lua] Loading vz_state_alljob009_01_pristine (static: false)  @mrxlayermanager:375
[17:26:02.436] [lua] true	Unable to load layer vz_state_alljob009_01_pristine  @mrxlayermanager:403
[17:26:02.446] [lua] Request fulfilled: Load layer vz_mar_industrial (static: nil)  @mrxlayermanager:446
[17:26:02.454] [lua] Layer request 1: 141 of 170 complete  @mrxlayermanager:479
[17:26:02.465] [lua] Culling op for layer vz_mar_industrial!  @mrxlayermanager:318
[17:26:02.473] [lua] (nPendingOps = 77)  @mrxlayermanager:324
[17:26:02.481] [lua] Loading vz_state_all_hq_structures (static: false)  @mrxlayermanager:375
[17:26:02.490] [lua] true	Unable to load layer vz_state_all_hq_structures  @mrxlayermanager:403
[17:26:02.498] [lua] Request fulfilled: Load layer vz_state_pirjob007_g_destroyed (static: nil)  @mrxlayermanager:446
[17:26:02.509] [lua] Layer request 2: 191 of 238 complete  @mrxlayermanager:479
[17:26:02.517] [lua] Culling op for layer vz_state_pirjob007_g_destroyed!  @mrxlayermanager:318
[17:26:02.526] [lua] (nPendingOps = 76)  @mrxlayermanager:324
[17:26:02.534] [lua] Loading vz_state_alljob009_03_pristine (static: false)  @mrxlayermanager:375
[17:26:02.542] [lua] true	Unable to load layer vz_state_alljob009_03_pristine  @mrxlayermanager:403
[17:26:02.556] [lua] Request fulfilled: Load layer vz_state_chijob005_e_destroyed (static: nil)  @mrxlayermanager:446
[17:26:02.565] [lua] Layer request 2: 192 of 238 complete  @mrxlayermanager:479
[17:26:02.576] [lua] Culling op for layer vz_state_chijob005_e_destroyed!  @mrxlayermanager:318
[17:26:02.587] [lua] (nPendingOps = 75)  @mrxlayermanager:324
[17:26:02.599] [lua] Loading vz_amazon_road (static: true)  @mrxlayermanager:375
[17:26:02.608] [lua] true	Unable to load layer vz_amazon_road  @mrxlayermanager:403
[17:26:02.620] [lua] Request fulfilled: Load layer vz_amazon_road (static: nil)  @mrxlayermanager:446
[17:26:02.628] [lua] Layer request 1: 142 of 170 complete  @mrxlayermanager:479
[17:26:02.636] [lua] Culling op for layer vz_amazon_road!  @mrxlayermanager:318
[17:26:02.644] [lua] (nPendingOps = 74)  @mrxlayermanager:324
[17:26:02.652] [lua] Loading vz_pirate_isles_tiny (static: true)  @mrxlayermanager:375
[17:26:02.660] [lua] true	Unable to load layer vz_pirate_isles_tiny  @mrxlayermanager:403
[17:26:02.675] [lua] Request fulfilled: Load layer vz_mar_roads (static: nil)  @mrxlayermanager:446
[17:26:02.684] [lua] Layer request 1: 143 of 170 complete  @mrxlayermanager:479
[17:26:02.693] [lua] Culling op for layer vz_mar_roads!  @mrxlayermanager:318
[17:26:02.700] [lua] (nPendingOps = 73)  @mrxlayermanager:324
[17:26:02.710] [lua] Loading vz_state_alljob001_03_captured (static: false)  @mrxlayermanager:375
[17:26:02.726] [lua] true	Unable to load layer vz_state_alljob001_03_captured  @mrxlayermanager:403
[17:26:02.737] [lua] Request fulfilled: Load layer vz_pirate_isles_tiny (static: nil)  @mrxlayermanager:446
[17:26:02.745] [lua] Layer request 1: 144 of 170 complete  @mrxlayermanager:479
[17:26:02.753] [lua] Culling op for layer vz_pirate_isles_tiny!  @mrxlayermanager:318
[17:26:02.762] [lua] (nPendingOps = 72)  @mrxlayermanager:324
[17:26:02.770] [lua] Loading vz_poi_lineregions (static: true)  @mrxlayermanager:375
[17:26:02.778] [lua] true	Unable to load layer vz_poi_lineregions  @mrxlayermanager:403
[17:26:02.786] [lua] Request fulfilled: Load layer vz_state_pirjob012_02_pristine (static: nil)  @mrxlayermanager:446
[17:26:02.794] [lua] Layer request 2: 193 of 238 complete  @mrxlayermanager:479
[17:26:02.803] [lua] Culling op for layer vz_state_pirjob012_02_pristine!  @mrxlayermanager:318
[17:26:02.811] [lua] (nPendingOps = 71)  @mrxlayermanager:324
[17:26:02.819] [lua] Loading vz_all_job001_c (static: true)  @mrxlayermanager:375
[17:26:02.827] [lua] true	Unable to load layer vz_all_job001_c  @mrxlayermanager:403
[17:26:02.838] [lua] Request fulfilled: Load layer vz_poi_lineregions (static: nil)  @mrxlayermanager:446
[17:26:02.846] [lua] Layer request 1: 145 of 170 complete  @mrxlayermanager:479
[17:26:02.854] [lua] Culling op for layer vz_poi_lineregions!  @mrxlayermanager:318
[17:26:02.862] [lua] (nPendingOps = 70)  @mrxlayermanager:324
[17:26:02.871] [lua] Loading vz_state_chijob002_01_pristine (static: false)  @mrxlayermanager:375
[17:26:02.880] [lua] true	Unable to load layer vz_state_chijob002_01_pristine  @mrxlayermanager:403
[17:26:02.887] [lua] Request fulfilled: Load layer vz_all_job001_c (static: nil)  @mrxlayermanager:446
[17:26:02.895] [lua] Layer request 1: 146 of 170 complete  @mrxlayermanager:479
[17:26:02.903] [lua] Culling op for layer vz_all_job001_c!  @mrxlayermanager:318
[17:26:02.911] [lua] (nPendingOps = 69)  @mrxlayermanager:324
[17:26:02.920] [lua] Loading vz_state_oiljob012_05_pristine (static: false)  @mrxlayermanager:375
[17:26:02.933] [lua] true	Unable to load layer vz_state_oiljob012_05_pristine  @mrxlayermanager:403
[17:26:02.942] [lua] Request fulfilled: Load layer vz_state_alljob009_03_pristine (static: nil)  @mrxlayermanager:446
[17:26:02.950] [lua] Layer request 2: 194 of 238 complete  @mrxlayermanager:479
[17:26:02.961] [lua] Culling op for layer vz_state_alljob009_03_pristine!  @mrxlayermanager:318
[17:26:02.969] [lua] (nPendingOps = 68)  @mrxlayermanager:324
[17:26:02.978] [lua] Loading vz_state_chicon005_c_pristine (static: false)  @mrxlayermanager:375
[17:26:02.986] [lua] true	Unable to load layer vz_state_chicon005_c_pristine  @mrxlayermanager:403
[17:26:02.996] [lua] Request fulfilled: Load layer vz_state_all_hq_structures (static: nil)  @mrxlayermanager:446
[17:26:03.004] [lua] Layer request 2: 195 of 238 complete  @mrxlayermanager:479
[17:26:03.019] [lua] Culling op for layer vz_state_all_hq_structures!  @mrxlayermanager:318
[17:26:03.027] [lua] (nPendingOps = 67)  @mrxlayermanager:324
[17:26:03.036] [lua] Loading vz_pir_job007_a (static: true)  @mrxlayermanager:375
[17:26:03.044] [lua] true	Unable to load layer vz_pir_job007_a  @mrxlayermanager:403
[17:26:03.054] [lua] Request fulfilled: Load layer vz_state_chijob002_01_pristine (static: nil)  @mrxlayermanager:446
[17:26:03.062] [lua] Layer request 2: 196 of 238 complete  @mrxlayermanager:479
[17:26:03.070] [lua] Culling op for layer vz_state_chijob002_01_pristine!  @mrxlayermanager:318
[17:26:03.078] [lua] (nPendingOps = 66)  @mrxlayermanager:324
[17:26:03.086] [lua] Loading vz_state_chijob006_a_destroyed (static: false)  @mrxlayermanager:375
[17:26:03.094] [lua] true	Unable to load layer vz_state_chijob006_a_destroyed  @mrxlayermanager:403
[17:26:03.102] [lua] Request fulfilled: Load layer vz_pir_job007_a (static: nil)  @mrxlayermanager:446
[17:26:03.110] [lua] Layer request 1: 147 of 170 complete  @mrxlayermanager:479
[17:26:03.118] [lua] Culling op for layer vz_pir_job007_a!  @mrxlayermanager:318
[17:26:03.127] [lua] (nPendingOps = 65)  @mrxlayermanager:324
[17:26:03.135] [lua] Loading vz_state_cumana_act2chi (static: false)  @mrxlayermanager:375
[17:26:03.143] [lua] true	Unable to load layer vz_state_cumana_act2chi  @mrxlayermanager:403
[17:26:03.153] [lua] Request fulfilled: Load layer vz_state_chijob001_03_staging (static: nil)  @mrxlayermanager:446
[17:26:03.165] [lua] Layer request 2: 197 of 238 complete  @mrxlayermanager:479
[17:26:03.174] [lua] Culling op for layer vz_state_chijob001_03_staging!  @mrxlayermanager:318
[17:26:03.182] [lua] (nPendingOps = 64)  @mrxlayermanager:324
[17:26:03.190] [lua] Loading vz_state_chicon006_c_pristine (static: false)  @mrxlayermanager:375
[17:26:03.198] [lua] true	Unable to load layer vz_state_chicon006_c_pristine  @mrxlayermanager:403
[17:26:03.208] [lua] Request fulfilled: Load layer vz_state_oiljob012_05_pristine (static: nil)  @mrxlayermanager:446
[17:26:03.216] [lua] Layer request 2: 198 of 238 complete  @mrxlayermanager:479
[17:26:03.224] [lua] Culling op for layer vz_state_oiljob012_05_pristine!  @mrxlayermanager:318
[17:26:03.232] [lua] (nPendingOps = 63)  @mrxlayermanager:324
[17:26:03.244] [lua] Loading vz_car_shanty02 (static: true)  @mrxlayermanager:375
[17:26:03.252] [lua] true	Unable to load layer vz_car_shanty02  @mrxlayermanager:403
[17:26:03.261] [lua] Request fulfilled: Load layer vz_state_cumana_act2chi (static: nil)  @mrxlayermanager:446
[17:26:03.270] [lua] Layer request 2: 199 of 238 complete  @mrxlayermanager:479
[17:26:03.278] [lua] Culling op for layer vz_state_cumana_act2chi!  @mrxlayermanager:318
[17:26:03.289] [lua] (nPendingOps = 62)  @mrxlayermanager:324
[17:26:03.297] [lua] Loading vz_state_pmc_livedin (static: false)  @mrxlayermanager:375
[17:26:03.309] [lua] true	Unable to load layer vz_state_pmc_livedin  @mrxlayermanager:403
[17:26:03.318] [lua] Request fulfilled: Load layer vz_car_shanty02 (static: nil)  @mrxlayermanager:446
[17:26:03.326] [lua] Layer request 1: 148 of 170 complete  @mrxlayermanager:479
[17:26:03.334] [lua] Culling op for layer vz_car_shanty02!  @mrxlayermanager:318
[17:26:03.342] [lua] (nPendingOps = 61)  @mrxlayermanager:324
[17:26:03.350] [lua] Loading vz_state_gurjob003_captured (static: false)  @mrxlayermanager:375
[17:26:03.358] [lua] true	Unable to load layer vz_state_gurjob003_captured  @mrxlayermanager:403
[17:26:03.371] [lua] Request fulfilled: Load layer vz_state_chijob005_g_destroyed (static: nil)  @mrxlayermanager:446
[17:26:03.379] [lua] Layer request 2: 200 of 238 complete  @mrxlayermanager:479
[17:26:03.392] [lua] Culling op for layer vz_state_chijob005_g_destroyed!  @mrxlayermanager:318
[17:26:03.402] [lua] (nPendingOps = 60)  @mrxlayermanager:324
[17:26:03.410] [lua] Loading vz_state_alljob001_04_captured (static: false)  @mrxlayermanager:375
[17:26:03.418] [lua] true	Unable to load layer vz_state_alljob001_04_captured  @mrxlayermanager:403
[17:26:03.428] [lua] Request fulfilled: Load layer vz_state_alljob009_01_pristine (static: nil)  @mrxlayermanager:446
[17:26:03.437] [lua] Layer request 2: 201 of 238 complete  @mrxlayermanager:479
[17:26:03.445] [lua] Culling op for layer vz_state_alljob009_01_pristine!  @mrxlayermanager:318
[17:26:03.453] [lua] (nPendingOps = 59)  @mrxlayermanager:324
[17:26:03.461] [lua] Loading vz_state_alljob010_02_pristine (static: false)  @mrxlayermanager:375
[17:26:03.469] [lua] true	Unable to load layer vz_state_alljob010_02_pristine  @mrxlayermanager:403
[17:26:03.479] [lua] Request fulfilled: Load layer vz_state_chicon005_c_pristine (static: nil)  @mrxlayermanager:446
[17:26:03.487] [lua] Layer request 2: 202 of 238 complete  @mrxlayermanager:479
[17:26:03.497] [lua] Culling op for layer vz_state_chicon005_c_pristine!  @mrxlayermanager:318
[17:26:03.509] [lua] (nPendingOps = 58)  @mrxlayermanager:324
[17:26:03.519] [lua] Loading vz_state_pirjob010_03_destroyed (static: false)  @mrxlayermanager:375
[17:26:03.528] [lua] true	Unable to load layer vz_state_pirjob010_03_destroyed  @mrxlayermanager:403
[17:26:03.538] [lua] Request fulfilled: Load layer vz_state_chicon002_bridge_destroyed (static: nil)  @mrxlayermanager:446
[17:26:03.546] [lua] Layer request 2: 203 of 238 complete  @mrxlayermanager:479
[17:26:03.554] [lua] Culling op for layer vz_state_chicon002_bridge_destroyed!  @mrxlayermanager:318
[17:26:03.563] [lua] (nPendingOps = 57)  @mrxlayermanager:324
[17:26:03.571] [lua] Loading vz_state_alljob009_04_destroyed (static: false)  @mrxlayermanager:375
[17:26:03.580] [lua] true	Unable to load layer vz_state_alljob009_04_destroyed  @mrxlayermanager:403
[17:26:03.590] [lua] Request fulfilled: Load layer vz_state_alljob002_03_staging (static: nil)  @mrxlayermanager:446
[17:26:03.599] [lua] Layer request 2: 204 of 238 complete  @mrxlayermanager:479
[17:26:03.607] [lua] Culling op for layer vz_state_alljob002_03_staging!  @mrxlayermanager:318
[17:26:03.616] [lua] (nPendingOps = 56)  @mrxlayermanager:324
[17:26:03.624] [lua] Loading vz_state_jungle_mountain_act2 (static: false)  @mrxlayermanager:375
[17:26:03.632] [lua] true	Unable to load layer vz_state_jungle_mountain_act2  @mrxlayermanager:403
[17:26:03.642] [lua] Request fulfilled: Load layer vz_state_gurjob003_captured (static: nil)  @mrxlayermanager:446
[17:26:03.650] [lua] Layer request 2: 205 of 238 complete  @mrxlayermanager:479
[17:26:03.660] [lua] Culling op for layer vz_state_gurjob003_captured!  @mrxlayermanager:318
[17:26:03.669] [lua] (nPendingOps = 55)  @mrxlayermanager:324
[17:26:03.677] [lua] Loading vz_state_merida_act2 (static: false)  @mrxlayermanager:375
[17:26:03.685] [lua] true	Unable to load layer vz_state_merida_act2  @mrxlayermanager:403
[17:26:03.696] [lua] Request fulfilled: Load layer vz_state_alljob001_03_captured (static: nil)  @mrxlayermanager:446
[17:26:03.704] [lua] Layer request 2: 206 of 238 complete  @mrxlayermanager:479
[17:26:03.712] [lua] Culling op for layer vz_state_alljob001_03_captured!  @mrxlayermanager:318
[17:26:03.720] [lua] (nPendingOps = 54)  @mrxlayermanager:324
[17:26:03.730] [lua] Loading vz_gur_base_mines (static: true)  @mrxlayermanager:375
[17:26:03.739] [lua] true	Unable to load layer vz_gur_base_mines  @mrxlayermanager:403
[17:26:03.749] [lua] Request fulfilled: Load layer vz_state_jungle_mountain_act2 (static: nil)  @mrxlayermanager:446
[17:26:03.757] [lua] Layer request 2: 207 of 238 complete  @mrxlayermanager:479
[17:26:03.769] [lua] Culling op for layer vz_state_jungle_mountain_act2!  @mrxlayermanager:318
[17:26:03.778] [lua] (nPendingOps = 53)  @mrxlayermanager:324
[17:26:03.786] [lua] Loading vz_amazon_scrub (static: true)  @mrxlayermanager:375
[17:26:03.794] [lua] true	Unable to load layer vz_amazon_scrub  @mrxlayermanager:403
[17:26:03.803] [lua] Request fulfilled: Load layer vz_gur_base_mines (static: nil)  @mrxlayermanager:446
[17:26:03.811] [lua] Layer request 1: 149 of 170 complete  @mrxlayermanager:479
[17:26:03.819] [lua] Culling op for layer vz_gur_base_mines!  @mrxlayermanager:318
[17:26:03.829] [lua] (nPendingOps = 52)  @mrxlayermanager:324
[17:26:03.837] [lua] Loading vz_state_oiljob008_l_ruined (static: false)  @mrxlayermanager:375
[17:26:03.850] [lua] true	Unable to load layer vz_state_oiljob008_l_ruined  @mrxlayermanager:403
[17:26:03.860] [lua] Request fulfilled: Load layer vz_state_chicon006_c_pristine (static: nil)  @mrxlayermanager:446
[17:26:03.870] [lua] Layer request 2: 208 of 238 complete  @mrxlayermanager:479
[17:26:03.880] [lua] Culling op for layer vz_state_chicon006_c_pristine!  @mrxlayermanager:318
[17:26:03.890] [lua] (nPendingOps = 51)  @mrxlayermanager:324
[17:26:03.898] [lua] Loading vz_pir_job012_h (static: true)  @mrxlayermanager:375
[17:26:03.905] [lua] true	Unable to load layer vz_pir_job012_h  @mrxlayermanager:403
[17:26:03.913] [lua] Request fulfilled: Load layer vz_amazon_scrub (static: nil)  @mrxlayermanager:446
[17:26:03.922] [lua] Layer request 1: 150 of 170 complete  @mrxlayermanager:479
[17:26:03.930] [lua] Culling op for layer vz_amazon_scrub!  @mrxlayermanager:318
[17:26:03.939] [lua] (nPendingOps = 50)  @mrxlayermanager:324
[17:26:03.947] [lua] Loading vz_state_pircon004_pristine (static: false)  @mrxlayermanager:375
[17:26:03.958] [lua] true	Unable to load layer vz_state_pircon004_pristine  @mrxlayermanager:403
[17:26:03.968] [lua] Request fulfilled: Load layer vz_pir_job012_h (static: nil)  @mrxlayermanager:446
[17:26:03.976] [lua] Layer request 1: 151 of 170 complete  @mrxlayermanager:479
[17:26:03.984] [lua] Culling op for layer vz_pir_job012_h!  @mrxlayermanager:318
[17:26:03.993] [lua] (nPendingOps = 49)  @mrxlayermanager:324
[17:26:04.002] [lua] Loading vz_oil_job011_a (static: true)  @mrxlayermanager:375
[17:26:04.009] [lua] true	Unable to load layer vz_oil_job011_a  @mrxlayermanager:403
[17:26:04.017] [lua] Request fulfilled: Load layer vz_state_chijob006_a_destroyed (static: nil)  @mrxlayermanager:446
[17:26:04.025] [lua] Layer request 2: 209 of 238 complete  @mrxlayermanager:479
[17:26:04.033] [lua] Culling op for layer vz_state_chijob006_a_destroyed!  @mrxlayermanager:318
[17:26:04.041] [lua] (nPendingOps = 48)  @mrxlayermanager:324
[17:26:04.050] [lua] Loading vz_oil_job011_j (static: true)  @mrxlayermanager:375
[17:26:04.058] [lua] true	Unable to load layer vz_oil_job011_j  @mrxlayermanager:403
[17:26:04.067] [lua] Request fulfilled: Load layer vz_oil_job011_a (static: nil)  @mrxlayermanager:446
[17:26:04.076] [lua] Layer request 1: 152 of 170 complete  @mrxlayermanager:479
[17:26:04.085] [lua] Culling op for layer vz_oil_job011_a!  @mrxlayermanager:318
[17:26:04.093] [lua] (nPendingOps = 47)  @mrxlayermanager:324
[17:26:04.101] [lua] Loading vz_state_oiljob008_b_destroyed (static: false)  @mrxlayermanager:375
[17:26:04.109] [lua] true	Unable to load layer vz_state_oiljob008_b_destroyed  @mrxlayermanager:403
[17:26:04.118] [lua] Request fulfilled: Load layer vz_oil_job011_j (static: nil)  @mrxlayermanager:446
[17:26:04.127] [lua] Layer request 1: 153 of 170 complete  @mrxlayermanager:479
[17:26:04.136] [lua] Culling op for layer vz_oil_job011_j!  @mrxlayermanager:318
[17:26:04.145] [lua] (nPendingOps = 46)  @mrxlayermanager:324
[17:26:04.154] [lua] Loading vz_state_chicon001_pristine (static: false)  @mrxlayermanager:375
[17:26:04.162] [lua] true	Unable to load layer vz_state_chicon001_pristine  @mrxlayermanager:403
[17:26:04.171] [lua] Request fulfilled: Load layer vz_state_pmc_livedin (static: nil)  @mrxlayermanager:446
[17:26:04.179] [lua] Layer request 2: 210 of 238 complete  @mrxlayermanager:479
[17:26:04.188] [lua] Culling op for layer vz_state_pmc_livedin!  @mrxlayermanager:318
[17:26:04.196] [lua] (nPendingOps = 45)  @mrxlayermanager:324
[17:26:04.204] [lua] Loading vz_state_oiljob011_03_pristine (static: false)  @mrxlayermanager:375
[17:26:04.213] [lua] true	Unable to load layer vz_state_oiljob011_03_pristine  @mrxlayermanager:403
[17:26:04.224] [lua] Request fulfilled: Load layer vz_state_merida_act2 (static: nil)  @mrxlayermanager:446
[17:26:04.232] [lua] Layer request 2: 211 of 238 complete  @mrxlayermanager:479
[17:26:04.240] [lua] Culling op for layer vz_state_merida_act2!  @mrxlayermanager:318
[17:26:04.250] [lua] (nPendingOps = 44)  @mrxlayermanager:324
[17:26:04.263] [lua] Loading vz_all_job002_b (static: true)  @mrxlayermanager:375
[17:26:04.271] [lua] true	Unable to load layer vz_all_job002_b  @mrxlayermanager:403
[17:26:04.282] [lua] Request fulfilled: Load layer vz_all_job002_b (static: nil)  @mrxlayermanager:446
[17:26:04.290] [lua] Layer request 1: 154 of 170 complete  @mrxlayermanager:479
[17:26:04.299] [lua] Culling op for layer vz_all_job002_b!  @mrxlayermanager:318
[17:26:04.307] [lua] (nPendingOps = 43)  @mrxlayermanager:324
[17:26:04.315] [lua] Loading vz_state_vzacon001_pregate2 (static: false)  @mrxlayermanager:375
[17:26:04.323] [lua] true	Unable to load layer vz_state_vzacon001_pregate2  @mrxlayermanager:403
[17:26:04.331] [lua] Request fulfilled: Load layer vz_state_pirjob010_03_destroyed (static: nil)  @mrxlayermanager:446
[17:26:04.340] [lua] Layer request 2: 212 of 238 complete  @mrxlayermanager:479
[17:26:04.348] [lua] Culling op for layer vz_state_pirjob010_03_destroyed!  @mrxlayermanager:318
[17:26:04.359] [lua] (nPendingOps = 42)  @mrxlayermanager:324
[17:26:04.373] [lua] Loading vz_state_gurjob007_02_destroyed (static: false)  @mrxlayermanager:375
[17:26:04.380] [lua] true	Unable to load layer vz_state_gurjob007_02_destroyed  @mrxlayermanager:403
[17:26:04.390] [lua] Request fulfilled: Load layer vz_state_oiljob011_03_pristine (static: nil)  @mrxlayermanager:446
[17:26:04.398] [lua] Layer request 2: 213 of 238 complete  @mrxlayermanager:479
[17:26:04.407] [lua] Culling op for layer vz_state_oiljob011_03_pristine!  @mrxlayermanager:318
[17:26:04.418] [lua] (nPendingOps = 41)  @mrxlayermanager:324
[17:26:04.426] [lua] Loading vz_car_city_roads (static: true)  @mrxlayermanager:375
[17:26:04.435] [lua] true	Unable to load layer vz_car_city_roads  @mrxlayermanager:403
[17:26:04.445] [lua] Request fulfilled: Load layer vz_car_city_roads (static: nil)  @mrxlayermanager:446
[17:26:04.453] [lua] Layer request 1: 155 of 170 complete  @mrxlayermanager:479
[17:26:04.460] [lua] Culling op for layer vz_car_city_roads!  @mrxlayermanager:318
[17:26:04.469] [lua] (nPendingOps = 40)  @mrxlayermanager:324
[17:26:04.477] [lua] Loading vz_state_pirjob012_07_pristine (static: false)  @mrxlayermanager:375
[17:26:04.485] [lua] true	Unable to load layer vz_state_pirjob012_07_pristine  @mrxlayermanager:403
[17:26:04.493] [lua] Request fulfilled: Load layer vz_state_oiljob008_l_ruined (static: nil)  @mrxlayermanager:446
[17:26:04.501] [lua] Layer request 2: 214 of 238 complete  @mrxlayermanager:479
[17:26:04.510] [lua] Culling op for layer vz_state_oiljob008_l_ruined!  @mrxlayermanager:318
[17:26:04.518] [lua] (nPendingOps = 39)  @mrxlayermanager:324
[17:26:04.526] [lua] Loading vz_pmc_roads (static: true)  @mrxlayermanager:375
[17:26:04.534] [lua] true	Unable to load layer vz_pmc_roads  @mrxlayermanager:403
[17:26:04.545] [lua] Request fulfilled: Load layer vz_state_pircon004_pristine (static: nil)  @mrxlayermanager:446
[17:26:04.553] [lua] Layer request 2: 215 of 238 complete  @mrxlayermanager:479
[17:26:04.561] [lua] Culling op for layer vz_state_pircon004_pristine!  @mrxlayermanager:318
[17:26:04.570] [lua] (nPendingOps = 38)  @mrxlayermanager:324
[17:26:04.579] [lua] Loading vz_all_hq (static: true)  @mrxlayermanager:375
[17:26:04.587] [lua] true	Unable to load layer vz_all_hq  @mrxlayermanager:403
[17:26:04.595] [lua] Request fulfilled: Load layer vz_pmc_roads (static: nil)  @mrxlayermanager:446
[17:26:04.604] [lua] Layer request 1: 156 of 170 complete  @mrxlayermanager:479
[17:26:04.612] [lua] Culling op for layer vz_pmc_roads!  @mrxlayermanager:318
[17:26:04.620] [lua] (nPendingOps = 37)  @mrxlayermanager:324
[17:26:04.628] [lua] Loading vz_state_car_city_act2chi_staging (static: false)  @mrxlayermanager:375
[17:26:04.637] [lua] true	Unable to load layer vz_state_car_city_act2chi_staging  @mrxlayermanager:403
[17:26:04.654] [lua] Request fulfilled: Load layer vz_state_alljob010_02_pristine (static: nil)  @mrxlayermanager:446
[17:26:04.663] [lua] Layer request 2: 216 of 238 complete  @mrxlayermanager:479
[17:26:04.670] [lua] Culling op for layer vz_state_alljob010_02_pristine!  @mrxlayermanager:318
[17:26:04.679] [lua] (nPendingOps = 36)  @mrxlayermanager:324
[17:26:04.687] [lua] Loading vz_jungle_mountain_road (static: true)  @mrxlayermanager:375
[17:26:04.695] [lua] true	Unable to load layer vz_jungle_mountain_road  @mrxlayermanager:403
[17:26:04.704] [lua] Request fulfilled: Load layer vz_all_hq (static: nil)  @mrxlayermanager:446
[17:26:04.712] [lua] Layer request 1: 157 of 170 complete  @mrxlayermanager:479
[17:26:04.720] [lua] Culling op for layer vz_all_hq!  @mrxlayermanager:318
[17:26:04.728] [lua] (nPendingOps = 35)  @mrxlayermanager:324
[17:26:04.736] [lua] Loading vz_state_gurjob011_07_destroyed (static: false)  @mrxlayermanager:375
[17:26:04.744] [lua] true	Unable to load layer vz_state_gurjob011_07_destroyed  @mrxlayermanager:403
[17:26:04.755] [lua] Request fulfilled: Load layer vz_jungle_mountain_road (static: nil)  @mrxlayermanager:446
[17:26:04.764] [lua] Layer request 1: 158 of 170 complete  @mrxlayermanager:479
[17:26:04.772] [lua] Culling op for layer vz_jungle_mountain_road!  @mrxlayermanager:318
[17:26:04.780] [lua] (nPendingOps = 34)  @mrxlayermanager:324
[17:26:04.788] [lua] Loading vz_state_gurjob008_01_pristine (static: false)  @mrxlayermanager:375
[17:26:04.797] [lua] true	Unable to load layer vz_state_gurjob008_01_pristine  @mrxlayermanager:403
[17:26:04.805] [lua] Request fulfilled: Load layer vz_state_alljob001_04_captured (static: nil)  @mrxlayermanager:446
[17:26:04.816] [lua] Layer request 2: 217 of 238 complete  @mrxlayermanager:479
[17:26:04.824] [lua] Culling op for layer vz_state_alljob001_04_captured!  @mrxlayermanager:318
[17:26:04.832] [lua] (nPendingOps = 33)  @mrxlayermanager:324
[17:26:04.840] [lua] Loading vz_oil_job011_h (static: true)  @mrxlayermanager:375
[17:26:04.849] [lua] true	Unable to load layer vz_oil_job011_h  @mrxlayermanager:403
[17:26:04.858] [lua] Request fulfilled: Load layer vz_oil_job011_h (static: nil)  @mrxlayermanager:446
[17:26:04.867] [lua] Layer request 1: 159 of 170 complete  @mrxlayermanager:479
[17:26:04.875] [lua] Culling op for layer vz_oil_job011_h!  @mrxlayermanager:318
[17:26:04.883] [lua] (nPendingOps = 32)  @mrxlayermanager:324
[17:26:04.891] [lua] Loading vz_chi_job006_b (static: true)  @mrxlayermanager:375
[17:26:04.899] [lua] true	Unable to load layer vz_chi_job006_b  @mrxlayermanager:403
[17:26:04.908] [lua] Request fulfilled: Load layer vz_state_alljob009_04_destroyed (static: nil)  @mrxlayermanager:446
[17:26:04.916] [lua] Layer request 2: 218 of 238 complete  @mrxlayermanager:479
[17:26:04.925] [lua] Culling op for layer vz_state_alljob009_04_destroyed!  @mrxlayermanager:318
[17:26:04.933] [lua] (nPendingOps = 31)  @mrxlayermanager:324
[17:26:04.941] [lua] Loading vz_state_pirjob012_03_pristine (static: false)  @mrxlayermanager:375
[17:26:04.949] [lua] true	Unable to load layer vz_state_pirjob012_03_pristine  @mrxlayermanager:403
[17:26:04.959] [lua] Request fulfilled: Load layer vz_state_chicon001_pristine (static: nil)  @mrxlayermanager:446
[17:26:04.967] [lua] Layer request 2: 219 of 238 complete  @mrxlayermanager:479
[17:26:04.980] [lua] Culling op for layer vz_state_chicon001_pristine!  @mrxlayermanager:318
[17:26:04.988] [lua] (nPendingOps = 30)  @mrxlayermanager:324
[17:26:04.996] [lua] Loading vz_state_mar_big_lineregion (static: false)  @mrxlayermanager:375
[17:26:05.004] [lua] true	Unable to load layer vz_state_mar_big_lineregion  @mrxlayermanager:403
[17:26:05.012] [lua] Request fulfilled: Load layer vz_chi_job006_b (static: nil)  @mrxlayermanager:446
[17:26:05.020] [lua] Layer request 1: 160 of 170 complete  @mrxlayermanager:479
[17:26:05.028] [lua] Culling op for layer vz_chi_job006_b!  @mrxlayermanager:318
[17:26:05.036] [lua] (nPendingOps = 29)  @mrxlayermanager:324
[17:26:05.048] [lua] Loading vz_chi_con005_d (static: true)  @mrxlayermanager:375
[17:26:05.057] [lua] true	Unable to load layer vz_chi_con005_d  @mrxlayermanager:403
[17:26:05.067] [lua] Request fulfilled: Load layer vz_chi_con005_d (static: nil)  @mrxlayermanager:446
[17:26:05.075] [lua] Layer request 1: 161 of 170 complete  @mrxlayermanager:479
[17:26:05.083] [lua] Culling op for layer vz_chi_con005_d!  @mrxlayermanager:318
[17:26:05.091] [lua] (nPendingOps = 28)  @mrxlayermanager:324
[17:26:05.099] [lua] Loading vz_cumana_foilage (static: true)  @mrxlayermanager:375
[17:26:05.107] [lua] true	Unable to load layer vz_cumana_foilage  @mrxlayermanager:403
[17:26:05.116] [lua] Request fulfilled: Load layer vz_state_pirjob012_03_pristine (static: nil)  @mrxlayermanager:446
[17:26:05.124] [lua] Layer request 2: 220 of 238 complete  @mrxlayermanager:479
[17:26:05.132] [lua] Culling op for layer vz_state_pirjob012_03_pristine!  @mrxlayermanager:318
[17:26:05.140] [lua] (nPendingOps = 27)  @mrxlayermanager:324
[17:26:05.148] [lua] Loading vz_state_chijob001_04_pristine (static: false)  @mrxlayermanager:375
[17:26:05.157] [lua] true	Unable to load layer vz_state_chijob001_04_pristine  @mrxlayermanager:403
[17:26:05.167] [lua] Request fulfilled: Load layer vz_state_oiljob008_b_destroyed (static: nil)  @mrxlayermanager:446
[17:26:05.175] [lua] Layer request 2: 221 of 238 complete  @mrxlayermanager:479
[17:26:05.184] [lua] Culling op for layer vz_state_oiljob008_b_destroyed!  @mrxlayermanager:318
[17:26:05.192] [lua] (nPendingOps = 26)  @mrxlayermanager:324
[17:26:05.204] [lua] Loading vz_mar_altagracia (static: true)  @mrxlayermanager:375
[17:26:05.212] [lua] true	Unable to load layer vz_mar_altagracia  @mrxlayermanager:403
[17:26:05.220] [lua] Request fulfilled: Load layer vz_cumana_foilage (static: nil)  @mrxlayermanager:446
[17:26:05.228] [lua] Layer request 1: 162 of 170 complete  @mrxlayermanager:479
[17:26:05.236] [lua] Culling op for layer vz_cumana_foilage!  @mrxlayermanager:318
[17:26:05.244] [lua] (nPendingOps = 25)  @mrxlayermanager:324
[17:26:05.253] [lua] Loading vz_state_alljob005_03_destroyed (static: false)  @mrxlayermanager:375
[17:26:05.260] [lua] true	Unable to load layer vz_state_alljob005_03_destroyed  @mrxlayermanager:403
[17:26:05.270] [lua] Request fulfilled: Load layer vz_mar_altagracia (static: nil)  @mrxlayermanager:446
[17:26:05.279] [lua] Layer request 1: 163 of 170 complete  @mrxlayermanager:479
[17:26:05.287] [lua] Culling op for layer vz_mar_altagracia!  @mrxlayermanager:318
[17:26:05.295] [lua] (nPendingOps = 24)  @mrxlayermanager:324
[17:26:05.303] [lua] Loading vz_chi_job002_c (static: true)  @mrxlayermanager:375
[17:26:05.311] [lua] true	Unable to load layer vz_chi_job002_c  @mrxlayermanager:403
[17:26:05.319] [lua] Request fulfilled: Load layer vz_state_vzacon001_pregate2 (static: nil)  @mrxlayermanager:446
[17:26:05.328] [lua] Layer request 2: 222 of 238 complete  @mrxlayermanager:479
[17:26:05.336] [lua] Culling op for layer vz_state_vzacon001_pregate2!  @mrxlayermanager:318
[17:26:05.345] [lua] (nPendingOps = 23)  @mrxlayermanager:324
[17:26:05.353] [lua] Loading vz_start_location (static: true)  @mrxlayermanager:375
[17:26:05.360] [lua] true	Unable to load layer vz_start_location  @mrxlayermanager:403
[17:26:05.372] [lua] Request fulfilled: Load layer vz_chi_job002_c (static: nil)  @mrxlayermanager:446
[17:26:05.380] [lua] Layer request 1: 164 of 170 complete  @mrxlayermanager:479
[17:26:05.390] [lua] Culling op for layer vz_chi_job002_c!  @mrxlayermanager:318
[17:26:05.398] [lua] (nPendingOps = 22)  @mrxlayermanager:324
[17:26:05.407] [lua] Loading vz_state_gurjob006 (static: false)  @mrxlayermanager:375
[17:26:05.415] [lua] true	Unable to load layer vz_state_gurjob006  @mrxlayermanager:403
[17:26:05.423] [lua] Request fulfilled: Load layer vz_start_location (static: nil)  @mrxlayermanager:446
[17:26:05.432] [lua] Layer request 1: 165 of 170 complete  @mrxlayermanager:479
[17:26:05.440] [lua] Culling op for layer vz_start_location!  @mrxlayermanager:318
[17:26:05.448] [lua] (nPendingOps = 21)  @mrxlayermanager:324
[17:26:05.458] [lua] Loading vz_chi_job006_e (static: true)  @mrxlayermanager:375
[17:26:05.467] [lua] true	Unable to load layer vz_chi_job006_e  @mrxlayermanager:403
[17:26:05.476] [lua] Request fulfilled: Load layer vz_state_gurjob007_02_destroyed (static: nil)  @mrxlayermanager:446
[17:26:05.484] [lua] Layer request 2: 223 of 238 complete  @mrxlayermanager:479
[17:26:05.493] [lua] Culling op for layer vz_state_gurjob007_02_destroyed!  @mrxlayermanager:318
[17:26:05.502] [lua] (nPendingOps = 20)  @mrxlayermanager:324
[17:26:05.510] [lua] Loading vz_state_gurjob011_06_destroyed (static: false)  @mrxlayermanager:375
[17:26:05.518] [lua] true	Unable to load layer vz_state_gurjob011_06_destroyed  @mrxlayermanager:403
[17:26:05.528] [lua] Request fulfilled: Load layer vz_state_alljob005_03_destroyed (static: nil)  @mrxlayermanager:446
[17:26:05.536] [lua] Layer request 2: 224 of 238 complete  @mrxlayermanager:479
[17:26:05.545] [lua] Culling op for layer vz_state_alljob005_03_destroyed!  @mrxlayermanager:318
[17:26:05.552] [lua] (nPendingOps = 19)  @mrxlayermanager:324
[17:26:05.561] [lua] Loading vz_state_mar_altagracia_act2 (static: false)  @mrxlayermanager:375
[17:26:05.572] [lua] true	Unable to load layer vz_state_mar_altagracia_act2  @mrxlayermanager:403
[17:26:05.580] [lua] Request fulfilled: Load layer vz_chi_job006_e (static: nil)  @mrxlayermanager:446
[17:26:05.590] [lua] Layer request 1: 166 of 170 complete  @mrxlayermanager:479
[17:26:05.599] [lua] Culling op for layer vz_chi_job006_e!  @mrxlayermanager:318
[17:26:05.607] [lua] (nPendingOps = 18)  @mrxlayermanager:324
[17:26:05.615] [lua] Loading vz_state_oiljob012_02_staging (static: false)  @mrxlayermanager:375
[17:26:05.627] [lua] true	Unable to load layer vz_state_oiljob012_02_staging  @mrxlayermanager:403
[17:26:05.638] [lua] Request fulfilled: Load layer vz_state_car_city_act2chi_staging (static: nil)  @mrxlayermanager:446
[17:26:05.646] [lua] Layer request 2: 225 of 238 complete  @mrxlayermanager:479
[17:26:05.655] [lua] Culling op for layer vz_state_car_city_act2chi_staging!  @mrxlayermanager:318
[17:26:05.663] [lua] (nPendingOps = 17)  @mrxlayermanager:324
[17:26:05.671] [lua] Loading vz_state_gurjob011_01_destroyed (static: false)  @mrxlayermanager:375
[17:26:05.680] [lua] true	Unable to load layer vz_state_gurjob011_01_destroyed  @mrxlayermanager:403
[17:26:05.689] [lua] Request fulfilled: Load layer vz_state_mar_big_lineregion (static: nil)  @mrxlayermanager:446
[17:26:05.697] [lua] Layer request 2: 226 of 238 complete  @mrxlayermanager:479
[17:26:05.705] [lua] Culling op for layer vz_state_mar_big_lineregion!  @mrxlayermanager:318
[17:26:05.713] [lua] (nPendingOps = 16)  @mrxlayermanager:324
[17:26:05.721] [lua] Loading vz_state_pirjob012_06_pristine (static: false)  @mrxlayermanager:375
[17:26:05.729] [lua] true	Unable to load layer vz_state_pirjob012_06_pristine  @mrxlayermanager:403
[17:26:05.739] [lua] Request fulfilled: Load layer vz_state_pirjob012_07_pristine (static: nil)  @mrxlayermanager:446
[17:26:05.747] [lua] Layer request 2: 227 of 238 complete  @mrxlayermanager:479
[17:26:05.755] [lua] Culling op for layer vz_state_pirjob012_07_pristine!  @mrxlayermanager:318
[17:26:05.764] [lua] (nPendingOps = 15)  @mrxlayermanager:324
[17:26:05.774] [lua] Loading vz_pir_job012_a (static: true)  @mrxlayermanager:375
[17:26:05.782] [lua] true	Unable to load layer vz_pir_job012_a  @mrxlayermanager:403
[17:26:05.792] [lua] Request fulfilled: Load layer vz_pir_job012_a (static: nil)  @mrxlayermanager:446
[17:26:05.800] [lua] Layer request 1: 167 of 170 complete  @mrxlayermanager:479
[17:26:05.808] [lua] Culling op for layer vz_pir_job012_a!  @mrxlayermanager:318
[17:26:05.817] [lua] (nPendingOps = 14)  @mrxlayermanager:324
[17:26:05.825] [lua] Loading vz_state_chijob006_c_destroyed (static: false)  @mrxlayermanager:375
[17:26:05.833] [lua] true	Unable to load layer vz_state_chijob006_c_destroyed  @mrxlayermanager:403
[17:26:05.843] [lua] Request fulfilled: Load layer vz_state_gurjob011_07_destroyed (static: nil)  @mrxlayermanager:446
[17:26:05.850] [lua] Layer request 2: 228 of 238 complete  @mrxlayermanager:479
[17:26:05.859] [lua] Culling op for layer vz_state_gurjob011_07_destroyed!  @mrxlayermanager:318
[17:26:05.867] [lua] (nPendingOps = 13)  @mrxlayermanager:324
[17:26:05.875] [lua] Loading vz_cum_city (static: true)  @mrxlayermanager:375
[17:26:05.883] [lua] true	Unable to load layer vz_cum_city  @mrxlayermanager:403
[17:26:05.893] [lua] Request fulfilled: Load layer vz_state_gurjob008_01_pristine (static: nil)  @mrxlayermanager:446
[17:26:05.900] [lua] Layer request 2: 229 of 238 complete  @mrxlayermanager:479
[17:26:05.909] [lua] Culling op for layer vz_state_gurjob008_01_pristine!  @mrxlayermanager:318
[17:26:05.918] [lua] (nPendingOps = 12)  @mrxlayermanager:324
[17:26:05.927] [lua] Loading vz_state_pirjob012_08_pristine (static: false)  @mrxlayermanager:375
[17:26:05.935] [lua] true	Unable to load layer vz_state_pirjob012_08_pristine  @mrxlayermanager:403
[17:26:05.943] [lua] Request fulfilled: Load layer vz_cum_city (static: nil)  @mrxlayermanager:446
[17:26:05.950] [lua] Layer request 1: 168 of 170 complete  @mrxlayermanager:479
[17:26:05.959] [lua] Culling op for layer vz_cum_city!  @mrxlayermanager:318
[17:26:05.968] [lua] (nPendingOps = 11)  @mrxlayermanager:324
[17:26:05.976] [lua] Loading vz_gur_base (static: true)  @mrxlayermanager:375
[17:26:05.984] [lua] true	Unable to load layer vz_gur_base  @mrxlayermanager:403
[17:26:05.994] [lua] Request fulfilled: Load layer vz_gur_base (static: nil)  @mrxlayermanager:446
[17:26:06.002] [lua] Layer request 1: 169 of 170 complete  @mrxlayermanager:479
[17:26:06.010] [lua] Culling op for layer vz_gur_base!  @mrxlayermanager:318
[17:26:06.020] [lua] (nPendingOps = 10)  @mrxlayermanager:324
[17:26:06.028] [lua] Loading vz_teleporter (static: true)  @mrxlayermanager:375
[17:26:06.036] [lua] true	Unable to load layer vz_teleporter  @mrxlayermanager:403
[17:26:06.044] [lua] Request fulfilled: Load layer vz_state_chijob001_04_pristine (static: nil)  @mrxlayermanager:446
[17:26:06.052] [lua] Layer request 2: 230 of 238 complete  @mrxlayermanager:479
[17:26:06.060] [lua] Culling op for layer vz_state_chijob001_04_pristine!  @mrxlayermanager:318
[17:26:06.068] [lua] (nPendingOps = 9)  @mrxlayermanager:324
[17:26:06.082] [lua] Request fulfilled: Load layer vz_teleporter (static: nil)  @mrxlayermanager:446
[17:26:06.090] [lua] Layer request 1: 170 of 170 complete  @mrxlayermanager:479
[17:26:06.098] [lua] Layer request 1 completed!  @mrxlayermanager:482
[17:26:06.107] [lua] Culling op for layer vz_teleporter!  @mrxlayermanager:318
[17:26:06.118] [lua] (nPendingOps = 8)  @mrxlayermanager:324
[17:26:06.126] [lua] registering player callbacks  @mrxplayer:175
[17:26:06.135] [lua] Request fulfilled: Load layer vz_state_oiljob012_02_staging (static: nil)  @mrxlayermanager:446
[17:26:06.143] [lua] Layer request 2: 231 of 238 complete  @mrxlayermanager:479
[17:26:06.150] [lua] Culling op for layer vz_state_oiljob012_02_staging!  @mrxlayermanager:318
[17:26:06.158] [lua] (nPendingOps = 7)  @mrxlayermanager:324
[17:26:06.169] [lua] Request fulfilled: Load layer vz_state_pirjob012_06_pristine (static: nil)  @mrxlayermanager:446
[17:26:06.178] [lua] Layer request 2: 232 of 238 complete  @mrxlayermanager:479
[17:26:06.186] [lua] Culling op for layer vz_state_pirjob012_06_pristine!  @mrxlayermanager:318
[17:26:06.194] [lua] (nPendingOps = 6)  @mrxlayermanager:324
[17:26:06.210] [lua] Request fulfilled: Load layer vz_state_chijob006_c_destroyed (static: nil)  @mrxlayermanager:446
[17:26:06.218] [lua] Layer request 2: 233 of 238 complete  @mrxlayermanager:479
[17:26:06.227] [lua] Culling op for layer vz_state_chijob006_c_destroyed!  @mrxlayermanager:318
[17:26:06.234] [lua] (nPendingOps = 5)  @mrxlayermanager:324
[17:26:06.244] [lua] Request fulfilled: Load layer vz_state_mar_altagracia_act2 (static: nil)  @mrxlayermanager:446
[17:26:06.252] [lua] Layer request 2: 234 of 238 complete  @mrxlayermanager:479
[17:26:06.260] [lua] Culling op for layer vz_state_mar_altagracia_act2!  @mrxlayermanager:318
[17:26:06.268] [lua] (nPendingOps = 4)  @mrxlayermanager:324
[17:26:06.278] [lua] Request fulfilled: Load layer vz_state_pirjob012_08_pristine (static: nil)  @mrxlayermanager:446
[17:26:06.286] [lua] Layer request 2: 235 of 238 complete  @mrxlayermanager:479
[17:26:06.295] [lua] Culling op for layer vz_state_pirjob012_08_pristine!  @mrxlayermanager:318
[17:26:06.303] [lua] (nPendingOps = 3)  @mrxlayermanager:324
[17:26:06.312] [lua] Request fulfilled: Load layer vz_state_gurjob011_06_destroyed (static: nil)  @mrxlayermanager:446
[17:26:06.321] [lua] Layer request 2: 236 of 238 complete  @mrxlayermanager:479
[17:26:06.329] [lua] Culling op for layer vz_state_gurjob011_06_destroyed!  @mrxlayermanager:318
[17:26:06.338] [lua] (nPendingOps = 2)  @mrxlayermanager:324
[17:26:06.347] [lua] Request fulfilled: Load layer vz_state_gurjob011_01_destroyed (static: nil)  @mrxlayermanager:446
[17:26:06.357] [lua] Layer request 2: 237 of 238 complete  @mrxlayermanager:479
[17:26:06.367] [lua] Culling op for layer vz_state_gurjob011_01_destroyed!  @mrxlayermanager:318
[17:26:06.375] [lua] (nPendingOps = 1)  @mrxlayermanager:324
[17:26:06.385] [lua] Request fulfilled: Load layer vz_state_gurjob006 (static: nil)  @mrxlayermanager:446
[17:26:06.393] [lua] Layer request 2: 238 of 238 complete  @mrxlayermanager:479
[17:26:06.401] [lua] Layer request 2 completed!  @mrxlayermanager:482
[17:26:06.410] [lua] Culling op for layer vz_state_gurjob006!  @mrxlayermanager:318
[17:26:06.418] [lua] (nPendingOps = 0)  @mrxlayermanager:324
[17:26:06.430] [lua] All layer operations processed and fulfilled...resetting asset request max to 16  @mrxlayermanager:330
[17:26:06.439] [lua] LUA: player joined as player 0, and is local true  @mrxplayer:245
[17:26:06.447] [lua] LUA: player joined as player 0, character mattias, costume pmc_hum_mattias_v4  @mrxplayer:257
[17:26:06.455] [lua] @@@@@@@@@@ MrxPlayer.CreatePlayerCharacter: id = 0: type = mattias: model = nil: location = Pmc_Entry1  @mrxplayer:821
[17:26:06.462] [lua] true  @mrxguimanager:23
[17:26:06.470] [lua] local player joined  @mrxbootstrap:97
[17:26:06.479] [lua] LUA: Net.IsClient() - false bLocalPlayer - true  @mrxplayer:320
[17:26:06.530] [lua] table:0x1F1AC880  @mrxguibase:1353
[17:26:06.539] [lua] table:0x1F1AC460  @mrxguibase:1353
[17:26:06.546] [lua] table:0x1F1AB8E0  @mrxguibase:1353
[17:26:06.554] [lua] table:0x1F196440  @mrxguibase:1353
[17:26:06.560] [lua] table:0x1F195FA0  @mrxguibase:1353
[17:26:06.567] [lua] table:0x1F1962C0  @mrxguibase:1353
[17:26:06.574] [lua] table:0x1F196140  @mrxguibase:1353
[17:26:06.580] [lua] table:0x1F195540  @mrxguibase:1353
[17:26:06.587] [lua] table:0x1F195440  @mrxguibase:1353
[17:26:06.597] [lua] table:0x1F195320  @mrxguibase:1353
[17:26:06.604] [lua] table:0x1F194D20  @mrxguibase:1353
[17:26:06.610] [lua] table:0x1F194C20  @mrxguibase:1353
[17:26:06.618] [lua] table:0x1F194B00  @mrxguibase:1353
[17:26:06.624] [lua] table:0x1F194580  @mrxguibase:1353
[17:26:06.632] [lua] table:0x1F1943E0  @mrxguibase:1353
[17:26:06.639] [lua] table:0x1F193C60  @mrxguibase:1353
[17:26:06.650] [lua] table:0x1F193B60  @mrxguibase:1353
[17:26:06.657] [lua] true  @mrxguimanager:482
[17:26:06.664] [lua] true  @mrxguimanager:490
[17:26:06.673] [lua] table:0x1F176FC0  @mrxguibase:1353
[17:26:06.679] [lua] table:0x1F176CA0  @mrxguibase:1353
[17:26:06.686] [lua] true  @mrxguimanager:482
[17:26:06.693] [lua] true  @mrxguimanager:502
[17:26:06.701] [lua] table:0x1F174640  @mrxguibase:1353
[17:26:06.711] [lua] table:0x1F174180  @mrxguibase:1353
[17:26:06.718] [lua] table:0x1F174020  @mrxguibase:1353
[17:26:06.725] [lua] table:0x1F173EC0  @mrxguibase:1353
[17:26:06.731] [lua] table:0x1F1742C0  @mrxguibase:1353
[17:26:06.738] [lua] table:0x1F173D60  @mrxguibase:1353
[17:26:06.745] [lua] table:0x1F174180  @mrxguibase:1353
[17:26:06.755] [lua] table:0x1F174020  @mrxguibase:1353
[17:26:06.762] [lua] true  @mrxguimanager:482
[17:26:06.769] [lua] true  @mrxguimanager:496
[17:26:06.778] [lua] created player join event userdata: 00100029  @mrxguipda:2333
[17:26:06.785] [lua] true  @mrxguimanager:482
[17:26:06.792] [lua] true  @mrxguimanager:508
[17:26:06.798] [lua] true  @mrxguimanager:23
[17:26:06.807] [lua] gui loaded  @mrxbootstrap:83
[17:26:06.815] [lua] **********FACTION MOOD ACHIEVEMENT  @mrxachievements:270
[17:26:06.823] [lua] Disguise.Init function: 1F40BD20  @mrxfactionmanager:278
[17:26:06.833] [lua] FactionZone.Init function: 1F40BD00  @mrxfactionmanager:285
[17:26:06.842] [lua] CAN'T SET RELATION ... ATTITUDE IS NOT MUTABLE  @mrxfactionmanager:547
[17:26:06.850] [lua] ***********************  CivCasualtySetup function has been called  @mrxfactionmanager:883
[17:26:06.862] [lua] @@@@@@@@@@ MrxState.Enter: state STATE_WAITFORGAME (refcount=1)  @mrxstate:381
[17:26:06.871] [lua] ###! GlobalEnter - Begin  @mrxstate:172
[17:26:06.878] [lua] table:0x1F1AB540  @mrxguibase:1353
[17:26:06.885] [lua] table:0x1F1AB780  @mrxguibase:1353
[17:26:06.892] [lua] table:0x1F1AB8E0  @mrxguibase:1353
[17:26:06.899] [lua] table:0x1F1ABE40  @mrxguibase:1353
[17:26:06.906] [lua] table:0x1F1AC060  @mrxguibase:1353
[17:26:06.913] [lua] table:0x1F1AC600  @mrxguibase:1353
[17:26:06.920] [lua] table:0x1F1ACBC0  @mrxguibase:1353
[17:26:06.928] [lua] table:0x1F1AC880  @mrxguibase:1353
[17:26:07.937] [lua] BLACKSCREEN - FadeFromColor called from hero.EndSurvivalMode  @hero:396
[17:26:07.945] [lua] Atmosphere: default VZ settings  @wifvzatmosphere:26
[17:26:07.959] [lua] afternoon  @wifvzatmosphere:29
[17:26:07.967] [lua] Re-enabling all DBs--you have exited Caracas (or you're not there)  @wifvzregionnames:77
[17:26:07.975] [lua] ***************Staging Act One is GO GO GO  @stagingact1:2
[17:26:07.984] [lua] @@@@@@@@@@ WifVzBoundary.RemoveWorldBoundary (_sBoundaryName=nil)  @wifvzboundary:129
[17:26:07.992] [lua] Spawned _pmcoutpost_bld_fueldepot at PMC Fuel Tank 5 (userdata: 40005A95)  @mrxpmc:651
[17:26:08.003] [lua] Spawned _pmcoutpost_bld_fueldepot at PMC Fuel Tank 7 (userdata: 40005A9A)  @mrxpmc:651
[17:26:08.012] [lua] Spawned _pmcoutpost_bld_fueldepot at PMC Fuel Tank 9 (userdata: 40005A9F)  @mrxpmc:651
[17:26:08.022] [lua] Spawned _pmcoutpost_bld_fueldepot at PMC Fuel Tank 3 (userdata: 40005AA4)  @mrxpmc:651
[17:26:08.030] [lua] Spawned _pmcoutpost_bld_fueldepot at PMC Fuel Tank 11 (userdata: 40005AA9)  @mrxpmc:651
[17:26:08.039] [lua] Spawned _pmcoutpost_bld_fueldepot at PMC Fuel Tank 10 (userdata: 40005AAE)  @mrxpmc:651
[17:26:08.048] [lua] Spawned _pmcoutpost_bld_fueldepot at PMC Fuel Tank 1 (userdata: 40005AB3)  @mrxpmc:651
[17:26:08.057] [lua] Spawned _pmcoutpost_bld_fueldepot at PMC Fuel Tank 13 (userdata: 40005AB8)  @mrxpmc:651
[17:26:08.065] [lua] Spawned _pmcoutpost_bld_fueldepot at PMC Fuel Tank 12 (userdata: 40005ABD)  @mrxpmc:651
[17:26:08.076] [lua] Spawned _pmcoutpost_bld_fueldepot at PMC Fuel Tank 14 (userdata: 40005AC2)  @mrxpmc:651
[17:26:08.084] [lua] Spawned _pmcoutpost_bld_fueldepot at PMC Fuel Tank 6 (userdata: 40005AC7)  @mrxpmc:651
[17:26:08.091] [lua] table:0x1EFAE000  @mrxguibase:1353
[17:26:08.100] [lua] table:0x1EFADF00  @mrxguibase:1353
[17:26:08.108] [lua] table:0x1EFADB20  @mrxguibase:1353
[17:26:08.115] [lua] table:0x1EFACCE0  @mrxguibase:1353
[17:26:08.122] [lua] table:0x1EFACBE0  @mrxguibase:1353
[17:26:08.128] [lua] table:0x1EFAC800  @mrxguibase:1353
[17:26:08.136] [lua] table:0x1EFABA20  @mrxguibase:1353
[17:26:08.143] [lua] table:0x1EFAB920  @mrxguibase:1353
[17:26:08.150] [lua] table:0x1EFAB600  @mrxguibase:1353
[17:26:08.157] [lua] table:0x1EFAA7E0  @mrxguibase:1353
[17:26:08.164] [lua] table:0x1EFAA6E0  @mrxguibase:1353
[17:26:08.173] [lua] table:0x1F15FD80  @mrxguibase:1353
[17:26:08.180] [lua] table:0x1EFAEE00  @mrxguibase:1353
[17:26:08.186] [lua] table:0x1EFAA060  @mrxguibase:1353
[17:26:08.193] [lua] table:0x1EFA9D00  @mrxguibase:1353
[17:26:08.200] [lua] table:0x1EFAE000  @mrxguibase:1353
[17:26:08.207] [lua] table:0x1EFADF00  @mrxguibase:1353
[17:26:08.215] [lua] CAN'T SET RELATION ... ATTITUDE IS NOT MUTABLE  @mrxfactionmanager:547
[17:26:08.222] [lua] table:0x1EFACCE0  @mrxguibase:1353
[17:26:08.229] [lua] table:0x1EFACBE0  @mrxguibase:1353
[17:26:08.236] [lua] table:0x1EFABA20  @mrxguibase:1353
[17:26:08.243] [lua] table:0x1EFAB920  @mrxguibase:1353
[17:26:08.249] [lua] table:0x1EFAA7E0  @mrxguibase:1353
[17:26:08.256] [lua] table:0x1EFAA6E0  @mrxguibase:1353
[17:26:08.264] [lua] CAN'T SET RELATION ... ATTITUDE IS NOT MUTABLE  @mrxfactionmanager:547
[17:26:08.272] [lua] table:0x1EFAEE00  @mrxguibase:1353
[17:26:08.280] [lua] table:0x1EFAA060  @mrxguibase:1353
[17:26:08.288] [lua] Adding attitude events for All  @mrxtransit:563
[17:26:08.297] [lua] Adding attitude events for Chi  @mrxtransit:563
[17:26:08.305] [lua] Adding attitude events for Civ  @mrxtransit:563
[17:26:08.313] [lua] Adding attitude events for Gur  @mrxtransit:563
[17:26:08.322] [lua] Adding attitude events for Oil  @mrxtransit:563
[17:26:08.330] [lua] Adding attitude events for Pir  @mrxtransit:563
[17:26:08.339] [lua] Adding attitude events for Pmc  @mrxtransit:563
[17:26:08.347] [lua] Adding attitude events for Vza  @mrxtransit:563
[17:26:08.355] [lua] SetSystemEnabled( true, nil, nil  @mrxtransit:418
[17:26:08.364] [lua] sending NETEVENT_CLIENTTRANSIT  @mrxtransit:464
[17:26:08.372] [lua] 2  @mrxfactionmanager:505
[17:26:08.381] [lua] Landing zone 28 affiliated with Pir (nil)  @mrxtransit:669
[17:26:08.390] [lua] 2  @mrxfactionmanager:505
[17:26:08.399] [lua] Landing zone 2 affiliated with Oil (nil)  @mrxtransit:669
[17:26:08.406] [lua] 2  @mrxfactionmanager:505
[17:26:08.414] [lua] Landing zone 3 affiliated with Oil (nil)  @mrxtransit:669
[17:26:08.421] [lua] 2  @mrxfactionmanager:505
[17:26:08.430] [lua] Landing zone 4 affiliated with Gur (nil)  @mrxtransit:669
[17:26:08.437] [lua] 2  @mrxfactionmanager:505
[17:26:08.445] [lua] Landing zone 17 affiliated with Gur (nil)  @mrxtransit:669
[17:26:08.452] [lua] 2  @mrxfactionmanager:505
[17:26:08.460] [lua] Landing zone 5 affiliated with Gur (nil)  @mrxtransit:669
[17:26:08.467] [lua] 2  @mrxfactionmanager:505
[17:26:08.475] [lua] Landing zone 21 affiliated with All (nil)  @mrxtransit:669
[17:26:08.482] [lua] 2  @mrxfactionmanager:505
[17:26:08.490] [lua] Landing zone 25 affiliated with Chi (nil)  @mrxtransit:669
[17:26:08.500] [lua] 2  @mrxfactionmanager:505
[17:26:08.509] [lua] Landing zone 7 affiliated with All (nil)  @mrxtransit:669
[17:26:08.515] [lua] 2  @mrxfactionmanager:505
[17:26:08.523] [lua] Landing zone 29 affiliated with Oil (nil)  @mrxtransit:669
[17:26:08.530] [lua] 2  @mrxfactionmanager:505
[17:26:08.540] [lua] Landing zone 8 affiliated with Pir (nil)  @mrxtransit:669
[17:26:08.552] [lua] 2  @mrxfactionmanager:505
[17:26:08.560] [lua] Landing zone 12 affiliated with Chi (nil)  @mrxtransit:669
[17:26:08.567] [lua] 2  @mrxfactionmanager:505
[17:26:08.575] [lua] Landing zone 30 affiliated with Chi (nil)  @mrxtransit:669
[17:26:08.582] [lua] 2  @mrxfactionmanager:505
[17:26:08.591] [lua] Landing zone 27 affiliated with Pir (nil)  @mrxtransit:669
[17:26:08.599] [lua] 2  @mrxfactionmanager:505
[17:26:08.607] [lua] Landing zone 1 affiliated with Pmc (nil)  @mrxtransit:669
[17:26:08.614] [lua] 2  @mrxfactionmanager:505
[17:26:08.622] [lua] Landing zone 16 affiliated with Oil (nil)  @mrxtransit:669
[17:26:08.629] [lua] 2  @mrxfactionmanager:505
[17:26:08.637] [lua] Landing zone 18 affiliated with Gur (nil)  @mrxtransit:669
[17:26:08.644] [lua] 2  @mrxfactionmanager:505
[17:26:08.652] [lua] Landing zone 20 affiliated with All (nil)  @mrxtransit:669
[17:26:08.659] [lua] 2  @mrxfactionmanager:505
[17:26:08.667] [lua] Landing zone 22 affiliated with All (nil)  @mrxtransit:669
[17:26:08.674] [lua] 2  @mrxfactionmanager:505
[17:26:08.682] [lua] Landing zone 24 affiliated with Chi (nil)  @mrxtransit:669
[17:26:08.689] [lua] 2  @mrxfactionmanager:505
[17:26:08.697] [lua] Landing zone 23 affiliated with Chi (nil)  @mrxtransit:669
[17:26:08.704] [lua] 2  @mrxfactionmanager:505
[17:26:08.713] [lua] Landing zone 15 affiliated with Oil (nil)  @mrxtransit:669
[17:26:08.722] [lua] Pmc Building 1 (userdata: 000D3C77) has been ressurected!  @output/_scratch/skin_bytecode/wifpmcinterior.dlc10v9i.lua:2301
[17:26:08.730] [lua] Pmc Building 2 (userdata: 000D3C78) has been ressurected!  @output/_scratch/skin_bytecode/wifpmcinterior.dlc10v9i.lua:2301
[17:26:08.738] [lua] Pmc Building 3 (userdata: 000CF8C2) has been ressurected!  @output/_scratch/skin_bytecode/wifpmcinterior.dlc10v9i.lua:2301
[17:26:08.745] [lua] 1  @mrxfactionmanager:505
[17:26:08.752] [lua] 1  @mrxfactionmanager:505
[17:26:08.760] [lua] Loading Mission State....  @vz:1443
[17:26:08.774] [lua] *** Loading layers from task system activation  @vz:1447
[17:26:08.781] [lua] 0  @mrxtask:440
[17:26:08.789] [lua] 0  @mrxtask:440
[17:26:08.795] [lua] 0  @mrxtask:440
[17:26:08.802] [lua] true  @mrxtask:291
[17:26:08.809] [lua] 0  @mrxtask:440
[17:26:08.819] [lua] 0  @mrxtask:440
[17:26:08.830] [lua] true  @mrxtask:291
[17:26:08.839] [lua] active  @mrxtaskstate:32
[17:26:08.847] [lua] _SetState "Missions" active  @mrxtask:299
[17:26:08.854] [lua] 1  @mrxtask:440
[17:26:08.861] [lua] 1  @mrxtask:440
[17:26:08.869] [lua] 1  @mrxtask:440
[17:26:08.876] [lua] 1  @mrxtask:440
[17:26:08.882] [lua] 1  @mrxtask:440
[17:26:08.889] [lua] 1  @mrxtask:440
[17:26:08.897] [lua] @@@@@@@@@@ MrxMissionFlow.Reset: resetting refresh callback  @mrxmissionflow:54
[17:26:08.906] [lua] Setting flow data (67 bindings)  @mrxmissionflow:154
[17:26:08.907] [world] >>> Setting flow data (67 bindings)  @mrxmissionflow:154
[17:26:08.915] [lua] @@@@@@@@@@ MrxState.Enter: state STATE_WAITFORSTREAMING (refcount=1)  @mrxstate:381
[17:26:08.915] [world] >>> @@@@@@@@@@ MrxState.Enter: state STATE_WAITFORSTREAMING (refcount=1)  @mrxstate:381
[17:26:08.926] [lua] ###! GlobalEnter - Complete  @mrxstate:432
[17:26:08.934] [lua] @@@@@@@@@@ MrxState._StateComplete:  state STATE_WAITFORGAME, about to _AttemptGlobalExit  @mrxstate:325
[17:26:08.942] [lua] @@@@@@@@@@ MrxState._AttemptGlobalExit  @mrxstate:495
[17:26:08.950] [lua] @@@@@@@@@@ MrxState._AttemptGlobalExit:  state STATE_WAITFORSTREAMING still active .. (refcount=1,bLocked=true)  @mrxstate:512
[17:26:08.950] [world] >>> @@@@@@@@@@ MrxState._AttemptGlobalExit:  state STATE_WAITFORSTREAMING still active .. (refcount=1,bLocked=true)  @mrxstate:512
[17:26:08.958] [lua] ###! GlobalEnter - Complete  @mrxstate:432
[17:26:08.970] [lua] 2  @mrxfactionmanager:505
[17:26:08.977] [lua] 2  @mrxfactionmanager:505
[17:26:08.984] [lua] 2  @mrxfactionmanager:505
[17:26:08.990] [lua] 2  @mrxfactionmanager:505
[17:26:08.999] [lua] 2  @mrxfactionmanager:505
[17:26:10.367] [lua] +++++++++++++++++++++++++++ Transfer Activate  @hero:538
[17:26:10.375] [lua] Equipment 4 - Parent userdata: 80002331  @mrxplayer:1058
[17:26:10.384] [lua] Equipment 2 - Parent userdata: 8000569E  @mrxplayer:1058
[17:26:10.392] [lua] Equipment 1 - Parent userdata: 80006ED0  @mrxplayer:1058
[17:26:10.400] [lua] Equipment 3 - Parent userdata: 80005FD3  @mrxplayer:1058
[17:26:10.410] [lua] New Equipment 1 - Parent userdata: 80006ED0 Guid userdata: 40005BCC  @mrxplayer:1065
[17:26:10.419] [lua] New Equipment 2 - Parent userdata: 8000569E Guid userdata: 40005BCD  @mrxplayer:1065
[17:26:10.428] [lua] New Equipment 3 - Parent userdata: 80005FD3 Guid userdata: 40005BCF  @mrxplayer:1065
[17:26:10.436] [lua] New Equipment 4 - Parent userdata: 80002331 Guid userdata: 40005BD0  @mrxplayer:1065
[17:26:10.443] [lua] table:0x1F1AAF80  @mrxguibase:1353
[17:26:10.450] [lua] table:0x1F1AB780  @mrxguibase:1353
[17:26:10.457] [lua] table:0x1F1AB8E0  @mrxguibase:1353
[17:26:10.469] [lua] table:0x1ED770E0  @mrxguibase:1353
[17:26:10.476] [lua] table:0x1F1AC060  @mrxguibase:1353
[17:26:10.487] [lua] table:0x1F1ACBC0  @mrxguibase:1353
[17:26:10.495] [lua] BLACKSCREEN - FadeFromColor called from hero.CleanupSurvival  @hero:325
[17:26:10.503] [lua] +++++++++++++++++++++++++++ Transfer Cleanup  @hero:566
[17:26:10.720] [lua] +++++++++++++++++++++++++++ Transfer Activate  @hero:538
[17:26:10.733] [lua] table:0x1F1AB780  @mrxguibase:1353
[17:26:10.740] [lua] table:0x1ED770E0  @mrxguibase:1353
[17:26:10.746] [lua] table:0x1F1AC060  @mrxguibase:1353
[17:26:10.876] [lua] @@@@@@@@@@ MrxState._StateComplete:  state STATE_WAITFORSTREAMING, about to _AttemptGlobalExit  @mrxstate:325
[17:26:10.876] [world] >>> @@@@@@@@@@ MrxState._StateComplete:  state STATE_WAITFORSTREAMING, about to _AttemptGlobalExit  @mrxstate:325
[17:26:10.885] [lua] @@@@@@@@@@ MrxState.Exit: state STATE_WAITFORSTREAMING (refcount=0)  @mrxstate:476
[17:26:10.885] [world] >>> @@@@@@@@@@ MrxState.Exit: state STATE_WAITFORSTREAMING (refcount=0)  @mrxstate:476
[17:26:10.896] [lua] @@@@@@@@@@ MrxState._AttemptGlobalExit  @mrxstate:495
[17:26:10.904] [lua] @@@@@@@@@@ MrxState._AttemptGlobalExit:  state STATE_WAITFORGAME still active .. (refcount=1,bLocked=false)  @mrxstate:512
[17:26:10.913] [lua] Culling 63 bindings....  @mrxmissionflow:1068
[17:26:10.920] [lua] Culling binding "AllOutposts"  @mrxmissionflow:1079
[17:26:10.930] [lua] Culling binding "PmcCon031_x3"  @mrxmissionflow:1079
[17:26:10.940] [lua] Culling binding "OilCon050"  @mrxmissionflow:1079
[17:26:10.948] [lua] Culling binding "GurCon002"  @mrxmissionflow:1079
[17:26:10.957] [lua] Culling binding "AllCon001"  @mrxmissionflow:1079
[17:26:10.965] [lua] Culling binding "PmcCon002_JetIntro"  @mrxmissionflow:1079
[17:26:10.974] [lua] Culling binding "PrOutposts"  @mrxmissionflow:1079
[17:26:10.983] [lua] Culling binding "AllChiIntro"  @mrxmissionflow:1079
[17:26:10.992] [lua] Culling binding "PmcCon002_JetCon001"  @mrxmissionflow:1079
[17:26:11.000] [lua] Culling binding "GurOutposts"  @mrxmissionflow:1079
[17:26:11.009] [lua] Culling binding "JetIntro"  @mrxmissionflow:1079
[17:26:11.018] [lua] Culling binding "PmcCon032_x3"  @mrxmissionflow:1079
[17:26:11.026] [lua] Culling binding "PmcCon003"  @mrxmissionflow:1079
[17:26:11.035] [lua] Culling binding "PirIntro"  @mrxmissionflow:1079
[17:26:11.043] [lua] Culling binding "Start"  @mrxmissionflow:1079
[17:26:11.051] [lua] Culling binding "JetCon001"  @mrxmissionflow:1079
[17:26:11.059] [lua] Culling binding "OilCon002"  @mrxmissionflow:1079
[17:26:11.068] [lua] Culling binding "PirJob012"  @mrxmissionflow:1079
[17:26:11.077] [lua] Culling binding "GurJob002"  @mrxmissionflow:1079
[17:26:11.085] [lua] Culling binding "GurIntro"  @mrxmissionflow:1079
[17:26:11.094] [lua] Culling binding "OilCon051"  @mrxmissionflow:1079
[17:26:11.104] [lua] Culling binding "OilJob011"  @mrxmissionflow:1079
[17:26:11.112] [lua] Culling binding "OilCon052"  @mrxmissionflow:1079
[17:26:11.120] [lua] Culling binding "AllCon002"  @mrxmissionflow:1079
[17:26:11.130] [lua] Culling binding "PmcCon032"  @mrxmissionflow:1079
[17:26:11.138] [lua] Culling binding "OilCon001"  @mrxmissionflow:1079
[17:26:11.146] [lua] Culling binding "PmcCon031"  @mrxmissionflow:1079
[17:26:11.154] [lua] Culling binding "AllCon050_ChiCon050"  @mrxmissionflow:1079
[17:26:11.163] [lua] Culling binding "AllCon052"  @mrxmissionflow:1079
[17:26:11.170] [lua] Culling binding "OilOutposts"  @mrxmissionflow:1079
[17:26:11.179] [lua] Culling binding "OilCon021"  @mrxmissionflow:1079
[17:26:11.188] [lua] Culling binding "PmcCon033_x3"  @mrxmissionflow:1079
[17:26:11.196] [lua] Culling binding "GurCon053"  @mrxmissionflow:1079
[17:26:11.206] [lua] Culling binding "ChiJob002"  @mrxmissionflow:1079
[17:26:11.214] [lua] Culling binding "VzaCon001"  @mrxmissionflow:1079
[17:26:11.224] [lua] Culling binding "PmcCon001"  @mrxmissionflow:1079
[17:26:11.232] [lua] Culling binding "MecCon001"  @mrxmissionflow:1079
[17:26:11.240] [lua] Culling binding "AllCon053"  @mrxmissionflow:1079
[17:26:11.250] [lua] Culling binding "PmcCon002_MecIntro"  @mrxmissionflow:1079
[17:26:11.264] [lua] Culling binding "PmcCon002_MecCon001"  @mrxmissionflow:1079
[17:26:11.273] [lua] Culling binding "OilCon020"  @mrxmissionflow:1079
[17:26:11.281] [lua] Culling binding "PmcCon034_x3"  @mrxmissionflow:1079
[17:26:11.289] [lua] Culling binding "PmcCon002_NotMecIntro"  @mrxmissionflow:1079
[17:26:11.297] [lua] Culling binding "GurCon001"  @mrxmissionflow:1079
[17:26:11.306] [lua] Culling binding "PirCon051"  @mrxmissionflow:1079
[17:26:11.316] [lua] Culling binding "PirCon001"  @mrxmissionflow:1079
[17:26:11.324] [lua] Culling binding "GurCon052"  @mrxmissionflow:1079
[17:26:11.332] [lua] Culling binding "AllCon001_ChiCon001"  @mrxmissionflow:1079
[17:26:11.340] [lua] Culling binding "GurCon003"  @mrxmissionflow:1079
[17:26:11.349] [lua] Culling binding "ChiCon053"  @mrxmissionflow:1079
[17:26:11.357] [lua] Culling binding "ChiCon002"  @mrxmissionflow:1079
[17:26:11.365] [lua] Culling binding "PmcCon016"  @mrxmissionflow:1079
[17:26:11.376] [lua] Culling binding "ChiCon051"  @mrxmissionflow:1079
[17:26:11.385] [lua] Culling binding "ChiCon001"  @mrxmissionflow:1079
[17:26:11.395] [lua] Culling binding "PmcCon002"  @mrxmissionflow:1079
[17:26:11.403] [lua] Culling binding "ChiCon050"  @mrxmissionflow:1079
[17:26:11.411] [lua] Culling binding "PirCon052"  @mrxmissionflow:1079
[17:26:11.420] [lua] Culling binding "MecIntro"  @mrxmissionflow:1079
[17:26:11.429] [lua] Culling binding "AllJob002"  @mrxmissionflow:1079
[17:26:11.438] [lua] Culling binding "GurCon050"  @mrxmissionflow:1079
[17:26:11.446] [lua] Culling binding "AllCon050"  @mrxmissionflow:1079
[17:26:11.454] [lua] Culling binding "ChiOutposts"  @mrxmissionflow:1079
[17:26:11.462] [lua] Culling binding "OilCon001_GurCon001"  @mrxmissionflow:1079
[17:26:11.469] [lua] table:0x1EF861C0  @mrxmissionflow:169
[17:26:11.477] [lua] Unlocking mission ChiCon009  @mrxmissionflow:201
[17:26:11.484] [lua] 0  @mrxtask:440
[17:26:11.493] [lua] 0  @mrxtask:440
[17:26:11.502] [lua] Adding ChiCon009 as a child of Missions  @mrxtask:718
[17:26:11.512] [lua] true  @mrxtask:722
[17:26:11.519] [lua] 0  @mrxtask:440
[17:26:11.525] [lua] 0  @mrxtask:440
[17:26:11.534] [lua] Adding ChiCon009Mission as a child of ChiCon009  @mrxtask:718
[17:26:11.541] [lua] true  @mrxtask:722
[17:26:11.549] [lua] 0  @mrxtask:440
[17:26:11.555] [lua] true  @mrxtask:291
[17:26:11.562] [lua] 0  @mrxtask:440
[17:26:11.570] [lua] 0  @mrxtask:440
[17:26:11.580] [lua] Adding ChiCon009Briefing as a child of ChiCon009  @mrxtask:718
[17:26:11.587] [lua] true  @mrxtask:722
[17:26:11.594] [lua] 0  @mrxtask:440
[17:26:11.600] [lua] true  @mrxtask:291
[17:26:11.607] [lua] true  @mrxstarter:252
[17:26:11.615] [lua] Starter activated!  @mrxstarter:431
[17:26:11.626] [lua] HQ ChiOutpost4 could not be retrieved  @mrxhqmanager:28
[17:26:11.634] [lua] Attempting to unlock HQ ChiOutpost4  @mrxhqmanager:54
[17:26:11.643] [lua] Loading data for HQ ChiOutpost4  @mrxhqmanager:59
[17:26:11.655] [lua] HQ ChiOutpost4 setup complete  @mrxhqmanager:80
[17:26:11.669] [lua] @@@@@@@@@@ Disabling ChiOutpost4 portal  @mrxhq:599
[17:26:11.676] [lua] table:0x1F192760  @mrxguibase:1353
[17:26:11.683] [lua] table:0x1F192660  @mrxguibase:1353
[17:26:11.695] [lua] table:0x1F192560  @mrxguibase:1353
[17:26:11.705] [lua] ChiOutpost4 Respawn set to true  @mrxhqmanager:184
[17:26:11.714] [lua] Creating DeathEvent for ChiOutpost4(userdata: 000FDC44)  @mrxhqmanager:146
[17:26:11.722] [lua] Adding ChiStarter4 to HQ  @mrxhq:843
[17:26:11.730] [lua] 2  @mrxfactionmanager:505
[17:26:11.737] [lua] 2  @mrxfactionmanager:505
[17:26:11.746] [lua] @@@@@@@@@@ Enabling ChiOutpost4 portal  @mrxhq:597
[17:26:11.753] [lua] 2  @mrxfactionmanager:505
[17:26:11.760] [lua] 2  @mrxfactionmanager:505
[17:26:11.772] [lua] @@@@@@@@@@ Enabling ChiOutpost4 portal  @mrxhq:597
[17:26:11.780] [lua] 2  @mrxfactionmanager:505
[17:26:11.787] [lua] true  @mrxstarter:252
[17:26:11.794] [lua] 2  @mrxfactionmanager:505
[17:26:11.802] [lua] @@@@@@@@@@ Enabling ChiOutpost4 portal  @mrxhq:597
[17:26:11.809] [lua] 2  @mrxfactionmanager:505
[17:26:11.817] [lua] table:0x1EF861C0  @mrxmissionflow:169
[17:26:11.826] [lua] Unlocking mission ChiJob003  @mrxmissionflow:201
[17:26:11.832] [lua] 0  @mrxtask:440
[17:26:11.841] [lua] 0  @mrxtask:440
[17:26:11.850] [lua] Adding ChiJob003 as a child of Missions  @mrxtask:718
[17:26:11.857] [lua] true  @mrxtask:722
[17:26:11.864] [lua] 0  @mrxtask:440
[17:26:11.871] [lua] 0  @mrxtask:440
[17:26:11.879] [lua] Adding ChiJob003Mission as a child of ChiJob003  @mrxtask:718
[17:26:11.887] [lua] true  @mrxtask:722
[17:26:11.895] [lua] 0  @mrxtask:440
[17:26:11.903] [lua] true  @mrxtask:291
[17:26:11.910] [lua] 0  @mrxtask:440
[17:26:11.917] [lua] 0  @mrxtask:440
[17:26:11.925] [lua] Saving Missions.ChiCon009.ChiCon009Mission  @mrxtask:839
[17:26:11.932] [lua] 0  @mrxtask:440
[17:26:11.940] [lua] Equipment 1 - Parent userdata: 80006ED0 Reserve 4  @mrxplayer:1014
[17:26:11.949] [lua] Equipment 2 - Parent userdata: 8000569E Reserve 6  @mrxplayer:1014
[17:26:11.958] [lua] Equipment 3 - Parent userdata: 80005FD3 Reserve 244  @mrxplayer:1014
[17:26:11.966] [lua] Equipment 4 - Parent userdata: 80002331 Reserve 9  @mrxplayer:1014
[17:26:11.974] [lua] SaveSingleton VerifyManager  @mrxverifymanager:100
[17:26:11.985] [lua] @@@@@@@@@@ MrxState.Enter: state STATE_WAITFORSTREAMING (refcount=1)  @mrxstate:381
[17:26:11.985] [world] >>> @@@@@@@@@@ MrxState.Enter: state STATE_WAITFORSTREAMING (refcount=1)  @mrxstate:381
[17:26:11.994] [lua] 0  @mrxtask:440
[17:26:12.001] [lua] true  @mrxtask:291
[17:26:12.010] [lua] ###! GlobalEnter - Complete  @mrxstate:432
[17:26:12.016] [lua] table:0x1EF861C0  @mrxmissionflow:169
[17:26:12.025] [lua] Unlocking mission PirCon004  @mrxmissionflow:201
[17:26:12.032] [lua] 0  @mrxtask:440
[17:26:12.038] [lua] 0  @mrxtask:440
[17:26:12.047] [lua] Adding PirCon004 as a child of Missions  @mrxtask:718
[17:26:12.054] [lua] true  @mrxtask:722
[17:26:12.061] [lua] 0  @mrxtask:440
[17:26:12.068] [lua] 0  @mrxtask:440
[17:26:12.077] [lua] Adding PirCon004Mission as a child of PirCon004  @mrxtask:718
[17:26:12.084] [lua] true  @mrxtask:722
[17:26:12.092] [lua] 0  @mrxtask:440
[17:26:12.099] [lua] true  @mrxtask:291
[17:26:12.106] [lua] 0  @mrxtask:440
[17:26:12.113] [lua] 0  @mrxtask:440
[17:26:12.122] [lua] Adding PirCon004Briefing as a child of PirCon004  @mrxtask:718
[17:26:12.129] [lua] true  @mrxtask:722
[17:26:12.135] [lua] 0  @mrxtask:440
[17:26:12.142] [lua] true  @mrxtask:291
[17:26:12.152] [lua] true  @mrxstarter:252
[17:26:12.160] [lua] Starter activated!  @mrxstarter:431
[17:26:12.169] [lua] HQ PirOutpost4 could not be retrieved  @mrxhqmanager:28
[17:26:12.179] [lua] Attempting to unlock HQ PirOutpost4  @mrxhqmanager:54
[17:26:12.188] [lua] Loading data for HQ PirOutpost4  @mrxhqmanager:59
[17:26:12.196] [lua] HQ PirOutpost4 setup complete  @mrxhqmanager:80
[17:26:12.205] [lua] @@@@@@@@@@ Disabling PirOutpost4 portal  @mrxhq:599
[17:26:12.214] [lua] PirOutpost4 Respawn set to true  @mrxhqmanager:184
[17:26:12.223] [lua] Creating DeathEvent for PirOutpost4(userdata: 000EB2F0)  @mrxhqmanager:146
[17:26:12.232] [lua] Adding PirStarter4 to HQ  @mrxhq:843
[17:26:12.239] [lua] 2  @mrxfactionmanager:505
[17:26:12.246] [lua] 2  @mrxfactionmanager:505
[17:26:12.254] [lua] @@@@@@@@@@ Enabling PirOutpost4 portal  @mrxhq:597
[17:26:12.262] [lua] 2  @mrxfactionmanager:505
[17:26:12.269] [lua] 2  @mrxfactionmanager:505
[17:26:12.278] [lua] @@@@@@@@@@ Enabling PirOutpost4 portal  @mrxhq:597
[17:26:12.285] [lua] 2  @mrxfactionmanager:505
[17:26:12.294] [lua] true  @mrxstarter:252
[17:26:12.305] [lua] 2  @mrxfactionmanager:505
[17:26:12.314] [lua] @@@@@@@@@@ Enabling PirOutpost4 portal  @mrxhq:597
[17:26:12.320] [lua] 2  @mrxfactionmanager:505
[17:26:12.328] [lua] table:0x1EF861C0  @mrxmissionflow:169
[17:26:12.336] [lua] Unlocking mission OilCon003  @mrxmissionflow:201
[17:26:12.344] [lua] 0  @mrxtask:440
[17:26:12.350] [lua] 0  @mrxtask:440
[17:26:12.359] [lua] Adding OilCon003 as a child of Missions  @mrxtask:718
[17:26:12.366] [lua] true  @mrxtask:722
[17:26:12.377] [lua] 0  @mrxtask:440
[17:26:12.385] [lua] 0  @mrxtask:440
[17:26:12.394] [lua] Adding OilCon003Mission as a child of OilCon003  @mrxtask:718
[17:26:12.401] [lua] true  @mrxtask:722
[17:26:12.409] [lua] 0  @mrxtask:440
[17:26:12.416] [lua] true  @mrxtask:291
[17:26:12.424] [lua] Shop - Generating Shop List...  @mrxshop:286
[17:26:12.433] [lua] Shop - Faction Pmc has 10 items unlocked  @mrxshop:473
[17:26:12.446] [lua] Shop - Generating Shop List...  @mrxshop:286
[17:26:12.455] [lua] Shop - Faction Oil has 24 items unlocked  @mrxshop:473
[17:26:12.463] [lua] Shop - Generating Shop List...  @mrxshop:286
[17:26:12.472] [lua] Shop - Faction Gur has 28 items unlocked  @mrxshop:473
[17:26:12.480] [lua] Shop - Generating Shop List...  @mrxshop:286
[17:26:12.490] [lua] Shop - Faction Pir has 33 items unlocked  @mrxshop:473
[17:26:12.499] [lua] Shop - Generating Shop List...  @mrxshop:286
[17:26:12.508] [lua] Shop - Faction All has 37 items unlocked  @mrxshop:473
[17:26:12.517] [lua] Shop - Generating Shop List...  @mrxshop:286
[17:26:12.526] [lua] Shop - Faction Chi has 32 items unlocked  @mrxshop:473
[17:26:12.533] [lua] 0  @mrxtask:440
[17:26:12.540] [lua] 0  @mrxtask:440
[17:26:12.549] [lua] Adding OilCon003Briefing as a child of OilCon003  @mrxtask:718
[17:26:12.556] [lua] true  @mrxtask:722
[17:26:12.563] [lua] 0  @mrxtask:440
[17:26:12.570] [lua] true  @mrxtask:291
[17:26:12.579] [lua] true  @mrxstarter:252
[17:26:12.587] [lua] Starter activated!  @mrxstarter:431
[17:26:12.595] [lua] HQ OilOutpost3 could not be retrieved  @mrxhqmanager:28
[17:26:12.604] [lua] Attempting to unlock HQ OilOutpost3  @mrxhqmanager:54
[17:26:12.612] [lua] Loading data for HQ OilOutpost3  @mrxhqmanager:59
[17:26:12.624] [lua] HQ OilOutpost3 setup complete  @mrxhqmanager:80
[17:26:12.632] [lua] @@@@@@@@@@ Disabling OilOutpost3 portal  @mrxhq:599
[17:26:12.640] [lua] OilOutpost3 Respawn set to true  @mrxhqmanager:184
[17:26:12.649] [lua] Creating DeathEvent for OilOutpost3(userdata: 000EB2F3)  @mrxhqmanager:146
[17:26:12.657] [lua] Adding OilStarter3 to HQ  @mrxhq:843
[17:26:12.666] [lua] 2  @mrxfactionmanager:505
[17:26:12.675] [lua] 2  @mrxfactionmanager:505
[17:26:12.683] [lua] @@@@@@@@@@ Enabling OilOutpost3 portal  @mrxhq:597
[17:26:12.690] [lua] 2  @mrxfactionmanager:505
[17:26:12.697] [lua] 2  @mrxfactionmanager:505
[17:26:12.706] [lua] @@@@@@@@@@ Enabling OilOutpost3 portal  @mrxhq:597
[17:26:12.713] [lua] 2  @mrxfactionmanager:505
[17:26:12.720] [lua] true  @mrxstarter:252
[17:26:12.729] [lua] 2  @mrxfactionmanager:505
[17:26:12.737] [lua] @@@@@@@@@@ Enabling OilOutpost3 portal  @mrxhq:597
[17:26:12.744] [lua] 2  @mrxfactionmanager:505
[17:26:12.751] [lua] table:0x1EF861C0  @mrxmissionflow:169
[17:26:12.760] [lua] Unlocking mission PmcCon015  @mrxmissionflow:201
[17:26:12.768] [lua] 0  @mrxtask:440
[17:26:12.777] [lua] 0  @mrxtask:440
[17:26:12.785] [lua] Adding PmcCon015 as a child of Missions  @mrxtask:718
[17:26:12.792] [lua] true  @mrxtask:722
[17:26:12.799] [lua] 0  @mrxtask:440
[17:26:12.808] [lua] 0  @mrxtask:440
[17:26:12.817] [lua] Adding PmcCon015Mission as a child of PmcCon015  @mrxtask:718
[17:26:12.823] [lua] true  @mrxtask:722
[17:26:12.830] [lua] 0  @mrxtask:440
[17:26:12.838] [lua] true  @mrxtask:291
[17:26:12.845] [lua] 0  @mrxtask:440
[17:26:12.853] [lua] 0  @mrxtask:440
[17:26:12.861] [lua] Adding PmcCon015Briefing as a child of PmcCon015  @mrxtask:718
[17:26:12.868] [lua] true  @mrxtask:722
[17:26:12.875] [lua] 0  @mrxtask:440
[17:26:12.883] [lua] true  @mrxtask:291
[17:26:12.890] [lua] true  @mrxstarter:252
[17:26:12.900] [lua] Starter activated!  @mrxstarter:431
[17:26:12.907] [lua] true  @mrxstarter:252
[17:26:12.916] [lua] table:0x1EF861C0  @mrxmissionflow:169
[17:26:12.926] [lua] Unlocking mission ChiCon003  @mrxmissionflow:201
[17:26:12.934] [lua] 0  @mrxtask:440
[17:26:12.940] [lua] 0  @mrxtask:440
[17:26:12.949] [lua] Adding ChiCon003 as a child of Missions  @mrxtask:718
[17:26:12.956] [lua] true  @mrxtask:722
[17:26:12.963] [lua] 0  @mrxtask:440
[17:26:12.970] [lua] 0  @mrxtask:440
[17:26:12.979] [lua] Adding ChiCon003Mission as a child of ChiCon003  @mrxtask:718
[17:26:12.986] [lua] true  @mrxtask:722
[17:26:12.993] [lua] 0  @mrxtask:440
[17:26:13.000] [lua] true  @mrxtask:291
[17:26:13.009] [lua] Shop - Generating Shop List...  @mrxshop:286
[17:26:13.017] [lua] Shop - Faction Pmc has 10 items unlocked  @mrxshop:473
[17:26:13.026] [lua] Shop - Generating Shop List...  @mrxshop:286
[17:26:13.034] [lua] Shop - Faction Oil has 24 items unlocked  @mrxshop:473
[17:26:13.042] [lua] Shop - Generating Shop List...  @mrxshop:286
[17:26:13.052] [lua] Shop - Faction Gur has 28 items unlocked  @mrxshop:473
[17:26:13.060] [lua] Shop - Generating Shop List...  @mrxshop:286
[17:26:13.069] [lua] Shop - Faction Pir has 33 items unlocked  @mrxshop:473
[17:26:13.077] [lua] Shop - Generating Shop List...  @mrxshop:286
[17:26:13.085] [lua] Shop - Faction All has 37 items unlocked  @mrxshop:473
[17:26:13.093] [lua] Shop - Generating Shop List...  @mrxshop:286
[17:26:13.102] [lua] Shop - Faction Chi has 32 items unlocked  @mrxshop:473
[17:26:13.110] [lua] Shop - Generating Shop List...  @mrxshop:286
[17:26:13.119] [lua] Shop - Faction Pmc has 10 items unlocked  @mrxshop:473
[17:26:13.128] [lua] Shop - Generating Shop List...  @mrxshop:286
[17:26:13.137] [lua] Shop - Faction Oil has 24 items unlocked  @mrxshop:473
[17:26:13.145] [lua] Shop - Generating Shop List...  @mrxshop:286
[17:26:13.154] [lua] Shop - Faction Gur has 28 items unlocked  @mrxshop:473
[17:26:13.162] [lua] Shop - Generating Shop List...  @mrxshop:286
[17:26:13.170] [lua] Shop - Faction Pir has 33 items unlocked  @mrxshop:473
[17:26:13.178] [lua] Shop - Generating Shop List...  @mrxshop:286
[17:26:13.187] [lua] Shop - Faction All has 37 items unlocked  @mrxshop:473
[17:26:13.195] [lua] Shop - Generating Shop List...  @mrxshop:286
[17:26:13.203] [lua] Shop - Faction Chi has 32 items unlocked  @mrxshop:473
[17:26:13.211] [lua] 0  @mrxtask:440
[17:26:13.218] [lua] 0  @mrxtask:440
[17:26:13.227] [lua] Adding ChiCon003Briefing as a child of ChiCon003  @mrxtask:718
[17:26:13.233] [lua] true  @mrxtask:722
[17:26:13.240] [lua] 0  @mrxtask:440
[17:26:13.247] [lua] true  @mrxtask:291
[17:26:13.254] [lua] true  @mrxstarter:252
[17:26:13.262] [lua] Starter activated!  @mrxstarter:431
[17:26:13.270] [lua] HQ ChiHq could not be retrieved  @mrxhqmanager:28
[17:26:13.279] [lua] Attempting to unlock HQ ChiHq  @mrxhqmanager:54
[17:26:13.288] [lua] Loading data for HQ ChiHq  @mrxhqmanager:59
[17:26:13.297] [lua] HQ ChiHq setup complete  @mrxhqmanager:80
[17:26:13.305] [lua] @@@@@@@@@@ Disabling ChiHq portal  @mrxhq:599
[17:26:13.313] [lua] ChiHq Respawn set to true  @mrxhqmanager:184
[17:26:13.322] [lua] Creating HealthEvent for ChiHq(userdata: 000B7A69)  @mrxhqmanager:143
[17:26:13.330] [lua] Adding ChiStarter0 to HQ  @mrxhq:843
[17:26:13.340] [lua] 3  @mrxfactionmanager:505
[17:26:13.348] [lua] @@@@@@@@@@ Enabling ChiHq portal  @mrxhq:597
[17:26:13.355] [lua] 3  @mrxfactionmanager:505
[17:26:13.363] [lua] true  @mrxstarter:252
[17:26:13.371] [lua] 3  @mrxfactionmanager:505
[17:26:13.380] [lua] @@@@@@@@@@ Enabling ChiHq portal  @mrxhq:597
[17:26:13.387] [lua] 3  @mrxfactionmanager:505
[17:26:13.396] [lua] table:0x1EF861C0  @mrxmissionflow:169
[17:26:13.406] [lua] Unlocking mission PmcCon034  @mrxmissionflow:201
[17:26:13.413] [lua] 0  @mrxtask:440
[17:26:13.419] [lua] 0  @mrxtask:440
[17:26:13.429] [lua] Adding PmcCon034 as a child of Missions  @mrxtask:718
[17:26:13.436] [lua] true  @mrxtask:722
[17:26:13.443] [lua] 0  @mrxtask:440
[17:26:13.450] [lua] 0  @mrxtask:440
[17:26:13.459] [lua] Adding PmcCon034Mission as a child of PmcCon034  @mrxtask:718
[17:26:13.467] [lua] true  @mrxtask:722
[17:26:13.474] [lua] 0  @mrxtask:440
[17:26:13.480] [lua] true  @mrxtask:291
[17:26:13.488] [lua] 0  @mrxtask:440
[17:26:13.494] [lua] 0  @mrxtask:440
[17:26:13.503] [lua] Adding PmcCon034Briefing as a child of PmcCon034  @mrxtask:718
[17:26:13.510] [lua] true  @mrxtask:722
[17:26:13.517] [lua] 0  @mrxtask:440
[17:26:13.524] [lua] true  @mrxtask:291
[17:26:13.530] [lua] true  @mrxstarter:252
[17:26:13.539] [lua] Starter activated!  @mrxstarter:431
[17:26:13.546] [lua] true  @mrxstarter:252
[17:26:13.554] [lua] table:0x1EF861C0  @mrxmissionflow:169
[17:26:13.562] [lua] Unlocking mission ChiCon008  @mrxmissionflow:201
[17:26:13.570] [lua] 0  @mrxtask:440
[17:26:13.577] [lua] 0  @mrxtask:440
[17:26:13.586] [lua] Adding ChiCon008 as a child of Missions  @mrxtask:718
[17:26:13.593] [lua] true  @mrxtask:722
[17:26:13.599] [lua] 0  @mrxtask:440
[17:26:13.606] [lua] 0  @mrxtask:440
[17:26:13.615] [lua] Adding ChiCon008Mission as a child of ChiCon008  @mrxtask:718
[17:26:13.626] [lua] true  @mrxtask:722
[17:26:13.633] [lua] 0  @mrxtask:440
[17:26:13.640] [lua] true  @mrxtask:291
[17:26:13.648] [lua] 0  @mrxtask:440
[17:26:13.655] [lua] 0  @mrxtask:440
[17:26:13.663] [lua] Adding ChiCon008Briefing as a child of ChiCon008  @mrxtask:718
[17:26:13.670] [lua] true  @mrxtask:722
[17:26:13.677] [lua] 0  @mrxtask:440
[17:26:13.684] [lua] true  @mrxtask:291
[17:26:13.690] [lua] true  @mrxstarter:252
[17:26:13.699] [lua] Starter activated!  @mrxstarter:431
[17:26:13.710] [lua] HQ ChiOutpost2 could not be retrieved  @mrxhqmanager:28
[17:26:13.722] [lua] Attempting to unlock HQ ChiOutpost2  @mrxhqmanager:54
[17:26:13.730] [lua] Loading data for HQ ChiOutpost2  @mrxhqmanager:59
[17:26:13.739] [lua] HQ ChiOutpost2 setup complete  @mrxhqmanager:80
[17:26:13.753] [lua] @@@@@@@@@@ Disabling ChiOutpost2 portal  @mrxhq:599
[17:26:13.761] [lua] ChiOutpost2 Respawn set to true  @mrxhqmanager:184
[17:26:13.770] [lua] Creating DeathEvent for ChiOutpost2(userdata: 000EBC23)  @mrxhqmanager:146
[17:26:13.778] [lua] Adding ChiStarter2 to HQ  @mrxhq:843
[17:26:13.785] [lua] 2  @mrxfactionmanager:505
[17:26:13.792] [lua] 2  @mrxfactionmanager:505
[17:26:13.800] [lua] @@@@@@@@@@ Enabling ChiOutpost2 portal  @mrxhq:597
[17:26:13.807] [lua] 2  @mrxfactionmanager:505
[17:26:13.814] [lua] 2  @mrxfactionmanager:505
[17:26:13.823] [lua] @@@@@@@@@@ Enabling ChiOutpost2 portal  @mrxhq:597
[17:26:13.830] [lua] 2  @mrxfactionmanager:505
[17:26:13.837] [lua] true  @mrxstarter:252
[17:26:13.844] [lua] 2  @mrxfactionmanager:505
[17:26:13.853] [lua] @@@@@@@@@@ Enabling ChiOutpost2 portal  @mrxhq:597
[17:26:13.860] [lua] 2  @mrxfactionmanager:505
[17:26:13.867] [lua] table:0x1EF861C0  @mrxmissionflow:169
[17:26:13.877] [lua] Unlocking mission OilJob004  @mrxmissionflow:201
[17:26:13.884] [lua] 0  @mrxtask:440
[17:26:13.891] [lua] 0  @mrxtask:440
[17:26:13.899] [lua] Adding OilJob004 as a child of Missions  @mrxtask:718
[17:26:13.907] [lua] true  @mrxtask:722
[17:26:13.914] [lua] 0  @mrxtask:440
[17:26:13.921] [lua] 0  @mrxtask:440
[17:26:13.930] [lua] Adding OilJob004Mission as a child of OilJob004  @mrxtask:718
[17:26:13.936] [lua] true  @mrxtask:722
[17:26:13.943] [lua] 0  @mrxtask:440
[17:26:13.950] [lua] true  @mrxtask:291
[17:26:13.958] [lua] 0  @mrxtask:440
[17:26:13.964] [lua] 0  @mrxtask:440
[17:26:13.973] [lua] Saving Missions.ChiCon009.ChiCon009Mission  @mrxtask:839
[17:26:13.980] [lua] 0  @mrxtask:440
[17:26:13.988] [lua] Saving Missions.ChiJob003.ChiJob003Mission  @mrxtask:839
[17:26:13.995] [lua] 0  @mrxtask:440
[17:26:14.003] [lua] Saving Missions.PirCon004.PirCon004Mission  @mrxtask:839
[17:26:14.010] [lua] 0  @mrxtask:440
[17:26:14.018] [lua] Saving Missions.OilCon003.OilCon003Mission  @mrxtask:839
[17:26:14.025] [lua] 0  @mrxtask:440
[17:26:14.033] [lua] Saving Missions.ChiCon008.ChiCon008Mission  @mrxtask:839
[17:26:14.040] [lua] 0  @mrxtask:440
[17:26:14.050] [lua] Saving Missions.PmcCon015.PmcCon015Mission  @mrxtask:839
[17:26:14.057] [lua] 0  @mrxtask:440
[17:26:14.066] [lua] Saving Missions.ChiCon003.ChiCon003Mission  @mrxtask:839
[17:26:14.073] [lua] 0  @mrxtask:440
[17:26:14.082] [lua] Saving Missions.PmcCon034.PmcCon034Mission  @mrxtask:839
[17:26:14.088] [lua] 0  @mrxtask:440
[17:26:14.097] [lua] Equipment 1 - Parent userdata: 80006ED0 Reserve 4  @mrxplayer:1014
[17:26:14.107] [lua] Equipment 2 - Parent userdata: 8000569E Reserve 6  @mrxplayer:1014
[17:26:14.116] [lua] Equipment 3 - Parent userdata: 80005FD3 Reserve 244  @mrxplayer:1014
[17:26:14.124] [lua] Equipment 4 - Parent userdata: 80002331 Reserve 9  @mrxplayer:1014
[17:26:14.133] [lua] SaveSingleton VerifyManager  @mrxverifymanager:100
[17:26:14.142] [lua] @@@@@@@@@@ MrxState.Enter: state STATE_WAITFORSTREAMING (refcount=2)  @mrxstate:381
[17:26:14.142] [world] >>> @@@@@@@@@@ MrxState.Enter: state STATE_WAITFORSTREAMING (refcount=2)  @mrxstate:381
[17:26:14.150] [lua] 0  @mrxtask:440
[17:26:14.158] [lua] true  @mrxtask:291
[17:26:14.166] [lua] ###! GlobalEnter - Complete  @mrxstate:432
[17:26:14.173] [lua] table:0x1EF861C0  @mrxmissionflow:169
[17:26:14.182] [lua] Unlocking mission GurJob006  @mrxmissionflow:201
[17:26:14.189] [lua] 0  @mrxtask:440
[17:26:14.196] [lua] 0  @mrxtask:440
[17:26:14.204] [lua] Adding GurJob006 as a child of Missions  @mrxtask:718
[17:26:14.216] [lua] true  @mrxtask:722
[17:26:14.224] [lua] 0  @mrxtask:440
[17:26:14.231] [lua] 0  @mrxtask:440
[17:26:14.240] [lua] Adding GurJob006Mission as a child of GurJob006  @mrxtask:718
[17:26:14.247] [lua] true  @mrxtask:722
[17:26:14.254] [lua] 0  @mrxtask:440
[17:26:14.260] [lua] true  @mrxtask:291
[17:26:14.268] [lua] 0  @mrxtask:440
[17:26:14.274] [lua] 0  @mrxtask:440
[17:26:14.283] [lua] Saving Missions.ChiCon009.ChiCon009Mission  @mrxtask:839
[17:26:14.290] [lua] 0  @mrxtask:440
[17:26:14.299] [lua] Saving Missions.ChiJob003.ChiJob003Mission  @mrxtask:839
[17:26:14.310] [lua] 0  @mrxtask:440
[17:26:14.319] [lua] Saving Missions.PirCon004.PirCon004Mission  @mrxtask:839
[17:26:14.326] [lua] 0  @mrxtask:440
[17:26:14.334] [lua] Saving Missions.OilCon003.OilCon003Mission  @mrxtask:839
[17:26:14.342] [lua] 0  @mrxtask:440
[17:26:14.350] [lua] Saving Missions.PmcCon015.PmcCon015Mission  @mrxtask:839
[17:26:14.357] [lua] 0  @mrxtask:440
[17:26:14.366] [lua] Saving Missions.ChiCon003.ChiCon003Mission  @mrxtask:839
[17:26:14.373] [lua] 0  @mrxtask:440
[17:26:14.382] [lua] Saving Missions.ChiCon008.ChiCon008Mission  @mrxtask:839
[17:26:14.389] [lua] 0  @mrxtask:440
[17:26:14.398] [lua] Saving Missions.OilJob004.OilJob004Mission  @mrxtask:839
[17:26:14.404] [lua] 0  @mrxtask:440
[17:26:14.413] [lua] Saving Missions.PmcCon034.PmcCon034Mission  @mrxtask:839
[17:26:14.420] [lua] 0  @mrxtask:440
[17:26:14.429] [lua] Equipment 1 - Parent userdata: 80006ED0 Reserve 4  @mrxplayer:1014
[17:26:14.437] [lua] Equipment 2 - Parent userdata: 8000569E Reserve 6  @mrxplayer:1014
[17:26:14.446] [lua] Equipment 3 - Parent userdata: 80005FD3 Reserve 244  @mrxplayer:1014
[17:26:14.454] [lua] Equipment 4 - Parent userdata: 80002331 Reserve 9  @mrxplayer:1014
[17:26:14.462] [lua] SaveSingleton VerifyManager  @mrxverifymanager:100
[17:26:14.472] [lua] @@@@@@@@@@ MrxState.Enter: state STATE_WAITFORSTREAMING (refcount=3)  @mrxstate:381
[17:26:14.472] [world] >>> @@@@@@@@@@ MrxState.Enter: state STATE_WAITFORSTREAMING (refcount=3)  @mrxstate:381
[17:26:14.481] [lua] 0  @mrxtask:440
[17:26:14.488] [lua] true  @mrxtask:291
[17:26:14.496] [lua] ###! GlobalEnter - Complete  @mrxstate:432
[17:26:14.503] [lua] table:0x1EF861C0  @mrxmissionflow:169
[17:26:14.511] [lua] Unlocking mission GurJob001  @mrxmissionflow:201
[17:26:14.518] [lua] 0  @mrxtask:440
[17:26:14.525] [lua] 0  @mrxtask:440
[17:26:14.534] [lua] Adding GurJob001 as a child of Missions  @mrxtask:718
[17:26:14.540] [lua] true  @mrxtask:722
[17:26:14.547] [lua] 0  @mrxtask:440
[17:26:14.555] [lua] 0  @mrxtask:440
[17:26:14.564] [lua] Adding GurJob001Mission as a child of GurJob001  @mrxtask:718
[17:26:14.570] [lua] true  @mrxtask:722
[17:26:14.578] [lua] 0  @mrxtask:440
[17:26:14.585] [lua] true  @mrxtask:291
[17:26:14.592] [lua] 0  @mrxtask:440
[17:26:14.600] [lua] 0  @mrxtask:440
[17:26:14.610] [lua] Saving Missions.ChiCon009.ChiCon009Mission  @mrxtask:839
[17:26:14.617] [lua] 0  @mrxtask:440
[17:26:14.626] [lua] Saving Missions.ChiJob003.ChiJob003Mission  @mrxtask:839
[17:26:14.633] [lua] 0  @mrxtask:440
[17:26:14.642] [lua] Saving Missions.PirCon004.PirCon004Mission  @mrxtask:839
[17:26:14.649] [lua] 0  @mrxtask:440
[17:26:14.658] [lua] Saving Missions.OilCon003.OilCon003Mission  @mrxtask:839
[17:26:14.665] [lua] 0  @mrxtask:440
[17:26:14.673] [lua] Saving Missions.PmcCon015.PmcCon015Mission  @mrxtask:839
[17:26:14.680] [lua] 0  @mrxtask:440
[17:26:14.689] [lua] Saving Missions.ChiCon003.ChiCon003Mission  @mrxtask:839
[17:26:14.696] [lua] 0  @mrxtask:440
[17:26:14.705] [lua] Saving Missions.GurJob006.GurJob006Mission  @mrxtask:839
[17:26:14.712] [lua] 0  @mrxtask:440
[17:26:14.720] [lua] Saving Missions.ChiCon008.ChiCon008Mission  @mrxtask:839
[17:26:14.728] [lua] 0  @mrxtask:440
[17:26:14.737] [lua] Saving Missions.OilJob004.OilJob004Mission  @mrxtask:839
[17:26:14.744] [lua] 0  @mrxtask:440
[17:26:14.752] [lua] Saving Missions.PmcCon034.PmcCon034Mission  @mrxtask:839
[17:26:14.759] [lua] 0  @mrxtask:440
[17:26:14.767] [lua] Equipment 1 - Parent userdata: 80006ED0 Reserve 4  @mrxplayer:1014
[17:26:14.776] [lua] Equipment 2 - Parent userdata: 8000569E Reserve 6  @mrxplayer:1014
[17:26:14.784] [lua] Equipment 3 - Parent userdata: 80005FD3 Reserve 244  @mrxplayer:1014
[17:26:14.792] [lua] Equipment 4 - Parent userdata: 80002331 Reserve 9  @mrxplayer:1014
[17:26:14.800] [lua] SaveSingleton VerifyManager  @mrxverifymanager:100
[17:26:14.813] [lua] @@@@@@@@@@ MrxState.Enter: state STATE_WAITFORSTREAMING (refcount=4)  @mrxstate:381
[17:26:14.813] [world] >>> @@@@@@@@@@ MrxState.Enter: state STATE_WAITFORSTREAMING (refcount=4)  @mrxstate:381
[17:26:14.821] [lua] 0  @mrxtask:440
[17:26:14.829] [lua] true  @mrxtask:291
[17:26:14.837] [lua] ###! GlobalEnter - Complete  @mrxstate:432
[17:26:14.844] [lua] table:0x1EF861C0  @mrxmissionflow:169
[17:26:14.852] [lua] Unlocking mission PirCon002  @mrxmissionflow:201
[17:26:14.859] [lua] 0  @mrxtask:440
[17:26:14.866] [lua] 0  @mrxtask:440
[17:26:14.874] [lua] Adding PirCon002 as a child of Missions  @mrxtask:718
[17:26:14.881] [lua] true  @mrxtask:722
[17:26:14.888] [lua] 0  @mrxtask:440
[17:26:14.895] [lua] 0  @mrxtask:440
[17:26:14.904] [lua] Adding PirCon002Mission as a child of PirCon002  @mrxtask:718
[17:26:14.910] [lua] true  @mrxtask:722
[17:26:14.917] [lua] 0  @mrxtask:440
[17:26:14.924] [lua] true  @mrxtask:291
[17:26:14.930] [lua] 0  @mrxtask:440
[17:26:14.939] [lua] 0  @mrxtask:440
[17:26:14.948] [lua] Adding PirCon002Briefing as a child of PirCon002  @mrxtask:718
[17:26:14.955] [lua] true  @mrxtask:722
[17:26:14.962] [lua] 0  @mrxtask:440
[17:26:14.969] [lua] true  @mrxtask:291
[17:26:14.979] [lua] true  @mrxstarter:252
[17:26:14.988] [lua] Starter activated!  @mrxstarter:431
[17:26:14.997] [lua] HQ PirOutpost1 could not be retrieved  @mrxhqmanager:28
[17:26:15.005] [lua] Attempting to unlock HQ PirOutpost1  @mrxhqmanager:54
[17:26:15.013] [lua] Loading data for HQ PirOutpost1  @mrxhqmanager:59
[17:26:15.020] [lua] HQ PirOutpost1 setup complete  @mrxhqmanager:80
[17:26:15.029] [lua] @@@@@@@@@@ Disabling PirOutpost1 portal  @mrxhq:599
[17:26:15.038] [lua] PirOutpost1 Respawn set to true  @mrxhqmanager:184
[17:26:15.046] [lua] Creating DeathEvent for PirOutpost1(userdata: 000987CD)  @mrxhqmanager:146
[17:26:15.054] [lua] Adding PirStarter1 to HQ  @mrxhq:843
[17:26:15.061] [lua] 2  @mrxfactionmanager:505
[17:26:15.069] [lua] @@@@@@@@@@ Enabling PirOutpost1 portal  @mrxhq:597
[17:26:15.076] [lua] 2  @mrxfactionmanager:505
[17:26:15.085] [lua] !!!!!!!!!!! CLIENT WON'T SEE THIS ... Could not find marker Minimap_Icon_Faction_PR in Radar table  @mrxutil:1356
[17:26:15.092] [lua] true  @mrxstarter:252
[17:26:15.099] [lua] 2  @mrxfactionmanager:505
[17:26:15.107] [lua] @@@@@@@@@@ Enabling PirOutpost1 portal  @mrxhq:597
[17:26:15.114] [lua] 2  @mrxfactionmanager:505
[17:26:15.123] [lua] !!!!!!!!!!! CLIENT WON'T SEE THIS ... Could not find marker Minimap_Icon_Faction_PR in Radar table  @mrxutil:1356
[17:26:15.129] [lua] table:0x1EF861C0  @mrxmissionflow:169
[17:26:15.138] [lua] Unlocking mission AllCon003  @mrxmissionflow:201
[17:26:15.144] [lua] 0  @mrxtask:440
[17:26:15.154] [lua] 0  @mrxtask:440
[17:26:15.163] [lua] Adding AllCon003 as a child of Missions  @mrxtask:718
[17:26:15.169] [lua] true  @mrxtask:722
[17:26:15.176] [lua] 0  @mrxtask:440
[17:26:15.183] [lua] 0  @mrxtask:440
[17:26:15.191] [lua] Adding AllCon003Mission as a child of AllCon003  @mrxtask:718
[17:26:15.198] [lua] true  @mrxtask:722
[17:26:15.205] [lua] 0  @mrxtask:440
[17:26:15.212] [lua] true  @mrxtask:291
[17:26:15.220] [lua] Shop - Generating Shop List...  @mrxshop:286
[17:26:15.228] [lua] Shop - Faction Pmc has 10 items unlocked  @mrxshop:473
[17:26:15.236] [lua] Shop - Generating Shop List...  @mrxshop:286
[17:26:15.245] [lua] Shop - Faction Oil has 24 items unlocked  @mrxshop:473
[17:26:15.258] [lua] Shop - Generating Shop List...  @mrxshop:286
[17:26:15.268] [lua] Shop - Faction Gur has 28 items unlocked  @mrxshop:473
[17:26:15.276] [lua] Shop - Generating Shop List...  @mrxshop:286
[17:26:15.285] [lua] Shop - Faction Pir has 33 items unlocked  @mrxshop:473
[17:26:15.293] [lua] Shop - Generating Shop List...  @mrxshop:286
[17:26:15.301] [lua] Shop - Faction All has 37 items unlocked  @mrxshop:473
[17:26:15.312] [lua] Shop - Generating Shop List...  @mrxshop:286
[17:26:15.320] [lua] Shop - Faction Chi has 32 items unlocked  @mrxshop:473
[17:26:15.329] [lua] Shop - Generating Shop List...  @mrxshop:286
[17:26:15.337] [lua] Shop - Faction Pmc has 10 items unlocked  @mrxshop:473
[17:26:15.345] [lua] Shop - Generating Shop List...  @mrxshop:286
[17:26:15.354] [lua] Shop - Faction Oil has 24 items unlocked  @mrxshop:473
[17:26:15.362] [lua] Shop - Generating Shop List...  @mrxshop:286
[17:26:15.370] [lua] Shop - Faction Gur has 28 items unlocked  @mrxshop:473
[17:26:15.378] [lua] Shop - Generating Shop List...  @mrxshop:286
[17:26:15.387] [lua] Shop - Faction Pir has 33 items unlocked  @mrxshop:473
[17:26:15.397] [lua] Shop - Generating Shop List...  @mrxshop:286
[17:26:15.406] [lua] Shop - Faction All has 37 items unlocked  @mrxshop:473
[17:26:15.414] [lua] Shop - Generating Shop List...  @mrxshop:286
[17:26:15.423] [lua] Shop - Faction Chi has 32 items unlocked  @mrxshop:473
[17:26:15.431] [lua] Shop - Generating Shop List...  @mrxshop:286
[17:26:15.440] [lua] Shop - Faction Pmc has 10 items unlocked  @mrxshop:473
[17:26:15.449] [lua] Shop - Generating Shop List...  @mrxshop:286
[17:26:15.458] [lua] Shop - Faction Oil has 24 items unlocked  @mrxshop:473
[17:26:15.466] [lua] Shop - Generating Shop List...  @mrxshop:286
[17:26:15.474] [lua] Shop - Faction Gur has 28 items unlocked  @mrxshop:473
[17:26:15.482] [lua] Shop - Generating Shop List...  @mrxshop:286
[17:26:15.491] [lua] Shop - Faction Pir has 33 items unlocked  @mrxshop:473
[17:26:15.499] [lua] Shop - Generating Shop List...  @mrxshop:286
[17:26:15.507] [lua] Shop - Faction All has 37 items unlocked  @mrxshop:473
[17:26:15.515] [lua] Shop - Generating Shop List...  @mrxshop:286
[17:26:15.524] [lua] Shop - Faction Chi has 32 items unlocked  @mrxshop:473
[17:26:15.533] [lua] Shop - Generating Shop List...  @mrxshop:286
[17:26:15.542] [lua] Shop - Faction Pmc has 10 items unlocked  @mrxshop:473
[17:26:15.550] [lua] Shop - Generating Shop List...  @mrxshop:286
[17:26:15.564] [lua] Shop - Faction Oil has 24 items unlocked  @mrxshop:473
[17:26:15.574] [lua] Shop - Generating Shop List...  @mrxshop:286
[17:26:15.582] [lua] Shop - Faction Gur has 28 items unlocked  @mrxshop:473
[17:26:15.591] [lua] Shop - Generating Shop List...  @mrxshop:286
[17:26:15.600] [lua] Shop - Faction Pir has 33 items unlocked  @mrxshop:473
[17:26:15.610] [lua] Shop - Generating Shop List...  @mrxshop:286
[17:26:15.620] [lua] Shop - Faction All has 37 items unlocked  @mrxshop:473
[17:26:15.628] [lua] Shop - Generating Shop List...  @mrxshop:286
[17:26:15.637] [lua] Shop - Faction Chi has 32 items unlocked  @mrxshop:473
[17:26:15.644] [lua] 0  @mrxtask:440
[17:26:15.651] [lua] 0  @mrxtask:440
[17:26:15.659] [lua] Adding AllCon003Briefing as a child of AllCon003  @mrxtask:718
[17:26:15.666] [lua] true  @mrxtask:722
[17:26:15.674] [lua] 0  @mrxtask:440
[17:26:15.680] [lua] true  @mrxtask:291
[17:26:15.690] [lua] true  @mrxstarter:252
[17:26:15.700] [lua] Starter activated!  @mrxstarter:431
[17:26:15.709] [lua] HQ AllHq could not be retrieved  @mrxhqmanager:28
[17:26:15.718] [lua] Attempting to unlock HQ AllHq  @mrxhqmanager:54
[17:26:15.726] [lua] Loading data for HQ AllHq  @mrxhqmanager:59
[17:26:15.734] [lua] HQ AllHq setup complete  @mrxhqmanager:80
[17:26:15.743] [lua] @@@@@@@@@@ Disabling AllHq portal  @mrxhq:599
[17:26:15.754] [lua] AllHq Respawn set to true  @mrxhqmanager:184
[17:26:15.762] [lua] Creating DeathEvent for AllHq(userdata: 000E7529)  @mrxhqmanager:146
[17:26:15.770] [lua] Adding AllStarter0 to HQ  @mrxhq:843
[17:26:15.779] [lua] 3  @mrxfactionmanager:505
[17:26:15.787] [lua] @@@@@@@@@@ Enabling AllHq portal  @mrxhq:597
[17:26:15.794] [lua] 3  @mrxfactionmanager:505
[17:26:15.805] [lua] true  @mrxstarter:252
[17:26:15.812] [lua] 3  @mrxfactionmanager:505
[17:26:15.820] [lua] @@@@@@@@@@ Enabling AllHq portal  @mrxhq:597
[17:26:15.827] [lua] 3  @mrxfactionmanager:505
[17:26:15.834] [lua] table:0x1EF861C0  @mrxmissionflow:169
[17:26:15.842] [lua] Unlocking mission PmcCon016  @mrxmissionflow:201
[17:26:15.850] [lua] 0  @mrxtask:440
[17:26:15.858] [lua] 0  @mrxtask:440
[17:26:15.866] [lua] Adding PmcCon016 as a child of Missions  @mrxtask:718
[17:26:15.873] [lua] true  @mrxtask:722
[17:26:15.880] [lua] 0  @mrxtask:440
[17:26:15.887] [lua] 0  @mrxtask:440
[17:26:15.895] [lua] Adding PmcCon016Mission as a child of PmcCon016  @mrxtask:718
[17:26:15.902] [lua] true  @mrxtask:722
[17:26:15.909] [lua] 0  @mrxtask:440
[17:26:15.917] [lua] true  @mrxtask:291
[17:26:15.924] [lua] 0  @mrxtask:440
[17:26:15.930] [lua] 0  @mrxtask:440
[17:26:15.939] [lua] Adding PmcCon016Briefing as a child of PmcCon016  @mrxtask:718
[17:26:15.948] [lua] true  @mrxtask:722
[17:26:15.955] [lua] 0  @mrxtask:440
[17:26:15.962] [lua] true  @mrxtask:291
[17:26:15.969] [lua] true  @mrxstarter:252
[17:26:15.976] [lua] table:0x1EF861C0  @mrxmissionflow:169
[17:26:15.985] [lua] Unlocking mission PmcCon032  @mrxmissionflow:201
[17:26:15.992] [lua] 0  @mrxtask:440
[17:26:15.999] [lua] 0  @mrxtask:440
[17:26:16.008] [lua] Adding PmcCon032 as a child of Missions  @mrxtask:718
[17:26:16.014] [lua] true  @mrxtask:722
[17:26:16.021] [lua] 0  @mrxtask:440
[17:26:16.033] [lua] 0  @mrxtask:440
[17:26:16.042] [lua] Adding PmcCon032Mission as a child of PmcCon032  @mrxtask:718
[17:26:16.049] [lua] true  @mrxtask:722
[17:26:16.056] [lua] 0  @mrxtask:440
[17:26:16.063] [lua] true  @mrxtask:291
[17:26:16.070] [lua] 0  @mrxtask:440
[17:26:16.077] [lua] 0  @mrxtask:440
[17:26:16.093] [lua] Adding PmcCon032Briefing as a child of PmcCon032  @mrxtask:718
[17:26:16.100] [lua] true  @mrxtask:722
[17:26:16.107] [lua] 0  @mrxtask:440
[17:26:16.114] [lua] true  @mrxtask:291
[17:26:16.120] [lua] true  @mrxstarter:252
[17:26:16.128] [lua] table:0x1EF861C0  @mrxmissionflow:169
[17:26:16.137] [lua] Unlocking mission OilCon001  @mrxmissionflow:201
[17:26:16.144] [lua] 0  @mrxtask:440
[17:26:16.150] [lua] 0  @mrxtask:440
[17:26:16.160] [lua] Adding OilCon001 as a child of Missions  @mrxtask:718
[17:26:16.168] [lua] true  @mrxtask:722
[17:26:16.174] [lua] 0  @mrxtask:440
[17:26:16.180] [lua] 0  @mrxtask:440
[17:26:16.189] [lua] Adding OilCon001Mission as a child of OilCon001  @mrxtask:718
[17:26:16.196] [lua] true  @mrxtask:722
[17:26:16.203] [lua] 0  @mrxtask:440
[17:26:16.210] [lua] true  @mrxtask:291
[17:26:16.218] [lua] Shop - Generating Shop List...  @mrxshop:286
[17:26:16.228] [lua] Shop - Faction Pmc has 10 items unlocked  @mrxshop:473
[17:26:16.236] [lua] Shop - Generating Shop List...  @mrxshop:286
[17:26:16.245] [lua] Shop - Faction Oil has 24 items unlocked  @mrxshop:473
[17:26:16.257] [lua] Shop - Generating Shop List...  @mrxshop:286
[17:26:16.267] [lua] Shop - Faction Gur has 28 items unlocked  @mrxshop:473
[17:26:16.275] [lua] Shop - Generating Shop List...  @mrxshop:286
[17:26:16.283] [lua] Shop - Faction Pir has 33 items unlocked  @mrxshop:473
[17:26:16.291] [lua] Shop - Generating Shop List...  @mrxshop:286
[17:26:16.300] [lua] Shop - Faction All has 37 items unlocked  @mrxshop:473
[17:26:16.309] [lua] Shop - Generating Shop List...  @mrxshop:286
[17:26:16.317] [lua] Shop - Faction Chi has 32 items unlocked  @mrxshop:473
[17:26:16.326] [lua] Shop - Generating Shop List...  @mrxshop:286
[17:26:16.337] [lua] Shop - Faction Pmc has 10 items unlocked  @mrxshop:473
[17:26:16.345] [lua] Shop - Generating Shop List...  @mrxshop:286
[17:26:16.354] [lua] Shop - Faction Oil has 24 items unlocked  @mrxshop:473
[17:26:16.362] [lua] Shop - Generating Shop List...  @mrxshop:286
[17:26:16.370] [lua] Shop - Faction Gur has 28 items unlocked  @mrxshop:473
[17:26:16.378] [lua] Shop - Generating Shop List...  @mrxshop:286
[17:26:16.387] [lua] Shop - Faction Pir has 33 items unlocked  @mrxshop:473
[17:26:16.395] [lua] Shop - Generating Shop List...  @mrxshop:286
[17:26:16.403] [lua] Shop - Faction All has 37 items unlocked  @mrxshop:473
[17:26:16.415] [lua] Shop - Generating Shop List...  @mrxshop:286
[17:26:16.424] [lua] Shop - Faction Chi has 32 items unlocked  @mrxshop:473
[17:26:16.432] [lua] Shop - Generating Shop List...  @mrxshop:286
[17:26:16.440] [lua] Shop - Faction Pmc has 10 items unlocked  @mrxshop:473
[17:26:16.453] [lua] Shop - Generating Shop List...  @mrxshop:286
[17:26:16.462] [lua] Shop - Faction Oil has 24 items unlocked  @mrxshop:473
[17:26:16.470] [lua] Shop - Generating Shop List...  @mrxshop:286
[17:26:16.478] [lua] Shop - Faction Gur has 28 items unlocked  @mrxshop:473
[17:26:16.487] [lua] Shop - Generating Shop List...  @mrxshop:286
[17:26:16.496] [lua] Shop - Faction Pir has 33 items unlocked  @mrxshop:473
[17:26:16.504] [lua] Shop - Generating Shop List...  @mrxshop:286
[17:26:16.512] [lua] Shop - Faction All has 37 items unlocked  @mrxshop:473
[17:26:16.524] [lua] Shop - Generating Shop List...  @mrxshop:286
[17:26:16.532] [lua] Shop - Faction Chi has 32 items unlocked  @mrxshop:473
[17:26:16.539] [lua] 0  @mrxtask:440
[17:26:16.547] [lua] 0  @mrxtask:440
[17:26:16.556] [lua] Adding OilCon001Briefing as a child of OilCon001  @mrxtask:718
[17:26:16.563] [lua] true  @mrxtask:722
[17:26:16.570] [lua] 0  @mrxtask:440
[17:26:16.578] [lua] true  @mrxtask:291
[17:26:16.585] [lua] true  @mrxstarter:252
[17:26:16.595] [lua] Starter activated!  @mrxstarter:431
[17:26:16.604] [lua] HQ OilHq could not be retrieved  @mrxhqmanager:28
[17:26:16.612] [lua] Attempting to unlock HQ OilHq  @mrxhqmanager:54
[17:26:16.620] [lua] Loading data for HQ OilHq  @mrxhqmanager:59
[17:26:16.630] [lua] HQ OilHq setup complete  @mrxhqmanager:80
[17:26:16.639] [lua] @@@@@@@@@@ Disabling OilHq portal  @mrxhq:599
[17:26:16.648] [lua] OilHq Respawn set to true  @mrxhqmanager:184
[17:26:16.656] [lua] @@@@@@@@@@@@@ HQ OilHq's building _ocoutpost_bld_hq 0x000d3f3c is out-of-date!  @mrxhqmanager:195
[17:26:16.664] [lua] Adding OilStarter0 to HQ  @mrxhq:843
[17:26:16.671] [lua] 3  @mrxfactionmanager:505
[17:26:16.681] [lua] @@@@@@@@@@ Enabling OilHq portal  @mrxhq:597
[17:26:16.688] [lua] 3  @mrxfactionmanager:505
[17:26:16.695] [lua] true  @mrxstarter:252
[17:26:16.702] [lua] 3  @mrxfactionmanager:505
[17:26:16.711] [lua] @@@@@@@@@@ Enabling OilHq portal  @mrxhq:597
[17:26:16.718] [lua] 3  @mrxfactionmanager:505
[17:26:16.725] [lua] table:0x1EF861C0  @mrxmissionflow:169
[17:26:16.734] [lua] Unlocking mission PmcCon013  @mrxmissionflow:201
[17:26:16.740] [lua] 0  @mrxtask:440
[17:26:16.748] [lua] 0  @mrxtask:440
[17:26:16.757] [lua] Adding PmcCon013 as a child of Missions  @mrxtask:718
[17:26:16.764] [lua] true  @mrxtask:722
[17:26:16.771] [lua] 0  @mrxtask:440
[17:26:16.778] [lua] 0  @mrxtask:440
[17:26:16.787] [lua] Adding PmcCon013Mission as a child of PmcCon013  @mrxtask:718
[17:26:16.794] [lua] true  @mrxtask:722
[17:26:16.801] [lua] 0  @mrxtask:440
[17:26:16.808] [lua] true  @mrxtask:291
[17:26:16.815] [lua] 0  @mrxtask:440
[17:26:16.822] [lua] 0  @mrxtask:440
[17:26:16.830] [lua] Adding PmcCon013Briefing as a child of PmcCon013  @mrxtask:718
[17:26:16.837] [lua] true  @mrxtask:722
[17:26:16.844] [lua] 0  @mrxtask:440
[17:26:16.854] [lua] true  @mrxtask:291
[17:26:16.860] [lua] true  @mrxstarter:252
[17:26:16.869] [lua] Starter activated!  @mrxstarter:431
[17:26:16.876] [lua] true  @mrxstarter:252
[17:26:16.884] [lua] table:0x1EF861C0  @mrxmissionflow:169
[17:26:16.892] [lua] Unlocking mission AllJob003  @mrxmissionflow:201
[17:26:16.899] [lua] 0  @mrxtask:440
[17:26:16.906] [lua] 0  @mrxtask:440
[17:26:16.914] [lua] Adding AllJob003 as a child of Missions  @mrxtask:718
[17:26:16.921] [lua] true  @mrxtask:722
[17:26:16.928] [lua] 0  @mrxtask:440
[17:26:16.936] [lua] 0  @mrxtask:440
[17:26:16.944] [lua] Adding AllJob003Mission as a child of AllJob003  @mrxtask:718
[17:26:16.950] [lua] true  @mrxtask:722
[17:26:16.957] [lua] 0  @mrxtask:440
[17:26:16.964] [lua] true  @mrxtask:291
[17:26:16.974] [lua] 0  @mrxtask:440
[17:26:16.981] [lua] 0  @mrxtask:440
[17:26:16.990] [lua] Saving Missions.ChiCon009.ChiCon009Mission  @mrxtask:839
[17:26:16.997] [lua] 0  @mrxtask:440
[17:26:17.005] [lua] Saving Missions.ChiJob003.ChiJob003Mission  @mrxtask:839
[17:26:17.012] [lua] 0  @mrxtask:440
[17:26:17.020] [lua] Saving Missions.PirCon004.PirCon004Mission  @mrxtask:839
[17:26:17.027] [lua] 0  @mrxtask:440
[17:26:17.035] [lua] Saving Missions.OilCon003.OilCon003Mission  @mrxtask:839
[17:26:17.042] [lua] 0  @mrxtask:440
[17:26:17.051] [lua] Saving Missions.PmcCon015.PmcCon015Mission  @mrxtask:839
[17:26:17.058] [lua] 0  @mrxtask:440
[17:26:17.067] [lua] Saving Missions.ChiCon003.ChiCon003Mission  @mrxtask:839
[17:26:17.074] [lua] 0  @mrxtask:440
[17:26:17.082] [lua] Saving Missions.ChiCon008.ChiCon008Mission  @mrxtask:839
[17:26:17.089] [lua] 0  @mrxtask:440
[17:26:17.097] [lua] Saving Missions.GurJob006.GurJob006Mission  @mrxtask:839
[17:26:17.108] [lua] 0  @mrxtask:440
[17:26:17.117] [lua] Saving Missions.OilJob004.OilJob004Mission  @mrxtask:839
[17:26:17.123] [lua] 0  @mrxtask:440
[17:26:17.132] [lua] Saving Missions.PirCon002.PirCon002Mission  @mrxtask:839
[17:26:17.139] [lua] 0  @mrxtask:440
[17:26:17.149] [lua] Saving Missions.AllCon003.AllCon003Mission  @mrxtask:839
[17:26:17.156] [lua] 0  @mrxtask:440
[17:26:17.165] [lua] Saving Missions.PmcCon016.PmcCon016Mission  @mrxtask:839
[17:26:17.172] [lua] 0  @mrxtask:440
[17:26:17.180] [lua] Saving Missions.PmcCon032.PmcCon032Mission  @mrxtask:839
[17:26:17.187] [lua] 0  @mrxtask:440
[17:26:17.195] [lua] Saving Missions.OilCon001.OilCon001Mission  @mrxtask:839
[17:26:17.202] [lua] 0  @mrxtask:440
[17:26:17.215] [lua] Saving Missions.PmcCon013.PmcCon013Mission  @mrxtask:839
[17:26:17.223] [lua] 0  @mrxtask:440
[17:26:17.231] [lua] Saving Missions.GurJob001.GurJob001Mission  @mrxtask:839
[17:26:17.238] [lua] 0  @mrxtask:440
[17:26:17.247] [lua] Saving Missions.PmcCon034.PmcCon034Mission  @mrxtask:839
[17:26:17.254] [lua] 0  @mrxtask:440
[17:26:17.262] [lua] Equipment 1 - Parent userdata: 80006ED0 Reserve 4  @mrxplayer:1014
[17:26:17.270] [lua] Equipment 2 - Parent userdata: 8000569E Reserve 6  @mrxplayer:1014
[17:26:17.278] [lua] Equipment 3 - Parent userdata: 80005FD3 Reserve 244  @mrxplayer:1014
[17:26:17.287] [lua] Equipment 4 - Parent userdata: 80002331 Reserve 9  @mrxplayer:1014
[17:26:17.295] [lua] SaveSingleton VerifyManager  @mrxverifymanager:100
[17:26:17.306] [lua] @@@@@@@@@@ MrxState.Enter: state STATE_WAITFORSTREAMING (refcount=5)  @mrxstate:381
[17:26:17.306] [world] >>> @@@@@@@@@@ MrxState.Enter: state STATE_WAITFORSTREAMING (refcount=5)  @mrxstate:381
[17:26:17.314] [lua] 0  @mrxtask:440
[17:26:17.321] [lua] true  @mrxtask:291
[17:26:17.329] [lua] ###! GlobalEnter - Complete  @mrxstate:432
[17:26:17.336] [lua] table:0x1EF861C0  @mrxmissionflow:169
[17:26:17.344] [lua] Unlocking mission GurCon005  @mrxmissionflow:201
[17:26:17.352] [lua] 0  @mrxtask:440
[17:26:17.359] [lua] 0  @mrxtask:440
[17:26:17.367] [lua] Adding GurCon005 as a child of Missions  @mrxtask:718
[17:26:17.374] [lua] true  @mrxtask:722
[17:26:17.383] [lua] 0  @mrxtask:440
[17:26:17.390] [lua] 0  @mrxtask:440
[17:26:17.398] [lua] Adding GurCon005Mission as a child of GurCon005  @mrxtask:718
[17:26:17.405] [lua] true  @mrxtask:722
[17:26:17.412] [lua] 0  @mrxtask:440
[17:26:17.422] [lua] true  @mrxtask:291
[17:26:17.431] [lua] Shop - Generating Shop List...  @mrxshop:286
[17:26:17.441] [lua] Shop - Faction Pmc has 10 items unlocked  @mrxshop:473
[17:26:17.449] [lua] Shop - Generating Shop List...  @mrxshop:286
[17:26:17.460] [lua] Shop - Faction Oil has 24 items unlocked  @mrxshop:473
[17:26:17.469] [lua] Shop - Generating Shop List...  @mrxshop:286
[17:26:17.477] [lua] Shop - Faction Gur has 28 items unlocked  @mrxshop:473
[17:26:17.485] [lua] Shop - Generating Shop List...  @mrxshop:286
[17:26:17.494] [lua] Shop - Faction Pir has 33 items unlocked  @mrxshop:473
[17:26:17.503] [lua] Shop - Generating Shop List...  @mrxshop:286
[17:26:17.512] [lua] Shop - Faction All has 37 items unlocked  @mrxshop:473
[17:26:17.520] [lua] Shop - Generating Shop List...  @mrxshop:286
[17:26:17.529] [lua] Shop - Faction Chi has 32 items unlocked  @mrxshop:473
[17:26:17.537] [lua] Shop - Generating Shop List...  @mrxshop:286
[17:26:17.547] [lua] Shop - Faction Pmc has 10 items unlocked  @mrxshop:473
[17:26:17.555] [lua] Shop - Generating Shop List...  @mrxshop:286
[17:26:17.566] [lua] Shop - Faction Oil has 24 items unlocked  @mrxshop:473
[17:26:17.576] [lua] Shop - Generating Shop List...  @mrxshop:286
[17:26:17.586] [lua] Shop - Faction Gur has 28 items unlocked  @mrxshop:473
[17:26:17.596] [lua] Shop - Generating Shop List...  @mrxshop:286
[17:26:17.609] [lua] Shop - Faction Pir has 33 items unlocked  @mrxshop:473
[17:26:17.618] [lua] Shop - Generating Shop List...  @mrxshop:286
[17:26:17.626] [lua] Shop - Faction All has 37 items unlocked  @mrxshop:473
[17:26:17.634] [lua] Shop - Generating Shop List...  @mrxshop:286
[17:26:17.644] [lua] Shop - Faction Chi has 32 items unlocked  @mrxshop:473
[17:26:17.650] [lua] 0  @mrxtask:440
[17:26:17.658] [lua] 0  @mrxtask:440
[17:26:17.667] [lua] Adding GurCon005Briefing as a child of GurCon005  @mrxtask:718
[17:26:17.674] [lua] true  @mrxtask:722
[17:26:17.680] [lua] 0  @mrxtask:440
[17:26:17.688] [lua] true  @mrxtask:291
[17:26:17.696] [lua] true  @mrxstarter:252
[17:26:17.705] [lua] Starter activated!  @mrxstarter:431
[17:26:17.713] [lua] HQ GurOutpost2 could not be retrieved  @mrxhqmanager:28
[17:26:17.722] [lua] Attempting to unlock HQ GurOutpost2  @mrxhqmanager:54
[17:26:17.731] [lua] Loading data for HQ GurOutpost2  @mrxhqmanager:59
[17:26:17.740] [lua] HQ GurOutpost2 setup complete  @mrxhqmanager:80
[17:26:17.751] [lua] @@@@@@@@@@ Disabling GurOutpost2 portal  @mrxhq:599
[17:26:17.759] [lua] GurOutpost2 Respawn set to true  @mrxhqmanager:184
[17:26:17.769] [lua] Creating DeathEvent for GurOutpost2(userdata: 000EB0CA)  @mrxhqmanager:146
[17:26:17.778] [lua] Adding GurStarter2 to HQ  @mrxhq:843
[17:26:17.784] [lua] 2  @mrxfactionmanager:505
[17:26:17.791] [lua] 2  @mrxfactionmanager:505
[17:26:17.800] [lua] @@@@@@@@@@ Enabling GurOutpost2 portal  @mrxhq:597
[17:26:17.807] [lua] 2  @mrxfactionmanager:505
[17:26:17.815] [lua] 2  @mrxfactionmanager:505
[17:26:17.825] [lua] @@@@@@@@@@ Enabling GurOutpost2 portal  @mrxhq:597
[17:26:17.832] [lua] 2  @mrxfactionmanager:505
[17:26:17.839] [lua] true  @mrxstarter:252
[17:26:17.846] [lua] 2  @mrxfactionmanager:505
[17:26:17.855] [lua] @@@@@@@@@@ Enabling GurOutpost2 portal  @mrxhq:597
[17:26:17.862] [lua] 2  @mrxfactionmanager:505
[17:26:17.872] [lua] table:0x1EF861C0  @mrxmissionflow:169
[17:26:17.881] [lua] Unlocking mission AllCon008  @mrxmissionflow:201
[17:26:17.888] [lua] 0  @mrxtask:440
[17:26:17.895] [lua] 0  @mrxtask:440
[17:26:17.903] [lua] Adding AllCon008 as a child of Missions  @mrxtask:718
[17:26:17.910] [lua] true  @mrxtask:722
[17:26:17.916] [lua] 0  @mrxtask:440
[17:26:17.924] [lua] 0  @mrxtask:440
[17:26:17.932] [lua] Adding AllCon008Mission as a child of AllCon008  @mrxtask:718
[17:26:17.939] [lua] true  @mrxtask:722
[17:26:17.945] [lua] 0  @mrxtask:440
[17:26:17.953] [lua] true  @mrxtask:291
[17:26:17.960] [lua] 0  @mrxtask:440
[17:26:17.968] [lua] 0  @mrxtask:440
[17:26:17.976] [lua] Adding AllCon008Briefing as a child of AllCon008  @mrxtask:718
[17:26:17.983] [lua] true  @mrxtask:722
[17:26:17.990] [lua] 0  @mrxtask:440
[17:26:17.998] [lua] true  @mrxtask:291
[17:26:18.005] [lua] true  @mrxstarter:252
[17:26:18.013] [lua] Starter activated!  @mrxstarter:431
[17:26:18.021] [lua] HQ AllOutpost2 could not be retrieved  @mrxhqmanager:28
[17:26:18.030] [lua] Attempting to unlock HQ AllOutpost2  @mrxhqmanager:54
[17:26:18.038] [lua] Loading data for HQ AllOutpost2  @mrxhqmanager:59
[17:26:18.046] [lua] HQ AllOutpost2 setup complete  @mrxhqmanager:80
[17:26:18.054] [lua] @@@@@@@@@@ Disabling AllOutpost2 portal  @mrxhq:599
[17:26:18.063] [lua] AllOutpost2 Respawn set to true  @mrxhqmanager:184
[17:26:18.071] [lua] Creating DeathEvent for AllOutpost2(userdata: 000EB0D7)  @mrxhqmanager:146
[17:26:18.080] [lua] Adding AllStarter2 to HQ  @mrxhq:843
[17:26:18.087] [lua] 2  @mrxfactionmanager:505
[17:26:18.094] [lua] 2  @mrxfactionmanager:505
[17:26:18.103] [lua] @@@@@@@@@@ Enabling AllOutpost2 portal  @mrxhq:597
[17:26:18.110] [lua] 2  @mrxfactionmanager:505
[17:26:18.117] [lua] 2  @mrxfactionmanager:505
[17:26:18.125] [lua] @@@@@@@@@@ Enabling AllOutpost2 portal  @mrxhq:597
[17:26:18.132] [lua] 2  @mrxfactionmanager:505
[17:26:18.145] [lua] true  @mrxstarter:252
[17:26:18.152] [lua] 2  @mrxfactionmanager:505
[17:26:18.160] [lua] @@@@@@@@@@ Enabling AllOutpost2 portal  @mrxhq:597
[17:26:18.167] [lua] 2  @mrxfactionmanager:505
[17:26:18.174] [lua] table:0x1EF861C0  @mrxmissionflow:169
[17:26:18.183] [lua] Unlocking mission PmcCon031  @mrxmissionflow:201
[17:26:18.190] [lua] 0  @mrxtask:440
[17:26:18.197] [lua] 0  @mrxtask:440
[17:26:18.205] [lua] Adding PmcCon031 as a child of Missions  @mrxtask:718
[17:26:18.213] [lua] true  @mrxtask:722
[17:26:18.219] [lua] 0  @mrxtask:440
[17:26:18.226] [lua] 0  @mrxtask:440
[17:26:18.235] [lua] Adding PmcCon031Mission as a child of PmcCon031  @mrxtask:718
[17:26:18.241] [lua] true  @mrxtask:722
[17:26:18.249] [lua] 0  @mrxtask:440
[17:26:18.256] [lua] true  @mrxtask:291
[17:26:18.264] [lua] 0  @mrxtask:440
[17:26:18.270] [lua] 0  @mrxtask:440
[17:26:18.279] [lua] Adding PmcCon031Briefing as a child of PmcCon031  @mrxtask:718
[17:26:18.285] [lua] true  @mrxtask:722
[17:26:18.292] [lua] 0  @mrxtask:440
[17:26:18.299] [lua] true  @mrxtask:291
[17:26:18.307] [lua] true  @mrxstarter:252
[17:26:18.314] [lua] table:0x1EF861C0  @mrxmissionflow:169
[17:26:18.322] [lua] Unlocking mission GurCon003  @mrxmissionflow:201
[17:26:18.329] [lua] 0  @mrxtask:440
[17:26:18.335] [lua] 0  @mrxtask:440
[17:26:18.344] [lua] Adding GurCon003 as a child of Missions  @mrxtask:718
[17:26:18.351] [lua] true  @mrxtask:722
[17:26:18.359] [lua] 0  @mrxtask:440
[17:26:18.366] [lua] 0  @mrxtask:440
[17:26:18.374] [lua] Adding GurCon003Mission as a child of GurCon003  @mrxtask:718
[17:26:18.380] [lua] true  @mrxtask:722
[17:26:18.388] [lua] 0  @mrxtask:440
[17:26:18.395] [lua] true  @mrxtask:291
[17:26:18.406] [lua] 0  @mrxtask:440
[17:26:18.413] [lua] 0  @mrxtask:440
[17:26:18.421] [lua] Adding GurCon003Briefing as a child of GurCon003  @mrxtask:718
[17:26:18.431] [lua] true  @mrxtask:722
[17:26:18.438] [lua] 0  @mrxtask:440
[17:26:18.446] [lua] true  @mrxtask:291
[17:26:18.452] [lua] true  @mrxstarter:252
[17:26:18.460] [lua] Starter activated!  @mrxstarter:431
[17:26:18.469] [lua] HQ GurOutpost5 could not be retrieved  @mrxhqmanager:28
[17:26:18.478] [lua] Attempting to unlock HQ GurOutpost5  @mrxhqmanager:54
[17:26:18.486] [lua] Loading data for HQ GurOutpost5  @mrxhqmanager:59
[17:26:18.494] [lua] HQ GurOutpost5 setup complete  @mrxhqmanager:80
[17:26:18.502] [lua] @@@@@@@@@@ Disabling GurOutpost5 portal  @mrxhq:599
[17:26:18.511] [lua] GurOutpost5 Respawn set to true  @mrxhqmanager:184
[17:26:18.520] [lua] Creating DeathEvent for GurOutpost5(userdata: 000EF342)  @mrxhqmanager:146
[17:26:18.529] [lua] Adding GurStarter5 to HQ  @mrxhq:843
[17:26:18.537] [lua] 2  @mrxfactionmanager:505
[17:26:18.544] [lua] 2  @mrxfactionmanager:505
[17:26:18.556] [lua] @@@@@@@@@@ Enabling GurOutpost5 portal  @mrxhq:597
[17:26:18.563] [lua] 2  @mrxfactionmanager:505
[17:26:18.570] [lua] 2  @mrxfactionmanager:505
[17:26:18.579] [lua] @@@@@@@@@@ Enabling GurOutpost5 portal  @mrxhq:597
[17:26:18.586] [lua] 2  @mrxfactionmanager:505
[17:26:18.593] [lua] true  @mrxstarter:252
[17:26:18.600] [lua] 2  @mrxfactionmanager:505
[17:26:18.608] [lua] @@@@@@@@@@ Enabling GurOutpost5 portal  @mrxhq:597
[17:26:18.619] [lua] 2  @mrxfactionmanager:505
[17:26:18.626] [lua] table:0x1EF861C0  @mrxmissionflow:169
[17:26:18.635] [lua] Unlocking mission PirCon001  @mrxmissionflow:201
[17:26:18.642] [lua] 0  @mrxtask:440
[17:26:18.650] [lua] 0  @mrxtask:440
[17:26:18.658] [lua] Adding PirCon001 as a child of Missions  @mrxtask:718
[17:26:18.666] [lua] true  @mrxtask:722
[17:26:18.673] [lua] 0  @mrxtask:440
[17:26:18.680] [lua] 0  @mrxtask:440
[17:26:18.688] [lua] Adding PirCon001Mission as a child of PirCon001  @mrxtask:718
[17:26:18.697] [lua] true  @mrxtask:722
[17:26:18.704] [lua] 0  @mrxtask:440
[17:26:18.710] [lua] true  @mrxtask:291
[17:26:18.723] [lua] 0  @mrxtask:440
[17:26:18.731] [lua] 0  @mrxtask:440
[17:26:18.739] [lua] Adding PirCon001Briefing as a child of PirCon001  @mrxtask:718
[17:26:18.747] [lua] true  @mrxtask:722
[17:26:18.753] [lua] 0  @mrxtask:440
[17:26:18.760] [lua] true  @mrxtask:291
[17:26:18.767] [lua] true  @mrxstarter:252
[17:26:18.774] [lua] 2  @mrxfactionmanager:505
[17:26:18.782] [lua] @@@@@@@@@@ Enabling PirOutpost1 portal  @mrxhq:597
[17:26:18.789] [lua] 2  @mrxfactionmanager:505
[17:26:18.798] [lua] !!!!!!!!!!! CLIENT WON'T SEE THIS ... Could not find marker Minimap_Icon_Faction_PR in Radar table  @mrxutil:1356
[17:26:18.805] [lua] table:0x1EF861C0  @mrxmissionflow:169
[17:26:18.814] [lua] Unlocking mission PmcCon018  @mrxmissionflow:201
[17:26:18.820] [lua] 0  @mrxtask:440
[17:26:18.827] [lua] 0  @mrxtask:440
[17:26:18.836] [lua] Adding PmcCon018 as a child of Missions  @mrxtask:718
[17:26:18.843] [lua] true  @mrxtask:722
[17:26:18.852] [lua] 0  @mrxtask:440
[17:26:18.859] [lua] 0  @mrxtask:440
[17:26:18.869] [lua] Adding PmcCon018Mission as a child of PmcCon018  @mrxtask:718
[17:26:18.876] [lua] true  @mrxtask:722
[17:26:18.882] [lua] 0  @mrxtask:440
[17:26:18.891] [lua] true  @mrxtask:291
[17:26:18.899] [lua] 0  @mrxtask:440
[17:26:18.906] [lua] 0  @mrxtask:440
[17:26:18.914] [lua] Adding PmcCon018Briefing as a child of PmcCon018  @mrxtask:718
[17:26:18.921] [lua] true  @mrxtask:722
[17:26:18.929] [lua] 0  @mrxtask:440
[17:26:18.936] [lua] true  @mrxtask:291
[17:26:18.943] [lua] true  @mrxstarter:252
[17:26:18.958] [lua] Starter activated!  @mrxstarter:431
[17:26:18.965] [lua] true  @mrxstarter:252
[17:26:18.972] [lua] table:0x1EF861C0  @mrxmissionflow:169
[17:26:18.981] [lua] Unlocking mission PmcCon033  @mrxmissionflow:201
[17:26:18.988] [lua] 0  @mrxtask:440
[17:26:18.996] [lua] 0  @mrxtask:440
[17:26:19.006] [lua] Adding PmcCon033 as a child of Missions  @mrxtask:718
[17:26:19.013] [lua] true  @mrxtask:722
[17:26:19.020] [lua] 0  @mrxtask:440
[17:26:19.028] [lua] 0  @mrxtask:440
[17:26:19.036] [lua] Adding PmcCon033Mission as a child of PmcCon033  @mrxtask:718
[17:26:19.043] [lua] true  @mrxtask:722
[17:26:19.050] [lua] 0  @mrxtask:440
[17:26:19.058] [lua] true  @mrxtask:291
[17:26:19.065] [lua] 0  @mrxtask:440
[17:26:19.072] [lua] 0  @mrxtask:440
[17:26:19.080] [lua] Adding PmcCon033Briefing as a child of PmcCon033  @mrxtask:718
[17:26:19.088] [lua] true  @mrxtask:722
[17:26:19.094] [lua] 0  @mrxtask:440
[17:26:19.101] [lua] true  @mrxtask:291
[17:26:19.108] [lua] true  @mrxstarter:252
[17:26:19.115] [lua] table:0x1EF861C0  @mrxmissionflow:169
[17:26:19.123] [lua] Unlocking mission PirCon003  @mrxmissionflow:201
[17:26:19.130] [lua] 0  @mrxtask:440
[17:26:19.137] [lua] 0  @mrxtask:440
[17:26:19.146] [lua] Adding PirCon003 as a child of Missions  @mrxtask:718
[17:26:19.153] [lua] true  @mrxtask:722
[17:26:19.160] [lua] 0  @mrxtask:440
[17:26:19.167] [lua] 0  @mrxtask:440
[17:26:19.175] [lua] Adding PirCon003Mission as a child of PirCon003  @mrxtask:718
[17:26:19.182] [lua] true  @mrxtask:722
[17:26:19.189] [lua] 0  @mrxtask:440
[17:26:19.197] [lua] true  @mrxtask:291
[17:26:19.204] [lua] 0  @mrxtask:440
[17:26:19.211] [lua] 0  @mrxtask:440
[17:26:19.220] [lua] Adding PirCon003Briefing as a child of PirCon003  @mrxtask:718
[17:26:19.226] [lua] true  @mrxtask:722
[17:26:19.233] [lua] 0  @mrxtask:440
[17:26:19.243] [lua] true  @mrxtask:291
[17:26:19.250] [lua] true  @mrxstarter:252
[17:26:19.259] [lua] Starter activated!  @mrxstarter:431
[17:26:19.267] [lua] HQ PirOutpost3 could not be retrieved  @mrxhqmanager:28
[17:26:19.276] [lua] Attempting to unlock HQ PirOutpost3  @mrxhqmanager:54
[17:26:19.288] [lua] Loading data for HQ PirOutpost3  @mrxhqmanager:59
[17:26:19.297] [lua] HQ PirOutpost3 setup complete  @mrxhqmanager:80
[17:26:19.305] [lua] @@@@@@@@@@ Disabling PirOutpost3 portal  @mrxhq:599
[17:26:19.314] [lua] PirOutpost3 Respawn set to true  @mrxhqmanager:184
[17:26:19.323] [lua] Creating DeathEvent for PirOutpost3(userdata: 000EB0DE)  @mrxhqmanager:146
[17:26:19.331] [lua] Adding PirStarter3 to HQ  @mrxhq:843
[17:26:19.338] [lua] 2  @mrxfactionmanager:505
[17:26:19.345] [lua] 2  @mrxfactionmanager:505
[17:26:19.353] [lua] @@@@@@@@@@ Enabling PirOutpost3 portal  @mrxhq:597
[17:26:19.360] [lua] 2  @mrxfactionmanager:505
[17:26:19.367] [lua] 2  @mrxfactionmanager:505
[17:26:19.380] [lua] @@@@@@@@@@ Enabling PirOutpost3 portal  @mrxhq:597
[17:26:19.387] [lua] 2  @mrxfactionmanager:505
[17:26:19.394] [lua] true  @mrxstarter:252
[17:26:19.402] [lua] 2  @mrxfactionmanager:505
[17:26:19.411] [lua] @@@@@@@@@@ Enabling PirOutpost3 portal  @mrxhq:597
[17:26:19.417] [lua] 2  @mrxfactionmanager:505
[17:26:19.424] [lua] 2  @mrxfactionmanager:505
[17:26:19.432] [lua] @@@@@@@@@@ Enabling PirOutpost3 portal  @mrxhq:597
[17:26:19.440] [lua] 2  @mrxfactionmanager:505
[17:26:19.448] [lua] true  @mrxstarter:252
[17:26:19.458] [lua] Starter activated!  @mrxstarter:431
[17:26:19.467] [lua] HQ AllOutpost4 could not be retrieved  @mrxhqmanager:28
[17:26:19.475] [lua] Attempting to unlock HQ AllOutpost4  @mrxhqmanager:54
[17:26:19.484] [lua] Loading data for HQ AllOutpost4  @mrxhqmanager:59
[17:26:19.492] [lua] HQ AllOutpost4 setup complete  @mrxhqmanager:80
[17:26:19.500] [lua] @@@@@@@@@@ Disabling AllOutpost4 portal  @mrxhq:599
[17:26:19.509] [lua] AllOutpost4 Respawn set to true  @mrxhqmanager:184
[17:26:19.517] [lua] Creating DeathEvent for AllOutpost4(userdata: 000EF536)  @mrxhqmanager:146
[17:26:19.527] [lua] Adding AllStarter4 to HQ  @mrxhq:843
[17:26:19.534] [lua] 2  @mrxfactionmanager:505
[17:26:19.545] [lua] 2  @mrxfactionmanager:505
[17:26:19.553] [lua] @@@@@@@@@@ Enabling AllOutpost4 portal  @mrxhq:597
[17:26:19.560] [lua] 2  @mrxfactionmanager:505
[17:26:19.568] [lua] 2  @mrxfactionmanager:505
[17:26:19.579] [lua] @@@@@@@@@@ Enabling AllOutpost4 portal  @mrxhq:597
[17:26:19.586] [lua] 2  @mrxfactionmanager:505
[17:26:19.593] [lua] 2  @mrxfactionmanager:505
[17:26:19.601] [lua] @@@@@@@@@@ Enabling AllOutpost4 portal  @mrxhq:597
[17:26:19.613] [lua] 2  @mrxfactionmanager:505
[17:26:19.620] [lua] true  @mrxstarter:252
[17:26:19.628] [lua] Starter activated!  @mrxstarter:431
[17:26:19.636] [lua] HQ GurHq could not be retrieved  @mrxhqmanager:28
[17:26:19.645] [lua] Attempting to unlock HQ GurHq  @mrxhqmanager:54
[17:26:19.655] [lua] Loading data for HQ GurHq  @mrxhqmanager:59
[17:26:19.666] [lua] HQ GurHq setup complete  @mrxhqmanager:80
[17:26:19.674] [lua] @@@@@@@@@@ Disabling GurHq portal  @mrxhq:599
[17:26:19.682] [lua] GurHq Respawn set to true  @mrxhqmanager:184
[17:26:19.691] [lua] Creating DeathEvent for GurHq(userdata: 000DF564)  @mrxhqmanager:146
[17:26:19.699] [lua] Adding GurStarter0 to HQ  @mrxhq:843
[17:26:19.709] [lua] 3  @mrxfactionmanager:505
[17:26:19.721] [lua] @@@@@@@@@@ Enabling GurHq portal  @mrxhq:597
[17:26:19.733] [lua] 3  @mrxfactionmanager:505
[17:26:19.740] [lua] 3  @mrxfactionmanager:505
[17:26:19.750] [lua] @@@@@@@@@@ Enabling GurHq portal  @mrxhq:597
[17:26:19.757] [lua] 3  @mrxfactionmanager:505
[17:26:19.764] [lua] 2  @mrxfactionmanager:505
[17:26:19.772] [lua] @@@@@@@@@@ Enabling OilOutpost3 portal  @mrxhq:597
[17:26:19.779] [lua] 2  @mrxfactionmanager:505
[17:26:19.787] [lua] 2  @mrxfactionmanager:505
[17:26:19.795] [lua] @@@@@@@@@@ Enabling ChiOutpost2 portal  @mrxhq:597
[17:26:19.802] [lua] 2  @mrxfactionmanager:505
[17:26:19.809] [lua] true  @mrxstarter:252
[17:26:19.819] [lua] Starter activated!  @mrxstarter:431
[17:26:19.829] [lua] HQ GurOutpost1 could not be retrieved  @mrxhqmanager:28
[17:26:19.842] [lua] Attempting to unlock HQ GurOutpost1  @mrxhqmanager:54
[17:26:19.850] [lua] Loading data for HQ GurOutpost1  @mrxhqmanager:59
[17:26:19.859] [lua] HQ GurOutpost1 setup complete  @mrxhqmanager:80
[17:26:19.868] [lua] @@@@@@@@@@ Disabling GurOutpost1 portal  @mrxhq:599
[17:26:19.876] [lua] GurOutpost1 Respawn set to true  @mrxhqmanager:184
[17:26:19.884] [lua] Creating DeathEvent for GurOutpost1(userdata: 000CD08E)  @mrxhqmanager:146
[17:26:19.892] [lua] Adding GurStarter1 to HQ  @mrxhq:843
[17:26:19.899] [lua] 2  @mrxfactionmanager:505
[17:26:19.910] [lua] @@@@@@@@@@ Enabling GurOutpost1 portal  @mrxhq:597
[17:26:19.918] [lua] 2  @mrxfactionmanager:505
[17:26:19.925] [lua] 2  @mrxfactionmanager:505
[17:26:19.933] [lua] @@@@@@@@@@ Enabling GurOutpost1 portal  @mrxhq:597
[17:26:19.940] [lua] 2  @mrxfactionmanager:505
[17:26:19.948] [lua] 3  @mrxfactionmanager:505
[17:26:19.959] [lua] @@@@@@@@@@ Enabling OilHq portal  @mrxhq:597
[17:26:19.966] [lua] 3  @mrxfactionmanager:505
[17:26:19.973] [lua] true  @mrxstarter:252
[17:26:19.980] [lua] Starter activated!  @mrxstarter:431
[17:26:19.989] [lua] HQ ChiOutpost1 could not be retrieved  @mrxhqmanager:28
[17:26:19.998] [lua] Attempting to unlock HQ ChiOutpost1  @mrxhqmanager:54
[17:26:20.006] [lua] Loading data for HQ ChiOutpost1  @mrxhqmanager:59
[17:26:20.014] [lua] HQ ChiOutpost1 setup complete  @mrxhqmanager:80
[17:26:20.028] [lua] @@@@@@@@@@ Disabling ChiOutpost1 portal  @mrxhq:599
[17:26:20.037] [lua] ChiOutpost1 Respawn set to true  @mrxhqmanager:184
[17:26:20.045] [lua] Creating DeathEvent for ChiOutpost1(userdata: 000B8751)  @mrxhqmanager:146
[17:26:20.053] [lua] Adding ChiStarter1 to HQ  @mrxhq:843
[17:26:20.060] [lua] 2  @mrxfactionmanager:505
[17:26:20.070] [lua] @@@@@@@@@@ Enabling ChiOutpost1 portal  @mrxhq:597
[17:26:20.080] [lua] 2  @mrxfactionmanager:505
[17:26:20.089] [lua] 2  @mrxfactionmanager:505
[17:26:20.097] [lua] @@@@@@@@@@ Enabling ChiOutpost1 portal  @mrxhq:597
[17:26:20.104] [lua] 2  @mrxfactionmanager:505
[17:26:20.111] [lua] true  @mrxstarter:252
[17:26:20.119] [lua] Starter activated!  @mrxstarter:431
[17:26:20.127] [lua] HQ OilOutpost4 could not be retrieved  @mrxhqmanager:28
[17:26:20.136] [lua] Attempting to unlock HQ OilOutpost4  @mrxhqmanager:54
[17:26:20.144] [lua] Loading data for HQ OilOutpost4  @mrxhqmanager:59
[17:26:20.152] [lua] HQ OilOutpost4 setup complete  @mrxhqmanager:80
[17:26:20.160] [lua] @@@@@@@@@@ Disabling OilOutpost4 portal  @mrxhq:599
[17:26:20.169] [lua] OilOutpost4 Respawn set to true  @mrxhqmanager:184
[17:26:20.177] [lua] Creating DeathEvent for OilOutpost4(userdata: 000EB0DC)  @mrxhqmanager:146
[17:26:20.185] [lua] Adding OilStarter4 to HQ  @mrxhq:843
[17:26:20.193] [lua] 2  @mrxfactionmanager:505
[17:26:20.200] [lua] 2  @mrxfactionmanager:505
[17:26:20.208] [lua] @@@@@@@@@@ Enabling OilOutpost4 portal  @mrxhq:597
[17:26:20.215] [lua] 2  @mrxfactionmanager:505
[17:26:20.222] [lua] 2  @mrxfactionmanager:505
[17:26:20.230] [lua] @@@@@@@@@@ Enabling OilOutpost4 portal  @mrxhq:597
[17:26:20.238] [lua] 2  @mrxfactionmanager:505
[17:26:20.245] [lua] 2  @mrxfactionmanager:505
[17:26:20.255] [lua] @@@@@@@@@@ Enabling OilOutpost4 portal  @mrxhq:597
[17:26:20.262] [lua] 2  @mrxfactionmanager:505
[17:26:20.270] [lua] true  @mrxstarter:252
[17:26:20.278] [lua] Starter activated!  @mrxstarter:431
[17:26:20.287] [lua] HQ OilOutpost2 could not be retrieved  @mrxhqmanager:28
[17:26:20.295] [lua] Attempting to unlock HQ OilOutpost2  @mrxhqmanager:54
[17:26:20.304] [lua] Loading data for HQ OilOutpost2  @mrxhqmanager:59
[17:26:20.316] [lua] HQ OilOutpost2 setup complete  @mrxhqmanager:80
[17:26:20.325] [lua] @@@@@@@@@@ Disabling OilOutpost2 portal  @mrxhq:599
[17:26:20.333] [lua] OilOutpost2 Respawn set to true  @mrxhqmanager:184
[17:26:20.341] [lua] Creating DeathEvent for OilOutpost2(userdata: 0012FD69)  @mrxhqmanager:146
[17:26:20.350] [lua] Adding OilStarter2 to HQ  @mrxhq:843
[17:26:20.357] [lua] 2  @mrxfactionmanager:505
[17:26:20.364] [lua] 2  @mrxfactionmanager:505
[17:26:20.372] [lua] @@@@@@@@@@ Enabling OilOutpost2 portal  @mrxhq:597
[17:26:20.379] [lua] 2  @mrxfactionmanager:505
[17:26:20.387] [lua] 2  @mrxfactionmanager:505
[17:26:20.397] [lua] @@@@@@@@@@ Enabling OilOutpost2 portal  @mrxhq:597
[17:26:20.404] [lua] 2  @mrxfactionmanager:505
[17:26:20.410] [lua] 2  @mrxfactionmanager:505
[17:26:20.419] [lua] @@@@@@@@@@ Enabling OilOutpost2 portal  @mrxhq:597
[17:26:20.429] [lua] 2  @mrxfactionmanager:505
[17:26:20.436] [lua] true  @mrxstarter:252
[17:26:20.444] [lua] Starter activated!  @mrxstarter:431
[17:26:20.452] [lua] HQ OilOutpost1 could not be retrieved  @mrxhqmanager:28
[17:26:20.466] [lua] Attempting to unlock HQ OilOutpost1  @mrxhqmanager:54
[17:26:20.475] [lua] Loading data for HQ OilOutpost1  @mrxhqmanager:59
[17:26:20.484] [lua] HQ OilOutpost1 setup complete  @mrxhqmanager:80
[17:26:20.492] [lua] @@@@@@@@@@ Disabling OilOutpost1 portal  @mrxhq:599
[17:26:20.500] [lua] OilOutpost1 Respawn set to true  @mrxhqmanager:184
[17:26:20.512] [lua] Creating DeathEvent for OilOutpost1(userdata: 000EB0FB)  @mrxhqmanager:146
[17:26:20.520] [lua] Adding OilStarter1 to HQ  @mrxhq:843
[17:26:20.527] [lua] 2  @mrxfactionmanager:505
[17:26:20.535] [lua] @@@@@@@@@@ Enabling OilOutpost1 portal  @mrxhq:597
[17:26:20.543] [lua] 2  @mrxfactionmanager:505
[17:26:20.550] [lua] 2  @mrxfactionmanager:505
[17:26:20.558] [lua] @@@@@@@@@@ Enabling OilOutpost1 portal  @mrxhq:597
[17:26:20.565] [lua] 2  @mrxfactionmanager:505
[17:26:20.573] [lua] true  @mrxstarter:252
[17:26:20.582] [lua] Starter activated!  @mrxstarter:431
[17:26:20.593] [lua] HQ ChiOutpost3 could not be retrieved  @mrxhqmanager:28
[17:26:20.601] [lua] Attempting to unlock HQ ChiOutpost3  @mrxhqmanager:54
[17:26:20.610] [lua] Loading data for HQ ChiOutpost3  @mrxhqmanager:59
[17:26:20.618] [lua] HQ ChiOutpost3 setup complete  @mrxhqmanager:80
[17:26:20.628] [lua] @@@@@@@@@@ Disabling ChiOutpost3 portal  @mrxhq:599
[17:26:20.636] [lua] ChiOutpost3 Respawn set to true  @mrxhqmanager:184
[17:26:20.644] [lua] Creating DeathEvent for ChiOutpost3(userdata: 000EBC2F)  @mrxhqmanager:146
[17:26:20.652] [lua] Adding ChiStarter3 to HQ  @mrxhq:843
[17:26:20.659] [lua] 2  @mrxfactionmanager:505
[17:26:20.666] [lua] 2  @mrxfactionmanager:505
[17:26:20.674] [lua] @@@@@@@@@@ Enabling ChiOutpost3 portal  @mrxhq:597
[17:26:20.681] [lua] 2  @mrxfactionmanager:505
[17:26:20.689] [lua] 2  @mrxfactionmanager:505
[17:26:20.697] [lua] @@@@@@@@@@ Enabling ChiOutpost3 portal  @mrxhq:597
[17:26:20.704] [lua] 2  @mrxfactionmanager:505
[17:26:20.710] [lua] 2  @mrxfactionmanager:505
[17:26:20.720] [lua] @@@@@@@@@@ Enabling ChiOutpost3 portal  @mrxhq:597
[17:26:20.728] [lua] 2  @mrxfactionmanager:505
[17:26:20.735] [lua] true  @mrxstarter:252
[17:26:20.743] [lua] Starter activated!  @mrxstarter:431
[17:26:20.751] [lua] HQ AllOutpost3 could not be retrieved  @mrxhqmanager:28
[17:26:20.760] [lua] Attempting to unlock HQ AllOutpost3  @mrxhqmanager:54
[17:26:20.768] [lua] Loading data for HQ AllOutpost3  @mrxhqmanager:59
[17:26:20.777] [lua] HQ AllOutpost3 setup complete  @mrxhqmanager:80
[17:26:20.786] [lua] @@@@@@@@@@ Disabling AllOutpost3 portal  @mrxhq:599
[17:26:20.794] [lua] AllOutpost3 Respawn set to true  @mrxhqmanager:184
[17:26:20.806] [lua] Creating DeathEvent for AllOutpost3(userdata: 000EB10A)  @mrxhqmanager:146
[17:26:20.815] [lua] Adding AllStarter3 to HQ  @mrxhq:843
[17:26:20.821] [lua] 2  @mrxfactionmanager:505
[17:26:20.828] [lua] 2  @mrxfactionmanager:505
[17:26:20.837] [lua] @@@@@@@@@@ Enabling AllOutpost3 portal  @mrxhq:597
[17:26:20.846] [lua] 2  @mrxfactionmanager:505
[17:26:20.853] [lua] 2  @mrxfactionmanager:505
[17:26:20.861] [lua] @@@@@@@@@@ Enabling AllOutpost3 portal  @mrxhq:597
[17:26:20.868] [lua] 2  @mrxfactionmanager:505
[17:26:20.875] [lua] 2  @mrxfactionmanager:505
[17:26:20.883] [lua] @@@@@@@@@@ Enabling AllOutpost3 portal  @mrxhq:597
[17:26:20.890] [lua] 2  @mrxfactionmanager:505
[17:26:20.897] [lua] 2  @mrxfactionmanager:505
[17:26:20.906] [lua] @@@@@@@@@@ Enabling PirOutpost1 portal  @mrxhq:597
[17:26:20.913] [lua] 2  @mrxfactionmanager:505
[17:26:20.920] [lua] !!!!!!!!!!! CLIENT WON'T SEE THIS ... Could not find marker Minimap_Icon_Faction_PR in Radar table  @mrxutil:1356
[17:26:20.928] [lua] true  @mrxstarter:252
[17:26:20.936] [lua] Starter activated!  @mrxstarter:431
[17:26:20.945] [lua] HQ AllOutpost1 could not be retrieved  @mrxhqmanager:28
[17:26:20.954] [lua] Attempting to unlock HQ AllOutpost1  @mrxhqmanager:54
[17:26:20.962] [lua] Loading data for HQ AllOutpost1  @mrxhqmanager:59
[17:26:20.975] [lua] HQ AllOutpost1 setup complete  @mrxhqmanager:80
[17:26:20.983] [lua] @@@@@@@@@@ Disabling AllOutpost1 portal  @mrxhq:599
[17:26:20.991] [lua] AllOutpost1 Respawn set to true  @mrxhqmanager:184
[17:26:21.000] [lua] Creating DeathEvent for AllOutpost1(userdata: 000E752A)  @mrxhqmanager:146
[17:26:21.008] [lua] Adding AllStarter1 to HQ  @mrxhq:843
[17:26:21.015] [lua] 2  @mrxfactionmanager:505
[17:26:21.028] [lua] @@@@@@@@@@ Enabling AllOutpost1 portal  @mrxhq:597
[17:26:21.036] [lua] 2  @mrxfactionmanager:505
[17:26:21.043] [lua] 2  @mrxfactionmanager:505
[17:26:21.052] [lua] @@@@@@@@@@ Enabling AllOutpost1 portal  @mrxhq:597
[17:26:21.059] [lua] 2  @mrxfactionmanager:505
[17:26:21.070] [lua] 2  @mrxfactionmanager:505
[17:26:21.080] [lua] @@@@@@@@@@ Enabling AllOutpost2 portal  @mrxhq:597
[17:26:21.091] [lua] 2  @mrxfactionmanager:505
[17:26:21.098] [lua] 2  @mrxfactionmanager:505
[17:26:21.106] [lua] @@@@@@@@@@ Enabling GurOutpost5 portal  @mrxhq:597
[17:26:21.113] [lua] 2  @mrxfactionmanager:505
[17:26:21.120] [lua] 3  @mrxfactionmanager:505
[17:26:21.130] [lua] @@@@@@@@@@ Enabling AllHq portal  @mrxhq:597
[17:26:21.136] [lua] 3  @mrxfactionmanager:505
[17:26:21.143] [lua] 2  @mrxfactionmanager:505
[17:26:21.151] [lua] @@@@@@@@@@ Enabling GurOutpost2 portal  @mrxhq:597
[17:26:21.159] [lua] 2  @mrxfactionmanager:505
[17:26:21.170] [lua] true  @mrxstarter:252
[17:26:21.178] [lua] Starter activated!  @mrxstarter:431
[17:26:21.189] [lua] HQ GurOutpost4 could not be retrieved  @mrxhqmanager:28
[17:26:21.197] [lua] Attempting to unlock HQ GurOutpost4  @mrxhqmanager:54
[17:26:21.206] [lua] Loading data for HQ GurOutpost4  @mrxhqmanager:59
[17:26:21.213] [lua] HQ GurOutpost4 setup complete  @mrxhqmanager:80
[17:26:21.222] [lua] @@@@@@@@@@ Disabling GurOutpost4 portal  @mrxhq:599
[17:26:21.230] [lua] GurOutpost4 Respawn set to true  @mrxhqmanager:184
[17:26:21.239] [lua] Creating DeathEvent for GurOutpost4(userdata: 000EB0C5)  @mrxhqmanager:146
[17:26:21.247] [lua] Adding GurStarter4 to HQ  @mrxhq:843
[17:26:21.254] [lua] 2  @mrxfactionmanager:505
[17:26:21.260] [lua] 2  @mrxfactionmanager:505
[17:26:21.269] [lua] @@@@@@@@@@ Enabling GurOutpost4 portal  @mrxhq:597
[17:26:21.276] [lua] 2  @mrxfactionmanager:505
[17:26:21.283] [lua] 2  @mrxfactionmanager:505
[17:26:21.292] [lua] @@@@@@@@@@ Enabling GurOutpost4 portal  @mrxhq:597
[17:26:21.299] [lua] 2  @mrxfactionmanager:505
[17:26:21.305] [lua] 2  @mrxfactionmanager:505
[17:26:21.314] [lua] @@@@@@@@@@ Enabling GurOutpost4 portal  @mrxhq:597
[17:26:21.320] [lua] 2  @mrxfactionmanager:505
[17:26:21.328] [lua] 2  @mrxfactionmanager:505
[17:26:21.336] [lua] @@@@@@@@@@ Enabling ChiOutpost4 portal  @mrxhq:597
[17:26:21.344] [lua] 2  @mrxfactionmanager:505
[17:26:21.350] [lua] 3  @mrxfactionmanager:505
[17:26:21.359] [lua] @@@@@@@@@@ Enabling ChiHq portal  @mrxhq:597
[17:26:21.366] [lua] 3  @mrxfactionmanager:505
[17:26:21.373] [lua] 2  @mrxfactionmanager:505
[17:26:21.382] [lua] @@@@@@@@@@ Enabling PirOutpost4 portal  @mrxhq:597
[17:26:21.389] [lua] 2  @mrxfactionmanager:505
[17:26:21.397] [lua] LoadSingleton VerifyManager  @mrxverifymanager:93
[17:26:21.405] [lua] @@@@@@@@@@ MrxMissionFlow.Refresh: setting refresh callback  @mrxmissionflow:845
[17:26:21.414] [lua] Refreshing (4 bindings)...  @mrxmissionflow:863
[17:26:21.422] [lua] No additional actions taken.  @mrxmissionflow:935
[17:26:21.435] [lua] @@@@@@@@@@ _EndBlockingSequence: _bDoMissionAutosave=nil  @mrxmissionflow:1361
[17:26:21.449] [lua] @@@@@@@@@@ MrxState.Exit: state STATE_WAITFORGAME (refcount=0)  @mrxstate:476
[17:26:21.459] [lua] @@@@@@@@@@ MrxState._AttemptGlobalExit  @mrxstate:495
[17:26:21.467] [lua] @@@@@@@@@@ MrxState._AttemptGlobalExit:  state STATE_WAITFORSTREAMING still active .. (refcount=5,bLocked=true)  @mrxstate:512
[17:26:21.467] [world] >>> @@@@@@@@@@ MrxState._AttemptGlobalExit:  state STATE_WAITFORSTREAMING still active .. (refcount=5,bLocked=true)  @mrxstate:512
[17:26:21.476] [lua] @@@@@@@@@@ MrxMissionFlow._RefreshComplete: resetting refresh callback  @mrxmissionflow:1403
[17:26:21.485] [lua] Reporting DISABLED  @mrxfactionmanager:1629
[17:26:21.493] [lua] @@@@@@@@@@ MrxState.Enter: state STATE_WAITFORGAME (refcount=1)  @mrxstate:381
[17:26:21.504] [lua] Reporting DISABLED  @mrxfactionmanager:1629
[17:26:21.512] [lua] @@@@@@@@@@ WifVzBoundary.SetInteriorMode (_sBoundaryName=Boundary02)  @wifvzboundary:185
[17:26:21.520] [lua] New operation (0 layers)  @mrxlayermanager:181
[17:26:21.528] [lua] After culling, 0 layers in operation  @mrxlayermanager:250
[17:26:21.537] [lua] New operation (0 layers)  @mrxlayermanager:181
[17:26:21.546] [lua] After culling, 0 layers in operation  @mrxlayermanager:250
[17:26:21.554] [lua] New operation (4 layers)  @mrxlayermanager:181
[17:26:21.562] [lua] After culling, 4 layers in operation  @mrxlayermanager:250
[17:26:21.570] [lua] Adding new request (1): adding 4 layers  @mrxlayermanager:281
[17:26:21.585] [lua] (Currently, there are 1 requests for layer vz_state_pmcinterior)  @mrxlayermanager:298
[17:26:21.596] [lua] (Currently, there are 1 requests for layer vz_state_pmcinterior_hel)  @mrxlayermanager:298
[17:26:21.605] [lua] (Currently, there are 1 requests for layer vz_state_pmcinterior_jet)  @mrxlayermanager:298
[17:26:21.613] [lua] (Currently, there are 1 requests for layer vz_state_pmcinterior_mec)  @mrxlayermanager:298
[17:26:21.621] [lua] (nPendingOps = 4)  @mrxlayermanager:324
[17:26:21.630] [lua] Loading vz_state_pmcinterior (static: false)  @mrxlayermanager:375
[17:26:21.638] [lua] true	Unable to load layer vz_state_pmcinterior  @mrxlayermanager:403
[17:26:21.647] [lua] Loading vz_state_pmcinterior_jet (static: false)  @mrxlayermanager:375
[17:26:21.655] [lua] true	Unable to load layer vz_state_pmcinterior_jet  @mrxlayermanager:403
[17:26:21.663] [lua] Loading vz_state_pmcinterior_hel (static: false)  @mrxlayermanager:375
[17:26:21.672] [lua] true	Unable to load layer vz_state_pmcinterior_hel  @mrxlayermanager:403
[17:26:21.682] [lua] Loading vz_state_pmcinterior_mec (static: false)  @mrxlayermanager:375
[17:26:21.690] [lua] true	Unable to load layer vz_state_pmcinterior_mec  @mrxlayermanager:403
[17:26:21.700] [lua] @@@@@@@@@@ MrxState._StateComplete:  state STATE_WAITFORGAME, about to _AttemptGlobalExit  @mrxstate:325
[17:26:21.708] [lua] @@@@@@@@@@ MrxState._AttemptGlobalExit  @mrxstate:495
[17:26:21.717] [lua] @@@@@@@@@@ MrxState._AttemptGlobalExit:  state STATE_WAITFORSTREAMING still active .. (refcount=5,bLocked=true)  @mrxstate:512
[17:26:21.717] [world] >>> @@@@@@@@@@ MrxState._AttemptGlobalExit:  state STATE_WAITFORSTREAMING still active .. (refcount=5,bLocked=true)  @mrxstate:512
[17:26:21.725] [lua] ###! GlobalEnter - Complete  @mrxstate:432
[17:26:21.733] [lua] @@@@@@@@@@ MrxState._AttemptGlobalExit  @mrxstate:495
[17:26:21.742] [lua] @@@@@@@@@@ MrxState._AttemptGlobalExit:  state STATE_WAITFORSTREAMING still active .. (refcount=5,bLocked=true)  @mrxstate:512
[17:26:21.742] [world] >>> @@@@@@@@@@ MrxState._AttemptGlobalExit:  state STATE_WAITFORSTREAMING still active .. (refcount=5,bLocked=true)  @mrxstate:512
[17:26:21.750] [lua] table:0x1F1AC060  @mrxguibase:1353
[17:26:21.757] [lua] table:0x1F195540  @mrxguibase:1353
[17:26:21.764] [lua] table:0x1F195440  @mrxguibase:1353
[17:26:21.772] [lua] table:0x1F194D20  @mrxguibase:1353
[17:26:21.780] [lua] table:0x1F194C20  @mrxguibase:1353
[17:26:21.787] [lua] table:0x1F195320  @mrxguibase:1353
[17:26:21.795] [lua] table:0x1F194B00  @mrxguibase:1353
[17:26:21.803] [lua] table:0x1F176FC0  @mrxguibase:1353
[17:26:21.810] [lua] table:0x1F176CA0  @mrxguibase:1353
[17:26:21.817] [lua] table:0x1F194580  @mrxguibase:1353
[17:26:21.825] [lua] table:0x1F1943E0  @mrxguibase:1353
[17:26:21.831] [lua] table:0x1EFADB20  @mrxguibase:1353
[17:26:21.838] [lua] table:0x1EFADF00  @mrxguibase:1353
[17:26:21.846] [lua] table:0x1EFAE000  @mrxguibase:1353
[17:26:21.854] [lua] table:0x1EFAC800  @mrxguibase:1353
[17:26:21.863] [lua] table:0x1EFACBE0  @mrxguibase:1353
[17:26:21.870] [lua] table:0x1EFACCE0  @mrxguibase:1353
[17:26:21.877] [lua] table:0x1EFAB600  @mrxguibase:1353
[17:26:21.884] [lua] table:0x1EFAB920  @mrxguibase:1353
[17:26:21.891] [lua] table:0x1EFABA20  @mrxguibase:1353
[17:26:21.898] [lua] table:0x1F15FD80  @mrxguibase:1353
[17:26:21.905] [lua] table:0x1EFAA6E0  @mrxguibase:1353
[17:26:21.912] [lua] table:0x1EFAA7E0  @mrxguibase:1353
[17:26:21.919] [lua] table:0x1EFA9D00  @mrxguibase:1353
[17:26:21.926] [lua] table:0x1EFAA060  @mrxguibase:1353
[17:26:21.933] [lua] table:0x1EFAEE00  @mrxguibase:1353
[17:26:21.943] [lua] table:0x1F5F12E0  @mrxtask:649
[17:26:21.950] [lua] Dynamically imported module MrxTask  @mrxtask:654
[17:26:21.951] [world] >>> Dynamically imported module MrxTask  @mrxtask:654
[17:26:21.958] [lua] 0  @mrxtask:440
[17:26:21.965] [lua] 0  @mrxtask:440
[17:26:21.971] [lua] true  @mrxtask:291
[17:26:21.982] [lua] active  @mrxtaskstate:32
[17:26:21.990] [lua] _SetState "Missions.ChiCon009" active  @mrxtask:299
[17:26:21.997] [lua] 1  @mrxtask:440
[17:26:22.004] [lua] 1  @mrxtask:440
[17:26:22.011] [lua] 1  @mrxtask:440
[17:26:22.018] [lua] 1  @mrxtask:440
[17:26:22.025] [lua] 1  @mrxtask:440
[17:26:22.032] [lua] 1  @mrxtask:440
[17:26:22.039] [lua] table:0x1F5F12E0  @mrxtask:649
[17:26:22.048] [lua] Dynamically imported module MrxTask  @mrxtask:654
[17:26:22.048] [world] >>> Dynamically imported module MrxTask  @mrxtask:654
[17:26:22.055] [lua] 0  @mrxtask:440
[17:26:22.062] [lua] 0  @mrxtask:440
[17:26:22.069] [lua] true  @mrxtask:291
[17:26:22.077] [lua] active  @mrxtaskstate:32
[17:26:22.085] [lua] _SetState "Missions.ChiCon009.ChiCon009Briefing" active  @mrxtask:299
[17:26:22.092] [lua] 1  @mrxtask:440
[17:26:22.103] [lua] 1  @mrxtask:440
[17:26:22.110] [lua] 1  @mrxtask:440
[17:26:22.117] [lua] 1  @mrxtask:440
[17:26:22.124] [lua] 1  @mrxtask:440
[17:26:22.130] [lua] 1  @mrxtask:440
[17:26:22.137] [lua] table:0x1F5F12E0  @mrxtask:649
[17:26:22.145] [lua] Dynamically imported module MrxTask  @mrxtask:654
[17:26:22.145] [world] >>> Dynamically imported module MrxTask  @mrxtask:654
[17:26:22.152] [lua] 0  @mrxtask:440
[17:26:22.159] [lua] 0  @mrxtask:440
[17:26:22.166] [lua] true  @mrxtask:291
[17:26:22.175] [lua] active  @mrxtaskstate:32
[17:26:22.183] [lua] _SetState "Missions.ChiJob003" active  @mrxtask:299
[17:26:22.190] [lua] 1  @mrxtask:440
[17:26:22.196] [lua] 1  @mrxtask:440
[17:26:22.203] [lua] 1  @mrxtask:440
[17:26:22.210] [lua] 1  @mrxtask:440
[17:26:22.217] [lua] 1  @mrxtask:440
[17:26:22.223] [lua] 1  @mrxtask:440
[17:26:22.232] [lua] table:0x1F5F12E0  @mrxtask:649
[17:26:22.240] [lua] Dynamically imported module MrxTask  @mrxtask:654
[17:26:22.240] [world] >>> Dynamically imported module MrxTask  @mrxtask:654
[17:26:22.247] [lua] 0  @mrxtask:440
[17:26:22.254] [lua] 0  @mrxtask:440
[17:26:22.260] [lua] true  @mrxtask:291
[17:26:22.269] [lua] active  @mrxtaskstate:32
[17:26:22.278] [lua] _SetState "Missions.PirCon004" active  @mrxtask:299
[17:26:22.285] [lua] 1  @mrxtask:440
[17:26:22.292] [lua] 1  @mrxtask:440
[17:26:22.304] [lua] 1  @mrxtask:440
[17:26:22.311] [lua] 1  @mrxtask:440
[17:26:22.318] [lua] 1  @mrxtask:440
[17:26:22.325] [lua] 1  @mrxtask:440
[17:26:22.332] [lua] table:0x1F5F12E0  @mrxtask:649
[17:26:22.341] [lua] Dynamically imported module MrxTask  @mrxtask:654
[17:26:22.342] [world] >>> Dynamically imported module MrxTask  @mrxtask:654
[17:26:22.349] [lua] 0  @mrxtask:440
[17:26:22.355] [lua] 0  @mrxtask:440
[17:26:22.362] [lua] true  @mrxtask:291
[17:26:22.370] [lua] active  @mrxtaskstate:32
[17:26:22.379] [lua] _SetState "Missions.PirCon004.PirCon004Briefing" active  @mrxtask:299
[17:26:22.386] [lua] 1  @mrxtask:440
[17:26:22.393] [lua] 1  @mrxtask:440
[17:26:22.400] [lua] 1  @mrxtask:440
[17:26:22.407] [lua] 1  @mrxtask:440
[17:26:22.414] [lua] 1  @mrxtask:440
[17:26:22.420] [lua] 1  @mrxtask:440
[17:26:22.428] [lua] table:0x1F5F12E0  @mrxtask:649
[17:26:22.436] [lua] Dynamically imported module MrxTask  @mrxtask:654
[17:26:22.436] [world] >>> Dynamically imported module MrxTask  @mrxtask:654
[17:26:22.443] [lua] 0  @mrxtask:440
[17:26:22.450] [lua] 0  @mrxtask:440
[17:26:22.457] [lua] true  @mrxtask:291
[17:26:22.465] [lua] active  @mrxtaskstate:32
[17:26:22.473] [lua] _SetState "Missions.OilCon003" active  @mrxtask:299
[17:26:22.480] [lua] 1  @mrxtask:440
[17:26:22.488] [lua] 1  @mrxtask:440
[17:26:22.494] [lua] 1  @mrxtask:440
[17:26:22.501] [lua] 1  @mrxtask:440
[17:26:22.508] [lua] 1  @mrxtask:440
[17:26:22.519] [lua] 1  @mrxtask:440
[17:26:22.527] [lua] table:0x1F5F12E0  @mrxtask:649
[17:26:22.535] [lua] Dynamically imported module MrxTask  @mrxtask:654
[17:26:22.535] [world] >>> Dynamically imported module MrxTask  @mrxtask:654
[17:26:22.542] [lua] 0  @mrxtask:440
[17:26:22.549] [lua] 0  @mrxtask:440
[17:26:22.557] [lua] true  @mrxtask:291
[17:26:22.567] [lua] active  @mrxtaskstate:32
[17:26:22.576] [lua] _SetState "Missions.OilCon003.OilCon003Briefing" active  @mrxtask:299
[17:26:22.582] [lua] 1  @mrxtask:440
[17:26:22.590] [lua] 1  @mrxtask:440
[17:26:22.597] [lua] 1  @mrxtask:440
[17:26:22.605] [lua] 1  @mrxtask:440
[17:26:22.611] [lua] 1  @mrxtask:440
[17:26:22.618] [lua] 1  @mrxtask:440
[17:26:22.625] [lua] table:0x1F5F12E0  @mrxtask:649
[17:26:22.633] [lua] Dynamically imported module MrxTask  @mrxtask:654
[17:26:22.633] [world] >>> Dynamically imported module MrxTask  @mrxtask:654
[17:26:22.640] [lua] 0  @mrxtask:440
[17:26:22.648] [lua] 0  @mrxtask:440
[17:26:22.655] [lua] true  @mrxtask:291
[17:26:22.663] [lua] active  @mrxtaskstate:32
[17:26:22.671] [lua] _SetState "Missions.PmcCon015" active  @mrxtask:299
[17:26:22.678] [lua] 1  @mrxtask:440
[17:26:22.685] [lua] 1  @mrxtask:440
[17:26:22.692] [lua] 1  @mrxtask:440
[17:26:22.700] [lua] 1  @mrxtask:440
[17:26:22.706] [lua] 1  @mrxtask:440
[17:26:22.713] [lua] 1  @mrxtask:440
[17:26:22.719] [lua] table:0x1F5F12E0  @mrxtask:649
[17:26:22.727] [lua] Dynamically imported module MrxTask  @mrxtask:654
[17:26:22.727] [world] >>> Dynamically imported module MrxTask  @mrxtask:654
[17:26:22.734] [lua] 0  @mrxtask:440
[17:26:22.741] [lua] 0  @mrxtask:440
[17:26:22.748] [lua] true  @mrxtask:291
[17:26:22.756] [lua] active  @mrxtaskstate:32
[17:26:22.764] [lua] _SetState "Missions.PmcCon015.PmcCon015Briefing" active  @mrxtask:299
[17:26:22.774] [lua] 1  @mrxtask:440
[17:26:22.782] [lua] 1  @mrxtask:440
[17:26:22.789] [lua] 1  @mrxtask:440
[17:26:22.796] [lua] 1  @mrxtask:440
[17:26:22.803] [lua] 1  @mrxtask:440
[17:26:22.810] [lua] 1  @mrxtask:440
[17:26:22.820] [lua] table:0x1F5F12E0  @mrxtask:649
[17:26:22.829] [lua] Dynamically imported module MrxTask  @mrxtask:654
[17:26:22.829] [world] >>> Dynamically imported module MrxTask  @mrxtask:654
[17:26:22.837] [lua] 0  @mrxtask:440
[17:26:22.846] [lua] 0  @mrxtask:440
[17:26:22.853] [lua] true  @mrxtask:291
[17:26:22.862] [lua] active  @mrxtaskstate:32
[17:26:22.870] [lua] _SetState "Missions.ChiCon003" active  @mrxtask:299
[17:26:22.878] [lua] 1  @mrxtask:440
[17:26:22.885] [lua] 1  @mrxtask:440
[17:26:22.897] [lua] 1  @mrxtask:440
[17:26:22.904] [lua] 1  @mrxtask:440
[17:26:22.910] [lua] 1  @mrxtask:440
[17:26:22.917] [lua] 1  @mrxtask:440
[17:26:22.929] [lua] table:0x1F5F12E0  @mrxtask:649
[17:26:22.938] [lua] Dynamically imported module MrxTask  @mrxtask:654
[17:26:22.939] [world] >>> Dynamically imported module MrxTask  @mrxtask:654
[17:26:22.946] [lua] 0  @mrxtask:440
[17:26:22.953] [lua] 0  @mrxtask:440
[17:26:22.960] [lua] true  @mrxtask:291
[17:26:22.968] [lua] active  @mrxtaskstate:32
[17:26:22.979] [lua] _SetState "Missions.ChiCon003.ChiCon003Briefing" active  @mrxtask:299
[17:26:22.986] [lua] 1  @mrxtask:440
[17:26:22.993] [lua] 1  @mrxtask:440
[17:26:22.999] [lua] 1  @mrxtask:440
[17:26:23.006] [lua] 1  @mrxtask:440
[17:26:23.014] [lua] 1  @mrxtask:440
[17:26:23.021] [lua] 1  @mrxtask:440
[17:26:23.029] [lua] table:0x1F5F12E0  @mrxtask:649
[17:26:23.040] [lua] Dynamically imported module MrxTask  @mrxtask:654
[17:26:23.040] [world] >>> Dynamically imported module MrxTask  @mrxtask:654
[17:26:23.047] [lua] 0  @mrxtask:440
[17:26:23.054] [lua] 0  @mrxtask:440
[17:26:23.060] [lua] true  @mrxtask:291
[17:26:23.069] [lua] active  @mrxtaskstate:32
[17:26:23.077] [lua] _SetState "Missions.PmcCon034" active  @mrxtask:299
[17:26:23.084] [lua] 1  @mrxtask:440
[17:26:23.091] [lua] 1  @mrxtask:440
[17:26:23.098] [lua] 1  @mrxtask:440
[17:26:23.105] [lua] 1  @mrxtask:440
[17:26:23.111] [lua] 1  @mrxtask:440
[17:26:23.119] [lua] 1  @mrxtask:440
[17:26:23.126] [lua] table:0x1F5F12E0  @mrxtask:649
[17:26:23.135] [lua] Dynamically imported module MrxTask  @mrxtask:654
[17:26:23.135] [world] >>> Dynamically imported module MrxTask  @mrxtask:654
[17:26:23.142] [lua] 0  @mrxtask:440
[17:26:23.149] [lua] 0  @mrxtask:440
[17:26:23.156] [lua] true  @mrxtask:291
[17:26:23.164] [lua] active  @mrxtaskstate:32
[17:26:23.172] [lua] _SetState "Missions.PmcCon034.PmcCon034Briefing" active  @mrxtask:299
[17:26:23.179] [lua] 1  @mrxtask:440
[17:26:23.191] [lua] 1  @mrxtask:440
[17:26:23.198] [lua] 1  @mrxtask:440
[17:26:23.204] [lua] 1  @mrxtask:440
[17:26:23.211] [lua] 1  @mrxtask:440
[17:26:23.218] [lua] 1  @mrxtask:440
[17:26:23.228] [lua] table:0x1F5F12E0  @mrxtask:649
[17:26:23.237] [lua] Dynamically imported module MrxTask  @mrxtask:654
[17:26:23.237] [world] >>> Dynamically imported module MrxTask  @mrxtask:654
[17:26:23.244] [lua] 0  @mrxtask:440
[17:26:23.251] [lua] 0  @mrxtask:440
[17:26:23.258] [lua] true  @mrxtask:291
[17:26:23.266] [lua] active  @mrxtaskstate:32
[17:26:23.275] [lua] _SetState "Missions.ChiCon008" active  @mrxtask:299
[17:26:23.282] [lua] 1  @mrxtask:440
[17:26:23.289] [lua] 1  @mrxtask:440
[17:26:23.296] [lua] 1  @mrxtask:440
[17:26:23.304] [lua] 1  @mrxtask:440
[17:26:23.311] [lua] 1  @mrxtask:440
[17:26:23.319] [lua] 1  @mrxtask:440
[17:26:23.326] [lua] table:0x1F5F12E0  @mrxtask:649
[17:26:23.334] [lua] Dynamically imported module MrxTask  @mrxtask:654
[17:26:23.334] [world] >>> Dynamically imported module MrxTask  @mrxtask:654
[17:26:23.341] [lua] 0  @mrxtask:440
[17:26:23.349] [lua] 0  @mrxtask:440
[17:26:23.355] [lua] true  @mrxtask:291
[17:26:23.364] [lua] active  @mrxtaskstate:32
[17:26:23.372] [lua] _SetState "Missions.ChiCon008.ChiCon008Briefing" active  @mrxtask:299
[17:26:23.379] [lua] 1  @mrxtask:440
[17:26:23.386] [lua] 1  @mrxtask:440
[17:26:23.393] [lua] 1  @mrxtask:440
[17:26:23.400] [lua] 1  @mrxtask:440
[17:26:23.407] [lua] 1  @mrxtask:440
[17:26:23.414] [lua] 1  @mrxtask:440
[17:26:23.421] [lua] table:0x1F5F12E0  @mrxtask:649
[17:26:23.430] [lua] Dynamically imported module MrxTask  @mrxtask:654
[17:26:23.430] [world] >>> Dynamically imported module MrxTask  @mrxtask:654
[17:26:23.437] [lua] 0  @mrxtask:440
[17:26:23.445] [lua] 0  @mrxtask:440
[17:26:23.452] [lua] true  @mrxtask:291
[17:26:23.462] [lua] active  @mrxtaskstate:32
[17:26:23.470] [lua] _SetState "Missions.OilJob004" active  @mrxtask:299
[17:26:23.477] [lua] 1  @mrxtask:440
[17:26:23.484] [lua] 1  @mrxtask:440
[17:26:23.490] [lua] 1  @mrxtask:440
[17:26:23.498] [lua] 1  @mrxtask:440
[17:26:23.504] [lua] 1  @mrxtask:440
[17:26:23.516] [lua] 1  @mrxtask:440
[17:26:23.523] [lua] table:0x1F5F12E0  @mrxtask:649
[17:26:23.531] [lua] Dynamically imported module MrxTask  @mrxtask:654
[17:26:23.531] [world] >>> Dynamically imported module MrxTask  @mrxtask:654
[17:26:23.539] [lua] 0  @mrxtask:440
[17:26:23.546] [lua] 0  @mrxtask:440
[17:26:23.553] [lua] true  @mrxtask:291
[17:26:23.561] [lua] active  @mrxtaskstate:32
[17:26:23.570] [lua] _SetState "Missions.GurJob006" active  @mrxtask:299
[17:26:23.579] [lua] 1  @mrxtask:440
[17:26:23.586] [lua] 1  @mrxtask:440
[17:26:23.593] [lua] 1  @mrxtask:440
[17:26:23.600] [lua] 1  @mrxtask:440
[17:26:23.607] [lua] 1  @mrxtask:440
[17:26:23.614] [lua] 1  @mrxtask:440
[17:26:23.620] [lua] table:0x1F5F12E0  @mrxtask:649
[17:26:23.631] [lua] Dynamically imported module MrxTask  @mrxtask:654
[17:26:23.631] [world] >>> Dynamically imported module MrxTask  @mrxtask:654
[17:26:23.638] [lua] 0  @mrxtask:440
[17:26:23.645] [lua] 0  @mrxtask:440
[17:26:23.652] [lua] true  @mrxtask:291
[17:26:23.660] [lua] active  @mrxtaskstate:32
[17:26:23.669] [lua] _SetState "Missions.GurJob001" active  @mrxtask:299
[17:26:23.676] [lua] 1  @mrxtask:440
[17:26:23.685] [lua] 1  @mrxtask:440
[17:26:23.692] [lua] 1  @mrxtask:440
[17:26:23.699] [lua] 1  @mrxtask:440
[17:26:23.705] [lua] 1  @mrxtask:440
[17:26:23.712] [lua] 1  @mrxtask:440
[17:26:23.719] [lua] table:0x1F5F12E0  @mrxtask:649
[17:26:23.728] [lua] Dynamically imported module MrxTask  @mrxtask:654
[17:26:23.728] [world] >>> Dynamically imported module MrxTask  @mrxtask:654
[17:26:23.735] [lua] 0  @mrxtask:440
[17:26:23.742] [lua] 0  @mrxtask:440
[17:26:23.749] [lua] true  @mrxtask:291
[17:26:23.757] [lua] active  @mrxtaskstate:32
[17:26:23.765] [lua] _SetState "Missions.PirCon002" active  @mrxtask:299
[17:26:23.772] [lua] 1  @mrxtask:440
[17:26:23.779] [lua] 1  @mrxtask:440
[17:26:23.785] [lua] 1  @mrxtask:440
[17:26:23.792] [lua] 1  @mrxtask:440
[17:26:23.800] [lua] 1  @mrxtask:440
[17:26:23.808] [lua] 1  @mrxtask:440
[17:26:23.815] [lua] table:0x1F5F12E0  @mrxtask:649
[17:26:23.823] [lua] Dynamically imported module MrxTask  @mrxtask:654
[17:26:23.823] [world] >>> Dynamically imported module MrxTask  @mrxtask:654
[17:26:23.830] [lua] 0  @mrxtask:440
[17:26:23.837] [lua] 0  @mrxtask:440
[17:26:23.844] [lua] true  @mrxtask:291
[17:26:23.852] [lua] active  @mrxtaskstate:32
[17:26:23.860] [lua] _SetState "Missions.PirCon002.PirCon002Briefing" active  @mrxtask:299
[17:26:23.867] [lua] 1  @mrxtask:440
[17:26:23.874] [lua] 1  @mrxtask:440
[17:26:23.881] [lua] 1  @mrxtask:440
[17:26:23.889] [lua] 1  @mrxtask:440
[17:26:23.896] [lua] 1  @mrxtask:440
[17:26:23.903] [lua] 1  @mrxtask:440
[17:26:23.911] [lua] table:0x1F5F12E0  @mrxtask:649
[17:26:23.919] [lua] Dynamically imported module MrxTask  @mrxtask:654
[17:26:23.919] [world] >>> Dynamically imported module MrxTask  @mrxtask:654
[17:26:23.926] [lua] 0  @mrxtask:440
[17:26:23.933] [lua] 0  @mrxtask:440
[17:26:23.940] [lua] true  @mrxtask:291
[17:26:23.948] [lua] active  @mrxtaskstate:32
[17:26:23.957] [lua] _SetState "Missions.AllCon003" active  @mrxtask:299
[17:26:23.964] [lua] 1  @mrxtask:440
[17:26:23.972] [lua] 1  @mrxtask:440
[17:26:23.979] [lua] 1  @mrxtask:440
[17:26:23.986] [lua] 1  @mrxtask:440
[17:26:23.993] [lua] 1  @mrxtask:440
[17:26:24.000] [lua] 1  @mrxtask:440
[17:26:24.007] [lua] table:0x1F5F12E0  @mrxtask:649
[17:26:24.015] [lua] Dynamically imported module MrxTask  @mrxtask:654
[17:26:24.015] [world] >>> Dynamically imported module MrxTask  @mrxtask:654
[17:26:24.022] [lua] 0  @mrxtask:440
[17:26:24.029] [lua] 0  @mrxtask:440
[17:26:24.036] [lua] true  @mrxtask:291
[17:26:24.044] [lua] active  @mrxtaskstate:32
[17:26:24.053] [lua] _SetState "Missions.AllCon003.AllCon003Briefing" active  @mrxtask:299
[17:26:24.060] [lua] 1  @mrxtask:440
[17:26:24.068] [lua] 1  @mrxtask:440
[17:26:24.076] [lua] 1  @mrxtask:440
[17:26:24.083] [lua] 1  @mrxtask:440
[17:26:24.091] [lua] 1  @mrxtask:440
[17:26:24.099] [lua] 1  @mrxtask:440
[17:26:24.106] [lua] table:0x1F5F12E0  @mrxtask:649
[17:26:24.116] [lua] Dynamically imported module MrxTask  @mrxtask:654
[17:26:24.117] [world] >>> Dynamically imported module MrxTask  @mrxtask:654
[17:26:24.123] [lua] 0  @mrxtask:440
[17:26:24.135] [lua] 0  @mrxtask:440
[17:26:24.143] [lua] true  @mrxtask:291
[17:26:24.151] [lua] active  @mrxtaskstate:32
[17:26:24.160] [lua] _SetState "Missions.PmcCon016" active  @mrxtask:299
[17:26:24.167] [lua] 1  @mrxtask:440
[17:26:24.175] [lua] 1  @mrxtask:440
[17:26:24.183] [lua] 1  @mrxtask:440
[17:26:24.189] [lua] 1  @mrxtask:440
[17:26:24.197] [lua] 1  @mrxtask:440
[17:26:24.207] [lua] 1  @mrxtask:440
[17:26:24.214] [lua] table:0x1F5F12E0  @mrxtask:649
[17:26:24.222] [lua] Dynamically imported module MrxTask  @mrxtask:654
[17:26:24.222] [world] >>> Dynamically imported module MrxTask  @mrxtask:654
[17:26:24.229] [lua] 0  @mrxtask:440
[17:26:24.236] [lua] 0  @mrxtask:440
[17:26:24.243] [lua] true  @mrxtask:291
[17:26:24.251] [lua] active  @mrxtaskstate:32
[17:26:24.260] [lua] _SetState "Missions.PmcCon016.PmcCon016Briefing" active  @mrxtask:299
[17:26:24.267] [lua] 1  @mrxtask:440
[17:26:24.275] [lua] 1  @mrxtask:440
[17:26:24.282] [lua] 1  @mrxtask:440
[17:26:24.289] [lua] 1  @mrxtask:440
[17:26:24.295] [lua] 1  @mrxtask:440
[17:26:24.302] [lua] 1  @mrxtask:440
[17:26:24.309] [lua] table:0x1F5F12E0  @mrxtask:649
[17:26:24.317] [lua] Dynamically imported module MrxTask  @mrxtask:654
[17:26:24.318] [world] >>> Dynamically imported module MrxTask  @mrxtask:654
[17:26:24.324] [lua] 0  @mrxtask:440
[17:26:24.332] [lua] 0  @mrxtask:440
[17:26:24.339] [lua] true  @mrxtask:291
[17:26:24.348] [lua] active  @mrxtaskstate:32
[17:26:24.356] [lua] _SetState "Missions.PmcCon032" active  @mrxtask:299
[17:26:24.363] [lua] 1  @mrxtask:440
[17:26:24.374] [lua] 1  @mrxtask:440
[17:26:24.381] [lua] 1  @mrxtask:440
[17:26:24.388] [lua] 1  @mrxtask:440
[17:26:24.395] [lua] 1  @mrxtask:440
[17:26:24.402] [lua] 1  @mrxtask:440
[17:26:24.410] [lua] table:0x1F5F12E0  @mrxtask:649
[17:26:24.418] [lua] Dynamically imported module MrxTask  @mrxtask:654
[17:26:24.418] [world] >>> Dynamically imported module MrxTask  @mrxtask:654
[17:26:24.425] [lua] 0  @mrxtask:440
[17:26:24.432] [lua] 0  @mrxtask:440
[17:26:24.440] [lua] true  @mrxtask:291
[17:26:24.449] [lua] active  @mrxtaskstate:32
[17:26:24.458] [lua] _SetState "Missions.PmcCon032.PmcCon032Briefing" active  @mrxtask:299
[17:26:24.465] [lua] 1  @mrxtask:440
[17:26:24.472] [lua] 1  @mrxtask:440
[17:26:24.479] [lua] 1  @mrxtask:440
[17:26:24.487] [lua] 1  @mrxtask:440
[17:26:24.494] [lua] 1  @mrxtask:440
[17:26:24.500] [lua] 1  @mrxtask:440
[17:26:24.508] [lua] table:0x1F5F12E0  @mrxtask:649
[17:26:24.516] [lua] Dynamically imported module MrxTask  @mrxtask:654
[17:26:24.516] [world] >>> Dynamically imported module MrxTask  @mrxtask:654
[17:26:24.524] [lua] 0  @mrxtask:440
[17:26:24.531] [lua] 0  @mrxtask:440
[17:26:24.539] [lua] true  @mrxtask:291
[17:26:24.549] [lua] active  @mrxtaskstate:32
[17:26:24.557] [lua] _SetState "Missions.OilCon001" active  @mrxtask:299
[17:26:24.564] [lua] 1  @mrxtask:440
[17:26:24.570] [lua] 1  @mrxtask:440
[17:26:24.577] [lua] 1  @mrxtask:440
[17:26:24.585] [lua] 1  @mrxtask:440
[17:26:24.592] [lua] 1  @mrxtask:440
[17:26:24.599] [lua] 1  @mrxtask:440
[17:26:24.606] [lua] table:0x1F5F12E0  @mrxtask:649
[17:26:24.614] [lua] Dynamically imported module MrxTask  @mrxtask:654
[17:26:24.615] [world] >>> Dynamically imported module MrxTask  @mrxtask:654
[17:26:24.621] [lua] 0  @mrxtask:440
[17:26:24.628] [lua] 0  @mrxtask:440
[17:26:24.636] [lua] true  @mrxtask:291
[17:26:24.644] [lua] active  @mrxtaskstate:32
[17:26:24.653] [lua] _SetState "Missions.OilCon001.OilCon001Briefing" active  @mrxtask:299
[17:26:24.659] [lua] 1  @mrxtask:440
[17:26:24.666] [lua] 1  @mrxtask:440
[17:26:24.673] [lua] 1  @mrxtask:440
[17:26:24.680] [lua] 1  @mrxtask:440
[17:26:24.687] [lua] 1  @mrxtask:440
[17:26:24.694] [lua] 1  @mrxtask:440
[17:26:24.700] [lua] table:0x1F5F12E0  @mrxtask:649
[17:26:24.710] [lua] Dynamically imported module MrxTask  @mrxtask:654
[17:26:24.710] [world] >>> Dynamically imported module MrxTask  @mrxtask:654
[17:26:24.717] [lua] 0  @mrxtask:440
[17:26:24.724] [lua] 0  @mrxtask:440
[17:26:24.731] [lua] true  @mrxtask:291
[17:26:24.739] [lua] active  @mrxtaskstate:32
[17:26:24.749] [lua] _SetState "Missions.PmcCon013" active  @mrxtask:299
[17:26:24.757] [lua] 1  @mrxtask:440
[17:26:24.764] [lua] 1  @mrxtask:440
[17:26:24.771] [lua] 1  @mrxtask:440
[17:26:24.778] [lua] 1  @mrxtask:440
[17:26:24.784] [lua] 1  @mrxtask:440
[17:26:24.791] [lua] 1  @mrxtask:440
[17:26:24.798] [lua] table:0x1F5F12E0  @mrxtask:649
[17:26:24.807] [lua] Dynamically imported module MrxTask  @mrxtask:654
[17:26:24.807] [world] >>> Dynamically imported module MrxTask  @mrxtask:654
[17:26:24.814] [lua] 0  @mrxtask:440
[17:26:24.822] [lua] 0  @mrxtask:440
[17:26:24.828] [lua] true  @mrxtask:291
[17:26:24.837] [lua] active  @mrxtaskstate:32
[17:26:24.846] [lua] _SetState "Missions.PmcCon013.PmcCon013Briefing" active  @mrxtask:299
[17:26:24.853] [lua] 1  @mrxtask:440
[17:26:24.860] [lua] 1  @mrxtask:440
[17:26:24.869] [lua] 1  @mrxtask:440
[17:26:24.877] [lua] 1  @mrxtask:440
[17:26:24.883] [lua] 1  @mrxtask:440
[17:26:24.890] [lua] 1  @mrxtask:440
[17:26:24.897] [lua] table:0x1F5F12E0  @mrxtask:649
[17:26:24.905] [lua] Dynamically imported module MrxTask  @mrxtask:654
[17:26:24.905] [world] >>> Dynamically imported module MrxTask  @mrxtask:654
[17:26:24.916] [lua] 0  @mrxtask:440
[17:26:24.923] [lua] 0  @mrxtask:440
[17:26:24.930] [lua] true  @mrxtask:291
[17:26:24.939] [lua] active  @mrxtaskstate:32
[17:26:24.947] [lua] _SetState "Missions.AllJob003" active  @mrxtask:299
[17:26:24.954] [lua] 1  @mrxtask:440
[17:26:24.960] [lua] 1  @mrxtask:440
[17:26:24.968] [lua] 1  @mrxtask:440
[17:26:24.974] [lua] 1  @mrxtask:440
[17:26:24.982] [lua] 1  @mrxtask:440
[17:26:24.988] [lua] 1  @mrxtask:440
[17:26:24.995] [lua] table:0x1F5F12E0  @mrxtask:649
[17:26:25.003] [lua] Dynamically imported module MrxTask  @mrxtask:654
[17:26:25.004] [world] >>> Dynamically imported module MrxTask  @mrxtask:654
[17:26:25.010] [lua] 0  @mrxtask:440
[17:26:25.018] [lua] 0  @mrxtask:440
[17:26:25.024] [lua] true  @mrxtask:291
[17:26:25.032] [lua] active  @mrxtaskstate:32
[17:26:25.041] [lua] _SetState "Missions.GurCon005" active  @mrxtask:299
[17:26:25.048] [lua] 1  @mrxtask:440
[17:26:25.055] [lua] 1  @mrxtask:440
[17:26:25.063] [lua] 1  @mrxtask:440
[17:26:25.069] [lua] 1  @mrxtask:440
[17:26:25.076] [lua] 1  @mrxtask:440
[17:26:25.083] [lua] 1  @mrxtask:440
[17:26:25.090] [lua] table:0x1F5F12E0  @mrxtask:649
[17:26:25.099] [lua] Dynamically imported module MrxTask  @mrxtask:654
[17:26:25.099] [world] >>> Dynamically imported module MrxTask  @mrxtask:654
[17:26:25.106] [lua] 0  @mrxtask:440
[17:26:25.113] [lua] 0  @mrxtask:440
[17:26:25.122] [lua] true  @mrxtask:291
[17:26:25.132] [lua] active  @mrxtaskstate:32
[17:26:25.140] [lua] _SetState "Missions.GurCon005.GurCon005Briefing" active  @mrxtask:299
[17:26:25.147] [lua] 1  @mrxtask:440
[17:26:25.154] [lua] 1  @mrxtask:440
[17:26:25.160] [lua] 1  @mrxtask:440
[17:26:25.168] [lua] 1  @mrxtask:440
[17:26:25.174] [lua] 1  @mrxtask:440
[17:26:25.181] [lua] 1  @mrxtask:440
[17:26:25.188] [lua] table:0x1F5F12E0  @mrxtask:649
[17:26:25.196] [lua] Dynamically imported module MrxTask  @mrxtask:654
[17:26:25.196] [world] >>> Dynamically imported module MrxTask  @mrxtask:654
[17:26:25.203] [lua] 0  @mrxtask:440
[17:26:25.210] [lua] 0  @mrxtask:440
[17:26:25.216] [lua] true  @mrxtask:291
[17:26:25.224] [lua] active  @mrxtaskstate:32
[17:26:25.234] [lua] _SetState "Missions.AllCon008" active  @mrxtask:299
[17:26:25.242] [lua] 1  @mrxtask:440
[17:26:25.249] [lua] 1  @mrxtask:440
[17:26:25.261] [lua] 1  @mrxtask:440
[17:26:25.268] [lua] 1  @mrxtask:440
[17:26:25.276] [lua] 1  @mrxtask:440
[17:26:25.285] [lua] 1  @mrxtask:440
[17:26:25.293] [lua] table:0x1F5F12E0  @mrxtask:649
[17:26:25.301] [lua] Dynamically imported module MrxTask  @mrxtask:654
[17:26:25.301] [world] >>> Dynamically imported module MrxTask  @mrxtask:654
[17:26:25.308] [lua] 0  @mrxtask:440
[17:26:25.315] [lua] 0  @mrxtask:440
[17:26:25.322] [lua] true  @mrxtask:291
[17:26:25.330] [lua] active  @mrxtaskstate:32
[17:26:25.343] [lua] _SetState "Missions.AllCon008.AllCon008Briefing" active  @mrxtask:299
[17:26:25.349] [lua] 1  @mrxtask:440
[17:26:25.357] [lua] 1  @mrxtask:440
[17:26:25.364] [lua] 1  @mrxtask:440
[17:26:25.373] [lua] 1  @mrxtask:440
[17:26:25.379] [lua] 1  @mrxtask:440
[17:26:25.386] [lua] 1  @mrxtask:440
[17:26:25.393] [lua] table:0x1F5F12E0  @mrxtask:649
[17:26:25.402] [lua] Dynamically imported module MrxTask  @mrxtask:654
[17:26:25.402] [world] >>> Dynamically imported module MrxTask  @mrxtask:654
[17:26:25.409] [lua] 0  @mrxtask:440
[17:26:25.416] [lua] 0  @mrxtask:440
[17:26:25.423] [lua] true  @mrxtask:291
[17:26:25.431] [lua] active  @mrxtaskstate:32
[17:26:25.440] [lua] _SetState "Missions.PmcCon031" active  @mrxtask:299
[17:26:25.446] [lua] 1  @mrxtask:440
[17:26:25.454] [lua] 1  @mrxtask:440
[17:26:25.461] [lua] 1  @mrxtask:440
[17:26:25.469] [lua] 1  @mrxtask:440
[17:26:25.476] [lua] 1  @mrxtask:440
[17:26:25.483] [lua] 1  @mrxtask:440
[17:26:25.489] [lua] table:0x1F5F12E0  @mrxtask:649
[17:26:25.498] [lua] Dynamically imported module MrxTask  @mrxtask:654
[17:26:25.498] [world] >>> Dynamically imported module MrxTask  @mrxtask:654
[17:26:25.505] [lua] 0  @mrxtask:440
[17:26:25.512] [lua] 0  @mrxtask:440
[17:26:25.520] [lua] true  @mrxtask:291
[17:26:25.528] [lua] active  @mrxtaskstate:32
[17:26:25.536] [lua] _SetState "Missions.PmcCon031.PmcCon031Briefing" active  @mrxtask:299
[17:26:25.543] [lua] 1  @mrxtask:440
[17:26:25.550] [lua] 1  @mrxtask:440
[17:26:25.557] [lua] 1  @mrxtask:440
[17:26:25.564] [lua] 1  @mrxtask:440
[17:26:25.570] [lua] 1  @mrxtask:440
[17:26:25.578] [lua] 1  @mrxtask:440
[17:26:25.585] [lua] table:0x1F5F12E0  @mrxtask:649
[17:26:25.595] [lua] Dynamically imported module MrxTask  @mrxtask:654
[17:26:25.595] [world] >>> Dynamically imported module MrxTask  @mrxtask:654
[17:26:25.602] [lua] 0  @mrxtask:440
[17:26:25.610] [lua] 0  @mrxtask:440
[17:26:25.617] [lua] true  @mrxtask:291
[17:26:25.626] [lua] active  @mrxtaskstate:32
[17:26:25.635] [lua] _SetState "Missions.GurCon003" active  @mrxtask:299
[17:26:25.642] [lua] 1  @mrxtask:440
[17:26:25.649] [lua] 1  @mrxtask:440
[17:26:25.656] [lua] 1  @mrxtask:440
[17:26:25.663] [lua] 1  @mrxtask:440
[17:26:25.670] [lua] 1  @mrxtask:440
[17:26:25.677] [lua] 1  @mrxtask:440
[17:26:25.684] [lua] table:0x1F5F12E0  @mrxtask:649
[17:26:25.692] [lua] Dynamically imported module MrxTask  @mrxtask:654
[17:26:25.692] [world] >>> Dynamically imported module MrxTask  @mrxtask:654
[17:26:25.700] [lua] 0  @mrxtask:440
[17:26:25.707] [lua] 0  @mrxtask:440
[17:26:25.715] [lua] true  @mrxtask:291
[17:26:25.723] [lua] active  @mrxtaskstate:32
[17:26:25.730] [lua] _SetState "Missions.GurCon003.GurCon003Briefing" active  @mrxtask:299
[17:26:25.738] [lua] 1  @mrxtask:440
[17:26:25.745] [lua] 1  @mrxtask:440
[17:26:25.752] [lua] 1  @mrxtask:440
[17:26:25.759] [lua] 1  @mrxtask:440
[17:26:25.766] [lua] 1  @mrxtask:440
[17:26:25.772] [lua] 1  @mrxtask:440
[17:26:25.780] [lua] table:0x1F5F12E0  @mrxtask:649
[17:26:25.788] [lua] Dynamically imported module MrxTask  @mrxtask:654
[17:26:25.788] [world] >>> Dynamically imported module MrxTask  @mrxtask:654
[17:26:25.796] [lua] 0  @mrxtask:440
[17:26:25.803] [lua] 0  @mrxtask:440
[17:26:25.814] [lua] true  @mrxtask:291
[17:26:25.822] [lua] active  @mrxtaskstate:32
[17:26:25.830] [lua] _SetState "Missions.PirCon001" active  @mrxtask:299
[17:26:25.837] [lua] 1  @mrxtask:440
[17:26:25.845] [lua] 1  @mrxtask:440
[17:26:25.852] [lua] 1  @mrxtask:440
[17:26:25.859] [lua] 1  @mrxtask:440
[17:26:25.867] [lua] 1  @mrxtask:440
[17:26:25.874] [lua] 1  @mrxtask:440
[17:26:25.880] [lua] table:0x1F5F12E0  @mrxtask:649
[17:26:25.889] [lua] Dynamically imported module MrxTask  @mrxtask:654
[17:26:25.889] [world] >>> Dynamically imported module MrxTask  @mrxtask:654
[17:26:25.896] [lua] 0  @mrxtask:440
[17:26:25.903] [lua] 0  @mrxtask:440
[17:26:25.910] [lua] true  @mrxtask:291
[17:26:25.919] [lua] active  @mrxtaskstate:32
[17:26:25.928] [lua] _SetState "Missions.PirCon001.PirCon001Briefing" active  @mrxtask:299
[17:26:25.935] [lua] 1  @mrxtask:440
[17:26:25.942] [lua] 1  @mrxtask:440
[17:26:25.948] [lua] 1  @mrxtask:440
[17:26:25.955] [lua] 1  @mrxtask:440
[17:26:25.962] [lua] 1  @mrxtask:440
[17:26:25.973] [lua] 1  @mrxtask:440
[17:26:25.980] [lua] table:0x1F5F12E0  @mrxtask:649
[17:26:25.988] [lua] Dynamically imported module MrxTask  @mrxtask:654
[17:26:25.988] [world] >>> Dynamically imported module MrxTask  @mrxtask:654
[17:26:25.996] [lua] 0  @mrxtask:440
[17:26:26.003] [lua] 0  @mrxtask:440
[17:26:26.010] [lua] true  @mrxtask:291
[17:26:26.018] [lua] active  @mrxtaskstate:32
[17:26:26.027] [lua] _SetState "Missions.PmcCon018" active  @mrxtask:299
[17:26:26.033] [lua] 1  @mrxtask:440
[17:26:26.040] [lua] 1  @mrxtask:440
[17:26:26.048] [lua] 1  @mrxtask:440
[17:26:26.054] [lua] 1  @mrxtask:440
[17:26:26.061] [lua] 1  @mrxtask:440
[17:26:26.068] [lua] 1  @mrxtask:440
[17:26:26.075] [lua] table:0x1F5F12E0  @mrxtask:649
[17:26:26.084] [lua] Dynamically imported module MrxTask  @mrxtask:654
[17:26:26.084] [world] >>> Dynamically imported module MrxTask  @mrxtask:654
[17:26:26.091] [lua] 0  @mrxtask:440
[17:26:26.098] [lua] 0  @mrxtask:440
[17:26:26.104] [lua] true  @mrxtask:291
[17:26:26.112] [lua] active  @mrxtaskstate:32
[17:26:26.121] [lua] _SetState "Missions.PmcCon018.PmcCon018Briefing" active  @mrxtask:299
[17:26:26.129] [lua] 1  @mrxtask:440
[17:26:26.136] [lua] 1  @mrxtask:440
[17:26:26.143] [lua] 1  @mrxtask:440
[17:26:26.150] [lua] 1  @mrxtask:440
[17:26:26.157] [lua] 1  @mrxtask:440
[17:26:26.164] [lua] 1  @mrxtask:440
[17:26:26.171] [lua] table:0x1F5F12E0  @mrxtask:649
[17:26:26.179] [lua] Dynamically imported module MrxTask  @mrxtask:654
[17:26:26.179] [world] >>> Dynamically imported module MrxTask  @mrxtask:654
[17:26:26.187] [lua] 0  @mrxtask:440
[17:26:26.194] [lua] 0  @mrxtask:440
[17:26:26.201] [lua] true  @mrxtask:291
[17:26:26.210] [lua] active  @mrxtaskstate:32
[17:26:26.218] [lua] _SetState "Missions.PmcCon033" active  @mrxtask:299
[17:26:26.228] [lua] 1  @mrxtask:440
[17:26:26.235] [lua] 1  @mrxtask:440
[17:26:26.244] [lua] 1  @mrxtask:440
[17:26:26.252] [lua] 1  @mrxtask:440
[17:26:26.259] [lua] 1  @mrxtask:440
[17:26:26.266] [lua] 1  @mrxtask:440
[17:26:26.273] [lua] table:0x1F5F12E0  @mrxtask:649
[17:26:26.281] [lua] Dynamically imported module MrxTask  @mrxtask:654
[17:26:26.281] [world] >>> Dynamically imported module MrxTask  @mrxtask:654
[17:26:26.289] [lua] 0  @mrxtask:440
[17:26:26.296] [lua] 0  @mrxtask:440
[17:26:26.305] [lua] true  @mrxtask:291
[17:26:26.313] [lua] active  @mrxtaskstate:32
[17:26:26.321] [lua] _SetState "Missions.PmcCon033.PmcCon033Briefing" active  @mrxtask:299
[17:26:26.334] [lua] 1  @mrxtask:440
[17:26:26.341] [lua] 1  @mrxtask:440
[17:26:26.348] [lua] 1  @mrxtask:440
[17:26:26.355] [lua] 1  @mrxtask:440
[17:26:26.362] [lua] 1  @mrxtask:440
[17:26:26.369] [lua] 1  @mrxtask:440
[17:26:26.379] [lua] table:0x1F5F12E0  @mrxtask:649
[17:26:26.388] [lua] Dynamically imported module MrxTask  @mrxtask:654
[17:26:26.388] [world] >>> Dynamically imported module MrxTask  @mrxtask:654
[17:26:26.396] [lua] 0  @mrxtask:440
[17:26:26.402] [lua] 0  @mrxtask:440
[17:26:26.410] [lua] true  @mrxtask:291
[17:26:26.418] [lua] active  @mrxtaskstate:32
[17:26:26.426] [lua] _SetState "Missions.PirCon003" active  @mrxtask:299
[17:26:26.433] [lua] 1  @mrxtask:440
[17:26:26.440] [lua] 1  @mrxtask:440
[17:26:26.448] [lua] 1  @mrxtask:440
[17:26:26.454] [lua] 1  @mrxtask:440
[17:26:26.461] [lua] 1  @mrxtask:440
[17:26:26.468] [lua] 1  @mrxtask:440
[17:26:26.475] [lua] table:0x1F5F12E0  @mrxtask:649
[17:26:26.483] [lua] Dynamically imported module MrxTask  @mrxtask:654
[17:26:26.483] [world] >>> Dynamically imported module MrxTask  @mrxtask:654
[17:26:26.492] [lua] 0  @mrxtask:440
[17:26:26.499] [lua] 0  @mrxtask:440
[17:26:26.505] [lua] true  @mrxtask:291
[17:26:26.513] [lua] active  @mrxtaskstate:32
[17:26:26.522] [lua] _SetState "Missions.PirCon003.PirCon003Briefing" active  @mrxtask:299
[17:26:26.528] [lua] 1  @mrxtask:440
[17:26:26.536] [lua] 1  @mrxtask:440
[17:26:26.542] [lua] 1  @mrxtask:440
[17:26:26.549] [lua] 1  @mrxtask:440
[17:26:26.556] [lua] 1  @mrxtask:440
[17:26:26.568] [lua] 1  @mrxtask:440
[17:26:26.575] [lua] table:0x1F195540  @mrxguibase:1353
[17:26:26.582] [lua] table:0x1F195440  @mrxguibase:1353
[17:26:26.588] [lua] table:0x1F194D20  @mrxguibase:1353
[17:26:26.596] [lua] table:0x1F194C20  @mrxguibase:1353
[17:26:26.607] [lua] table:0x1ECFA100  @mrxtask:649
[17:26:26.617] [lua] Dynamically imported module ChiJob003  @mrxtask:654
[17:26:26.618] [world] >>> Dynamically imported module ChiJob003  @mrxtask:654
[17:26:26.632] [lua] false  @mrxtask:679
[17:26:26.648] [lua] New operation (1 layers)  @mrxlayermanager:181
[17:26:26.660] [lua] Culling layer vz_state_chijob003 from add request; layer does not exist  @mrxlayermanager:229
[17:26:26.668] [lua] After culling, 0 layers in operation  @mrxlayermanager:250
[17:26:26.676] [lua] @@@@@@@@@@ MrxState.Exit: state STATE_WAITFORSTREAMING (refcount=4)  @mrxstate:476
[17:26:26.676] [world] >>> @@@@@@@@@@ MrxState.Exit: state STATE_WAITFORSTREAMING (refcount=4)  @mrxstate:476
[17:26:26.686] [lua] @@@@@@@@@@ MrxState._AttemptGlobalExit  @mrxstate:495
[17:26:26.694] [lua] @@@@@@@@@@ MrxState._AttemptGlobalExit:  state STATE_WAITFORSTREAMING still active .. (refcount=4,bLocked=true)  @mrxstate:512
[17:26:26.694] [world] >>> @@@@@@@@@@ MrxState._AttemptGlobalExit:  state STATE_WAITFORSTREAMING still active .. (refcount=4,bLocked=true)  @mrxstate:512
[17:26:26.702] [lua] @@@@@@@@@@ MrxState.Exit: state STATE_WAITFORGAME (refcount=0)  @mrxstate:476
[17:26:26.712] [lua] @@@@@@@@@@ MrxState._AttemptGlobalExit  @mrxstate:495
[17:26:26.720] [lua] @@@@@@@@@@ MrxState._AttemptGlobalExit:  state STATE_WAITFORSTREAMING still active .. (refcount=4,bLocked=true)  @mrxstate:512
[17:26:26.720] [world] >>> @@@@@@@@@@ MrxState._AttemptGlobalExit:  state STATE_WAITFORSTREAMING still active .. (refcount=4,bLocked=true)  @mrxstate:512
[17:26:26.731] [lua] 0  @mrxtask:440
[17:26:26.737] [lua] 0  @mrxtask:440
[17:26:26.745] [lua] true  @mrxtask:291
[17:26:26.753] [lua] active  @mrxtaskstate:32
[17:26:26.762] [lua] _SetState "Missions.ChiJob003.ChiJob003Mission" active  @mrxtask:299
[17:26:26.768] [lua] 1  @mrxtask:440
[17:26:26.775] [lua] 1  @mrxtask:440
[17:26:26.782] [lua] 1  @mrxtask:440
[17:26:26.789] [lua] 1  @mrxtask:440
[17:26:26.797] [lua] 1  @mrxtask:440
[17:26:26.804] [lua] 1  @mrxtask:440
[17:26:26.811] [lua] 0  @mrxtask:440
[17:26:26.819] [lua] 0  @mrxtask:440
[17:26:26.828] [lua] 0  @mrxtask:440
[17:26:26.836] [lua] 0  @mrxtask:440
[17:26:26.844] [lua] Adding DestroyType as a child of ChiJob003Mission  @mrxtask:718
[17:26:26.850] [lua] true  @mrxtask:722
[17:26:26.858] [lua] 0  @mrxtask:440
[17:26:26.865] [lua] true  @mrxtask:291
[17:26:26.872] [lua] nil  @mrxtask:681
[17:26:26.878] [lua] table:0x1ECFAC80  @mrxtask:649
[17:26:26.887] [lua] Dynamically imported module OilJob004  @mrxtask:654
[17:26:26.887] [world] >>> Dynamically imported module OilJob004  @mrxtask:654
[17:26:26.894] [lua] false  @mrxtask:679
[17:26:26.903] [lua] New operation (1 layers)  @mrxlayermanager:181
[17:26:26.910] [lua] After culling, 1 layers in operation  @mrxlayermanager:250
[17:26:26.919] [lua] Adding new request (2): adding 1 layers  @mrxlayermanager:281
[17:26:26.928] [lua] (Currently, there are 1 requests for layer vz_state_oiljob004)  @mrxlayermanager:298
[17:26:26.941] [lua] (nPendingOps = 5)  @mrxlayermanager:324
[17:26:26.949] [lua] Reloading vz_state_oiljob004  @mrxlayermanager:389
[17:26:26.958] [lua] true	Unable to load layer vz_state_oiljob004  @mrxlayermanager:403
[17:26:26.966] [lua] nil  @mrxtask:681
[17:26:26.972] [lua] table:0x1ECFADC0  @mrxtask:649
[17:26:26.980] [lua] Dynamically imported module GurJob006  @mrxtask:654
[17:26:26.980] [world] >>> Dynamically imported module GurJob006  @mrxtask:654
[17:26:26.989] [lua] false  @mrxtask:679
[17:26:26.998] [lua] New operation (1 layers)  @mrxlayermanager:181
[17:26:27.006] [lua] After culling, 1 layers in operation  @mrxlayermanager:250
[17:26:27.016] [lua] Adding new request (3): adding 1 layers  @mrxlayermanager:281
[17:26:27.024] [lua] (Currently, there are 1 requests for layer vz_state_gurjob006)  @mrxlayermanager:298
[17:26:27.033] [lua] (nPendingOps = 6)  @mrxlayermanager:324
[17:26:27.040] [lua] Reloading vz_state_gurjob006  @mrxlayermanager:389
[17:26:27.049] [lua] true	Unable to load layer vz_state_gurjob006  @mrxlayermanager:403
[17:26:27.057] [lua] nil  @mrxtask:681
[17:26:27.064] [lua] table:0x1ECFAF00  @mrxtask:649
[17:26:27.073] [lua] Dynamically imported module GurJob001  @mrxtask:654
[17:26:27.073] [world] >>> Dynamically imported module GurJob001  @mrxtask:654
[17:26:27.080] [lua] false  @mrxtask:679
[17:26:27.088] [lua] New operation (1 layers)  @mrxlayermanager:181
[17:26:27.097] [lua] Culling layer vz_state_gurjob001 from add request; layer does not exist  @mrxlayermanager:229
[17:26:27.105] [lua] After culling, 0 layers in operation  @mrxlayermanager:250
[17:26:27.114] [lua] @@@@@@@@@@ MrxState.Exit: state STATE_WAITFORSTREAMING (refcount=3)  @mrxstate:476
[17:26:27.114] [world] >>> @@@@@@@@@@ MrxState.Exit: state STATE_WAITFORSTREAMING (refcount=3)  @mrxstate:476
[17:26:27.124] [lua] @@@@@@@@@@ MrxState._AttemptGlobalExit  @mrxstate:495
[17:26:27.132] [lua] @@@@@@@@@@ MrxState._AttemptGlobalExit:  state STATE_WAITFORSTREAMING still active .. (refcount=3,bLocked=true)  @mrxstate:512
[17:26:27.132] [world] >>> @@@@@@@@@@ MrxState._AttemptGlobalExit:  state STATE_WAITFORSTREAMING still active .. (refcount=3,bLocked=true)  @mrxstate:512
[17:26:27.140] [lua] @@@@@@@@@@ MrxState.Exit: UNPAIRED EXIT to state STATE_WAITFORGAME  @mrxstate:447
[17:26:27.149] [lua] 0  @mrxtask:440
[17:26:27.156] [lua] 0  @mrxtask:440
[17:26:27.162] [lua] true  @mrxtask:291
[17:26:27.170] [lua] active  @mrxtaskstate:32
[17:26:27.179] [lua] _SetState "Missions.GurJob001.GurJob001Mission" active  @mrxtask:299
[17:26:27.186] [lua] 1  @mrxtask:440
[17:26:27.193] [lua] 1  @mrxtask:440
[17:26:27.200] [lua] 1  @mrxtask:440
[17:26:27.207] [lua] 1  @mrxtask:440
[17:26:27.214] [lua] 1  @mrxtask:440
[17:26:27.220] [lua] 1  @mrxtask:440
[17:26:27.228] [lua] 0  @mrxtask:440
[17:26:27.238] [lua] 0  @mrxtask:440
[17:26:27.244] [lua] 0  @mrxtask:440
[17:26:27.250] [lua] 0  @mrxtask:440
[17:26:27.260] [lua] Adding DestroyType as a child of GurJob001Mission  @mrxtask:718
[17:26:27.266] [lua] true  @mrxtask:722
[17:26:27.273] [lua] 0  @mrxtask:440
[17:26:27.280] [lua] true  @mrxtask:291
[17:26:27.287] [lua] nil  @mrxtask:681
[17:26:27.294] [lua] table:0x1ECFAFE0  @mrxtask:649
[17:26:27.303] [lua] Dynamically imported module AllJob003  @mrxtask:654
[17:26:27.303] [world] >>> Dynamically imported module AllJob003  @mrxtask:654
[17:26:27.310] [lua] false  @mrxtask:679
[17:26:27.319] [lua] New operation (1 layers)  @mrxlayermanager:181
[17:26:27.328] [lua] Culling layer vz_state_alljob003 from add request; layer does not exist  @mrxlayermanager:229
[17:26:27.341] [lua] After culling, 0 layers in operation  @mrxlayermanager:250
[17:26:27.350] [lua] @@@@@@@@@@ MrxState.Exit: state STATE_WAITFORSTREAMING (refcount=2)  @mrxstate:476
[17:26:27.350] [world] >>> @@@@@@@@@@ MrxState.Exit: state STATE_WAITFORSTREAMING (refcount=2)  @mrxstate:476
[17:26:27.360] [lua] @@@@@@@@@@ MrxState._AttemptGlobalExit  @mrxstate:495
[17:26:27.370] [lua] @@@@@@@@@@ MrxState._AttemptGlobalExit:  state STATE_WAITFORSTREAMING still active .. (refcount=2,bLocked=true)  @mrxstate:512
[17:26:27.370] [world] >>> @@@@@@@@@@ MrxState._AttemptGlobalExit:  state STATE_WAITFORSTREAMING still active .. (refcount=2,bLocked=true)  @mrxstate:512
[17:26:27.379] [lua] @@@@@@@@@@ MrxState.Exit: UNPAIRED EXIT to state STATE_WAITFORGAME  @mrxstate:447
[17:26:27.387] [lua] 0  @mrxtask:440
[17:26:27.394] [lua] 0  @mrxtask:440
[17:26:27.404] [lua] true  @mrxtask:291
[17:26:27.414] [lua] active  @mrxtaskstate:32
[17:26:27.422] [lua] _SetState "Missions.AllJob003.AllJob003Mission" active  @mrxtask:299
[17:26:27.433] [lua] 1  @mrxtask:440
[17:26:27.440] [lua] 1  @mrxtask:440
[17:26:27.447] [lua] 1  @mrxtask:440
[17:26:27.454] [lua] 1  @mrxtask:440
[17:26:27.460] [lua] 1  @mrxtask:440
[17:26:27.468] [lua] 1  @mrxtask:440
[17:26:27.475] [lua] 0  @mrxtask:440
[17:26:27.481] [lua] 0  @mrxtask:440
[17:26:27.488] [lua] 0  @mrxtask:440
[17:26:27.495] [lua] 0  @mrxtask:440
[17:26:27.503] [lua] Adding DestroyType as a child of AllJob003Mission  @mrxtask:718
[17:26:27.510] [lua] true  @mrxtask:722
[17:26:27.517] [lua] 0  @mrxtask:440
[17:26:27.524] [lua] true  @mrxtask:291
[17:26:27.530] [lua] nil  @mrxtask:681
[17:26:27.539] [lua] @ Loading asset vo_job_heros.soundbank (1)  @mrxbriefing:751
[17:26:27.547] [lua] @ Loading asset vo_job_pmc.soundbank (1)  @mrxbriefing:751
[17:26:27.557] [lua] @ Loading asset vo_job_heros.wavebank (1)  @mrxbriefing:751
[17:26:27.566] [lua] @ Loading asset vo_job_pmc.wavebank (1)  @mrxbriefing:751
[17:26:27.574] [lua] @ Loading asset Global_Job_Briefing_Mattias.facefxanimationset (1)  @mrxbriefing:751
[17:26:27.584] [lua] @ Loading asset all_starter03_job_briefing_idle.animation (1)  @mrxbriefing:751
[17:26:27.593] [lua] @ Loading asset all_starter03_job_briefing_greeting_neutral.animation (1)  @mrxbriefing:751
[17:26:27.602] [lua] @ Loading asset all_starter03_job_briefing_greeting_happy.animation (1)  @mrxbriefing:751
[17:26:27.610] [lua] @ Loading asset all_starter03_job_briefing_greeting_angry.animation (1)  @mrxbriefing:751
[17:26:27.619] [lua] @ Loading asset all_starter03_job_briefing_spiel.animation (1)  @mrxbriefing:751
[17:26:27.628] [lua] @ Loading asset all_starter03_job_briefing_goodbye.animation (1)  @mrxbriefing:751
[17:26:27.636] [lua] @ Loading asset all_starter02_job_briefing_idle.animation (1)  @mrxbriefing:751
[17:26:27.645] [lua] @ Loading asset all_starter02_job_briefing_greeting_neutral.animation (1)  @mrxbriefing:751
[17:26:27.653] [lua] @ Loading asset all_starter02_job_briefing_greeting_happy.animation (1)  @mrxbriefing:751
[17:26:27.662] [lua] @ Loading asset all_starter02_job_briefing_greeting_angry.animation (1)  @mrxbriefing:751
[17:26:27.670] [lua] @ Loading asset all_starter02_job_briefing_spiel.animation (1)  @mrxbriefing:751
[17:26:27.680] [lua] @ Loading asset all_starter02_job_briefing_goodbye.animation (1)  @mrxbriefing:751
[17:26:27.688] [lua] @ Loading asset player_mattias_job_briefing_greeting_fb.animation (1)  @mrxbriefing:751
[17:26:27.696] [lua] @ Loading asset player_mattias_job_briefing_idle_fb.animation (1)  @mrxbriefing:751
[17:26:27.706] [lua] @ Loading asset player_mattias_job_briefing_no_fb.animation (1)  @mrxbriefing:751
[17:26:27.714] [lua] @ Loading asset player_mattias_job_briefing_yes_fb.animation (1)  @mrxbriefing:751
[17:26:27.723] [lua] @ Loading asset player_mattias_job_briefing_spiel_fb.animation (1)  @mrxbriefing:751
[17:26:27.730] [lua] Request fulfilled: Reload layer vz_state_oiljob004 (static: nil)  @mrxlayermanager:446
[17:26:27.739] [lua] Layer request 2: 1 of 1 complete  @mrxlayermanager:479
[17:26:27.748] [lua] Layer request 2 completed!  @mrxlayermanager:482
[17:26:27.756] [lua] Culling op for layer vz_state_oiljob004!  @mrxlayermanager:318
[17:26:27.764] [lua] (nPendingOps = 5)  @mrxlayermanager:324
[17:26:27.773] [lua] @@@@@@@@@@ MrxState.Exit: state STATE_WAITFORSTREAMING (refcount=1)  @mrxstate:476
[17:26:27.773] [world] >>> @@@@@@@@@@ MrxState.Exit: state STATE_WAITFORSTREAMING (refcount=1)  @mrxstate:476
[17:26:27.783] [lua] @@@@@@@@@@ MrxState._AttemptGlobalExit  @mrxstate:495
[17:26:27.790] [lua] @@@@@@@@@@ MrxState._AttemptGlobalExit:  state STATE_WAITFORSTREAMING still active .. (refcount=1,bLocked=true)  @mrxstate:512
[17:26:27.790] [world] >>> @@@@@@@@@@ MrxState._AttemptGlobalExit:  state STATE_WAITFORSTREAMING still active .. (refcount=1,bLocked=true)  @mrxstate:512
[17:26:27.800] [lua] @@@@@@@@@@ MrxState.Exit: UNPAIRED EXIT to state STATE_WAITFORGAME  @mrxstate:447
[17:26:27.808] [lua] 0  @mrxtask:440
[17:26:27.817] [lua] 0  @mrxtask:440
[17:26:27.824] [lua] true  @mrxtask:291
[17:26:27.832] [lua] active  @mrxtaskstate:32
[17:26:27.840] [lua] _SetState "Missions.OilJob004.OilJob004Mission" active  @mrxtask:299
[17:26:27.847] [lua] 1  @mrxtask:440
[17:26:27.854] [lua] 1  @mrxtask:440
[17:26:27.862] [lua] 1  @mrxtask:440
[17:26:27.869] [lua] 1  @mrxtask:440
[17:26:27.876] [lua] 1  @mrxtask:440
[17:26:27.882] [lua] 1  @mrxtask:440
[17:26:27.893] [lua] 0  @mrxtask:440
[17:26:27.900] [lua] 0  @mrxtask:440
[17:26:27.906] [lua] 0  @mrxtask:440
[17:26:27.913] [lua] 0  @mrxtask:440
[17:26:27.922] [lua] Adding DestroyType as a child of OilJob004Mission  @mrxtask:718
[17:26:27.928] [lua] true  @mrxtask:722
[17:26:27.935] [lua] 0  @mrxtask:440
[17:26:27.943] [lua] true  @mrxtask:291
[17:26:27.952] [lua] Request fulfilled: Reload layer vz_state_gurjob006 (static: nil)  @mrxlayermanager:446
[17:26:27.960] [lua] Layer request 3: 1 of 1 complete  @mrxlayermanager:479
[17:26:27.969] [lua] Layer request 3 completed!  @mrxlayermanager:482
[17:26:27.977] [lua] Culling op for layer vz_state_gurjob006!  @mrxlayermanager:318
[17:26:27.986] [lua] (nPendingOps = 4)  @mrxlayermanager:324
[17:26:27.994] [lua] @@@@@@@@@@ MrxState.Exit: state STATE_WAITFORSTREAMING (refcount=0)  @mrxstate:476
[17:26:27.994] [world] >>> @@@@@@@@@@ MrxState.Exit: state STATE_WAITFORSTREAMING (refcount=0)  @mrxstate:476
[17:26:28.004] [lua] @@@@@@@@@@ MrxState._AttemptGlobalExit  @mrxstate:495
[17:26:28.012] [lua] @@@@@@@@@@ MrxState._AttemptGlobalExit:  state STATE_WAITFORSTREAMING still active .. (refcount=0,bLocked=true)  @mrxstate:512
[17:26:28.012] [world] >>> @@@@@@@@@@ MrxState._AttemptGlobalExit:  state STATE_WAITFORSTREAMING still active .. (refcount=0,bLocked=true)  @mrxstate:512
[17:26:28.021] [lua] @@@@@@@@@@ MrxState.Exit: UNPAIRED EXIT to state STATE_WAITFORGAME  @mrxstate:447
[17:26:28.029] [lua] 0  @mrxtask:440
[17:26:28.036] [lua] 0  @mrxtask:440
[17:26:28.043] [lua] true  @mrxtask:291
[17:26:28.052] [lua] active  @mrxtaskstate:32
[17:26:28.060] [lua] _SetState "Missions.GurJob006.GurJob006Mission" active  @mrxtask:299
[17:26:28.067] [lua] 1  @mrxtask:440
[17:26:28.074] [lua] 1  @mrxtask:440
[17:26:28.082] [lua] 1  @mrxtask:440
[17:26:28.089] [lua] 1  @mrxtask:440
[17:26:28.096] [lua] 1  @mrxtask:440
[17:26:28.103] [lua] 1  @mrxtask:440
[17:26:28.110] [lua] 0  @mrxtask:440
[17:26:28.118] [lua] 0  @mrxtask:440
[17:26:28.127] [lua] 0  @mrxtask:440
[17:26:28.134] [lua] 0  @mrxtask:440
[17:26:28.142] [lua] Adding DestroyType as a child of GurJob006Mission  @mrxtask:718
[17:26:28.149] [lua] true  @mrxtask:722
[17:26:28.156] [lua] 0  @mrxtask:440
[17:26:28.163] [lua] true  @mrxtask:291
[17:26:28.172] [lua] @ Loaded asset vo_job_heros.soundbank  @mrxbriefing:634
[17:26:28.180] [lua] @ Loaded asset vo_job_pmc.soundbank  @mrxbriefing:634
[17:26:28.189] [lua] @ Loaded asset vo_job_heros.wavebank  @mrxbriefing:634
[17:26:28.198] [lua] @ Loaded asset vo_job_pmc.wavebank  @mrxbriefing:634
[17:26:28.239] [lua] table:0x1ED72140  @mrxtask:649
[17:26:28.248] [lua] Dynamically imported module MrxTaskObjectiveDestroy  @mrxtask:654
[17:26:28.248] [world] >>> Dynamically imported module MrxTaskObjectiveDestroy  @mrxtask:654
[17:26:28.255] [lua] 0  @mrxtask:440
[17:26:28.261] [lua] 0  @mrxtask:440
[17:26:28.276] [lua] GetObjectiveDescription sMsgType: nil  @mrxtaskobjective:1316
[17:26:28.289] [lua] GetObjectiveDescription sMsgType: nil  @mrxtaskobjective:1316
[17:26:28.299] [lua] 0  @mrxtask:440
[17:26:28.305] [lua] 0  @mrxtask:440
[17:26:28.314] [lua] true  @mrxtask:291
[17:26:28.323] [lua] active  @mrxtaskstate:32
[17:26:28.332] [lua] _SetState "Missions.ChiJob003.ChiJob003Mission.DestroyType" active  @mrxtask:299
[17:26:28.338] [lua] 1  @mrxtask:440
[17:26:28.345] [lua] 1  @mrxtask:440
[17:26:28.352] [lua] 1  @mrxtask:440
[17:26:28.360] [lua] 1  @mrxtask:440
[17:26:28.372] [lua] 1  @mrxtask:440
[17:26:28.379] [lua] 1  @mrxtask:440
[17:26:28.386] [lua] lightuserdata:0x00020102  @mrxtaskobjectivedestroy:46
[17:26:28.393] [lua] table:0x1ED72140  @mrxtask:649
[17:26:28.400] [lua] Dynamically imported module MrxTaskObjectiveDestroy  @mrxtask:654
[17:26:28.400] [world] >>> Dynamically imported module MrxTaskObjectiveDestroy  @mrxtask:654
[17:26:28.409] [lua] 0  @mrxtask:440
[17:26:28.415] [lua] 0  @mrxtask:440
[17:26:28.424] [lua] GetObjectiveDescription sMsgType: nil  @mrxtaskobjective:1316
[17:26:28.432] [lua] GetObjectiveDescription sMsgType: nil  @mrxtaskobjective:1316
[17:26:28.439] [lua] 0  @mrxtask:440
[17:26:28.446] [lua] 0  @mrxtask:440
[17:26:28.453] [lua] true  @mrxtask:291
[17:26:28.461] [lua] active  @mrxtaskstate:32
[17:26:28.469] [lua] _SetState "Missions.GurJob001.GurJob001Mission.DestroyType" active  @mrxtask:299
[17:26:28.476] [lua] 1  @mrxtask:440
[17:26:28.483] [lua] 1  @mrxtask:440
[17:26:28.490] [lua] 1  @mrxtask:440
[17:26:28.497] [lua] 1  @mrxtask:440
[17:26:28.504] [lua] 1  @mrxtask:440
[17:26:28.510] [lua] 1  @mrxtask:440
[17:26:28.518] [lua] lightuserdata:0x00020104  @mrxtaskobjectivedestroy:46
[17:26:28.524] [lua] table:0x1ED72140  @mrxtask:649
[17:26:28.534] [lua] Dynamically imported module MrxTaskObjectiveDestroy  @mrxtask:654
[17:26:28.534] [world] >>> Dynamically imported module MrxTaskObjectiveDestroy  @mrxtask:654
[17:26:28.541] [lua] 0  @mrxtask:440
[17:26:28.548] [lua] 0  @mrxtask:440
[17:26:28.556] [lua] GetObjectiveDescription sMsgType: nil  @mrxtaskobjective:1316
[17:26:28.566] [lua] GetObjectiveDescription sMsgType: nil  @mrxtaskobjective:1316
[17:26:28.573] [lua] 0  @mrxtask:440
[17:26:28.580] [lua] 0  @mrxtask:440
[17:26:28.590] [lua] true  @mrxtask:291
[17:26:28.598] [lua] active  @mrxtaskstate:32
[17:26:28.607] [lua] _SetState "Missions.AllJob003.AllJob003Mission.DestroyType" active  @mrxtask:299
[17:26:28.614] [lua] 1  @mrxtask:440
[17:26:28.621] [lua] 1  @mrxtask:440
[17:26:28.628] [lua] 1  @mrxtask:440
[17:26:28.635] [lua] 1  @mrxtask:440
[17:26:28.642] [lua] 1  @mrxtask:440
[17:26:28.649] [lua] 1  @mrxtask:440
[17:26:28.656] [lua] lightuserdata:0x00020106  @mrxtaskobjectivedestroy:46
[17:26:28.663] [lua] table:0x1ED72140  @mrxtask:649
[17:26:28.671] [lua] Dynamically imported module MrxTaskObjectiveDestroy  @mrxtask:654
[17:26:28.671] [world] >>> Dynamically imported module MrxTaskObjectiveDestroy  @mrxtask:654
[17:26:28.678] [lua] 0  @mrxtask:440
[17:26:28.685] [lua] 0  @mrxtask:440
[17:26:28.694] [lua] GetObjectiveDescription sMsgType: nil  @mrxtaskobjective:1316
[17:26:28.703] [lua] GetObjectiveDescription sMsgType: nil  @mrxtaskobjective:1316
[17:26:28.710] [lua] 0  @mrxtask:440
[17:26:28.717] [lua] 0  @mrxtask:440
[17:26:28.724] [lua] true  @mrxtask:291
[17:26:28.732] [lua] active  @mrxtaskstate:32
[17:26:28.740] [lua] _SetState "Missions.OilJob004.OilJob004Mission.DestroyType" active  @mrxtask:299
[17:26:28.747] [lua] 1  @mrxtask:440
[17:26:28.754] [lua] 1  @mrxtask:440
[17:26:28.760] [lua] 1  @mrxtask:440
[17:26:28.768] [lua] 1  @mrxtask:440
[17:26:28.774] [lua] 1  @mrxtask:440
[17:26:28.782] [lua] 1  @mrxtask:440
[17:26:28.789] [lua] lightuserdata:0x00020108  @mrxtaskobjectivedestroy:46
[17:26:28.795] [lua] table:0x1ED72140  @mrxtask:649
[17:26:28.804] [lua] Dynamically imported module MrxTaskObjectiveDestroy  @mrxtask:654
[17:26:28.804] [world] >>> Dynamically imported module MrxTaskObjectiveDestroy  @mrxtask:654
[17:26:28.810] [lua] 0  @mrxtask:440
[17:26:28.818] [lua] 0  @mrxtask:440
[17:26:28.826] [lua] GetObjectiveDescription sMsgType: nil  @mrxtaskobjective:1316
[17:26:28.835] [lua] GetObjectiveDescription sMsgType: nil  @mrxtaskobjective:1316
[17:26:28.842] [lua] 0  @mrxtask:440
[17:26:28.849] [lua] 0  @mrxtask:440
[17:26:28.856] [lua] true  @mrxtask:291
[17:26:28.864] [lua] active  @mrxtaskstate:32
[17:26:28.872] [lua] _SetState "Missions.GurJob006.GurJob006Mission.DestroyType" active  @mrxtask:299
[17:26:28.879] [lua] 1  @mrxtask:440
[17:26:28.886] [lua] 1  @mrxtask:440
[17:26:28.893] [lua] 1  @mrxtask:440
[17:26:28.900] [lua] 1  @mrxtask:440
[17:26:28.907] [lua] 1  @mrxtask:440
[17:26:28.913] [lua] 1  @mrxtask:440
[17:26:28.920] [lua] lightuserdata:0x0002010A  @mrxtaskobjectivedestroy:46
[17:26:29.149] [lua] Request fulfilled: Load layer vz_state_pmcinterior (static: nil)  @mrxlayermanager:446
[17:26:29.157] [lua] Layer request 1: 1 of 4 complete  @mrxlayermanager:479
[17:26:29.167] [lua] Culling op for layer vz_state_pmcinterior!  @mrxlayermanager:318
[17:26:29.175] [lua] (nPendingOps = 3)  @mrxlayermanager:324
[17:26:29.187] [lua] Request fulfilled: Load layer vz_state_pmcinterior_hel (static: nil)  @mrxlayermanager:446
[17:26:29.195] [lua] Layer request 1: 2 of 4 complete  @mrxlayermanager:479
[17:26:29.205] [lua] Culling op for layer vz_state_pmcinterior_hel!  @mrxlayermanager:318
[17:26:29.215] [lua] (nPendingOps = 2)  @mrxlayermanager:324
[17:26:29.234] [lua] Request fulfilled: Load layer vz_state_pmcinterior_jet (static: nil)  @mrxlayermanager:446
[17:26:29.242] [lua] Layer request 1: 3 of 4 complete  @mrxlayermanager:479
[17:26:29.250] [lua] Culling op for layer vz_state_pmcinterior_jet!  @mrxlayermanager:318
[17:26:29.259] [lua] (nPendingOps = 1)  @mrxlayermanager:324
[17:26:29.270] [lua] Request fulfilled: Load layer vz_state_pmcinterior_mec (static: nil)  @mrxlayermanager:446
[17:26:29.279] [lua] Layer request 1: 4 of 4 complete  @mrxlayermanager:479
[17:26:29.287] [lua] Layer request 1 completed!  @mrxlayermanager:482
[17:26:29.295] [lua] Culling op for layer vz_state_pmcinterior_mec!  @mrxlayermanager:318
[17:26:29.308] [lua] (nPendingOps = 0)  @mrxlayermanager:324
[17:26:29.316] [lua] All layer operations processed and fulfilled...resetting asset request max to 16  @mrxlayermanager:330
[17:26:29.325] [lua] @@@@@@@@@@ MrxState.Enter: state STATE_WAITFORSTREAMING (refcount=1)  @mrxstate:381
[17:26:29.325] [world] >>> @@@@@@@@@@ MrxState.Enter: state STATE_WAITFORSTREAMING (refcount=1)  @mrxstate:381
[17:26:29.335] [lua] ###! GlobalEnter - Complete  @mrxstate:432
[17:26:29.345] [lua] [dlc_skin] _SetCustomOutfitMarker(true)  @output/_scratch/skin_bytecode/wifpmcinterior.dlc10v9i.lua:1526
[17:26:29.355] [lua] Enabling Custom Outfit...  @output/_scratch/skin_bytecode/wifpmcinterior.dlc10v9i.lua:1529
[17:26:29.365] [lua] Disabling physics for teleport  @mrxutil:469
[17:26:29.373] [lua] Desired Yaw - 0.35094681382179  @mrxutil:475
[17:26:29.382] [lua] @@@@@@@@@@ MrxUtil._TeleportHero: Teleporting to 3794.0427246094,450.75054931641,-3911.0322265625  @mrxutil:490
[17:26:29.391] [lua] @@@@@@@@@@ MrxUtil._TeleportComplete: tOperation[1].bComplete=true  @mrxutil:524
[17:26:29.400] [lua] @@@@@@@@@@ MrxUtil._TeleportComplete: tOperations.bStreamingComplete=nil  @mrxutil:527
[17:26:30.378] [lua] @ Loaded asset all_starter03_job_briefing_idle.animation  @mrxbriefing:634
[17:26:30.387] [lua] @ Loaded asset all_starter03_job_briefing_greeting_neutral.animation  @mrxbriefing:634
[17:26:30.395] [lua] @ Loaded asset all_starter03_job_briefing_greeting_happy.animation  @mrxbriefing:634
[17:26:30.403] [lua] @ Loaded asset all_starter03_job_briefing_greeting_angry.animation  @mrxbriefing:634
[17:26:30.412] [lua] @ Loaded asset all_starter03_job_briefing_spiel.animation  @mrxbriefing:634
[17:26:30.420] [lua] @ Loaded asset all_starter03_job_briefing_goodbye.animation  @mrxbriefing:634
[17:26:30.488] [lua] @ Loaded asset Global_Job_Briefing_Mattias.facefxanimationset  @mrxbriefing:634
[17:26:30.498] [lua] @ Loaded asset player_mattias_job_briefing_greeting_fb.animation  @mrxbriefing:634
[17:26:30.508] [lua] @ Loaded asset player_mattias_job_briefing_idle_fb.animation  @mrxbriefing:634
[17:26:30.516] [lua] @ Loaded asset player_mattias_job_briefing_no_fb.animation  @mrxbriefing:634
[17:26:30.526] [lua] @ Loaded asset player_mattias_job_briefing_yes_fb.animation  @mrxbriefing:634
[17:26:30.534] [lua] @ Loaded asset player_mattias_job_briefing_spiel_fb.animation  @mrxbriefing:634
[17:26:30.547] [lua] @ Loaded asset all_starter02_job_briefing_idle.animation  @mrxbriefing:634
[17:26:30.556] [lua] @ Loaded asset all_starter02_job_briefing_greeting_neutral.animation  @mrxbriefing:634
[17:26:30.566] [lua] @ Loaded asset all_starter02_job_briefing_greeting_happy.animation  @mrxbriefing:634
[17:26:30.574] [lua] @ Loaded asset all_starter02_job_briefing_greeting_angry.animation  @mrxbriefing:634
[17:26:30.582] [lua] @ Loaded asset all_starter02_job_briefing_spiel.animation  @mrxbriefing:634
[17:26:30.593] [lua] @ Loaded asset all_starter02_job_briefing_goodbye.animation  @mrxbriefing:634
[17:26:32.190] [lua] WARNING: Trying to set up Survival mode for a non-player ( nil )  @hero:74
[17:26:33.970] [lua] @@@@@@@@@@ MrxState._StateComplete:  state STATE_WAITFORSTREAMING, about to _AttemptGlobalExit  @mrxstate:325
[17:26:33.970] [world] >>> @@@@@@@@@@ MrxState._StateComplete:  state STATE_WAITFORSTREAMING, about to _AttemptGlobalExit  @mrxstate:325
[17:26:33.980] [lua] @@@@@@@@@@ MrxUtil._TeleportComplete: tOperation[1].bComplete=true  @mrxutil:524
[17:26:33.990] [lua] @@@@@@@@@@ MrxUtil._TeleportComplete: tOperations.bStreamingComplete=true  @mrxutil:527
[17:26:34.000] [lua] Enabling physics for teleport  @mrxutil:541
[17:26:34.009] [lua] @@@@@@@@@@ MrxState._AttemptGlobalExit  @mrxstate:495
[17:26:34.019] [lua] @@@@@@@@@@ MrxState._AttemptGlobalExit:  state STATE_WAITFORSTREAMING still active .. (refcount=1,bLocked=false)  @mrxstate:512
[17:26:34.019] [world] >>> @@@@@@@@@@ MrxState._AttemptGlobalExit:  state STATE_WAITFORSTREAMING still active .. (refcount=1,bLocked=false)  @mrxstate:512
[17:26:35.006] [lua] @@@@@@@@@@ MrxState.Exit: state STATE_WAITFORSTREAMING (refcount=0)  @mrxstate:476
[17:26:35.006] [world] >>> @@@@@@@@@@ MrxState.Exit: state STATE_WAITFORSTREAMING (refcount=0)  @mrxstate:476
[17:26:35.020] [lua] @@@@@@@@@@ MrxState._AttemptGlobalExit  @mrxstate:495
[17:26:35.029] [lua] @@@@@@@@@@ MrxState._AttemptGlobalExit: all states exited; success  @mrxstate:524
[17:26:35.038] [lua] ###! GlobalExit - Begin  @mrxstate:233
[17:26:35.047] [lua] @@@@@@@@@@ MrxState.EnableFade: bEnable=true  @mrxstate:550
[17:26:35.057] [lua] Fade-In in 1.1000000238419s...  @mrxstate:273
[17:26:35.067] [lua] Setting (true) HelPmcBoss's marker  @output/_scratch/skin_bytecode/wifpmcinterior.dlc10v9i.lua:1270
[17:26:35.076] [lua] Setting (true) HelPmcBoss's chatter  @output/_scratch/skin_bytecode/wifpmcinterior.dlc10v9i.lua:1324
[17:26:35.085] [lua] Setting (true) PmcBoss's marker  @output/_scratch/skin_bytecode/wifpmcinterior.dlc10v9i.lua:1270
[17:26:35.094] [lua] Setting (true) PmcBoss's chatter  @output/_scratch/skin_bytecode/wifpmcinterior.dlc10v9i.lua:1324
[17:26:35.104] [lua] Setting (true) JetPmcBoss's marker  @output/_scratch/skin_bytecode/wifpmcinterior.dlc10v9i.lua:1270
[17:26:35.113] [lua] Setting (true) JetPmcBoss's chatter  @output/_scratch/skin_bytecode/wifpmcinterior.dlc10v9i.lua:1324
[17:26:35.122] [lua] Setting (true) MecPmcBoss's marker  @output/_scratch/skin_bytecode/wifpmcinterior.dlc10v9i.lua:1270
[17:26:35.131] [lua] Setting (true) MecPmcBoss's chatter  @output/_scratch/skin_bytecode/wifpmcinterior.dlc10v9i.lua:1324
[17:26:35.143] [lua] Starter loading  @mrxstarter:586
[17:26:35.152] [lua] Starter loading  @mrxstarter:586
[17:26:35.165] [lua] Starter loading  @mrxstarter:586
[17:26:35.174] [lua] Starter loading  @mrxstarter:586
[17:26:35.242] [lua] _SetStockpileCategoryQty(artillery, 0)  @output/_scratch/skin_bytecode/wifpmcinterior.dlc10v9i.lua:1824
[17:26:35.252] [lua] _SetStockpileCategoryQty(combatairpatrol, 0)  @output/_scratch/skin_bytecode/wifpmcinterior.dlc10v9i.lua:1824
[17:26:35.265] [lua] _SetStockpileCategoryQty(surgicalstrike, 0)  @output/_scratch/skin_bytecode/wifpmcinterior.dlc10v9i.lua:1824
[17:26:35.275] [lua] _SetStockpileCategoryQty(fuelairbomb, 48)  @output/_scratch/skin_bytecode/wifpmcinterior.dlc10v9i.lua:1824
[17:26:35.284] [lua] _SetStockpileCategoryQty(money, 342479104)  @output/_scratch/skin_bytecode/wifpmcinterior.dlc10v9i.lua:1824
[17:26:35.294] [lua] _SetStockpileCategoryQty(bunkerbuster, 0)  @output/_scratch/skin_bytecode/wifpmcinterior.dlc10v9i.lua:1824
[17:26:35.303] [lua] _SetStockpileCategoryQty(bombingrun, 0)  @output/_scratch/skin_bytecode/wifpmcinterior.dlc10v9i.lua:1824
[17:26:35.312] [lua] _SetStockpileCategoryQty(rocketartillery, 0)  @output/_scratch/skin_bytecode/wifpmcinterior.dlc10v9i.lua:1824
[17:26:35.321] [lua] _SetStockpileCategoryQty(clusterbomb, 4)  @output/_scratch/skin_bytecode/wifpmcinterior.dlc10v9i.lua:1824
[17:26:35.332] [lua] _SetStockpileCategoryQty(moab, 0)  @output/_scratch/skin_bytecode/wifpmcinterior.dlc10v9i.lua:1824
[17:26:35.343] [lua] _SetStockpileCategoryQty(daisycutter, 0)  @output/_scratch/skin_bytecode/wifpmcinterior.dlc10v9i.lua:1824
[17:26:35.352] [lua] _SetStockpileCategoryQty(laserguidedbomb, 0)  @output/_scratch/skin_bytecode/wifpmcinterior.dlc10v9i.lua:1824
[17:26:35.362] [lua] _SetStockpileCategoryQty(tankbuster, 94)  @output/_scratch/skin_bytecode/wifpmcinterior.dlc10v9i.lua:1824
[17:26:35.371] [lua] @@@@@@@@@@ MrxState.Exit: UNPAIRED EXIT to state STATE_WAITFORGAME  @mrxstate:447
[17:26:35.385] [lua] @@@@@@@@@@ MrxState.Exit: UNPAIRED EXIT to state STATE_WAITFORGAME  @mrxstate:447
[17:26:36.362] [lua] FanfareQueue: Pending  @mrxguiinterface:1340
[17:26:36.372] [lua] ###! GlobalExit - Complete  @mrxstate:298
[17:26:36.446] [lua] Atmosphere: creating boundary check for boundary "rgn_atmo_GRstripmine" enter  @wifvzatmosphere:59
[17:26:36.456] [lua] Atmosphere: creating boundary check for boundary "rgn_atmo_Caracas" enter  @wifvzatmosphere:59
[17:26:36.465] [lua] Atmosphere: creating boundary check for boundary "rgn_atmo_GR Cave" enter  @wifvzatmosphere:59
[17:26:36.474] [lua] Atmosphere: creating boundary check for boundary "rgn_atmo_PMC Outpost" enter  @wifvzatmosphere:59
[17:26:37.589] [lua] table:0x1F194D20  @mrxguibase:1353
[17:26:37.596] [lua] table:0x1F194C20  @mrxguibase:1353
[17:26:37.604] [lua] table:0x1F194B00  @mrxguibase:1353
[17:26:37.611] [lua] table:0x1F1947A0  @mrxguibase:1353
[17:26:37.619] [lua] table:0x1F195540  @mrxguibase:1353
[17:26:37.627] [lua] table:0x1F195440  @mrxguibase:1353
[17:26:37.634] [lua] table:0x1F195320  @mrxguibase:1353
[17:26:37.642] [lua] table:0x1F194FA0  @mrxguibase:1353
[17:26:37.670] [lua] table:0x1F194B00  @mrxguibase:1353
[17:26:37.678] [lua] table:0x1F195320  @mrxguibase:1353
[17:26:37.685] [lua] table:0x1F194FA0  @mrxguibase:1353
[17:26:37.693] [lua] table:0x1F195440  @mrxguibase:1353
[17:26:37.700] [lua] table:0x1F195540  @mrxguibase:1353
[17:26:37.709] [lua] table:0x1F1947A0  @mrxguibase:1353
[17:26:37.716] [lua] table:0x1F194C20  @mrxguibase:1353
[17:26:37.724] [lua] table:0x1F194D20  @mrxguibase:1353
[17:28:22.109] [lua] table:0x1F15CF60  @mrxguibase:1353
[17:28:22.117] [lua] table:0x1F15CF60  @mrxguibase:1353
[17:28:22.126] [lua] table:0x1F15CF60  @mrxguibase:1353
[17:28:22.148] [lua] table:0x1F15CF60  @mrxguibase:1353
[17:28:22.617] [lua] table:0x1F15CF60  @mrxguibase:1353
[17:28:23.639] [lua] table:0x1F15CF60  @mrxguibase:1353
[17:28:23.699] [lua] table:0x1F15CF60  @mrxguibase:1353
[17:28:23.707] [lua] table:0x1F15CF60  @mrxguibase:1353
[17:28:23.718] [lua] table:0x1F15CF60  @mrxguibase:1353
[17:28:23.739] [lua] table:0x1F15CF60  @mrxguibase:1353
[17:28:23.828] [lua] [dlc_skin] _SelectOutfit called (uGuid=userdata: 40005A77, preloaded=nil)  @output/_scratch/skin_bytecode/wifpmcinterior.dlc10v9i.lua:1604
[17:28:23.838] [lua] [dlc_skin] _PreloadDlcOutfits ENTER (31 textures)  @output/_scratch/skin_bytecode/wifpmcinterior.dlc10v9i.lua:1511
[17:28:23.847] [lua] [dlc_skin] Pg.LoadAsset BEGIN [1] pmc_hum_obama_head  @output/_scratch/skin_bytecode/wifpmcinterior.dlc10v9i.lua:1513
[17:28:23.856] [lua] [dlc_skin] Pg.LoadAsset DONE  [1] pmc_hum_obama_head  @output/_scratch/skin_bytecode/wifpmcinterior.dlc10v9i.lua:1515
[17:28:23.866] [lua] [dlc_skin] Pg.LoadAsset BEGIN [2] pmc_hum_obama_head_nm  @output/_scratch/skin_bytecode/wifpmcinterior.dlc10v9i.lua:1513
[17:28:23.876] [lua] [dlc_skin] Pg.LoadAsset DONE  [2] pmc_hum_obama_head_nm  @output/_scratch/skin_bytecode/wifpmcinterior.dlc10v9i.lua:1515
[17:28:23.886] [lua] [dlc_skin] Pg.LoadAsset BEGIN [3] pmc_hum_obama_head_sm  @output/_scratch/skin_bytecode/wifpmcinterior.dlc10v9i.lua:1513
[17:28:23.896] [lua] [dlc_skin] Pg.LoadAsset DONE  [3] pmc_hum_obama_head_sm  @output/_scratch/skin_bytecode/wifpmcinterior.dlc10v9i.lua:1515
[17:28:23.906] [lua] [dlc_skin] Pg.LoadAsset BEGIN [4] pmc_hum_obama_ub  @output/_scratch/skin_bytecode/wifpmcinterior.dlc10v9i.lua:1513
[17:28:23.915] [lua] [dlc_skin] Pg.LoadAsset DONE  [4] pmc_hum_obama_ub  @output/_scratch/skin_bytecode/wifpmcinterior.dlc10v9i.lua:1515
[17:28:23.925] [lua] [dlc_skin] Pg.LoadAsset BEGIN [5] pmc_hum_obama_ub_nm  @output/_scratch/skin_bytecode/wifpmcinterior.dlc10v9i.lua:1513
[17:28:23.935] [lua] [dlc_skin] Pg.LoadAsset DONE  [5] pmc_hum_obama_ub_nm  @output/_scratch/skin_bytecode/wifpmcinterior.dlc10v9i.lua:1515
[17:28:23.944] [lua] [dlc_skin] Pg.LoadAsset BEGIN [6] pmc_hum_obama_ub_sm  @output/_scratch/skin_bytecode/wifpmcinterior.dlc10v9i.lua:1513
[17:28:23.953] [lua] [dlc_skin] Pg.LoadAsset DONE  [6] pmc_hum_obama_ub_sm  @output/_scratch/skin_bytecode/wifpmcinterior.dlc10v9i.lua:1515
[17:28:23.962] [lua] [dlc_skin] Pg.LoadAsset BEGIN [7] pmc_hum_obama_lb  @output/_scratch/skin_bytecode/wifpmcinterior.dlc10v9i.lua:1513
[17:28:23.972] [lua] [dlc_skin] Pg.LoadAsset DONE  [7] pmc_hum_obama_lb  @output/_scratch/skin_bytecode/wifpmcinterior.dlc10v9i.lua:1515
[17:28:23.981] [lua] [dlc_skin] Pg.LoadAsset BEGIN [8] pmc_hum_obama_lb_nm  @output/_scratch/skin_bytecode/wifpmcinterior.dlc10v9i.lua:1513
[17:28:23.991] [lua] [dlc_skin] Pg.LoadAsset DONE  [8] pmc_hum_obama_lb_nm  @output/_scratch/skin_bytecode/wifpmcinterior.dlc10v9i.lua:1515
[17:28:24.000] [lua] [dlc_skin] Pg.LoadAsset BEGIN [9] pmc_hum_obama_lb_sm  @output/_scratch/skin_bytecode/wifpmcinterior.dlc10v9i.lua:1513
[17:28:24.009] [lua] [dlc_skin] Pg.LoadAsset DONE  [9] pmc_hum_obama_lb_sm  @output/_scratch/skin_bytecode/wifpmcinterior.dlc10v9i.lua:1515
[17:28:24.019] [lua] [dlc_skin] Pg.LoadAsset BEGIN [10] pmc_hum_mattias_v5_head  @output/_scratch/skin_bytecode/wifpmcinterior.dlc10v9i.lua:1513
[17:28:24.028] [lua] [dlc_skin] Pg.LoadAsset DONE  [10] pmc_hum_mattias_v5_head  @output/_scratch/skin_bytecode/wifpmcinterior.dlc10v9i.lua:1515
[17:28:24.038] [lua] [dlc_skin] Pg.LoadAsset BEGIN [11] pmc_hum_mattias_v5_head_nm  @output/_scratch/skin_bytecode/wifpmcinterior.dlc10v9i.lua:1513
[17:28:24.047] [lua] [dlc_skin] Pg.LoadAsset DONE  [11] pmc_hum_mattias_v5_head_nm  @output/_scratch/skin_bytecode/wifpmcinterior.dlc10v9i.lua:1515
[17:28:24.057] [lua] [dlc_skin] Pg.LoadAsset BEGIN [12] pmc_hum_mattias_v5_head_sm  @output/_scratch/skin_bytecode/wifpmcinterior.dlc10v9i.lua:1513
[17:28:24.066] [lua] [dlc_skin] Pg.LoadAsset DONE  [12] pmc_hum_mattias_v5_head_sm  @output/_scratch/skin_bytecode/wifpmcinterior.dlc10v9i.lua:1515
[17:28:24.076] [lua] [dlc_skin] Pg.LoadAsset BEGIN [13] pmc_hum_mattias_v5_ub  @output/_scratch/skin_bytecode/wifpmcinterior.dlc10v9i.lua:1513
[17:28:24.087] [lua] [dlc_skin] Pg.LoadAsset DONE  [13] pmc_hum_mattias_v5_ub  @output/_scratch/skin_bytecode/wifpmcinterior.dlc10v9i.lua:1515
[17:28:24.096] [lua] [dlc_skin] Pg.LoadAsset BEGIN [14] pmc_hum_mattias_v5_ub_nm  @output/_scratch/skin_bytecode/wifpmcinterior.dlc10v9i.lua:1513
[17:28:24.106] [lua] [dlc_skin] Pg.LoadAsset DONE  [14] pmc_hum_mattias_v5_ub_nm  @output/_scratch/skin_bytecode/wifpmcinterior.dlc10v9i.lua:1515
[17:28:24.116] [lua] [dlc_skin] Pg.LoadAsset BEGIN [15] pmc_hum_mattias_v5_ub_sm  @output/_scratch/skin_bytecode/wifpmcinterior.dlc10v9i.lua:1513
[17:28:24.126] [lua] [dlc_skin] Pg.LoadAsset DONE  [15] pmc_hum_mattias_v5_ub_sm  @output/_scratch/skin_bytecode/wifpmcinterior.dlc10v9i.lua:1515
[17:28:24.136] [lua] [dlc_skin] Pg.LoadAsset BEGIN [16] pmc_hum_mattias_v5_lb  @output/_scratch/skin_bytecode/wifpmcinterior.dlc10v9i.lua:1513
[17:28:24.145] [lua] [dlc_skin] Pg.LoadAsset DONE  [16] pmc_hum_mattias_v5_lb  @output/_scratch/skin_bytecode/wifpmcinterior.dlc10v9i.lua:1515
[17:28:24.155] [lua] [dlc_skin] Pg.LoadAsset BEGIN [17] teeth_old  @output/_scratch/skin_bytecode/wifpmcinterior.dlc10v9i.lua:1513
[17:28:24.165] [lua] [dlc_skin] Pg.LoadAsset DONE  [17] teeth_old  @output/_scratch/skin_bytecode/wifpmcinterior.dlc10v9i.lua:1515
[17:28:24.174] [lua] [dlc_skin] Pg.LoadAsset BEGIN [18] reflection  @output/_scratch/skin_bytecode/wifpmcinterior.dlc10v9i.lua:1513
[17:28:24.183] [lua] [dlc_skin] Pg.LoadAsset DONE  [18] reflection  @output/_scratch/skin_bytecode/wifpmcinterior.dlc10v9i.lua:1515
[17:28:24.197] [lua] [dlc_skin] Pg.LoadAsset BEGIN [19] teeth  @output/_scratch/skin_bytecode/wifpmcinterior.dlc10v9i.lua:1513
[17:28:24.212] [lua] [dlc_skin] Pg.LoadAsset DONE  [19] teeth  @output/_scratch/skin_bytecode/wifpmcinterior.dlc10v9i.lua:1515
[17:28:24.223] [lua] [dlc_skin] Pg.LoadAsset BEGIN [20] teeth_sm  @output/_scratch/skin_bytecode/wifpmcinterior.dlc10v9i.lua:1513
[17:28:24.232] [lua] [dlc_skin] Pg.LoadAsset DONE  [20] teeth_sm  @output/_scratch/skin_bytecode/wifpmcinterior.dlc10v9i.lua:1515
[17:28:24.241] [lua] [dlc_skin] Pg.LoadAsset BEGIN [21] pmc_hum_chris_eyes  @output/_scratch/skin_bytecode/wifpmcinterior.dlc10v9i.lua:1513
[17:28:24.252] [lua] [dlc_skin] Pg.LoadAsset DONE  [21] pmc_hum_chris_eyes  @output/_scratch/skin_bytecode/wifpmcinterior.dlc10v9i.lua:1515
[17:28:24.261] [lua] [dlc_skin] Pg.LoadAsset BEGIN [22] pmc_hum_sarah_head  @output/_scratch/skin_bytecode/wifpmcinterior.dlc10v9i.lua:1513
[17:28:24.271] [lua] [dlc_skin] Pg.LoadAsset DONE  [22] pmc_hum_sarah_head  @output/_scratch/skin_bytecode/wifpmcinterior.dlc10v9i.lua:1515
[17:28:24.280] [lua] [dlc_skin] Pg.LoadAsset BEGIN [23] pmc_hum_sarah_head_nm  @output/_scratch/skin_bytecode/wifpmcinterior.dlc10v9i.lua:1513
[17:28:24.289] [lua] [dlc_skin] Pg.LoadAsset DONE  [23] pmc_hum_sarah_head_nm  @output/_scratch/skin_bytecode/wifpmcinterior.dlc10v9i.lua:1515
[17:28:24.298] [lua] [dlc_skin] Pg.LoadAsset BEGIN [24] pmc_hum_sarah_head_sm  @output/_scratch/skin_bytecode/wifpmcinterior.dlc10v9i.lua:1513
[17:28:24.310] [lua] [dlc_skin] Pg.LoadAsset DONE  [24] pmc_hum_sarah_head_sm  @output/_scratch/skin_bytecode/wifpmcinterior.dlc10v9i.lua:1515
[17:28:24.319] [lua] [dlc_skin] Pg.LoadAsset BEGIN [25] pmc_hum_sarah_ub  @output/_scratch/skin_bytecode/wifpmcinterior.dlc10v9i.lua:1513
[17:28:24.329] [lua] [dlc_skin] Pg.LoadAsset DONE  [25] pmc_hum_sarah_ub  @output/_scratch/skin_bytecode/wifpmcinterior.dlc10v9i.lua:1515
[17:28:24.338] [lua] [dlc_skin] Pg.LoadAsset BEGIN [26] pmc_hum_sarah_ub_nm  @output/_scratch/skin_bytecode/wifpmcinterior.dlc10v9i.lua:1513
[17:28:24.348] [lua] [dlc_skin] Pg.LoadAsset DONE  [26] pmc_hum_sarah_ub_nm  @output/_scratch/skin_bytecode/wifpmcinterior.dlc10v9i.lua:1515
[17:28:24.358] [lua] [dlc_skin] Pg.LoadAsset BEGIN [27] pmc_hum_sarah_ub_sm  @output/_scratch/skin_bytecode/wifpmcinterior.dlc10v9i.lua:1513
[17:28:24.368] [lua] [dlc_skin] Pg.LoadAsset DONE  [27] pmc_hum_sarah_ub_sm  @output/_scratch/skin_bytecode/wifpmcinterior.dlc10v9i.lua:1515
[17:28:24.377] [lua] [dlc_skin] Pg.LoadAsset BEGIN [28] pmc_hum_sarah_lb  @output/_scratch/skin_bytecode/wifpmcinterior.dlc10v9i.lua:1513
[17:28:24.388] [lua] [dlc_skin] Pg.LoadAsset DONE  [28] pmc_hum_sarah_lb  @output/_scratch/skin_bytecode/wifpmcinterior.dlc10v9i.lua:1515
[17:28:24.398] [lua] [dlc_skin] Pg.LoadAsset BEGIN [29] pmc_hum_sarah_lb_nm  @output/_scratch/skin_bytecode/wifpmcinterior.dlc10v9i.lua:1513
[17:28:24.408] [lua] [dlc_skin] Pg.LoadAsset DONE  [29] pmc_hum_sarah_lb_nm  @output/_scratch/skin_bytecode/wifpmcinterior.dlc10v9i.lua:1515
[17:28:24.420] [lua] [dlc_skin] Pg.LoadAsset BEGIN [30] pmc_hum_sarah_hair  @output/_scratch/skin_bytecode/wifpmcinterior.dlc10v9i.lua:1513
[17:28:24.431] [lua] [dlc_skin] Pg.LoadAsset DONE  [30] pmc_hum_sarah_hair  @output/_scratch/skin_bytecode/wifpmcinterior.dlc10v9i.lua:1515
[17:28:24.444] [lua] [dlc_skin] Pg.LoadAsset BEGIN [31] pmc_hum_sarah_hair_nm  @output/_scratch/skin_bytecode/wifpmcinterior.dlc10v9i.lua:1513
[17:28:24.454] [lua] [dlc_skin] Pg.LoadAsset DONE  [31] pmc_hum_sarah_hair_nm  @output/_scratch/skin_bytecode/wifpmcinterior.dlc10v9i.lua:1515
[17:28:24.463] [lua] [dlc_skin] Pg.LoadAsset BEGIN model pmc_hum_obama (RESIDENCY preload)  @output/_scratch/skin_bytecode/wifpmcinterior.dlc10v9i.lua:1518
[17:28:24.479] [lua] [dlc_skin] Pg.LoadAsset returned model pmc_hum_obama  @output/_scratch/skin_bytecode/wifpmcinterior.dlc10v9i.lua:1520
[17:28:24.488] [lua] [dlc_skin] Pg.LoadAsset BEGIN model pmc_hum_mattias_v5 (RESIDENCY preload)  @output/_scratch/skin_bytecode/wifpmcinterior.dlc10v9i.lua:1518
[17:28:24.498] [lua] [dlc_skin] Pg.LoadAsset returned model pmc_hum_mattias_v5  @output/_scratch/skin_bytecode/wifpmcinterior.dlc10v9i.lua:1520
[17:28:24.508] [lua] [dlc_skin] _PreloadDlcOutfits EXIT  @output/_scratch/skin_bytecode/wifpmcinterior.dlc10v9i.lua:1522
[17:28:24.519] [lua] [dlc_skin] _SetCustomOutfitMarker(false)  @output/_scratch/skin_bytecode/wifpmcinterior.dlc10v9i.lua:1526
[17:28:24.528] [lua] Disabling Custom Outfit...  @output/_scratch/skin_bytecode/wifpmcinterior.dlc10v9i.lua:1547
[17:28:24.536] [lua] table:0x1ECE4880  @mrxguibase:1353
[17:28:24.583] [lua] table:0x1F15CF60  @mrxguibase:1353
[17:28:24.714] [lua] table:0x1ECE4880  @mrxguibase:1353
[17:28:24.722] [lua] table:0x1ECE4880  @mrxguibase:1353
[17:28:25.218] [lua] table:0x1ECE4880  @mrxguibase:1353
[17:28:25.227] [lua] table:0x1ECE4880  @mrxguibase:1353
[17:28:25.499] [lua] table:0x1ECE4880  @mrxguibase:1353
[17:28:25.557] [lua] table:0x1ECE4880  @mrxguibase:1353
[17:28:25.565] [lua] table:0x1ECE4880  @mrxguibase:1353
[17:28:25.633] [lua] table:0x1ECE4880  @mrxguibase:1353
[17:28:25.641] [lua] table:0x1ECE4880  @mrxguibase:1353
[17:28:25.781] [lua] table:0x1ECE4880  @mrxguibase:1353
[17:28:25.789] [lua] table:0x1ECE4880  @mrxguibase:1353
[17:28:25.965] [lua] table:0x1ECE4880  @mrxguibase:1353
[17:28:26.034] [lua] table:0x1ECE4880  @mrxguibase:1353
[17:28:26.042] [lua] table:0x1ECE4880  @mrxguibase:1353
[17:28:26.118] [lua] table:0x1ECE4880  @mrxguibase:1353
[17:28:26.126] [lua] table:0x1ECE4880  @mrxguibase:1353
[17:28:26.324] [lua] table:0x1ECE4880  @mrxguibase:1353
[17:28:26.332] [lua] table:0x1ECE4880  @mrxguibase:1353
[17:28:26.816] [lua] table:0x1ED72B80  @mrxguibase:1353
[17:28:27.027] [lua] table:0x1ED72B80  @mrxguibase:1353
[17:28:27.036] [lua] table:0x1ED72B80  @mrxguibase:1353
[17:28:27.271] [lua] table:0x1ED72B80  @mrxguibase:1353
[17:28:27.340] [lua] table:0x1ED72B80  @mrxguibase:1353
[17:28:27.348] [lua] table:0x1ED72B80  @mrxguibase:1353
[17:28:27.421] [lua] table:0x1ED72B80  @mrxguibase:1353
[17:28:27.428] [lua] table:0x1ED72B80  @mrxguibase:1353
[17:28:27.519] [lua] table:0x1ED72B80  @mrxguibase:1353
[17:28:27.584] [lua] table:0x1ED72B80  @mrxguibase:1353
[17:28:27.592] [lua] table:0x1ED72B80  @mrxguibase:1353
[17:28:27.661] [lua] table:0x1ED72B80  @mrxguibase:1353
[17:28:27.718] [lua] table:0x1F15CF60  @mrxguibase:1353
[17:28:27.744] [lua] table:0x1ED72B80  @mrxguibase:1353
[17:28:27.753] [lua] table:0x1ED72B80  @mrxguibase:1353
[17:28:27.831] [lua] table:0x1ED72B80  @mrxguibase:1353
[17:28:27.839] [lua] table:0x1ED72B80  @mrxguibase:1353
[17:28:27.862] [lua] table:0x1ED72B80  @mrxguibase:1353
[17:28:27.918] [lua] table:0x1ED72B80  @mrxguibase:1353
[17:28:27.926] [lua] table:0x1ED72B80  @mrxguibase:1353
[17:28:27.999] [lua] table:0x1ED72B80  @mrxguibase:1353
[17:28:28.071] [lua] table:0x1ED72B80  @mrxguibase:1353
[17:28:28.079] [lua] table:0x1ED72B80  @mrxguibase:1353
[17:28:28.160] [lua] table:0x1ED72B80  @mrxguibase:1353
[17:28:28.233] [lua] table:0x1ED72B80  @mrxguibase:1353
[17:28:28.240] [lua] table:0x1ED72B80  @mrxguibase:1353
[17:28:28.316] [lua] table:0x1ED72B80  @mrxguibase:1353
[17:28:28.324] [lua] table:0x1ED72B80  @mrxguibase:1353
[17:28:28.392] [lua] table:0x1ED72B80  @mrxguibase:1353
[17:28:28.399] [lua] table:0x1ED72B80  @mrxguibase:1353
[17:28:28.759] [lua] [dlc_skin] _ChangeOutfit ENTER uGuid=userdata: 40005A77 iIndex=15  @output/_scratch/skin_bytecode/wifpmcinterior.dlc10v9i.lua:1679
[17:28:28.772] [lua] [dlc_skin] _CompleteChangeOutfit sHero=mattias iIndex=15 model=pmc_hum_sarah  @output/_scratch/skin_bytecode/wifpmcinterior.dlc10v9i.lua:1690
[17:28:28.782] [lua] [dlc_skin] SetProfileCostume(14)  @output/_scratch/skin_bytecode/wifpmcinterior.dlc10v9i.lua:1691
[17:28:28.791] [lua] [dlc_skin] SetOutfit(uGuid, pmc_hum_sarah)  @output/_scratch/skin_bytecode/wifpmcinterior.dlc10v9i.lua:1693
[17:28:28.800] [lua] BLACKSCREEN - FadeFromColor called from hero.CleanupSurvival  @hero:325
[17:28:28.810] [lua] +++++++++++++++++++++++++++ Transfer Cleanup  @hero:566
[17:28:28.819] [lua] [dlc_skin] SetOutfit returned; arming ObjectIsReady 'awake'  @output/_scratch/skin_bytecode/wifpmcinterior.dlc10v9i.lua:1695
[17:28:28.874] [lua] +++++++++++++++++++++++++++ Transfer Activate  @hero:538
[17:28:28.884] [lua] [dlc_skin] ObjectIsReady 'awake' FIRED for model=pmc_hum_sarah; releasing WAITFORGAME  @output/_scratch/skin_bytecode/wifpmcinterior.dlc10v9i.lua:1707
[17:28:28.894] [lua] @@@@@@@@@@ MrxState.Exit: UNPAIRED EXIT to state STATE_WAITFORGAME  @mrxstate:447
[17:28:28.904] [lua] [dlc_skin] MrxState.Exit(WAITFORGAME) done; outfit change COMPLETE  @output/_scratch/skin_bytecode/wifpmcinterior.dlc10v9i.lua:1723
[17:28:28.918] [lua] [dlc_skin] _SetCustomOutfitMarker(true)  @output/_scratch/skin_bytecode/wifpmcinterior.dlc10v9i.lua:1526
[17:28:28.927] [lua] Enabling Custom Outfit...  @output/_scratch/skin_bytecode/wifpmcinterior.dlc10v9i.lua:1529
[17:28:28.970] [lua] table:0x1F15CF60  @mrxguibase:1353
[17:28:28.978] [lua] table:0x1F15CF60  @mrxguibase:1353
[17:28:28.989] [lua] table:0x1F15CF60  @mrxguibase:1353
[17:28:29.013] [lua] table:0x1F15CF60  @mrxguibase:1353
[17:28:30.165] [lua] table:0x1F15CF60  @mrxguibase:1353
[17:28:31.183] [lua] table:0x1F15CF60  @mrxguibase:1353
[17:28:31.735] [lua] table:0x1F1AC600  @mrxguibase:1353
[17:28:31.746] [lua] table:0x1F1AC880  @mrxguibase:1353
[17:28:31.772] [lua] table:0x1F1AC600  @mrxguibase:1353
[17:28:31.781] [lua] table:0x1F1AC880  @mrxguibase:1353
[17:28:31.817] [lua] table:0x1F1AC600  @mrxguibase:1353
[17:28:31.830] [lua] table:0x1F1AC880  @mrxguibase:1353
[17:28:31.873] [lua] table:0x1F1AC600  @mrxguibase:1353
[17:28:31.882] [lua] table:0x1F1AC880  @mrxguibase:1353
[17:28:31.917] [lua] table:0x1F1AC600  @mrxguibase:1353
[17:28:31.925] [lua] table:0x1F1AC880  @mrxguibase:1353
[17:28:31.995] [lua] table:0x1F1AC600  @mrxguibase:1353
[17:28:32.003] [lua] table:0x1F1AC880  @mrxguibase:1353
[17:28:32.044] [lua] table:0x1F1AC600  @mrxguibase:1353
[17:28:32.053] [lua] table:0x1F1AC880  @mrxguibase:1353
[17:28:32.080] [lua] table:0x1F1AC600  @mrxguibase:1353
[17:28:32.088] [lua] table:0x1F1AC880  @mrxguibase:1353
[17:28:32.116] [lua] table:0x1F1AC600  @mrxguibase:1353
[17:28:32.124] [lua] table:0x1F1AC880  @mrxguibase:1353
[17:28:32.160] [lua] table:0x1F1AC600  @mrxguibase:1353
[17:28:32.169] [lua] table:0x1F1AC880  @mrxguibase:1353
[17:28:32.666] [lua] table:0x1F1AC600  @mrxguibase:1353
[17:28:32.675] [lua] table:0x1F1AC880  @mrxguibase:1353
[17:28:32.713] [lua] table:0x1F1AC600  @mrxguibase:1353
[17:28:32.723] [lua] table:0x1F1AC880  @mrxguibase:1353
[17:28:32.854] [lua] table:0x1F1AC600  @mrxguibase:1353
[17:28:32.862] [lua] table:0x1F1AC880  @mrxguibase:1353
[17:28:32.900] [lua] table:0x1F1AC600  @mrxguibase:1353
[17:28:32.908] [lua] table:0x1F1AC880  @mrxguibase:1353
[17:28:32.954] [lua] table:0x1F1AC600  @mrxguibase:1353
[17:28:32.962] [lua] table:0x1F1AC880  @mrxguibase:1353
[17:28:33.004] [lua] table:0x1F1AC600  @mrxguibase:1353
[17:28:33.012] [lua] table:0x1F1AC880  @mrxguibase:1353
[17:28:33.056] [lua] table:0x1F1AC600  @mrxguibase:1353
[17:28:33.064] [lua] table:0x1F1AC880  @mrxguibase:1353
[17:28:33.102] [lua] table:0x1F1AC600  @mrxguibase:1353
[17:28:33.110] [lua] table:0x1F1AC880  @mrxguibase:1353
[17:28:33.148] [lua] table:0x1F1AC600  @mrxguibase:1353
[17:28:33.156] [lua] table:0x1F1AC880  @mrxguibase:1353
[17:28:33.198] [lua] table:0x1F1AC600  @mrxguibase:1353
[17:28:33.207] [lua] table:0x1F1AC880  @mrxguibase:1353
[17:28:33.245] [lua] table:0x1F1AC600  @mrxguibase:1353
[17:28:33.254] [lua] table:0x1F1AC880  @mrxguibase:1353
[17:28:33.302] [lua] table:0x1F1AC600  @mrxguibase:1353
[17:28:33.310] [lua] table:0x1F1AC880  @mrxguibase:1353
[17:28:33.352] [lua] table:0x1F1AC600  @mrxguibase:1353
[17:28:33.361] [lua] table:0x1F1AC880  @mrxguibase:1353
[17:28:33.397] [lua] table:0x1F1AC600  @mrxguibase:1353
[17:28:33.405] [lua] table:0x1F1AC880  @mrxguibase:1353
[17:28:33.456] [lua] table:0x1F1AC600  @mrxguibase:1353
[17:28:33.464] [lua] table:0x1F1AC880  @mrxguibase:1353
[17:28:33.507] [lua] table:0x1F1AC600  @mrxguibase:1353
[17:28:33.515] [lua] table:0x1F1AC880  @mrxguibase:1353
[17:28:33.559] [lua] table:0x1F1AC600  @mrxguibase:1353
[17:28:33.568] [lua] table:0x1F1AC880  @mrxguibase:1353
[17:28:33.615] [lua] table:0x1F1AC600  @mrxguibase:1353
[17:28:33.623] [lua] table:0x1F1AC880  @mrxguibase:1353
[17:28:33.668] [lua] table:0x1F1AC600  @mrxguibase:1353
[17:28:33.675] [lua] table:0x1F1AC880  @mrxguibase:1353
[17:28:33.715] [lua] table:0x1F1AC600  @mrxguibase:1353
[17:28:33.724] [lua] table:0x1F1AC880  @mrxguibase:1353
[17:28:33.764] [lua] table:0x1F1AC600  @mrxguibase:1353
[17:28:33.772] [lua] table:0x1F1AC880  @mrxguibase:1353
[17:28:33.811] [lua] table:0x1F1AC600  @mrxguibase:1353
[17:28:33.818] [lua] table:0x1F1AC880  @mrxguibase:1353
[17:28:33.872] [lua] table:0x1F1AC600  @mrxguibase:1353
[17:28:33.880] [lua] table:0x1F1AC880  @mrxguibase:1353
[17:28:33.917] [lua] table:0x1F1AC600  @mrxguibase:1353
[17:28:33.926] [lua] table:0x1F1AC880  @mrxguibase:1353
[17:28:33.965] [lua] table:0x1F1AC600  @mrxguibase:1353
[17:28:33.973] [lua] table:0x1F1AC880  @mrxguibase:1353
[17:28:34.018] [lua] table:0x1F1AC600  @mrxguibase:1353
[17:28:34.026] [lua] table:0x1F1AC880  @mrxguibase:1353
[17:28:34.064] [lua] table:0x1F1AC600  @mrxguibase:1353
[17:28:34.072] [lua] table:0x1F1AC880  @mrxguibase:1353
[17:28:34.112] [lua] table:0x1F1AC600  @mrxguibase:1353
[17:28:34.120] [lua] table:0x1F1AC880  @mrxguibase:1353
[17:28:34.161] [lua] table:0x1F1AC600  @mrxguibase:1353
[17:28:34.169] [lua] table:0x1F1AC880  @mrxguibase:1353
[17:28:34.206] [lua] table:0x1F1AC600  @mrxguibase:1353
[17:28:34.214] [lua] table:0x1F1AC880  @mrxguibase:1353
[17:28:34.251] [lua] table:0x1F1AC600  @mrxguibase:1353
[17:28:34.259] [lua] table:0x1F1AC880  @mrxguibase:1353
[17:28:34.299] [lua] table:0x1F1AC600  @mrxguibase:1353
[17:28:34.307] [lua] table:0x1F1AC880  @mrxguibase:1353
[17:28:34.348] [lua] table:0x1F1AC600  @mrxguibase:1353
[17:28:34.357] [lua] table:0x1F1AC880  @mrxguibase:1353
[17:28:34.390] [lua] table:0x1F1AC600  @mrxguibase:1353
[17:28:34.399] [lua] table:0x1F1AC880  @mrxguibase:1353
[17:28:34.432] [lua] table:0x1F1AC600  @mrxguibase:1353
[17:28:34.440] [lua] table:0x1F1AC880  @mrxguibase:1353
[17:28:34.473] [lua] table:0x1F1AC600  @mrxguibase:1353
[17:28:34.480] [lua] table:0x1F1AC880  @mrxguibase:1353
[17:28:34.514] [lua] table:0x1F1AC600  @mrxguibase:1353
[17:28:34.522] [lua] table:0x1F1AC880  @mrxguibase:1353
[17:28:34.555] [lua] table:0x1F1AC600  @mrxguibase:1353
[17:28:34.568] [lua] table:0x1F1AC880  @mrxguibase:1353
[17:28:34.604] [lua] table:0x1F1AC600  @mrxguibase:1353
[17:28:34.613] [lua] table:0x1F1AC880  @mrxguibase:1353
[17:28:34.648] [lua] table:0x1F1AC600  @mrxguibase:1353
[17:28:34.657] [lua] table:0x1F1AC880  @mrxguibase:1353
[17:28:34.692] [lua] table:0x1F1AC600  @mrxguibase:1353
[17:28:34.700] [lua] table:0x1F1AC880  @mrxguibase:1353
[17:28:34.733] [lua] table:0x1F1AC600  @mrxguibase:1353
[17:28:34.744] [lua] table:0x1F1AC880  @mrxguibase:1353
[17:28:34.779] [lua] table:0x1F1AC600  @mrxguibase:1353
[17:28:34.787] [lua] table:0x1F1AC880  @mrxguibase:1353
[17:28:34.819] [lua] table:0x1F1AC600  @mrxguibase:1353
[17:28:34.827] [lua] table:0x1F1AC880  @mrxguibase:1353
[17:28:34.870] [lua] table:0x1F1AC600  @mrxguibase:1353
[17:28:34.878] [lua] table:0x1F1AC880  @mrxguibase:1353
[17:28:34.912] [lua] table:0x1F1AC600  @mrxguibase:1353
[17:28:34.920] [lua] table:0x1F1AC880  @mrxguibase:1353
[17:28:34.952] [lua] table:0x1F1AC600  @mrxguibase:1353
[17:28:34.960] [lua] table:0x1F1AC880  @mrxguibase:1353
[17:28:34.992] [lua] table:0x1F1AC600  @mrxguibase:1353
[17:28:35.005] [lua] table:0x1F1AC880  @mrxguibase:1353
[17:28:35.039] [lua] table:0x1F1AC600  @mrxguibase:1353
[17:28:35.048] [lua] table:0x1F1AC880  @mrxguibase:1353
[17:28:35.611] [lua] table:0x1F1AC600  @mrxguibase:1353
[17:28:35.619] [lua] table:0x1F1AC880  @mrxguibase:1353
[17:28:35.652] [lua] table:0x1F1AC600  @mrxguibase:1353
[17:28:35.659] [lua] table:0x1F1AC880  @mrxguibase:1353
[17:28:35.693] [lua] table:0x1F1AC600  @mrxguibase:1353
[17:28:35.701] [lua] table:0x1F1AC880  @mrxguibase:1353
[17:28:35.742] [lua] table:0x1F1AC600  @mrxguibase:1353
[17:28:35.750] [lua] table:0x1F1AC880  @mrxguibase:1353
[17:28:35.784] [lua] table:0x1F1AC600  @mrxguibase:1353
[17:28:35.793] [lua] table:0x1F1AC880  @mrxguibase:1353
[17:28:35.828] [lua] table:0x1F1AC600  @mrxguibase:1353
[17:28:35.836] [lua] table:0x1F1AC880  @mrxguibase:1353
[17:28:35.876] [lua] table:0x1F1AC600  @mrxguibase:1353
[17:28:35.887] [lua] table:0x1F1AC880  @mrxguibase:1353
[17:28:35.923] [lua] table:0x1F1AC600  @mrxguibase:1353
[17:28:35.931] [lua] table:0x1F1AC880  @mrxguibase:1353
[17:28:35.965] [lua] table:0x1F1AC600  @mrxguibase:1353
[17:28:35.973] [lua] table:0x1F1AC880  @mrxguibase:1353
[17:28:36.012] [lua] table:0x1F1AC600  @mrxguibase:1353
[17:28:36.021] [lua] table:0x1F1AC880  @mrxguibase:1353
[17:28:36.058] [lua] table:0x1F1AC600  @mrxguibase:1353
[17:28:36.066] [lua] table:0x1F1AC880  @mrxguibase:1353
[17:28:36.102] [lua] table:0x1F1AC600  @mrxguibase:1353
[17:28:36.109] [lua] table:0x1F1AC880  @mrxguibase:1353
[17:28:36.144] [lua] table:0x1F1AC600  @mrxguibase:1353
[17:28:36.152] [lua] table:0x1F1AC880  @mrxguibase:1353
[17:28:36.190] [lua] table:0x1F1AC600  @mrxguibase:1353
[17:28:36.198] [lua] table:0x1F1AC880  @mrxguibase:1353
[17:28:36.233] [lua] table:0x1F1AC600  @mrxguibase:1353
[17:28:36.244] [lua] table:0x1F1AC880  @mrxguibase:1353
[17:28:36.280] [lua] table:0x1F1AC600  @mrxguibase:1353
[17:28:36.288] [lua] table:0x1F1AC880  @mrxguibase:1353
[17:28:36.322] [lua] table:0x1F1AC600  @mrxguibase:1353
[17:28:36.333] [lua] table:0x1F1AC880  @mrxguibase:1353
[17:28:36.370] [lua] table:0x1F1AC600  @mrxguibase:1353
[17:28:36.378] [lua] table:0x1F1AC880  @mrxguibase:1353
[17:28:36.413] [lua] table:0x1F1AC600  @mrxguibase:1353
[17:28:36.421] [lua] table:0x1F1AC880  @mrxguibase:1353
[17:28:36.456] [lua] table:0x1F1AC600  @mrxguibase:1353
[17:28:36.463] [lua] table:0x1F1AC880  @mrxguibase:1353
[17:28:36.540] [lua] table:0x1F1AC600  @mrxguibase:1353
[17:28:36.548] [lua] table:0x1F1AC880  @mrxguibase:1353
[17:28:36.583] [lua] table:0x1F1AC600  @mrxguibase:1353
[17:28:36.591] [lua] table:0x1F1AC880  @mrxguibase:1353
[17:28:36.627] [lua] table:0x1F1AC600  @mrxguibase:1353
[17:28:36.636] [lua] table:0x1F1AC880  @mrxguibase:1353
[17:28:36.680] [lua] table:0x1F1AC600  @mrxguibase:1353
[17:28:36.688] [lua] table:0x1F1AC880  @mrxguibase:1353
[17:28:36.729] [lua] table:0x1F1AC600  @mrxguibase:1353
[17:28:36.738] [lua] table:0x1F1AC880  @mrxguibase:1353
[17:28:36.775] [lua] table:0x1F1AC600  @mrxguibase:1353
[17:28:36.783] [lua] table:0x1F1AC880  @mrxguibase:1353
[17:28:36.819] [lua] table:0x1F1AC600  @mrxguibase:1353
[17:28:36.827] [lua] table:0x1F1AC880  @mrxguibase:1353
[17:28:36.864] [lua] table:0x1F1AC600  @mrxguibase:1353
[17:28:36.872] [lua] table:0x1F1AC880  @mrxguibase:1353
[17:28:36.906] [lua] table:0x1F1AC600  @mrxguibase:1353
[17:28:36.913] [lua] table:0x1F1AC880  @mrxguibase:1353
[17:28:36.953] [lua] table:0x1F1AC600  @mrxguibase:1353
[17:28:36.963] [lua] table:0x1F1AC880  @mrxguibase:1353
[17:28:37.014] [lua] table:0x1F1AC600  @mrxguibase:1353
[17:28:37.022] [lua] table:0x1F1AC880  @mrxguibase:1353
[17:28:37.056] [lua] table:0x1F1AC600  @mrxguibase:1353
[17:28:37.065] [lua] table:0x1F1AC880  @mrxguibase:1353
[17:28:37.098] [lua] table:0x1F1AC600  @mrxguibase:1353
[17:28:37.106] [lua] table:0x1F1AC880  @mrxguibase:1353
[17:28:37.139] [lua] table:0x1F1AC600  @mrxguibase:1353
[17:28:37.147] [lua] table:0x1F1AC880  @mrxguibase:1353
[17:28:37.180] [lua] table:0x1F1AC600  @mrxguibase:1353
[17:28:37.189] [lua] table:0x1F1AC880  @mrxguibase:1353
[17:28:37.223] [lua] table:0x1F1AC600  @mrxguibase:1353
[17:28:37.232] [lua] table:0x1F1AC880  @mrxguibase:1353
[17:28:37.270] [lua] table:0x1F1AC600  @mrxguibase:1353
[17:28:37.277] [lua] table:0x1F1AC880  @mrxguibase:1353
[17:28:37.316] [lua] table:0x1F1AC600  @mrxguibase:1353
[17:28:37.325] [lua] table:0x1F1AC880  @mrxguibase:1353
[17:28:37.366] [lua] table:0x1F1AC600  @mrxguibase:1353
[17:28:37.375] [lua] table:0x1F1AC880  @mrxguibase:1353
[17:28:37.413] [lua] table:0x1F1AC600  @mrxguibase:1353
[17:28:37.422] [lua] table:0x1F1AC880  @mrxguibase:1353
[17:28:37.454] [lua] table:0x1F1AC600  @mrxguibase:1353
[17:28:37.463] [lua] table:0x1F1AC880  @mrxguibase:1353
[17:28:37.501] [lua] table:0x1F1AC600  @mrxguibase:1353
[17:28:37.514] [lua] table:0x1F1AC880  @mrxguibase:1353
[17:28:37.554] [lua] table:0x1F1AC600  @mrxguibase:1353
[17:28:37.562] [lua] table:0x1F1AC880  @mrxguibase:1353
[17:28:37.598] [lua] table:0x1F1AC600  @mrxguibase:1353
[17:28:37.605] [lua] table:0x1F1AC880  @mrxguibase:1353
[17:28:37.641] [lua] table:0x1F1AC600  @mrxguibase:1353
[17:28:37.649] [lua] table:0x1F1AC880  @mrxguibase:1353
[17:28:37.685] [lua] table:0x1F1AC600  @mrxguibase:1353
[17:28:37.693] [lua] table:0x1F1AC880  @mrxguibase:1353
[17:28:37.729] [lua] table:0x1F1AC600  @mrxguibase:1353
[17:28:37.741] [lua] table:0x1F1AC880  @mrxguibase:1353
[17:28:37.775] [lua] table:0x1F1AC600  @mrxguibase:1353
[17:28:37.783] [lua] table:0x1F1AC880  @mrxguibase:1353
[17:28:37.818] [lua] table:0x1F1AC600  @mrxguibase:1353
[17:28:37.827] [lua] table:0x1F1AC880  @mrxguibase:1353
[17:28:37.862] [lua] table:0x1F1AC600  @mrxguibase:1353
[17:28:37.871] [lua] table:0x1F1AC880  @mrxguibase:1353
[17:28:37.915] [lua] table:0x1F1AC600  @mrxguibase:1353
[17:28:37.924] [lua] table:0x1F1AC880  @mrxguibase:1353
[17:28:37.957] [lua] table:0x1F1AC600  @mrxguibase:1353
[17:28:37.966] [lua] table:0x1F1AC880  @mrxguibase:1353
[17:28:37.999] [lua] table:0x1F1AC600  @mrxguibase:1353
[17:28:38.008] [lua] table:0x1F1AC880  @mrxguibase:1353
[17:28:38.041] [lua] table:0x1F1AC600  @mrxguibase:1353
[17:28:38.049] [lua] table:0x1F1AC880  @mrxguibase:1353
[17:28:38.086] [lua] table:0x1F1AC600  @mrxguibase:1353
[17:28:38.094] [lua] table:0x1F1AC880  @mrxguibase:1353
[17:28:38.131] [lua] table:0x1F1AC600  @mrxguibase:1353
[17:28:38.139] [lua] table:0x1F1AC880  @mrxguibase:1353
[17:28:38.173] [lua] table:0x1F1AC600  @mrxguibase:1353
[17:28:38.180] [lua] table:0x1F1AC880  @mrxguibase:1353
