[02:57:45.152] [blackbox] ============================================
[02:57:45.153] [blackbox]   Mercenaries 2: World in Flames
[02:57:45.153] [blackbox]   PMC Blackbox v0.4.3 (ASI Loader)
[02:57:45.153] [blackbox] ============================================
[02:57:45.153] [blackbox]   PID: 15496
[02:57:45.153] [blackbox]   SecuROM event: created (signaled)
[02:57:45.153] [blackbox] ============================================
[02:57:45.154] [crash] Crash handler armed (VEH + UnhandledExceptionFilter) — faults logged to source [crash].
[02:57:45.187] [lualog] Stripped-log capture installed: MinHook @0x006D5640 (shared print/Debug.Printf/subsystem stub). Watch sources [lua]/[world].
[02:57:45.187] [blackbox] Spawn validation flag set (0x00DFBD74 = 0x01)
[02:57:45.188] [blackbox] [ASI Loader]
[02:57:45.188] [blackbox]   Base: C:\Users\Shadow\Desktop\Mercenaries 2 World in Flames\
[02:57:45.269] [blackbox]   [LOADED] scripts\windowed_mode.asi
[02:57:45.269] [blackbox]   Summary: 1 loaded, 0 failed, 1 total
[02:57:45.353] [lualog] first stripped-log call intercepted — hook live (arg=0x1FFF7800)
[02:57:46.554] [lua] SoundShellBootstrap.Init  @mrxsoundshellbootstrap:18
[02:57:46.555] [world] >>> SoundShellBootstrap.Init  @mrxsoundshellbootstrap:18
[02:57:46.558] [lua] Top of ShellBootstrap::Init()  @shellbootstrap:98
[02:57:46.558] [world] >>> Top of ShellBootstrap::Init()  @shellbootstrap:98
[02:57:46.560] [lua] Attempting to play movie 1  @shellbootstrap:26
[02:57:46.563] [lua] Playing EA for -1 seconds...  @shellbootstrap:50
[02:57:46.594] [lua] MrxGuiCinematic._Hide  @mrxguicinematic:279
[02:57:47.377] [lua] Movie EA time up...  @shellbootstrap:53
[02:57:47.380] [lua] Attempting to play movie 2  @shellbootstrap:26
[02:57:47.383] [lua] Playing Pandemic for -1 seconds...  @shellbootstrap:50
[02:57:48.749] [lua] Movie Pandemic time up...  @shellbootstrap:53
[02:57:48.750] [lua] Attempting to play movie 3  @shellbootstrap:26
[02:57:48.752] [lua] All movies complete  @shellbootstrap:29
[02:57:48.752] [world] >>> All movies complete  @shellbootstrap:29
[02:57:48.754] [lua]  StartPrecache()  @shellbootstrap:85
[02:57:48.754] [world] >>>  StartPrecache()  @shellbootstrap:85
[02:57:48.787] [lua] Opening filename .\Data\Audios\vo_stream.english.pws with alias vo_stream.pws  @mrxsoundbanks:103
[02:57:48.790] [lua] Opening filename .\Data\Audios\music.pws with alias music.pws  @mrxsoundbanks:103
[02:57:48.792] [lua] Opening filename .\Data\Audios\ambience.pws with alias ambience.pws  @mrxsoundbanks:103
[02:57:48.795] [lua] Added request ui_shell, soundbank, true  @mrxsoundbanks:71
[02:57:48.798] [lua] Submitted request for ui_shell, soundbank with 1 submitted, 0 last index, and 1 outstanding  @mrxsoundbanks:66
[02:57:48.801] [lua] Added request ui_shell, wavebank, true  @mrxsoundbanks:71
[02:57:48.803] [lua] Submitted request for ui_shell, wavebank with 2 submitted, 0 last index, and 2 outstanding  @mrxsoundbanks:66
[02:57:48.806] [lua] Added request ui_hud, soundbank, true  @mrxsoundbanks:71
[02:57:48.808] [lua] Submitted request for ui_hud, soundbank with 3 submitted, 0 last index, and 3 outstanding  @mrxsoundbanks:66
[02:57:48.811] [lua] Added request ui_hud, wavebank, true  @mrxsoundbanks:71
[02:57:48.813] [lua] Submitted request for ui_hud, wavebank with 4 submitted, 0 last index, and 4 outstanding  @mrxsoundbanks:66
[02:57:48.815] [lua] Added request music, soundbank, true  @mrxsoundbanks:71
[02:57:48.817] [lua] Submitted request for music, soundbank with 5 submitted, 0 last index, and 5 outstanding  @mrxsoundbanks:66
[02:57:48.819] [lua] Added request music, wavebank, true  @mrxsoundbanks:71
[02:57:48.821] [lua] Submitted request for music, wavebank with 6 submitted, 0 last index, and 6 outstanding  @mrxsoundbanks:66
[02:57:49.305] [lua] AssetOpComplete: 6 submitted, 6 oustanding, 0 last added  @mrxsoundbanks:148
[02:57:49.309] [lua] AssetOpComplete: 5 submitted, 5 oustanding, 0 last added  @mrxsoundbanks:148
[02:57:49.384] [lua] AssetOpComplete: 4 submitted, 4 oustanding, 0 last added  @mrxsoundbanks:148
[02:57:49.387] [lua] AssetOpComplete: 3 submitted, 3 oustanding, 0 last added  @mrxsoundbanks:148
[02:57:49.620] [lua] AssetOpComplete: 2 submitted, 2 oustanding, 0 last added  @mrxsoundbanks:148
[02:57:49.624] [lua] AssetOpComplete: 1 submitted, 1 oustanding, 0 last added  @mrxsoundbanks:148
[02:57:49.628] [lua] AssetOp Batch Complete  @mrxsoundbanks:157
[02:57:49.631] [lua] Shell music started.  @mrxsound:41
[02:57:49.631] [world] >>> Shell music started.  @mrxsound:41
[02:58:16.986] [lua] true  @mrxguishell:966
[02:58:18.892] [lua] Added request ui_shell, soundbank, false  @mrxsoundbanks:71
[02:58:18.895] [lua] Submitted request for ui_shell, soundbank with 1 submitted, 0 last index, and 1 outstanding  @mrxsoundbanks:66
[02:58:18.899] [lua] Added request ui_shell, wavebank, false  @mrxsoundbanks:71
[02:58:18.903] [lua] Submitted request for ui_shell, wavebank with 2 submitted, 0 last index, and 2 outstanding  @mrxsoundbanks:66
[02:58:18.906] [lua] Added request ui_hud, soundbank, false  @mrxsoundbanks:71
[02:58:18.909] [lua] Submitted request for ui_hud, soundbank with 3 submitted, 0 last index, and 3 outstanding  @mrxsoundbanks:66
[02:58:18.913] [lua] Added request ui_hud, wavebank, false  @mrxsoundbanks:71
[02:58:18.916] [lua] Submitted request for ui_hud, wavebank with 4 submitted, 0 last index, and 4 outstanding  @mrxsoundbanks:66
[02:58:18.919] [lua] Added request music, soundbank, false  @mrxsoundbanks:71
[02:58:18.922] [lua] Submitted request for music, soundbank with 5 submitted, 0 last index, and 5 outstanding  @mrxsoundbanks:66
[02:58:18.925] [lua] Added request music, wavebank, false  @mrxsoundbanks:71
[02:58:18.928] [lua] Submitted request for music, wavebank with 6 submitted, 0 last index, and 6 outstanding  @mrxsoundbanks:66
[02:58:18.932] [lua] Shell exited  @mrxsound:37
[02:58:18.932] [world] >>> Shell exited  @mrxsound:37
[02:58:19.097] [lua] AssetOpComplete: 6 submitted, 6 oustanding, 0 last added  @mrxsoundbanks:148
[02:58:19.100] [lua] AssetOpComplete: 5 submitted, 5 oustanding, 0 last added  @mrxsoundbanks:148
[02:58:19.103] [lua] AssetOpComplete: 4 submitted, 4 oustanding, 0 last added  @mrxsoundbanks:148
[02:58:19.107] [lua] AssetOpComplete: 3 submitted, 3 oustanding, 0 last added  @mrxsoundbanks:148
[02:58:19.110] [lua] AssetOpComplete: 2 submitted, 2 oustanding, 0 last added  @mrxsoundbanks:148
[02:58:19.113] [lua] AssetOpComplete: 1 submitted, 1 oustanding, 0 last added  @mrxsoundbanks:148
[02:58:20.260] [lua] MrxSoundBootstrap.Init  @mrxsoundbootstrap:18
[02:58:20.264] [lua] Loading sound assets  @mrxsoundbootstrap:286
[02:58:20.267] [lua] Opening filename .\Data\Audios\vo_stream.english.pws with alias vo_stream.pws  @mrxsoundbanks:103
[02:58:20.271] [lua] Opening filename .\Data\Audios\music.pws with alias music.pws  @mrxsoundbanks:103
[02:58:20.274] [lua] Opening filename .\Data\Audios\ambience.pws with alias ambience.pws  @mrxsoundbanks:103
[02:58:20.278] [lua] Added request ambience, wavebank, true  @mrxsoundbanks:71
[02:58:20.281] [lua] Submitted request for ambience, wavebank with 1 submitted, 0 last index, and 1 outstanding  @mrxsoundbanks:66
[02:58:20.285] [lua] Added request ambience, soundbank, true  @mrxsoundbanks:71
[02:58:20.288] [lua] Submitted request for ambience, soundbank with 2 submitted, 0 last index, and 2 outstanding  @mrxsoundbanks:66
[02:58:20.292] [lua] Added request amb_birds, wavebank, true  @mrxsoundbanks:71
[02:58:20.295] [lua] Submitted request for amb_birds, wavebank with 3 submitted, 0 last index, and 3 outstanding  @mrxsoundbanks:66
[02:58:20.298] [lua] Added request amb_birds, soundbank, true  @mrxsoundbanks:71
[02:58:20.303] [lua] Submitted request for amb_birds, soundbank with 4 submitted, 0 last index, and 4 outstanding  @mrxsoundbanks:66
[02:58:20.307] [lua] Added request amb_shared, wavebank, true  @mrxsoundbanks:71
[02:58:20.311] [lua] Submitted request for amb_shared, wavebank with 5 submitted, 0 last index, and 5 outstanding  @mrxsoundbanks:66
[02:58:20.315] [lua] Added request collision_shared, wavebank, true  @mrxsoundbanks:71
[02:58:20.319] [lua] Submitted request for collision_shared, wavebank with 6 submitted, 0 last index, and 6 outstanding  @mrxsoundbanks:66
[02:58:20.322] [lua] Added request collision_shared, soundbank, true  @mrxsoundbanks:71
[02:58:20.328] [lua] Submitted request for collision_shared, soundbank with 7 submitted, 0 last index, and 7 outstanding  @mrxsoundbanks:66
[02:58:20.331] [lua] Added request destruction_shared, wavebank, true  @mrxsoundbanks:71
[02:58:20.334] [lua] Submitted request for destruction_shared, wavebank with 8 submitted, 0 last index, and 8 outstanding  @mrxsoundbanks:66
[02:58:20.337] [lua] Added request destruction_shared, soundbank, true  @mrxsoundbanks:71
[02:58:20.341] [lua] Submitted request for destruction_shared, soundbank with 9 submitted, 0 last index, and 9 outstanding  @mrxsoundbanks:66
[02:58:20.344] [lua] Added request fol_shared, wavebank, true  @mrxsoundbanks:71
[02:58:20.348] [lua] Submitted request for fol_shared, wavebank with 10 submitted, 0 last index, and 10 outstanding  @mrxsoundbanks:66
[02:58:20.351] [lua] Added request fol_shared, soundbank, true  @mrxsoundbanks:71
[02:58:20.354] [lua] Submitted request for fol_shared, soundbank with 11 submitted, 0 last index, and 11 outstanding  @mrxsoundbanks:66
[02:58:20.357] [lua] Added request veh_shared, soundbank, true  @mrxsoundbanks:71
[02:58:20.361] [lua] Submitted request for veh_shared, soundbank with 12 submitted, 0 last index, and 12 outstanding  @mrxsoundbanks:66
[02:58:20.365] [lua] Added request veh_shared, wavebank, true  @mrxsoundbanks:71
[02:58:20.368] [lua] Submitted request for veh_shared, wavebank with 13 submitted, 0 last index, and 13 outstanding  @mrxsoundbanks:66
[02:58:20.371] [lua] Added request wpn_shared, soundbank, true  @mrxsoundbanks:71
[02:58:20.375] [lua] Submitted request for wpn_shared, soundbank with 14 submitted, 0 last index, and 14 outstanding  @mrxsoundbanks:66
[02:58:20.378] [lua] Added request wpn_shared, wavebank, true  @mrxsoundbanks:71
[02:58:20.381] [lua] Submitted request for wpn_shared, wavebank with 15 submitted, 0 last index, and 15 outstanding  @mrxsoundbanks:66
[02:58:20.384] [lua] Added request building_destruct, soundbank, true  @mrxsoundbanks:71
[02:58:20.389] [lua] Submitted request for building_destruct, soundbank with 16 submitted, 0 last index, and 16 outstanding  @mrxsoundbanks:66
[02:58:20.393] [lua] Added request bulding_destruct, wavebank, true  @mrxsoundbanks:71
[02:58:20.396] [lua] Submitted request for bulding_destruct, wavebank with 17 submitted, 0 last index, and 17 outstanding  @mrxsoundbanks:66
[02:58:20.399] [lua] Added request veh_support, soundbank, true  @mrxsoundbanks:71
[02:58:20.402] [lua] Submitted request for veh_support, soundbank with 18 submitted, 0 last index, and 18 outstanding  @mrxsoundbanks:66
[02:58:20.407] [lua] Added request veh_support, wavebank, true  @mrxsoundbanks:71
[02:58:20.410] [lua] Submitted request for veh_support, wavebank with 19 submitted, 0 last index, and 19 outstanding  @mrxsoundbanks:66
[02:58:20.413] [lua] Added request music, soundbank, true  @mrxsoundbanks:71
[02:58:20.418] [lua] Submitted request for music, soundbank with 20 submitted, 0 last index, and 20 outstanding  @mrxsoundbanks:66
[02:58:20.421] [lua] Added request music, wavebank, true  @mrxsoundbanks:71
[02:58:20.425] [lua] Submitted request for music, wavebank with 21 submitted, 0 last index, and 21 outstanding  @mrxsoundbanks:66
[02:58:20.428] [lua] Added request ui_hud, wavebank, true  @mrxsoundbanks:71
[02:58:20.431] [lua] Submitted request for ui_hud, wavebank with 22 submitted, 0 last index, and 22 outstanding  @mrxsoundbanks:66
[02:58:20.434] [lua] Added request ui_hud, soundbank, true  @mrxsoundbanks:71
[02:58:20.437] [lua] Submitted request for ui_hud, soundbank with 23 submitted, 0 last index, and 23 outstanding  @mrxsoundbanks:66
[02:58:20.442] [lua] Added request vo_stream, wavebank, true  @mrxsoundbanks:71
[02:58:20.446] [lua] Submitted request for vo_stream.english, wavebank with 24 submitted, 0 last index, and 24 outstanding  @mrxsoundbanks:66
[02:58:20.449] [lua] Added request vo_mattias, soundbank, true  @mrxsoundbanks:71
[02:58:20.452] [lua] Submitted request for vo_mattias.english, soundbank with 25 submitted, 0 last index, and 25 outstanding  @mrxsoundbanks:66
[02:58:20.456] [lua] Added request vo_Chris, soundbank, true  @mrxsoundbanks:71
[02:58:20.459] [lua] Submitted request for vo_Chris.english, soundbank with 26 submitted, 0 last index, and 26 outstanding  @mrxsoundbanks:66
[02:58:20.462] [lua] Added request vo_carmona, soundbank, true  @mrxsoundbanks:71
[02:58:20.466] [lua] Submitted request for vo_carmona.english, soundbank with 27 submitted, 0 last index, and 27 outstanding  @mrxsoundbanks:66
[02:58:20.470] [lua] Added request vo_Jen, soundbank, true  @mrxsoundbanks:71
[02:58:20.473] [lua] Submitted request for vo_Jen.english, soundbank with 28 submitted, 0 last index, and 28 outstanding  @mrxsoundbanks:66
[02:58:20.476] [lua] Added request vo_Fiona, soundbank, true  @mrxsoundbanks:71
[02:58:20.480] [lua] Submitted request for vo_Fiona.english, soundbank with 29 submitted, 0 last index, and 29 outstanding  @mrxsoundbanks:66
[02:58:20.483] [lua] Added request vo_Ewan, soundbank, true  @mrxsoundbanks:71
[02:58:20.487] [lua] Submitted request for vo_Ewan.english, soundbank with 30 submitted, 0 last index, and 30 outstanding  @mrxsoundbanks:66
[02:58:20.490] [lua] Added request vo_Misha, soundbank, true  @mrxsoundbanks:71
[02:58:20.493] [lua] Submitted request for vo_Misha.english, soundbank with 31 submitted, 0 last index, and 31 outstanding  @mrxsoundbanks:66
[02:58:20.498] [lua] Added request vo_Misc, soundbank, true  @mrxsoundbanks:71
[02:58:20.501] [lua] Submitted request for vo_Misc.english, soundbank with 32 submitted, 0 last index, and 32 outstanding  @mrxsoundbanks:66
[02:58:20.504] [lua] Added request vo_alliedSoldier_01, soundbank, true  @mrxsoundbanks:71
[02:58:20.508] [lua] Submitted request for vo_alliedSoldier_01.english, soundbank with 33 submitted, 0 last index, and 33 outstanding  @mrxsoundbanks:66
[02:58:20.514] [lua] Added request vo_alliedSoldier_02, soundbank, true  @mrxsoundbanks:71
[02:58:20.517] [lua] Submitted request for vo_alliedSoldier_02.english, soundbank with 34 submitted, 0 last index, and 34 outstanding  @mrxsoundbanks:66
[02:58:20.521] [lua] Added request vo_alliedSoldier_black_03, soundbank, true  @mrxsoundbanks:71
[02:58:20.525] [lua] Submitted request for vo_alliedSoldier_black_03.english, soundbank with 35 submitted, 0 last index, and 35 outstanding  @mrxsoundbanks:66
[02:58:20.528] [lua] Added request vo_chinSoldier_01, soundbank, true  @mrxsoundbanks:71
[02:58:20.531] [lua] Submitted request for vo_chinSoldier_01.english, soundbank with 36 submitted, 0 last index, and 36 outstanding  @mrxsoundbanks:66
[02:58:20.537] [lua] Added request vo_chinSoldier_02, soundbank, true  @mrxsoundbanks:71
[02:58:20.541] [lua] Submitted request for vo_chinSoldier_02.english, soundbank with 37 submitted, 0 last index, and 37 outstanding  @mrxsoundbanks:66
[02:58:20.544] [lua] Added request vo_oc_merc_01, soundbank, true  @mrxsoundbanks:71
[02:58:20.547] [lua] Submitted request for vo_oc_merc_01.english, soundbank with 38 submitted, 0 last index, and 38 outstanding  @mrxsoundbanks:66
[02:58:20.551] [lua] Added request vo_oc_merc_02, soundbank, true  @mrxsoundbanks:71
[02:58:20.554] [lua] Submitted request for vo_oc_merc_02.english, soundbank with 39 submitted, 0 last index, and 39 outstanding  @mrxsoundbanks:66
[02:58:20.557] [lua] Added request vo_vzCiv_01, soundbank, true  @mrxsoundbanks:71
[02:58:20.561] [lua] Submitted request for vo_vzCiv_01.english, soundbank with 40 submitted, 0 last index, and 40 outstanding  @mrxsoundbanks:66
[02:58:20.564] [lua] Added request vo_vzCiv_02, soundbank, true  @mrxsoundbanks:71
[02:58:20.567] [lua] Submitted request for vo_vzCiv_02.english, soundbank with 41 submitted, 0 last index, and 41 outstanding  @mrxsoundbanks:66
[02:58:20.570] [lua] Added request vo_vzCiv_female_01, soundbank, true  @mrxsoundbanks:71
[02:58:20.574] [lua] Submitted request for vo_vzCiv_female_01.english, soundbank with 42 submitted, 0 last index, and 42 outstanding  @mrxsoundbanks:66
[02:58:20.578] [lua] Added request vo_vzCiv_female_02, soundbank, true  @mrxsoundbanks:71
[02:58:20.581] [lua] Submitted request for vo_vzCiv_female_02.english, soundbank with 43 submitted, 0 last index, and 43 outstanding  @mrxsoundbanks:66
[02:58:20.585] [lua] Added request vo_vzGurSoldier_01, soundbank, true  @mrxsoundbanks:71
[02:58:20.588] [lua] Submitted request for vo_vzGurSoldier_01.english, soundbank with 44 submitted, 0 last index, and 44 outstanding  @mrxsoundbanks:66
[02:58:20.592] [lua] Added request vo_vzGurSoldier_02, soundbank, true  @mrxsoundbanks:71
[02:58:20.594] [lua] Submitted request for vo_vzGurSoldier_02.english, soundbank with 45 submitted, 0 last index, and 45 outstanding  @mrxsoundbanks:66
[02:58:20.599] [lua] Added request vo_vzGurSoldier_female_01, soundbank, true  @mrxsoundbanks:71
[02:58:20.603] [lua] Submitted request for vo_vzGurSoldier_female_01.english, soundbank with 46 submitted, 0 last index, and 46 outstanding  @mrxsoundbanks:66
[02:58:20.604] [lua] Added request vo_vzSoldier_01, soundbank, true  @mrxsoundbanks:71
[02:58:20.611] [lua] Submitted request for vo_vzSoldier_01.english, soundbank with 47 submitted, 0 last index, and 47 outstanding  @mrxsoundbanks:66
[02:58:20.615] [lua] Added request vo_vzSoldier_02, soundbank, true  @mrxsoundbanks:71
[02:58:20.618] [lua] Submitted request for vo_vzSoldier_02.english, soundbank with 48 submitted, 0 last index, and 48 outstanding  @mrxsoundbanks:66
[02:58:20.621] [lua] Added request vo_pirate_01, soundbank, true  @mrxsoundbanks:71
[02:58:20.625] [lua] Submitted request for vo_pirate_01.english, soundbank with 49 submitted, 0 last index, and 49 outstanding  @mrxsoundbanks:66
[02:58:20.628] [lua] Added request vo_pirate_02, soundbank, true  @mrxsoundbanks:71
[02:58:20.631] [lua] Submitted request for vo_pirate_02.english, soundbank with 50 submitted, 0 last index, and 50 outstanding  @mrxsoundbanks:66
[02:58:20.634] [lua] Added request vo_pirate_female_01, soundbank, true  @mrxsoundbanks:71
[02:58:20.638] [lua] Submitted request for vo_pirate_female_01.english, soundbank with 51 submitted, 0 last index, and 51 outstanding  @mrxsoundbanks:66
[02:58:20.643] [lua] ##@ GameBootstrap - bailing because finished shell  @gamebootstrap:68
[02:58:20.643] [world] >>> ##@ GameBootstrap - bailing because finished shell  @gamebootstrap:68
[02:58:20.652] [lua] MrxGuiCinematic._Hide  @mrxguicinematic:279
[02:58:21.036] [lua] AssetOpComplete: 51 submitted, 51 oustanding, 0 last added  @mrxsoundbanks:148
[02:58:21.042] [lua] AssetOpComplete: 50 submitted, 50 oustanding, 0 last added  @mrxsoundbanks:148
[02:58:22.623] [lua] AssetOpComplete: 49 submitted, 49 oustanding, 0 last added  @mrxsoundbanks:148
[02:58:22.635] [lua] AssetOpComplete: 48 submitted, 48 oustanding, 0 last added  @mrxsoundbanks:148
[02:58:22.648] [lua] AssetOpComplete: 47 submitted, 47 oustanding, 0 last added  @mrxsoundbanks:148
[02:58:22.660] [lua] AssetOpComplete: 46 submitted, 46 oustanding, 0 last added  @mrxsoundbanks:148
[02:58:22.667] [lua] AssetOpComplete: 45 submitted, 45 oustanding, 0 last added  @mrxsoundbanks:148
[02:58:22.678] [lua] AssetOpComplete: 44 submitted, 44 oustanding, 0 last added  @mrxsoundbanks:148
[02:58:22.692] [lua] AssetOpComplete: 43 submitted, 43 oustanding, 0 last added  @mrxsoundbanks:148
[02:58:22.702] [lua] AssetOpComplete: 42 submitted, 42 oustanding, 0 last added  @mrxsoundbanks:148
[02:58:22.710] [lua] AssetOpComplete: 41 submitted, 41 oustanding, 0 last added  @mrxsoundbanks:148
[02:58:22.722] [lua] AssetOpComplete: 40 submitted, 40 oustanding, 0 last added  @mrxsoundbanks:148
[02:58:22.730] [lua] AssetOpComplete: 39 submitted, 39 oustanding, 0 last added  @mrxsoundbanks:148
[02:58:22.738] [lua] AssetOpComplete: 38 submitted, 38 oustanding, 0 last added  @mrxsoundbanks:148
[02:58:22.747] [lua] AssetOpComplete: 37 submitted, 37 oustanding, 0 last added  @mrxsoundbanks:148
[02:58:22.756] [lua] AssetOpComplete: 36 submitted, 36 oustanding, 0 last added  @mrxsoundbanks:148
[02:58:22.766] [lua] AssetOpComplete: 35 submitted, 35 oustanding, 0 last added  @mrxsoundbanks:148
[02:58:22.775] [lua] AssetOpComplete: 34 submitted, 34 oustanding, 0 last added  @mrxsoundbanks:148
[02:58:22.782] [lua] AssetOpComplete: 33 submitted, 33 oustanding, 0 last added  @mrxsoundbanks:148
[02:58:22.790] [lua] AssetOpComplete: 32 submitted, 32 oustanding, 0 last added  @mrxsoundbanks:148
[02:58:23.052] [lua] AssetOpComplete: 31 submitted, 31 oustanding, 0 last added  @mrxsoundbanks:148
[02:58:23.094] [lua] Loading vz level with vz masterscript  @levelbootstrap:16
[02:58:23.094] [world] >>> Loading vz level with vz masterscript  @levelbootstrap:16
[02:58:23.165] [lua] AssetOpComplete: 30 submitted, 30 oustanding, 0 last added  @mrxsoundbanks:148
[02:58:23.174] [lua] AssetOpComplete: 29 submitted, 29 oustanding, 0 last added  @mrxsoundbanks:148
[02:58:23.199] [lua] AssetOpComplete: 28 submitted, 28 oustanding, 0 last added  @mrxsoundbanks:148
[02:58:23.207] [lua] AssetOpComplete: 27 submitted, 27 oustanding, 0 last added  @mrxsoundbanks:148
[02:58:23.215] [lua] AssetOpComplete: 26 submitted, 26 oustanding, 0 last added  @mrxsoundbanks:148
[02:58:23.224] [lua] AssetOpComplete: 25 submitted, 25 oustanding, 0 last added  @mrxsoundbanks:148
[02:58:23.232] [lua] AssetOpComplete: 24 submitted, 24 oustanding, 0 last added  @mrxsoundbanks:148
[02:58:23.240] [lua] AssetOpComplete: 23 submitted, 23 oustanding, 0 last added  @mrxsoundbanks:148
[02:58:23.249] [lua] AssetOpComplete: 22 submitted, 22 oustanding, 0 last added  @mrxsoundbanks:148
[02:58:23.258] [lua] AssetOpComplete: 21 submitted, 21 oustanding, 0 last added  @mrxsoundbanks:148
[02:58:23.266] [lua] AssetOpComplete: 20 submitted, 20 oustanding, 0 last added  @mrxsoundbanks:148
[02:58:23.276] [lua] AssetOpComplete: 19 submitted, 19 oustanding, 0 last added  @mrxsoundbanks:148
[02:58:23.285] [lua] AssetOpComplete: 18 submitted, 18 oustanding, 0 last added  @mrxsoundbanks:148
[02:58:23.293] [lua] AssetOpComplete: 17 submitted, 17 oustanding, 0 last added  @mrxsoundbanks:148
[02:58:23.302] [lua] AssetOpComplete: 16 submitted, 16 oustanding, 0 last added  @mrxsoundbanks:148
[02:58:23.311] [lua] AssetOpComplete: 15 submitted, 15 oustanding, 0 last added  @mrxsoundbanks:148
[02:58:23.320] [lua] AssetOpComplete: 14 submitted, 14 oustanding, 0 last added  @mrxsoundbanks:148
[02:58:23.329] [lua] AssetOpComplete: 13 submitted, 13 oustanding, 0 last added  @mrxsoundbanks:148
[02:58:23.337] [lua] AssetOpComplete: 12 submitted, 12 oustanding, 0 last added  @mrxsoundbanks:148
[02:58:23.346] [lua] AssetOpComplete: 11 submitted, 11 oustanding, 0 last added  @mrxsoundbanks:148
[02:58:23.354] [lua] AssetOpComplete: 10 submitted, 10 oustanding, 0 last added  @mrxsoundbanks:148
[02:58:23.362] [lua] AssetOpComplete: 9 submitted, 9 oustanding, 0 last added  @mrxsoundbanks:148
[02:58:23.372] [lua] AssetOpComplete: 8 submitted, 8 oustanding, 0 last added  @mrxsoundbanks:148
[02:58:23.384] [lua] AssetOpComplete: 7 submitted, 7 oustanding, 0 last added  @mrxsoundbanks:148
[02:58:23.393] [lua] AssetOpComplete: 6 submitted, 6 oustanding, 0 last added  @mrxsoundbanks:148
[02:58:23.401] [lua] AssetOpComplete: 5 submitted, 5 oustanding, 0 last added  @mrxsoundbanks:148
[02:58:23.411] [lua] AssetOpComplete: 4 submitted, 4 oustanding, 0 last added  @mrxsoundbanks:148
[02:58:23.420] [lua] AssetOpComplete: 3 submitted, 3 oustanding, 0 last added  @mrxsoundbanks:148
[02:58:23.428] [lua] AssetOpComplete: 2 submitted, 2 oustanding, 0 last added  @mrxsoundbanks:148
[02:58:23.436] [lua] AssetOpComplete: 1 submitted, 1 oustanding, 0 last added  @mrxsoundbanks:148
[02:58:23.451] [lua] JC2SPORTSCAR: reward row added to _tRewards (Pmc)  @output/mrxrewarddata_edited.lua:1941
[02:58:23.465] [lua] true  @output/mrxrewarddata_edited.lua:1441
[02:58:23.474] [lua] true  @output/mrxrewarddata_edited.lua:1471
[02:58:23.481] [lua] true  @output/mrxrewarddata_edited.lua:1441
[02:58:23.488] [lua] true  @output/mrxrewarddata_edited.lua:1441
[02:58:23.495] [lua] true  @output/mrxrewarddata_edited.lua:1471
[02:58:23.504] [lua] true  @output/mrxrewarddata_edited.lua:1441
[02:58:23.511] [lua] true  @output/mrxrewarddata_edited.lua:1441
[02:58:23.519] [lua] true  @output/mrxrewarddata_edited.lua:1471
[02:58:23.527] [lua] true  @output/mrxrewarddata_edited.lua:1471
[02:58:23.534] [lua] true  @output/mrxrewarddata_edited.lua:1441
[02:58:23.541] [lua] true  @output/mrxrewarddata_edited.lua:1471
[02:58:23.548] [lua] true  @output/mrxrewarddata_edited.lua:1441
[02:58:23.556] [lua] true  @output/mrxrewarddata_edited.lua:1441
[02:58:23.563] [lua] true  @output/mrxrewarddata_edited.lua:1441
[02:58:23.572] [lua] true  @output/mrxrewarddata_edited.lua:1441
[02:58:23.580] [lua] true  @output/mrxrewarddata_edited.lua:1441
[02:58:23.587] [lua] true  @output/mrxrewarddata_edited.lua:1441
[02:58:23.594] [lua] true  @output/mrxrewarddata_edited.lua:1441
[02:58:23.601] [lua] true  @output/mrxrewarddata_edited.lua:1441
[02:58:23.609] [lua] true  @output/mrxrewarddata_edited.lua:1441
[02:58:23.616] [lua] true  @output/mrxrewarddata_edited.lua:1441
[02:58:23.623] [lua] true  @output/mrxrewarddata_edited.lua:1441
[02:58:23.634] [lua] true  @output/mrxrewarddata_edited.lua:1441
[02:58:23.641] [lua] true  @output/mrxrewarddata_edited.lua:1441
[02:58:23.649] [lua] true  @output/mrxrewarddata_edited.lua:1441
[02:58:23.656] [lua] true  @output/mrxrewarddata_edited.lua:1441
[02:58:23.664] [lua] true  @output/mrxrewarddata_edited.lua:1441
[02:58:23.671] [lua] true  @output/mrxrewarddata_edited.lua:1441
[02:58:23.679] [lua] true  @output/mrxrewarddata_edited.lua:1471
[02:58:23.686] [lua] true  @output/mrxrewarddata_edited.lua:1441
[02:58:23.693] [lua] true  @output/mrxrewarddata_edited.lua:1441
[02:58:23.700] [lua] true  @output/mrxrewarddata_edited.lua:1441
[02:58:23.707] [lua] true  @output/mrxrewarddata_edited.lua:1441
[02:58:23.714] [lua] true  @output/mrxrewarddata_edited.lua:1441
[02:58:23.721] [lua] true  @output/mrxrewarddata_edited.lua:1456
[02:58:23.728] [lua] true  @output/mrxrewarddata_edited.lua:1441
[02:58:23.736] [lua] true  @output/mrxrewarddata_edited.lua:1441
[02:58:23.743] [lua] true  @output/mrxrewarddata_edited.lua:1441
[02:58:23.751] [lua] true  @output/mrxrewarddata_edited.lua:1456
[02:58:23.757] [lua] true  @output/mrxrewarddata_edited.lua:1471
[02:58:23.765] [lua] true  @output/mrxrewarddata_edited.lua:1471
[02:58:23.773] [lua] true  @output/mrxrewarddata_edited.lua:1441
[02:58:23.780] [lua] true  @output/mrxrewarddata_edited.lua:1471
[02:58:23.787] [lua] true  @output/mrxrewarddata_edited.lua:1441
[02:58:23.794] [lua] true  @output/mrxrewarddata_edited.lua:1441
[02:58:23.801] [lua] true  @output/mrxrewarddata_edited.lua:1441
[02:58:23.810] [lua] true  @output/mrxrewarddata_edited.lua:1471
[02:58:23.817] [lua] true  @output/mrxrewarddata_edited.lua:1441
[02:58:23.825] [lua] true  @output/mrxrewarddata_edited.lua:1441
[02:58:23.832] [lua] true  @output/mrxrewarddata_edited.lua:1441
[02:58:23.839] [lua] true  @output/mrxrewarddata_edited.lua:1456
[02:58:23.846] [lua] true  @output/mrxrewarddata_edited.lua:1441
[02:58:23.853] [lua] true  @output/mrxrewarddata_edited.lua:1471
[02:58:23.860] [lua] true  @output/mrxrewarddata_edited.lua:1441
[02:58:23.867] [lua] true  @output/mrxrewarddata_edited.lua:1441
[02:58:23.874] [lua] true  @output/mrxrewarddata_edited.lua:1441
[02:58:23.881] [lua] true  @output/mrxrewarddata_edited.lua:1441
[02:58:23.889] [lua] true  @output/mrxrewarddata_edited.lua:1441
[02:58:23.895] [lua] true  @output/mrxrewarddata_edited.lua:1471
[02:58:23.906] [lua] true  @output/mrxrewarddata_edited.lua:1441
[02:58:23.914] [lua] true  @output/mrxrewarddata_edited.lua:1441
[02:58:23.921] [lua] true  @output/mrxrewarddata_edited.lua:1441
[02:58:23.928] [lua] true  @output/mrxrewarddata_edited.lua:1456
[02:58:23.939] [lua] true  @output/mrxrewarddata_edited.lua:1441
[02:58:23.947] [lua] true  @output/mrxrewarddata_edited.lua:1441
[02:58:23.954] [lua] true  @output/mrxrewarddata_edited.lua:1441
[02:58:23.961] [lua] true  @output/mrxrewarddata_edited.lua:1441
[02:58:23.968] [lua] true  @output/mrxrewarddata_edited.lua:1441
[02:58:23.975] [lua] true  @output/mrxrewarddata_edited.lua:1441
[02:58:23.982] [lua] true  @output/mrxrewarddata_edited.lua:1471
[02:58:23.989] [lua] true  @output/mrxrewarddata_edited.lua:1441
[02:58:23.996] [lua] true  @output/mrxrewarddata_edited.lua:1441
[02:58:24.003] [lua] true  @output/mrxrewarddata_edited.lua:1441
[02:58:24.010] [lua] true  @output/mrxrewarddata_edited.lua:1441
[02:58:24.018] [lua] true  @output/mrxrewarddata_edited.lua:1471
[02:58:24.025] [lua] true  @output/mrxrewarddata_edited.lua:1441
[02:58:24.032] [lua] true  @output/mrxrewarddata_edited.lua:1441
[02:58:24.039] [lua] true  @output/mrxrewarddata_edited.lua:1441
[02:58:24.047] [lua] true  @output/mrxrewarddata_edited.lua:1456
[02:58:24.055] [lua] true  @output/mrxrewarddata_edited.lua:1471
[02:58:24.062] [lua] true  @output/mrxrewarddata_edited.lua:1471
[02:58:24.069] [lua] true  @output/mrxrewarddata_edited.lua:1471
[02:58:24.077] [lua] true  @output/mrxrewarddata_edited.lua:1441
[02:58:24.084] [lua] true  @output/mrxrewarddata_edited.lua:1441
[02:58:24.095] [lua] true  @output/mrxrewarddata_edited.lua:1441
[02:58:24.106] [lua] true  @output/mrxrewarddata_edited.lua:1471
[02:58:24.115] [lua] true  @output/mrxrewarddata_edited.lua:1441
[02:58:24.123] [lua] true  @output/mrxrewarddata_edited.lua:1441
[02:58:24.132] [lua] true  @output/mrxrewarddata_edited.lua:1441
[02:58:24.143] [lua] true  @output/mrxrewarddata_edited.lua:1456
[02:58:24.150] [lua] true  @output/mrxrewarddata_edited.lua:1441
[02:58:24.157] [lua] true  @output/mrxrewarddata_edited.lua:1441
[02:58:24.164] [lua] true  @output/mrxrewarddata_edited.lua:1441
[02:58:24.172] [lua] true  @output/mrxrewarddata_edited.lua:1441
[02:58:24.180] [lua] true  @output/mrxrewarddata_edited.lua:1456
[02:58:24.187] [lua] true  @output/mrxrewarddata_edited.lua:1441
[02:58:24.194] [lua] true  @output/mrxrewarddata_edited.lua:1441
[02:58:24.201] [lua] true  @output/mrxrewarddata_edited.lua:1441
[02:58:24.208] [lua] true  @output/mrxrewarddata_edited.lua:1441
[02:58:24.219] [lua] true  @output/mrxrewarddata_edited.lua:1441
[02:58:24.231] [lua] true  @output/mrxrewarddata_edited.lua:1441
[02:58:24.242] [lua] true  @output/mrxrewarddata_edited.lua:1441
[02:58:24.252] [lua] true  @output/mrxrewarddata_edited.lua:1441
[02:58:24.259] [lua] true  @output/mrxrewarddata_edited.lua:1441
[02:58:24.266] [lua] true  @output/mrxrewarddata_edited.lua:1441
[02:58:24.273] [lua] true  @output/mrxrewarddata_edited.lua:1441
[02:58:24.281] [lua] true  @output/mrxrewarddata_edited.lua:1441
[02:58:24.289] [lua] true  @output/mrxrewarddata_edited.lua:1441
[02:58:24.296] [lua] true  @output/mrxrewarddata_edited.lua:1441
[02:58:24.304] [lua] true  @output/mrxrewarddata_edited.lua:1441
[02:58:24.311] [lua] true  @output/mrxrewarddata_edited.lua:1441
[02:58:24.322] [lua] true  @output/mrxrewarddata_edited.lua:1441
[02:58:24.331] [lua] true  @output/mrxrewarddata_edited.lua:1441
[02:58:24.338] [lua] true  @output/mrxrewarddata_edited.lua:1441
[02:58:24.346] [lua] true  @output/mrxrewarddata_edited.lua:1441
[02:58:24.353] [lua] true  @output/mrxrewarddata_edited.lua:1441
[02:58:24.360] [lua] true  @output/mrxrewarddata_edited.lua:1441
[02:58:24.367] [lua] true  @output/mrxrewarddata_edited.lua:1441
[02:58:24.375] [lua] true  @output/mrxrewarddata_edited.lua:1441
[02:58:24.382] [lua] true  @output/mrxrewarddata_edited.lua:1441
[02:58:24.389] [lua] true  @output/mrxrewarddata_edited.lua:1441
[02:58:24.396] [lua] true  @output/mrxrewarddata_edited.lua:1441
[02:58:24.403] [lua] true  @output/mrxrewarddata_edited.lua:1441
[02:58:24.411] [lua] true  @output/mrxrewarddata_edited.lua:1441
[02:58:24.417] [lua] true  @output/mrxrewarddata_edited.lua:1441
[02:58:24.425] [lua] true  @output/mrxrewarddata_edited.lua:1441
[02:58:24.432] [lua] true  @output/mrxrewarddata_edited.lua:1441
[02:58:24.439] [lua] true  @output/mrxrewarddata_edited.lua:1441
[02:58:24.446] [lua] true  @output/mrxrewarddata_edited.lua:1441
[02:58:24.453] [lua] true  @output/mrxrewarddata_edited.lua:1471
[02:58:24.463] [lua] true  @output/mrxrewarddata_edited.lua:1441
[02:58:24.470] [lua] true  @output/mrxrewarddata_edited.lua:1471
[02:58:24.477] [lua] true  @output/mrxrewarddata_edited.lua:1441
[02:58:24.483] [lua] true  @output/mrxrewarddata_edited.lua:1441
[02:58:24.491] [lua] true  @output/mrxrewarddata_edited.lua:1471
[02:58:24.499] [lua] true  @output/mrxrewarddata_edited.lua:1471
[02:58:24.506] [lua] true  @output/mrxrewarddata_edited.lua:1471
[02:58:24.513] [lua] true  @output/mrxrewarddata_edited.lua:1471
[02:58:24.525] [lua] true  @output/mrxrewarddata_edited.lua:1471
[02:58:24.532] [lua] true  @output/mrxrewarddata_edited.lua:1441
[02:58:24.540] [lua] true  @output/mrxrewarddata_edited.lua:1441
[02:58:24.547] [lua] true  @output/mrxrewarddata_edited.lua:1471
[02:58:24.554] [lua] true  @output/mrxrewarddata_edited.lua:1441
[02:58:24.561] [lua] true  @output/mrxrewarddata_edited.lua:1441
[02:58:24.569] [lua] true  @output/mrxrewarddata_edited.lua:1441
[02:58:24.576] [lua] true  @output/mrxrewarddata_edited.lua:1471
[02:58:24.586] [lua] true  @output/mrxrewarddata_edited.lua:1471
[02:58:24.595] [lua] true  @output/mrxrewarddata_edited.lua:1441
[02:58:24.602] [lua] true  @output/mrxrewarddata_edited.lua:1441
[02:58:24.610] [lua] true  @output/mrxrewarddata_edited.lua:1456
[02:58:24.617] [lua] true  @output/mrxrewarddata_edited.lua:1441
[02:58:24.624] [lua] true  @output/mrxrewarddata_edited.lua:1471
[02:58:24.631] [lua] true  @output/mrxrewarddata_edited.lua:1441
[02:58:24.638] [lua] true  @output/mrxrewarddata_edited.lua:1441
[02:58:24.645] [lua] true  @output/mrxrewarddata_edited.lua:1441
[02:58:24.654] [lua] true  @output/mrxrewarddata_edited.lua:1441
[02:58:24.662] [lua] true  @output/mrxrewarddata_edited.lua:1441
[02:58:24.670] [lua] true  @output/mrxrewarddata_edited.lua:1471
[02:58:24.678] [lua] true  @output/mrxrewarddata_edited.lua:1471
[02:58:24.685] [lua] true  @output/mrxrewarddata_edited.lua:1471
[02:58:24.693] [lua] true  @output/mrxrewarddata_edited.lua:1471
[02:58:24.701] [lua] true  @output/mrxrewarddata_edited.lua:1471
[02:58:24.708] [lua] true  @output/mrxrewarddata_edited.lua:1441
[02:58:24.717] [lua] true  @output/mrxrewarddata_edited.lua:1471
[02:58:24.724] [lua] true  @output/mrxrewarddata_edited.lua:1441
[02:58:24.731] [lua] true  @output/mrxrewarddata_edited.lua:1441
[02:58:24.738] [lua] true  @output/mrxrewarddata_edited.lua:1441
[02:58:24.745] [lua] true  @output/mrxrewarddata_edited.lua:1441
[02:58:24.758] [lua] true  @output/mrxrewarddata_edited.lua:1441
[02:58:24.765] [lua] true  @output/mrxrewarddata_edited.lua:1456
[02:58:24.773] [lua] true  @output/mrxrewarddata_edited.lua:1441
[02:58:24.781] [lua] true  @output/mrxrewarddata_edited.lua:1441
[02:58:24.788] [lua] true  @output/mrxrewarddata_edited.lua:1441
[02:58:24.795] [lua] true  @output/mrxrewarddata_edited.lua:1471
[02:58:24.801] [lua] true  @output/mrxrewarddata_edited.lua:1471
[02:58:24.809] [lua] true  @output/mrxrewarddata_edited.lua:1471
[02:58:24.816] [lua] true  @output/mrxrewarddata_edited.lua:1471
[02:58:24.823] [lua] true  @output/mrxrewarddata_edited.lua:1441
[02:58:24.835] [lua] true  @output/mrxrewarddata_edited.lua:1441
[02:58:24.841] [lua] true  @output/mrxrewarddata_edited.lua:1441
[02:58:24.850] [lua] true  @output/mrxrewarddata_edited.lua:1441
[02:58:24.858] [lua] true  @output/mrxrewarddata_edited.lua:1441
[02:58:24.870] [lua] true  @output/mrxrewarddata_edited.lua:1441
[02:58:24.877] [lua] true  @output/mrxrewarddata_edited.lua:1441
[02:58:24.884] [lua] true  @output/mrxrewarddata_edited.lua:1471
[02:58:24.891] [lua] true  @output/mrxrewarddata_edited.lua:1441
[02:58:24.898] [lua] true  @output/mrxrewarddata_edited.lua:1441
[02:58:24.905] [lua] true  @output/mrxrewarddata_edited.lua:1441
[02:58:24.912] [lua] true  @output/mrxrewarddata_edited.lua:1456
[02:58:24.920] [lua] true  @output/mrxrewarddata_edited.lua:1441
[02:58:24.927] [lua] true  @output/mrxrewarddata_edited.lua:1441
[02:58:24.935] [lua] true  @output/mrxrewarddata_edited.lua:1441
[02:58:24.943] [lua] true  @output/mrxrewarddata_edited.lua:1456
[02:58:24.950] [lua] true  @output/mrxrewarddata_edited.lua:1471
[02:58:24.958] [lua] true  @output/mrxrewarddata_edited.lua:1441
[02:58:24.966] [lua] true  @output/mrxrewarddata_edited.lua:1441
[02:58:24.975] [lua] true  @output/mrxrewarddata_edited.lua:1441
[02:58:24.983] [lua] true  @output/mrxrewarddata_edited.lua:1441
[02:58:24.990] [lua] true  @output/mrxrewarddata_edited.lua:1441
[02:58:24.997] [lua] true  @output/mrxrewarddata_edited.lua:1456
[02:58:25.004] [lua] true  @output/mrxrewarddata_edited.lua:1471
[02:58:25.011] [lua] true  @output/mrxrewarddata_edited.lua:1441
[02:58:25.020] [lua] true  @output/mrxrewarddata_edited.lua:1441
[02:58:25.028] [lua] true  @output/mrxrewarddata_edited.lua:1456
[02:58:25.036] [lua] true  @output/mrxrewarddata_edited.lua:1441
[02:58:25.043] [lua] true  @output/mrxrewarddata_edited.lua:1441
[02:58:25.050] [lua] true  @output/mrxrewarddata_edited.lua:1456
[02:58:25.057] [lua] true  @output/mrxrewarddata_edited.lua:1441
[02:58:25.064] [lua] true  @output/mrxrewarddata_edited.lua:1471
[02:58:25.071] [lua] true  @output/mrxrewarddata_edited.lua:1441
[02:58:25.078] [lua] true  @output/mrxrewarddata_edited.lua:1471
[02:58:25.084] [lua] true  @output/mrxrewarddata_edited.lua:1471
[02:58:25.093] [lua] Shop - Generating Global ShopList...  @mrxshop:39
[02:58:25.102] [lua] creating player 0  @mrxplayer:149
[02:58:25.111] [lua] creating player 1  @mrxplayer:149
[02:58:25.119] [lua] Careless is set to nil  @mrxsupportdelivery:163
[02:58:25.133] [lua] Careless is set to true  @mrxsupportdelivery:163
[02:58:25.142] [lua] Careless is set to nil  @mrxsupportdelivery:163
[02:58:25.151] [lua] Careless is set to true  @mrxsupportdelivery:163
[02:58:25.160] [lua] Careless is set to nil  @mrxsupportdelivery:163
[02:58:25.169] [lua] Careless is set to true  @mrxsupportdelivery:163
[02:58:25.179] [lua] Careless is set to nil  @mrxsupportdelivery:163
[02:58:25.187] [lua] Careless is set to true  @mrxsupportdelivery:163
[02:58:25.196] [lua] Careless is set to nil  @mrxsupportdelivery:163
[02:58:25.205] [lua] Careless is set to nil  @mrxsupportdelivery:163
[02:58:25.213] [lua] Careless is set to nil  @mrxsupportdelivery:163
[02:58:25.222] [lua] Careless is set to nil  @mrxsupportdelivery:163
[02:58:25.230] [lua] Careless is set to true  @mrxsupportdelivery:163
[02:58:25.239] [lua] Careless is set to nil  @mrxsupportdelivery:163
[02:58:25.248] [lua] Careless is set to true  @mrxsupportdelivery:163
[02:58:25.256] [lua] Careless is set to nil  @mrxsupportdelivery:163
[02:58:25.265] [lua] Careless is set to nil  @mrxsupportdelivery:163
[02:58:25.274] [lua] Careless is set to true  @mrxsupportdelivery:163
[02:58:25.287] [lua] Careless is set to nil  @mrxsupportdelivery:163
[02:58:25.298] [lua] Careless is set to nil  @mrxsupportdelivery:163
[02:58:25.307] [lua] Careless is set to nil  @mrxsupportdelivery:163
[02:58:25.316] [lua] Careless is set to true  @mrxsupportdelivery:163
[02:58:25.325] [lua] Careless is set to nil  @mrxsupportdelivery:163
[02:58:25.333] [lua] Careless is set to true  @mrxsupportdelivery:163
[02:58:25.342] [lua] Careless is set to nil  @mrxsupportdelivery:163
[02:58:25.350] [lua] Careless is set to nil  @mrxsupportdelivery:163
[02:58:25.359] [lua] Careless is set to true  @mrxsupportdelivery:163
[02:58:25.367] [lua] Careless is set to nil  @mrxsupportdelivery:163
[02:58:25.376] [lua] Careless is set to true  @mrxsupportdelivery:163
[02:58:25.386] [lua] Careless is set to true  @mrxsupportdelivery:163
[02:58:25.395] [lua] Careless is set to nil  @mrxsupportdelivery:163
[02:58:25.404] [lua] Careless is set to nil  @mrxsupportdelivery:163
[02:58:25.413] [lua] Careless is set to nil  @mrxsupportdelivery:163
[02:58:25.422] [lua] Careless is set to nil  @mrxsupportdelivery:163
[02:58:25.430] [lua] Careless is set to true  @mrxsupportdelivery:163
[02:58:25.439] [lua] Careless is set to nil  @mrxsupportdelivery:163
[02:58:25.447] [lua] Careless is set to true  @mrxsupportdelivery:163
[02:58:25.457] [lua] Careless is set to nil  @mrxsupportdelivery:163
[02:58:25.466] [lua] Careless is set to true  @mrxsupportdelivery:163
[02:58:25.475] [lua] Careless is set to nil  @mrxsupportdelivery:163
[02:58:25.483] [lua] Careless is set to nil  @mrxsupportdelivery:163
[02:58:25.491] [lua] Careless is set to nil  @mrxsupportdelivery:163
[02:58:25.501] [lua] Careless is set to nil  @mrxsupportdelivery:163
[02:58:25.511] [lua] Careless is set to nil  @mrxsupportdelivery:163
[02:58:25.519] [lua] Careless is set to nil  @mrxsupportdelivery:163
[02:58:25.530] [lua] Careless is set to true  @mrxsupportdelivery:163
[02:58:25.539] [lua] Careless is set to nil  @mrxsupportdelivery:163
[02:58:25.548] [lua] Careless is set to nil  @mrxsupportdelivery:163
[02:58:25.556] [lua] Careless is set to nil  @mrxsupportdelivery:163
[02:58:25.564] [lua] Careless is set to nil  @mrxsupportdelivery:163
[02:58:25.574] [lua] Careless is set to nil  @mrxsupportdelivery:163
[02:58:25.583] [lua] Careless is set to nil  @mrxsupportdelivery:163
[02:58:25.592] [lua] Careless is set to nil  @mrxsupportdelivery:163
[02:58:25.601] [lua] Careless is set to nil  @mrxsupportdelivery:163
[02:58:25.611] [lua] Careless is set to true  @mrxsupportdelivery:163
[02:58:25.623] [lua] Careless is set to nil  @mrxsupportdelivery:163
[02:58:25.631] [lua] Careless is set to nil  @mrxsupportdelivery:163
[02:58:25.640] [lua] Careless is set to nil  @mrxsupportdelivery:163
[02:58:25.649] [lua] Careless is set to nil  @mrxsupportdelivery:163
[02:58:25.657] [lua] Careless is set to nil  @mrxsupportdelivery:163
[02:58:25.667] [lua] Careless is set to nil  @mrxsupportdelivery:163
[02:58:25.676] [lua] Careless is set to nil  @mrxsupportdelivery:163
[02:58:25.685] [lua] Careless is set to nil  @mrxsupportdelivery:163
[02:58:25.697] [lua] Careless is set to nil  @mrxsupportdelivery:163
[02:58:25.706] [lua] Careless is set to nil  @mrxsupportdelivery:163
[02:58:25.714] [lua] Careless is set to nil  @mrxsupportdelivery:163
[02:58:25.722] [lua] Careless is set to nil  @mrxsupportdelivery:163
[02:58:25.731] [lua] Careless is set to nil  @mrxsupportdelivery:163
[02:58:25.739] [lua] Careless is set to nil  @mrxsupportdelivery:163
[02:58:25.748] [lua] Careless is set to nil  @mrxsupportdelivery:163
[02:58:25.756] [lua] Careless is set to nil  @mrxsupportdelivery:163
[02:58:25.764] [lua] Careless is set to nil  @mrxsupportdelivery:163
[02:58:25.773] [lua] Careless is set to nil  @mrxsupportdelivery:163
[02:58:25.782] [lua] Careless is set to nil  @mrxsupportdelivery:163
[02:58:25.791] [lua] Careless is set to nil  @mrxsupportdelivery:163
[02:58:25.799] [lua] Careless is set to nil  @mrxsupportdelivery:163
[02:58:25.807] [lua] Careless is set to nil  @mrxsupportdelivery:163
[02:58:25.816] [lua] Careless is set to nil  @mrxsupportdelivery:163
[02:58:25.826] [lua] Careless is set to true  @mrxsupportdelivery:163
[02:58:25.834] [lua] Careless is set to true  @mrxsupportdelivery:163
[02:58:25.842] [lua] Careless is set to nil  @mrxsupportdelivery:163
[02:58:25.851] [lua] Careless is set to true  @mrxsupportdelivery:163
[02:58:25.861] [lua] Careless is set to true  @mrxsupportdelivery:163
[02:58:25.870] [lua] Careless is set to nil  @mrxsupportdelivery:163
[02:58:25.879] [lua] Careless is set to nil  @mrxsupportdelivery:163
[02:58:25.888] [lua] Careless is set to true  @mrxsupportdelivery:163
[02:58:25.896] [lua] Careless is set to nil  @mrxsupportdelivery:163
[02:58:25.906] [lua] Careless is set to nil  @mrxsupportdelivery:163
[02:58:25.914] [lua] Careless is set to true  @mrxsupportdelivery:163
[02:58:25.922] [lua] Careless is set to nil  @mrxsupportdelivery:163
[02:58:25.932] [lua] Careless is set to true  @mrxsupportdelivery:163
[02:58:25.942] [lua] Careless is set to nil  @mrxsupportdelivery:163
[02:58:25.950] [lua] Careless is set to nil  @mrxsupportdelivery:163
[02:58:25.959] [lua] Careless is set to nil  @mrxsupportdelivery:163
[02:58:25.968] [lua] Careless is set to true  @mrxsupportdelivery:163
[02:58:25.978] [lua] Careless is set to nil  @mrxsupportdelivery:163
[02:58:25.986] [lua] Careless is set to true  @mrxsupportdelivery:163
[02:58:25.996] [lua] Careless is set to true  @mrxsupportdelivery:163
[02:58:26.004] [lua] Careless is set to nil  @mrxsupportdelivery:163
[02:58:26.013] [lua] Careless is set to nil  @mrxsupportdelivery:163
[02:58:26.021] [lua] Careless is set to nil  @mrxsupportdelivery:163
[02:58:26.029] [lua] Careless is set to true  @mrxsupportdelivery:163
[02:58:26.038] [lua] Careless is set to nil  @mrxsupportdelivery:163
[02:58:26.046] [lua] Careless is set to nil  @mrxsupportdelivery:163
[02:58:26.055] [lua] Careless is set to nil  @mrxsupportdelivery:163
[02:58:26.064] [lua] Careless is set to true  @mrxsupportdelivery:163
[02:58:26.073] [lua] Careless is set to true  @mrxsupportdelivery:163
[02:58:26.081] [lua] Careless is set to nil  @mrxsupportdelivery:163
[02:58:26.089] [lua] Careless is set to nil  @mrxsupportdelivery:163
[02:58:26.098] [lua] Careless is set to nil  @mrxsupportdelivery:163
[02:58:26.107] [lua] Careless is set to nil  @mrxsupportdelivery:163
[02:58:26.116] [lua] Careless is set to nil  @mrxsupportdelivery:163
[02:58:26.125] [lua] Careless is set to nil  @mrxsupportdelivery:163
[02:58:26.133] [lua] Careless is set to nil  @mrxsupportdelivery:163
[02:58:26.143] [lua] Setting satellite cost (default)  @mrxsatelliteguidedbomb:28
[02:58:26.151] [lua] Setting satellite cost (default)  @mrxsatelliteguidedbomb:28
[02:58:26.160] [lua] Careless is set to nil  @mrxsupportdelivery:163
[02:58:26.169] [lua] Careless is set to true  @mrxsupportdelivery:163
[02:58:26.181] [lua] Careless is set to nil  @mrxsupportdelivery:163
[02:58:26.190] [lua] Careless is set to nil  @mrxsupportdelivery:163
[02:58:26.198] [lua] Careless is set to true  @mrxsupportdelivery:163
[02:58:26.207] [lua] Careless is set to nil  @mrxsupportdelivery:163
[02:58:26.215] [lua] Careless is set to true  @mrxsupportdelivery:163
[02:58:26.224] [lua] Careless is set to nil  @mrxsupportdelivery:163
[02:58:26.234] [lua] Careless is set to true  @mrxsupportdelivery:163
[02:58:26.242] [lua] Careless is set to nil  @mrxsupportdelivery:163
[02:58:26.251] [lua] Careless is set to true  @mrxsupportdelivery:163
[02:58:26.261] [lua] Careless is set to nil  @mrxsupportdelivery:163
[02:58:26.269] [lua] Careless is set to nil  @mrxsupportdelivery:163
[02:58:26.277] [lua] JC2SPORTSCAR: catalog entry added to tSupportData (Pmc)  @output/mrxsupportdata_edited.lua:2224
[02:58:26.286] [lua] registering player callbacks  @mrxplayer:175
[02:58:26.295] [lua] de-registering player callbacks  @mrxplayer:184
[02:58:26.303] [lua] @@@@@@@@@@ MrxState.EnableFade: bEnable=false  @mrxstate:550
[02:58:26.315] [lua] MRXMUSIC ------------ EnterFreeplayMusic()  @mrxmusic:410
[02:58:26.323] [lua] free  @mrxplaystate:49
[02:58:26.332] [lua] Play state: free  @mrxplaystate:66
[02:58:26.343] [lua] MRXMUSIC ------------ EnterFreeplayMusic()  @mrxmusic:410
[02:58:26.350] [lua] SetSpawnLocations Pmc_Entry1  @mrxplayer:208
[02:58:26.359] [lua] New operation (170 layers)  @mrxlayermanager:181
[02:58:26.368] [lua] After culling, 170 layers in operation  @mrxlayermanager:250
[02:58:26.376] [lua] Adding new request (1): adding 170 layers  @mrxlayermanager:281
[02:58:26.385] [lua] (Currently, there are 1 requests for layer vz_all_hq)  @mrxlayermanager:298
[02:58:26.393] [lua] (Currently, there are 1 requests for layer vz_all_job001_a)  @mrxlayermanager:298
[02:58:26.401] [lua] (Currently, there are 1 requests for layer vz_all_job001_b)  @mrxlayermanager:298
[02:58:26.410] [lua] (Currently, there are 1 requests for layer vz_all_job001_c)  @mrxlayermanager:298
[02:58:26.418] [lua] (Currently, there are 1 requests for layer vz_all_job001_d)  @mrxlayermanager:298
[02:58:26.429] [lua] (Currently, there are 1 requests for layer vz_all_job002_a)  @mrxlayermanager:298
[02:58:26.438] [lua] (Currently, there are 1 requests for layer vz_all_job002_b)  @mrxlayermanager:298
[02:58:26.448] [lua] (Currently, there are 1 requests for layer vz_all_job002_c)  @mrxlayermanager:298
[02:58:26.456] [lua] (Currently, there are 1 requests for layer vz_all_job002_d)  @mrxlayermanager:298
[02:58:26.465] [lua] (Currently, there are 1 requests for layer vz_all_job002_e)  @mrxlayermanager:298
[02:58:26.474] [lua] (Currently, there are 1 requests for layer vz_all_job005_a)  @mrxlayermanager:298
[02:58:26.483] [lua] (Currently, there are 1 requests for layer vz_all_job005_e)  @mrxlayermanager:298
[02:58:26.495] [lua] (Currently, there are 1 requests for layer vz_all_job005_d)  @mrxlayermanager:298
[02:58:26.503] [lua] (Currently, there are 1 requests for layer vz_all_job010_a)  @mrxlayermanager:298
[02:58:26.511] [lua] (Currently, there are 1 requests for layer vz_all_job010_b)  @mrxlayermanager:298
[02:58:26.520] [lua] (Currently, there are 1 requests for layer vz_all_job010_c)  @mrxlayermanager:298
[02:58:26.528] [lua] (Currently, there are 1 requests for layer vz_all_job010_d)  @mrxlayermanager:298
[02:58:26.536] [lua] (Currently, there are 1 requests for layer vz_all_job010_e)  @mrxlayermanager:298
[02:58:26.544] [lua] (Currently, there are 1 requests for layer vz_amazon_base)  @mrxlayermanager:298
[02:58:26.556] [lua] (Currently, there are 1 requests for layer vz_amazon_scrub)  @mrxlayermanager:298
[02:58:26.565] [lua] (Currently, there are 1 requests for layer vz_amazon_road)  @mrxlayermanager:298
[02:58:26.574] [lua] (Currently, there are 1 requests for layer vz_amazon_foilage)  @mrxlayermanager:298
[02:58:26.586] [lua] (Currently, there are 1 requests for layer vz_amazon_billboard)  @mrxlayermanager:298
[02:58:26.600] [lua] (Currently, there are 1 requests for layer vz_angel_falls_foilage)  @mrxlayermanager:298
[02:58:26.611] [lua] (Currently, there are 1 requests for layer vz_angel_falls_road)  @mrxlayermanager:298
[02:58:26.619] [lua] (Currently, there are 1 requests for layer vz_atmosphere_regions)  @mrxlayermanager:298
[02:58:26.629] [lua] (Currently, there are 1 requests for layer vz_boundary_regions)  @mrxlayermanager:298
[02:58:26.638] [lua] (Currently, there are 1 requests for layer vz_caracas_base)  @mrxlayermanager:298
[02:58:26.647] [lua] (Currently, there are 1 requests for layer vz_caracas_scrub)  @mrxlayermanager:298
[02:58:26.656] [lua] (Currently, there are 1 requests for layer vz_car_city)  @mrxlayermanager:298
[02:58:26.664] [lua] (Currently, there are 1 requests for layer vz_car_billboard)  @mrxlayermanager:298
[02:58:26.683] [lua] (Currently, there are 1 requests for layer vz_car_city_roads)  @mrxlayermanager:298
[02:58:26.693] [lua] (Currently, there are 1 requests for layer vz_car_estate)  @mrxlayermanager:298
[02:58:26.703] [lua] (Currently, there are 1 requests for layer vz_caracas_foilage)  @mrxlayermanager:298
[02:58:26.714] [lua] (Currently, there are 1 requests for layer vz_car_shanty02)  @mrxlayermanager:298
[02:58:26.726] [lua] (Currently, there are 1 requests for layer vz_car_shanty_roads)  @mrxlayermanager:298
[02:58:26.740] [lua] (Currently, there are 1 requests for layer vz_chi_con005_d)  @mrxlayermanager:298
[02:58:26.749] [lua] (Currently, there are 1 requests for layer vz_chi_con006_d)  @mrxlayermanager:298
[02:58:26.762] [lua] (Currently, there are 1 requests for layer vz_chi_con054)  @mrxlayermanager:298
[02:58:26.773] [lua] (Currently, there are 1 requests for layer vz_chi_job001_a)  @mrxlayermanager:298
[02:58:26.783] [lua] (Currently, there are 1 requests for layer vz_chi_job001_b)  @mrxlayermanager:298
[02:58:26.797] [lua] (Currently, there are 1 requests for layer vz_chi_job001_c)  @mrxlayermanager:298
[02:58:26.808] [lua] (Currently, there are 1 requests for layer vz_chi_job001_d)  @mrxlayermanager:298
[02:58:26.817] [lua] (Currently, there are 1 requests for layer vz_chi_job002_a)  @mrxlayermanager:298
[02:58:26.825] [lua] (Currently, there are 1 requests for layer vz_chi_job002_b)  @mrxlayermanager:298
[02:58:26.837] [lua] (Currently, there are 1 requests for layer vz_chi_job002_c)  @mrxlayermanager:298
[02:58:26.848] [lua] (Currently, there are 1 requests for layer vz_chi_job002_d)  @mrxlayermanager:298
[02:58:26.860] [lua] (Currently, there are 1 requests for layer vz_chi_job002_e)  @mrxlayermanager:298
[02:58:26.873] [lua] (Currently, there are 1 requests for layer vz_chi_job006_a)  @mrxlayermanager:298
[02:58:26.891] [lua] (Currently, there are 1 requests for layer vz_chi_job006_b)  @mrxlayermanager:298
[02:58:26.900] [lua] (Currently, there are 1 requests for layer vz_chi_job006_c)  @mrxlayermanager:298
[02:58:26.909] [lua] (Currently, there are 1 requests for layer vz_chi_job006_d)  @mrxlayermanager:298
[02:58:26.921] [lua] (Currently, there are 1 requests for layer vz_chi_job006_e)  @mrxlayermanager:298
[02:58:26.931] [lua] (Currently, there are 1 requests for layer vz_chi_job010_a)  @mrxlayermanager:298
[02:58:26.945] [lua] (Currently, there are 1 requests for layer vz_chi_job010_b)  @mrxlayermanager:298
[02:58:26.954] [lua] (Currently, there are 1 requests for layer vz_chi_job010_c)  @mrxlayermanager:298
[02:58:26.965] [lua] (Currently, there are 1 requests for layer vz_chi_job010_d)  @mrxlayermanager:298
[02:58:26.976] [lua] (Currently, there are 1 requests for layer vz_chi_job010_e)  @mrxlayermanager:298
[02:58:26.985] [lua] (Currently, there are 1 requests for layer vz_commonlocations)  @mrxlayermanager:298
[02:58:26.997] [lua] (Currently, there are 1 requests for layer vz_cum_city)  @mrxlayermanager:298
[02:58:27.009] [lua] (Currently, there are 1 requests for layer vz_cum_billboard)  @mrxlayermanager:298
[02:58:27.018] [lua] (Currently, there are 1 requests for layer vz_cum_margarita)  @mrxlayermanager:298
[02:58:27.029] [lua] (Currently, there are 1 requests for layer vz_cum_outskirt)  @mrxlayermanager:298
[02:58:27.042] [lua] (Currently, there are 1 requests for layer vz_cum_fortress)  @mrxlayermanager:298
[02:58:27.054] [lua] (Currently, there are 1 requests for layer vz_cum_roads)  @mrxlayermanager:298
[02:58:27.065] [lua] (Currently, there are 1 requests for layer vz_cumana_scrub)  @mrxlayermanager:298
[02:58:27.076] [lua] (Currently, there are 1 requests for layer vz_cumana_foilage)  @mrxlayermanager:298
[02:58:27.088] [lua] (Currently, there are 1 requests for layer vz_gua_upperclass)  @mrxlayermanager:298
[02:58:27.098] [lua] (Currently, there are 1 requests for layer vz_gua_billboard)  @mrxlayermanager:298
[02:58:27.107] [lua] (Currently, there are 1 requests for layer vz_guanare_road)  @mrxlayermanager:298
[02:58:27.122] [lua] (Currently, there are 1 requests for layer vz_gua_vzbase)  @mrxlayermanager:298
[02:58:27.136] [lua] (Currently, there are 1 requests for layer vz_gur_base)  @mrxlayermanager:298
[02:58:27.148] [lua] (Currently, there are 1 requests for layer vz_gur_base_mines)  @mrxlayermanager:298
[02:58:27.159] [lua] (Currently, there are 1 requests for layer vz_gur_hq)  @mrxlayermanager:298
[02:58:27.168] [lua] (Currently, there are 1 requests for layer vz_gur_job002_b)  @mrxlayermanager:298
[02:58:27.178] [lua] (Currently, there are 1 requests for layer vz_gur_job002_c)  @mrxlayermanager:298
[02:58:27.187] [lua] (Currently, there are 1 requests for layer vz_gur_job002_d)  @mrxlayermanager:298
[02:58:27.199] [lua] (Currently, there are 1 requests for layer vz_gur_job002_f)  @mrxlayermanager:298
[02:58:27.208] [lua] (Currently, there are 1 requests for layer vz_gur_job002_h)  @mrxlayermanager:298
[02:58:27.218] [lua] (Currently, there are 1 requests for layer vz_gur_job002_j)  @mrxlayermanager:298
[02:58:27.229] [lua] (Currently, there are 1 requests for layer vz_gur_job003)  @mrxlayermanager:298
[02:58:27.238] [lua] (Currently, there are 1 requests for layer vz_gur_job005)  @mrxlayermanager:298
[02:58:27.247] [lua] (Currently, there are 1 requests for layer vz_gur_job008_a)  @mrxlayermanager:298
[02:58:27.256] [lua] (Currently, there are 1 requests for layer vz_gur_job008_b)  @mrxlayermanager:298
[02:58:27.266] [lua] (Currently, there are 1 requests for layer vz_gur_job012_a)  @mrxlayermanager:298
[02:58:27.277] [lua] (Currently, there are 1 requests for layer vz_gur_job012_g)  @mrxlayermanager:298
[02:58:27.289] [lua] (Currently, there are 1 requests for layer vz_gur_job012_i)  @mrxlayermanager:298
[02:58:27.297] [lua] (Currently, there are 1 requests for layer vz_jet_con001)  @mrxlayermanager:298
[02:58:27.309] [lua] (Currently, there are 1 requests for layer vz_jungle_mountain_billboard)  @mrxlayermanager:298
[02:58:27.319] [lua] (Currently, there are 1 requests for layer vz_jungle_mountain_foilage)  @mrxlayermanager:298
[02:58:27.329] [lua] (Currently, there are 1 requests for layer vz_jungle_mountain_road)  @mrxlayermanager:298
[02:58:27.338] [lua] (Currently, there are 1 requests for layer vz_jungle_mountain_scrub)  @mrxlayermanager:298
[02:58:27.348] [lua] (Currently, there are 1 requests for layer vz_landingzone)  @mrxlayermanager:298
[02:58:27.357] [lua] (Currently, there are 1 requests for layer vz_mar_altagracia)  @mrxlayermanager:298
[02:58:27.366] [lua] (Currently, there are 1 requests for layer vz_mar_altagracia_roads)  @mrxlayermanager:298
[02:58:27.375] [lua] (Currently, there are 1 requests for layer vz_mar_city)  @mrxlayermanager:298
[02:58:27.384] [lua] (Currently, there are 1 requests for layer vz_mar_fortress)  @mrxlayermanager:298
[02:58:27.394] [lua] (Currently, there are 1 requests for layer vz_mar_roads)  @mrxlayermanager:298
[02:58:27.402] [lua] (Currently, there are 1 requests for layer vz_mar_billboard)  @mrxlayermanager:298
[02:58:27.412] [lua] (Currently, there are 1 requests for layer vz_mar_foilage)  @mrxlayermanager:298
[02:58:27.427] [lua] (Currently, there are 1 requests for layer vz_mar_scrub)  @mrxlayermanager:298
[02:58:27.436] [lua] (Currently, there are 1 requests for layer vz_mar_industrial)  @mrxlayermanager:298
[02:58:27.451] [lua] (Currently, there are 1 requests for layer vz_mar_industrial_roads)  @mrxlayermanager:298
[02:58:27.460] [lua] (Currently, there are 1 requests for layer vz_mar_outskirt)  @mrxlayermanager:298
[02:58:27.470] [lua] (Currently, there are 1 requests for layer vz_mar_outskirt_roads)  @mrxlayermanager:298
[02:58:27.479] [lua] (Currently, there are 1 requests for layer vz_mar_village)  @mrxlayermanager:298
[02:58:27.490] [lua] (Currently, there are 1 requests for layer vz_mar_village_roads)  @mrxlayermanager:298
[02:58:27.502] [lua] (Currently, there are 1 requests for layer vz_mer_commercial)  @mrxlayermanager:298
[02:58:27.514] [lua] (Currently, there are 1 requests for layer vz_mer_billboard)  @mrxlayermanager:298
[02:58:27.522] [lua] (Currently, there are 1 requests for layer vz_mer_dock)  @mrxlayermanager:298
[02:58:27.531] [lua] (Currently, there are 1 requests for layer vz_mer_outskirt)  @mrxlayermanager:298
[02:58:27.539] [lua] (Currently, there are 1 requests for layer vz_mer_residential)  @mrxlayermanager:298
[02:58:27.550] [lua] (Currently, there are 1 requests for layer vz_mer_white)  @mrxlayermanager:298
[02:58:27.561] [lua] (Currently, there are 1 requests for layer vz_merida_foilage)  @mrxlayermanager:298
[02:58:27.569] [lua] (Currently, there are 1 requests for layer vz_merida_roads)  @mrxlayermanager:298
[02:58:27.578] [lua] (Currently, there are 1 requests for layer vz_merida_scrub)  @mrxlayermanager:298
[02:58:27.591] [lua] (Currently, there are 1 requests for layer vz_oil_job001)  @mrxlayermanager:298
[02:58:27.601] [lua] (Currently, there are 1 requests for layer vz_oil_job002)  @mrxlayermanager:298
[02:58:27.609] [lua] (Currently, there are 1 requests for layer vz_oil_job005)  @mrxlayermanager:298
[02:58:27.618] [lua] (Currently, there are 1 requests for layer vz_oil_job008_d)  @mrxlayermanager:298
[02:58:27.627] [lua] (Currently, there are 1 requests for layer vz_oil_job011_a)  @mrxlayermanager:298
[02:58:27.637] [lua] (Currently, there are 1 requests for layer vz_oil_job011_c)  @mrxlayermanager:298
[02:58:27.647] [lua] (Currently, there are 1 requests for layer vz_oil_job011_e)  @mrxlayermanager:298
[02:58:27.657] [lua] (Currently, there are 1 requests for layer vz_oil_job011_h)  @mrxlayermanager:298
[02:58:27.665] [lua] (Currently, there are 1 requests for layer vz_oil_job011_i)  @mrxlayermanager:298
[02:58:27.674] [lua] (Currently, there are 1 requests for layer vz_oil_job011_j)  @mrxlayermanager:298
[02:58:27.683] [lua] (Currently, there are 1 requests for layer vz_oil_job011_f)  @mrxlayermanager:298
[02:58:27.693] [lua] (Currently, there are 1 requests for layer vz_oil_job011_g)  @mrxlayermanager:298
[02:58:27.703] [lua] (Currently, there are 1 requests for layer vz_pir_hq)  @mrxlayermanager:298
[02:58:27.714] [lua] (Currently, there are 1 requests for layer vz_pir_con003)  @mrxlayermanager:298
[02:58:27.724] [lua] (Currently, there are 1 requests for layer vz_pir_job002_a)  @mrxlayermanager:298
[02:58:27.734] [lua] (Currently, there are 1 requests for layer vz_pir_job002_b)  @mrxlayermanager:298
[02:58:27.744] [lua] (Currently, there are 1 requests for layer vz_pir_job002_c)  @mrxlayermanager:298
[02:58:27.757] [lua] (Currently, there are 1 requests for layer vz_pir_job007_a)  @mrxlayermanager:298
[02:58:27.766] [lua] (Currently, there are 1 requests for layer vz_pir_job012_a)  @mrxlayermanager:298
[02:58:27.775] [lua] (Currently, there are 1 requests for layer vz_pir_job012_b)  @mrxlayermanager:298
[02:58:27.785] [lua] (Currently, there are 1 requests for layer vz_pir_job012_c)  @mrxlayermanager:298
[02:58:27.794] [lua] (Currently, there are 1 requests for layer vz_pir_job012_d)  @mrxlayermanager:298
[02:58:27.804] [lua] (Currently, there are 1 requests for layer vz_pir_job012_e)  @mrxlayermanager:298
[02:58:27.816] [lua] (Currently, there are 1 requests for layer vz_pir_job012_f)  @mrxlayermanager:298
[02:58:27.828] [lua] (Currently, there are 1 requests for layer vz_pir_job012_g)  @mrxlayermanager:298
[02:58:27.838] [lua] (Currently, there are 1 requests for layer vz_pir_job012_h)  @mrxlayermanager:298
[02:58:27.847] [lua] (Currently, there are 1 requests for layer vz_pir_job012_i)  @mrxlayermanager:298
[02:58:27.860] [lua] (Currently, there are 1 requests for layer vz_pir_job012_j)  @mrxlayermanager:298
[02:58:27.873] [lua] (Currently, there are 1 requests for layer vz_pirate_isles_foilage)  @mrxlayermanager:298
[02:58:27.887] [lua] (Currently, there are 1 requests for layer vz_pirate_isles_roads)  @mrxlayermanager:298
[02:58:27.896] [lua] (Currently, there are 1 requests for layer vz_pirate_isles_scrub)  @mrxlayermanager:298
[02:58:27.906] [lua] (Currently, there are 1 requests for layer vz_pmc)  @mrxlayermanager:298
[02:58:27.919] [lua] (Currently, there are 1 requests for layer vz_pmc_roads)  @mrxlayermanager:298
[02:58:27.929] [lua] (Currently, there are 1 requests for layer vz_pmc_scrub)  @mrxlayermanager:298
[02:58:27.938] [lua] (Currently, there are 1 requests for layer vz_pmc_foilage)  @mrxlayermanager:298
[02:58:27.947] [lua] (Currently, there are 1 requests for layer vz_poi_lineregions)  @mrxlayermanager:298
[02:58:27.957] [lua] (Currently, there are 1 requests for layer vz_rover_camera_test)  @mrxlayermanager:298
[02:58:27.966] [lua] (Currently, there are 1 requests for layer vz_sfx_ambience)  @mrxlayermanager:298
[02:58:27.975] [lua] (Currently, there are 1 requests for layer vz_watersounds)  @mrxlayermanager:298
[02:58:27.987] [lua] (Currently, there are 1 requests for layer vz_sol_base)  @mrxlayermanager:298
[02:58:27.999] [lua] (Currently, there are 1 requests for layer vz_start_location)  @mrxlayermanager:298
[02:58:28.013] [lua] (Currently, there are 1 requests for layer vz_teleporter)  @mrxlayermanager:298
[02:58:28.021] [lua] (Currently, there are 1 requests for layer vz_lowresterrain)  @mrxlayermanager:298
[02:58:28.031] [lua] (Currently, there are 1 requests for layer vz_terrain)  @mrxlayermanager:298
[02:58:28.040] [lua] (Currently, there are 1 requests for layer vz_caracas_tiny)  @mrxlayermanager:298
[02:58:28.051] [lua] (Currently, there are 1 requests for layer vz_maracaibo_tiny)  @mrxlayermanager:298
[02:58:28.060] [lua] (Currently, there are 1 requests for layer vz_amazon_tiny)  @mrxlayermanager:298
[02:58:28.072] [lua] (Currently, there are 1 requests for layer vz_angel_falls_tiny)  @mrxlayermanager:298
[02:58:28.081] [lua] (Currently, there are 1 requests for layer vz_jungle_mountain_tiny)  @mrxlayermanager:298
[02:58:28.090] [lua] (Currently, there are 1 requests for layer vz_merida_tiny)  @mrxlayermanager:298
[02:58:28.100] [lua] (Currently, there are 1 requests for layer vz_guanare_tiny)  @mrxlayermanager:298
[02:58:28.111] [lua] (Currently, there are 1 requests for layer vz_cumana_tiny)  @mrxlayermanager:298
[02:58:28.123] [lua] (Currently, there are 1 requests for layer vz_pirate_isles_tiny)  @mrxlayermanager:298
[02:58:28.132] [lua] (Currently, there are 1 requests for layer vz_pmc_tiny)  @mrxlayermanager:298
[02:58:28.142] [lua] (nPendingOps = 170)  @mrxlayermanager:324
[02:58:28.151] [lua] Setting asset request max to 170  @mrxlayermanager:338
[02:58:28.161] [lua] Loading vz_all_job005_d (static: true)  @mrxlayermanager:375
[02:58:28.170] [lua] true	Unable to load layer vz_all_job005_d  @mrxlayermanager:403
[02:58:28.179] [lua] Loading vz_mar_city (static: true)  @mrxlayermanager:375
[02:58:28.188] [lua] true	Unable to load layer vz_mar_city  @mrxlayermanager:403
[02:58:28.199] [lua] Loading vz_caracas_tiny (static: true)  @mrxlayermanager:375
[02:58:28.208] [lua] true	Unable to load layer vz_caracas_tiny  @mrxlayermanager:403
[02:58:28.218] [lua] Loading vz_landingzone (static: true)  @mrxlayermanager:375
[02:58:28.229] [lua] true	Unable to load layer vz_landingzone  @mrxlayermanager:403
[02:58:28.240] [lua] Loading vz_pirate_isles_foilage (static: true)  @mrxlayermanager:375
[02:58:28.250] [lua] true	Unable to load layer vz_pirate_isles_foilage  @mrxlayermanager:403
[02:58:28.263] [lua] Loading vz_mer_white (static: true)  @mrxlayermanager:375
[02:58:28.278] [lua] true	Unable to load layer vz_mer_white  @mrxlayermanager:403
[02:58:28.290] [lua] Loading vz_commonlocations (static: true)  @mrxlayermanager:375
[02:58:28.300] [lua] true	Unable to load layer vz_commonlocations  @mrxlayermanager:403
[02:58:28.310] [lua] Loading vz_terrain (static: true)  @mrxlayermanager:375
[02:58:28.320] [lua] true	Unable to load layer vz_terrain  @mrxlayermanager:403
[02:58:28.331] [lua] Loading vz_oil_job008_d (static: true)  @mrxlayermanager:375
[02:58:28.340] [lua] true	Unable to load layer vz_oil_job008_d  @mrxlayermanager:403
[02:58:28.351] [lua] Loading vz_oil_job001 (static: true)  @mrxlayermanager:375
[02:58:28.361] [lua] true	Unable to load layer vz_oil_job001  @mrxlayermanager:403
[02:58:28.372] [lua]   ----=== # dynamic layers: 	0	 save data: 	238  @mrxlayermanager:560
[02:58:28.386] [lua]   ----=== # culling: 	0	 adding: 	238  @mrxlayermanager:561
[02:58:28.394] [lua] New operation (0 layers)  @mrxlayermanager:181
[02:58:28.403] [lua] After culling, 0 layers in operation  @mrxlayermanager:250
[02:58:28.411] [lua] New operation (238 layers)  @mrxlayermanager:181
[02:58:28.421] [lua] After culling, 238 layers in operation  @mrxlayermanager:250
[02:58:28.429] [lua] Adding new request (2): adding 238 layers  @mrxlayermanager:281
[02:58:28.437] [lua] (Currently, there are 1 requests for layer vz_state_all_fuel_amazon)  @mrxlayermanager:298
[02:58:28.449] [lua] (Currently, there are 1 requests for layer vz_state_all_hq_structures)  @mrxlayermanager:298
[02:58:28.457] [lua] (Currently, there are 1 requests for layer vz_state_allcon001_pristine)  @mrxlayermanager:298
[02:58:28.466] [lua] (Currently, there are 1 requests for layer vz_state_allcon002_boats)  @mrxlayermanager:298
[02:58:28.474] [lua] (Currently, there are 1 requests for layer vz_state_allcon002_mlrs)  @mrxlayermanager:298
[02:58:28.483] [lua] (Currently, there are 1 requests for layer vz_state_allcon002_officers)  @mrxlayermanager:298
[02:58:28.494] [lua] (Currently, there are 1 requests for layer vz_state_allcon003_and_chicon003_pristine)  @mrxlayermanager:298
[02:58:28.502] [lua] (Currently, there are 1 requests for layer vz_state_alljob001_01_captured)  @mrxlayermanager:298
[02:58:28.511] [lua] (Currently, there are 1 requests for layer vz_state_alljob001_01_pristine)  @mrxlayermanager:298
[02:58:28.520] [lua] (Currently, there are 1 requests for layer vz_state_alljob001_02_pristine)  @mrxlayermanager:298
[02:58:28.530] [lua] (Currently, there are 1 requests for layer vz_state_alljob001_03_captured)  @mrxlayermanager:298
[02:58:28.539] [lua] (Currently, there are 1 requests for layer vz_state_alljob001_03_pristine)  @mrxlayermanager:298
[02:58:28.549] [lua] (Currently, there are 1 requests for layer vz_state_alljob001_04_captured)  @mrxlayermanager:298
[02:58:28.559] [lua] (Currently, there are 1 requests for layer vz_state_alljob001_04_pristine)  @mrxlayermanager:298
[02:58:28.572] [lua] (Currently, there are 1 requests for layer vz_state_alljob002_01_pristine)  @mrxlayermanager:298
[02:58:28.581] [lua] (Currently, there are 1 requests for layer vz_state_alljob002_01_staging)  @mrxlayermanager:298
[02:58:28.592] [lua] (Currently, there are 1 requests for layer vz_state_alljob002_02_pristine)  @mrxlayermanager:298
[02:58:28.601] [lua] (Currently, there are 1 requests for layer vz_state_alljob002_02_staging)  @mrxlayermanager:298
[02:58:28.614] [lua] (Currently, there are 1 requests for layer vz_state_alljob002_03_pristine)  @mrxlayermanager:298
[02:58:28.624] [lua] (Currently, there are 1 requests for layer vz_state_alljob002_03_staging)  @mrxlayermanager:298
[02:58:28.632] [lua] (Currently, there are 1 requests for layer vz_state_alljob002_04_pristine)  @mrxlayermanager:298
[02:58:28.644] [lua] (Currently, there are 1 requests for layer vz_state_alljob002_04_staging)  @mrxlayermanager:298
[02:58:28.656] [lua] (Currently, there are 1 requests for layer vz_state_alljob002_05_pristine)  @mrxlayermanager:298
[02:58:28.664] [lua] (Currently, there are 1 requests for layer vz_state_alljob002_05_staging)  @mrxlayermanager:298
[02:58:28.677] [lua] (Currently, there are 1 requests for layer vz_state_alljob005_01_destroyed)  @mrxlayermanager:298
[02:58:28.686] [lua] (Currently, there are 1 requests for layer vz_state_alljob005_02_destroyed)  @mrxlayermanager:298
[02:58:28.695] [lua] (Currently, there are 1 requests for layer vz_state_alljob005_03_destroyed)  @mrxlayermanager:298
[02:58:28.704] [lua] (Currently, there are 1 requests for layer vz_state_alljob005_04_destroyed)  @mrxlayermanager:298
[02:58:28.718] [lua] (Currently, there are 1 requests for layer vz_state_alljob005_05_destroyed)  @mrxlayermanager:298
[02:58:28.726] [lua] (Currently, there are 1 requests for layer vz_state_alljob009_01_destroyed)  @mrxlayermanager:298
[02:58:28.735] [lua] (Currently, there are 1 requests for layer vz_state_alljob009_01_pristine)  @mrxlayermanager:298
[02:58:28.745] [lua] (Currently, there are 1 requests for layer vz_state_alljob009_02_destroyed)  @mrxlayermanager:298
[02:58:28.753] [lua] (Currently, there are 1 requests for layer vz_state_alljob009_02_pristine)  @mrxlayermanager:298
[02:58:28.762] [lua] (Currently, there are 1 requests for layer vz_state_alljob009_03_destroyed)  @mrxlayermanager:298
[02:58:28.772] [lua] (Currently, there are 1 requests for layer vz_state_alljob009_03_pristine)  @mrxlayermanager:298
[02:58:28.781] [lua] (Currently, there are 1 requests for layer vz_state_alljob009_04_destroyed)  @mrxlayermanager:298
[02:58:28.791] [lua] (Currently, there are 1 requests for layer vz_state_alljob009_04_pristine)  @mrxlayermanager:298
[02:58:28.801] [lua] (Currently, there are 1 requests for layer vz_state_alljob009_05_destroyed)  @mrxlayermanager:298
[02:58:28.810] [lua] (Currently, there are 1 requests for layer vz_state_alljob009_05_pristine)  @mrxlayermanager:298
[02:58:28.818] [lua] (Currently, there are 1 requests for layer vz_state_alljob010_02_pristine)  @mrxlayermanager:298
[02:58:28.828] [lua] (Currently, there are 1 requests for layer vz_state_alljob010_03_pristine)  @mrxlayermanager:298
[02:58:28.838] [lua] (Currently, there are 1 requests for layer vz_state_alljob010_04_pristine)  @mrxlayermanager:298
[02:58:28.848] [lua] (Currently, there are 1 requests for layer vz_state_alljob010_05_pristine)  @mrxlayermanager:298
[02:58:28.856] [lua] (Currently, there are 1 requests for layer vz_state_amazon_act2)  @mrxlayermanager:298
[02:58:28.865] [lua] (Currently, there are 1 requests for layer vz_state_angel_falls_act1)  @mrxlayermanager:298
[02:58:28.873] [lua] (Currently, there are 1 requests for layer vz_state_car_big_lineregion)  @mrxlayermanager:298
[02:58:28.885] [lua] (Currently, there are 1 requests for layer vz_state_car_city_act1)  @mrxlayermanager:298
[02:58:28.894] [lua] (Currently, there are 1 requests for layer vz_state_car_city_act2chi)  @mrxlayermanager:298
[02:58:28.902] [lua] (Currently, there are 1 requests for layer vz_state_car_city_act2chi_staging)  @mrxlayermanager:298
[02:58:28.910] [lua] (Currently, there are 1 requests for layer vz_state_car_city_pristine)  @mrxlayermanager:298
[02:58:28.920] [lua] (Currently, there are 1 requests for layer vz_state_car_shanty_act1)  @mrxlayermanager:298
[02:58:28.928] [lua] (Currently, there are 1 requests for layer vz_state_cashpickups)  @mrxlayermanager:298
[02:58:28.936] [lua] (Currently, there are 1 requests for layer vz_state_chi_fuel_amazon)  @mrxlayermanager:298
[02:58:28.944] [lua] (Currently, there are 1 requests for layer vz_state_chi_hq_structures)  @mrxlayermanager:298
[02:58:28.953] [lua] (Currently, there are 1 requests for layer vz_state_chicon001_pristine)  @mrxlayermanager:298
[02:58:28.962] [lua] (Currently, there are 1 requests for layer vz_state_chicon002_bridge_destroyed)  @mrxlayermanager:298
[02:58:28.971] [lua] (Currently, there are 1 requests for layer vz_state_chicon002_depot_destroyed)  @mrxlayermanager:298
[02:58:28.979] [lua] (Currently, there are 1 requests for layer vz_state_chicon002_hq_destroyed)  @mrxlayermanager:298
[02:58:28.988] [lua] (Currently, there are 1 requests for layer vz_state_chicon005_a_pristine)  @mrxlayermanager:298
[02:58:28.996] [lua] (Currently, there are 1 requests for layer vz_state_chicon005_b_pristine)  @mrxlayermanager:298
[02:58:29.006] [lua] (Currently, there are 1 requests for layer vz_state_chicon005_c_pristine)  @mrxlayermanager:298
[02:58:29.015] [lua] (Currently, there are 1 requests for layer vz_state_chicon006_a_pristine)  @mrxlayermanager:298
[02:58:29.023] [lua] (Currently, there are 1 requests for layer vz_state_chicon006_b_pristine)  @mrxlayermanager:298
[02:58:29.033] [lua] (Currently, there are 1 requests for layer vz_state_chicon006_c_pristine)  @mrxlayermanager:298
[02:58:29.043] [lua] (Currently, there are 1 requests for layer vz_state_chicon054_pristine)  @mrxlayermanager:298
[02:58:29.051] [lua] (Currently, there are 1 requests for layer vz_state_chicon054_staging)  @mrxlayermanager:298
[02:58:29.060] [lua] (Currently, there are 1 requests for layer vz_state_chijob001_01_captured)  @mrxlayermanager:298
[02:58:29.069] [lua] (Currently, there are 1 requests for layer vz_state_chijob001_01_pristine)  @mrxlayermanager:298
[02:58:29.082] [lua] (Currently, there are 1 requests for layer vz_state_chijob001_02_captured)  @mrxlayermanager:298
[02:58:29.091] [lua] (Currently, there are 1 requests for layer vz_state_chijob001_02_pristine)  @mrxlayermanager:298
[02:58:29.099] [lua] (Currently, there are 1 requests for layer vz_state_chijob001_03_pristine)  @mrxlayermanager:298
[02:58:29.108] [lua] (Currently, there are 1 requests for layer vz_state_chijob001_03_staging)  @mrxlayermanager:298
[02:58:29.118] [lua] (Currently, there are 1 requests for layer vz_state_chijob001_04_captured)  @mrxlayermanager:298
[02:58:29.126] [lua] (Currently, there are 1 requests for layer vz_state_chijob001_04_pristine)  @mrxlayermanager:298
[02:58:29.136] [lua] (Currently, there are 1 requests for layer vz_state_chijob002_01_pristine)  @mrxlayermanager:298
[02:58:29.145] [lua] (Currently, there are 1 requests for layer vz_state_chijob002_01_staging)  @mrxlayermanager:298
[02:58:29.157] [lua] (Currently, there are 1 requests for layer vz_state_chijob002_02_pristine)  @mrxlayermanager:298
[02:58:29.167] [lua] (Currently, there are 1 requests for layer vz_state_chijob002_02_staging)  @mrxlayermanager:298
[02:58:29.175] [lua] (Currently, there are 1 requests for layer vz_state_chijob002_03_pristine)  @mrxlayermanager:298
[02:58:29.184] [lua] (Currently, there are 1 requests for layer vz_state_chijob002_03_staging)  @mrxlayermanager:298
[02:58:29.201] [lua] (Currently, there are 1 requests for layer vz_state_chijob002_04_pristine)  @mrxlayermanager:298
[02:58:29.210] [lua] (Currently, there are 1 requests for layer vz_state_chijob002_05_pristine)  @mrxlayermanager:298
[02:58:29.218] [lua] (Currently, there are 1 requests for layer vz_state_chijob005_a_destroyed)  @mrxlayermanager:298
[02:58:29.227] [lua] (Currently, there are 1 requests for layer vz_state_chijob005_b_destroyed)  @mrxlayermanager:298
[02:58:29.235] [lua] (Currently, there are 1 requests for layer vz_state_chijob005_c_destroyed)  @mrxlayermanager:298
[02:58:29.245] [lua] (Currently, there are 1 requests for layer vz_state_chijob005_d_destroyed)  @mrxlayermanager:298
[02:58:29.253] [lua] (Currently, there are 1 requests for layer vz_state_chijob005_e_destroyed)  @mrxlayermanager:298
[02:58:29.262] [lua] (Currently, there are 1 requests for layer vz_state_chijob005_f_destroyed)  @mrxlayermanager:298
[02:58:29.270] [lua] (Currently, there are 1 requests for layer vz_state_chijob005_g_destroyed)  @mrxlayermanager:298
[02:58:29.280] [lua] (Currently, there are 1 requests for layer vz_state_chijob006_a_destroyed)  @mrxlayermanager:298
[02:58:29.288] [lua] (Currently, there are 1 requests for layer vz_state_chijob006_b_destroyed)  @mrxlayermanager:298
[02:58:29.296] [lua] (Currently, there are 1 requests for layer vz_state_chijob006_c_destroyed)  @mrxlayermanager:298
[02:58:29.305] [lua] (Currently, there are 1 requests for layer vz_state_chijob006_d_destroyed)  @mrxlayermanager:298
[02:58:29.318] [lua] (Currently, there are 1 requests for layer vz_state_chijob006_e_destroyed)  @mrxlayermanager:298
[02:58:29.327] [lua] (Currently, there are 1 requests for layer vz_state_chijob009_a_destroyed)  @mrxlayermanager:298
[02:58:29.336] [lua] (Currently, there are 1 requests for layer vz_state_chijob010_01_pristine)  @mrxlayermanager:298
[02:58:29.344] [lua] (Currently, there are 1 requests for layer vz_state_chijob010_02_pristine)  @mrxlayermanager:298
[02:58:29.353] [lua] (Currently, there are 1 requests for layer vz_state_chijob010_04_pristine)  @mrxlayermanager:298
[02:58:29.362] [lua] (Currently, there are 1 requests for layer vz_state_cumana_act1chi)  @mrxlayermanager:298
[02:58:29.371] [lua] (Currently, there are 1 requests for layer vz_state_cumana_act2chi)  @mrxlayermanager:298
[02:58:29.382] [lua] (Currently, there are 1 requests for layer vz_state_gua_upperclass_pristine)  @mrxlayermanager:298
[02:58:29.391] [lua] (Currently, there are 1 requests for layer vz_state_guanare_act1)  @mrxlayermanager:298
[02:58:29.400] [lua] (Currently, there are 1 requests for layer vz_state_gur_fuel_junglemountains)  @mrxlayermanager:298
[02:58:29.410] [lua] (Currently, there are 1 requests for layer vz_state_gurcon001_fortress_destroyed)  @mrxlayermanager:298
[02:58:29.419] [lua] (Currently, there are 1 requests for layer vz_state_gurcon002_pristine)  @mrxlayermanager:298
[02:58:29.428] [lua] (Currently, there are 1 requests for layer vz_state_gurcon003_med)  @mrxlayermanager:298
[02:58:29.439] [lua] (Currently, there are 1 requests for layer vz_state_gurcon005_airportdefbase)  @mrxlayermanager:298
[02:58:29.447] [lua] (Currently, there are 1 requests for layer vz_state_gurcon005_depot)  @mrxlayermanager:298
[02:58:29.455] [lua] (Currently, there are 1 requests for layer vz_state_gurcon005_junglebase)  @mrxlayermanager:298
[02:58:29.464] [lua] (Currently, there are 1 requests for layer vz_state_gurhq_act1)  @mrxlayermanager:298
[02:58:29.473] [lua] (Currently, there are 1 requests for layer vz_state_gurjob002_01_pristine)  @mrxlayermanager:298
[02:58:29.482] [lua] (Currently, there are 1 requests for layer vz_state_gurjob002_02_pristine)  @mrxlayermanager:298
[02:58:29.492] [lua] (Currently, there are 1 requests for layer vz_state_gurjob002_03_pristine)  @mrxlayermanager:298
[02:58:29.501] [lua] (Currently, there are 1 requests for layer vz_state_gurjob002_04_pristine)  @mrxlayermanager:298
[02:58:29.509] [lua] (Currently, there are 1 requests for layer vz_state_gurjob002_05_pristine)  @mrxlayermanager:298
[02:58:29.517] [lua] (Currently, there are 1 requests for layer vz_state_gurjob003_captured)  @mrxlayermanager:298
[02:58:29.526] [lua] (Currently, there are 1 requests for layer vz_state_gurjob003_pristine)  @mrxlayermanager:298
[02:58:29.534] [lua] (Currently, there are 1 requests for layer vz_state_gurjob005_captured)  @mrxlayermanager:298
[02:58:29.542] [lua] (Currently, there are 1 requests for layer vz_state_gurjob006)  @mrxlayermanager:298
[02:58:29.551] [lua] (Currently, there are 1 requests for layer vz_state_gurjob007_01_destroyed)  @mrxlayermanager:298
[02:58:29.560] [lua] (Currently, there are 1 requests for layer vz_state_gurjob007_02_destroyed)  @mrxlayermanager:298
[02:58:29.569] [lua] (Currently, there are 1 requests for layer vz_state_gurjob007_03_destroyed)  @mrxlayermanager:298
[02:58:29.578] [lua] (Currently, there are 1 requests for layer vz_state_gurjob008_01_captured)  @mrxlayermanager:298
[02:58:29.587] [lua] (Currently, there are 1 requests for layer vz_state_gurjob008_01_pristine)  @mrxlayermanager:298
[02:58:29.599] [lua] (Currently, there are 1 requests for layer vz_state_gurjob008_02_captured)  @mrxlayermanager:298
[02:58:29.610] [lua] (Currently, there are 1 requests for layer vz_state_gurjob008_02_pristine)  @mrxlayermanager:298
[02:58:29.620] [lua] (Currently, there are 1 requests for layer vz_state_gurjob011_01_destroyed)  @mrxlayermanager:298
[02:58:29.628] [lua] (Currently, there are 1 requests for layer vz_state_gurjob011_02_destroyed)  @mrxlayermanager:298
[02:58:29.644] [lua] (Currently, there are 1 requests for layer vz_state_gurjob011_03_destroyed)  @mrxlayermanager:298
[02:58:29.653] [lua] (Currently, there are 1 requests for layer vz_state_gurjob011_04_destroyed)  @mrxlayermanager:298
[02:58:29.661] [lua] (Currently, there are 1 requests for layer vz_state_gurjob011_05_destroyed)  @mrxlayermanager:298
[02:58:29.670] [lua] (Currently, there are 1 requests for layer vz_state_gurjob011_06_destroyed)  @mrxlayermanager:298
[02:58:29.680] [lua] (Currently, there are 1 requests for layer vz_state_gurjob011_07_destroyed)  @mrxlayermanager:298
[02:58:29.690] [lua] (Currently, there are 1 requests for layer vz_state_gurjob011_08_destroyed)  @mrxlayermanager:298
[02:58:29.703] [lua] (Currently, there are 1 requests for layer vz_state_gurjob011_09_destroyed)  @mrxlayermanager:298
[02:58:29.716] [lua] (Currently, there are 1 requests for layer vz_state_gurjob011_10_destroyed)  @mrxlayermanager:298
[02:58:29.732] [lua] (Currently, there are 1 requests for layer vz_state_gurjob012_01_pristine)  @mrxlayermanager:298
[02:58:29.741] [lua] (Currently, there are 1 requests for layer vz_state_gurjob012_02_pristine)  @mrxlayermanager:298
[02:58:29.749] [lua] (Currently, there are 1 requests for layer vz_state_gurjob012_03_pristine)  @mrxlayermanager:298
[02:58:29.757] [lua] (Currently, there are 1 requests for layer vz_state_gurjob012_04_pristine)  @mrxlayermanager:298
[02:58:29.766] [lua] (Currently, there are 1 requests for layer vz_state_gurjob012_05_pristine)  @mrxlayermanager:298
[02:58:29.775] [lua] (Currently, there are 1 requests for layer vz_state_jetcon001_copterattack)  @mrxlayermanager:298
[02:58:29.783] [lua] (Currently, there are 1 requests for layer vz_state_jetcon001_post)  @mrxlayermanager:298
[02:58:29.791] [lua] (Currently, there are 1 requests for layer vz_state_jungle_mountain_act2)  @mrxlayermanager:298
[02:58:29.799] [lua] (Currently, there are 1 requests for layer vz_state_mar_altagracia_act2)  @mrxlayermanager:298
[02:58:29.807] [lua] (Currently, there are 1 requests for layer vz_state_mar_big_lineregion)  @mrxlayermanager:298
[02:58:29.816] [lua] (Currently, there are 1 requests for layer vz_state_mar_city_act1)  @mrxlayermanager:298
[02:58:29.825] [lua] (Currently, there are 1 requests for layer vz_state_mar_city_act3)  @mrxlayermanager:298
[02:58:29.835] [lua] (Currently, there are 1 requests for layer vz_state_mar_city_ruined)  @mrxlayermanager:298
[02:58:29.843] [lua] (Currently, there are 1 requests for layer vz_state_mar_industrial_act3)  @mrxlayermanager:298
[02:58:29.853] [lua] (Currently, there are 1 requests for layer vz_state_mar_industrial_pristine)  @mrxlayermanager:298
[02:58:29.861] [lua] (Currently, there are 1 requests for layer vz_state_mar_outskirt_act2)  @mrxlayermanager:298
[02:58:29.870] [lua] (Currently, there are 1 requests for layer vz_state_mar_village_act1)  @mrxlayermanager:298
[02:58:29.878] [lua] (Currently, there are 1 requests for layer vz_state_margarita_act2)  @mrxlayermanager:298
[02:58:29.887] [lua] (Currently, there are 1 requests for layer vz_state_margarita_crash)  @mrxlayermanager:298
[02:58:29.896] [lua] (Currently, there are 1 requests for layer vz_state_mer_big_lineregion)  @mrxlayermanager:298
[02:58:29.904] [lua] (Currently, there are 1 requests for layer vz_state_mer_commercialpristine)  @mrxlayermanager:298
[02:58:29.916] [lua] (Currently, there are 1 requests for layer vz_state_merida_act2)  @mrxlayermanager:298
[02:58:29.925] [lua] (Currently, there are 1 requests for layer vz_state_merida_act2_helo)  @mrxlayermanager:298
[02:58:29.936] [lua] (Currently, there are 1 requests for layer vz_state_munitions_freeplay)  @mrxlayermanager:298
[02:58:29.945] [lua] (Currently, there are 1 requests for layer vz_state_oc_depot)  @mrxlayermanager:298
[02:58:29.956] [lua] (Currently, there are 1 requests for layer vz_state_oc_depot_pristine)  @mrxlayermanager:298
[02:58:29.966] [lua] (Currently, there are 1 requests for layer vz_state_ocgate_dynamic)  @mrxlayermanager:298
[02:58:29.979] [lua] (Currently, there are 1 requests for layer vz_state_oil_fuel_maroutskirts)  @mrxlayermanager:298
[02:58:29.993] [lua] (Currently, there are 1 requests for layer vz_state_oilcon001_post)  @mrxlayermanager:298
[02:58:30.004] [lua] (Currently, there are 1 requests for layer vz_state_oilcon002_pristine)  @mrxlayermanager:298
[02:58:30.014] [lua] (Currently, there are 1 requests for layer vz_state_oiljob001_captured)  @mrxlayermanager:298
[02:58:30.027] [lua] (Currently, there are 1 requests for layer vz_state_oiljob001_pristine)  @mrxlayermanager:298
[02:58:30.036] [lua] (Currently, there are 1 requests for layer vz_state_oiljob002_captured)  @mrxlayermanager:298
[02:58:30.046] [lua] (Currently, there are 1 requests for layer vz_state_oiljob002_pristine)  @mrxlayermanager:298
[02:58:30.056] [lua] (Currently, there are 1 requests for layer vz_state_oiljob004)  @mrxlayermanager:298
[02:58:30.067] [lua] (Currently, there are 1 requests for layer vz_state_oiljob005_captured)  @mrxlayermanager:298
[02:58:30.077] [lua] (Currently, there are 1 requests for layer vz_state_oiljob005_pristine)  @mrxlayermanager:298
[02:58:30.091] [lua] (Currently, there are 1 requests for layer vz_state_oiljob008_a_pristine)  @mrxlayermanager:298
[02:58:30.103] [lua] (Currently, there are 1 requests for layer vz_state_oiljob008_a_staging)  @mrxlayermanager:298
[02:58:30.113] [lua] (Currently, there are 1 requests for layer vz_state_oiljob008_b_destroyed)  @mrxlayermanager:298
[02:58:30.126] [lua] (Currently, there are 1 requests for layer vz_state_oiljob008_c_destroyed)  @mrxlayermanager:298
[02:58:30.139] [lua] (Currently, there are 1 requests for layer vz_state_oiljob008_d_ruined)  @mrxlayermanager:298
[02:58:30.149] [lua] (Currently, there are 1 requests for layer vz_state_oiljob008_i_pristine)  @mrxlayermanager:298
[02:58:30.158] [lua] (Currently, there are 1 requests for layer vz_state_oiljob008_k_ruined)  @mrxlayermanager:298
[02:58:30.168] [lua] (Currently, there are 1 requests for layer vz_state_oiljob008_l_ruined)  @mrxlayermanager:298
[02:58:30.179] [lua] (Currently, there are 1 requests for layer vz_state_oiljob008_m_ruined)  @mrxlayermanager:298
[02:58:30.198] [lua] (Currently, there are 1 requests for layer vz_state_oiljob011_01_pristine)  @mrxlayermanager:298
[02:58:30.208] [lua] (Currently, there are 1 requests for layer vz_state_oiljob011_02_pristine)  @mrxlayermanager:298
[02:58:30.217] [lua] (Currently, there are 1 requests for layer vz_state_oiljob011_03_pristine)  @mrxlayermanager:298
[02:58:30.228] [lua] (Currently, there are 1 requests for layer vz_state_oiljob011_04_pristine)  @mrxlayermanager:298
[02:58:30.237] [lua] (Currently, there are 1 requests for layer vz_state_oiljob011_05_pristine)  @mrxlayermanager:298
[02:58:30.249] [lua] (Currently, there are 1 requests for layer vz_state_oiljob012_01_pristine)  @mrxlayermanager:298
[02:58:30.258] [lua] (Currently, there are 1 requests for layer vz_state_oiljob012_01_staging)  @mrxlayermanager:298
[02:58:30.266] [lua] (Currently, there are 1 requests for layer vz_state_oiljob012_02_pristine)  @mrxlayermanager:298
[02:58:30.276] [lua] (Currently, there are 1 requests for layer vz_state_oiljob012_02_staging)  @mrxlayermanager:298
[02:58:30.285] [lua] (Currently, there are 1 requests for layer vz_state_oiljob012_03_pristine)  @mrxlayermanager:298
[02:58:30.294] [lua] (Currently, there are 1 requests for layer vz_state_oiljob012_03_staging)  @mrxlayermanager:298
[02:58:30.304] [lua] (Currently, there are 1 requests for layer vz_state_oiljob012_04_pristine)  @mrxlayermanager:298
[02:58:30.312] [lua] (Currently, there are 1 requests for layer vz_state_oiljob012_04_staging)  @mrxlayermanager:298
[02:58:30.321] [lua] (Currently, there are 1 requests for layer vz_state_oiljob012_05_pristine)  @mrxlayermanager:298
[02:58:30.331] [lua] (Currently, there are 1 requests for layer vz_state_oiljob012_05_staging)  @mrxlayermanager:298
[02:58:30.339] [lua] (Currently, there are 1 requests for layer vz_state_pircon004_pristine)  @mrxlayermanager:298
[02:58:30.349] [lua] (Currently, there are 1 requests for layer vz_state_pirjob002_01_captured)  @mrxlayermanager:298
[02:58:30.357] [lua] (Currently, there are 1 requests for layer vz_state_pirjob002_02_captured)  @mrxlayermanager:298
[02:58:30.365] [lua] (Currently, there are 1 requests for layer vz_state_pirjob002_02_pristine)  @mrxlayermanager:298
[02:58:30.374] [lua] (Currently, there are 1 requests for layer vz_state_pirjob002_03_captured)  @mrxlayermanager:298
[02:58:30.385] [lua] (Currently, there are 1 requests for layer vz_state_pirjob002_03_pristine)  @mrxlayermanager:298
[02:58:30.394] [lua] (Currently, there are 1 requests for layer vz_state_pirjob007_a_destroyed)  @mrxlayermanager:298
[02:58:30.402] [lua] (Currently, there are 1 requests for layer vz_state_pirjob007_b_destroyed)  @mrxlayermanager:298
[02:58:30.412] [lua] (Currently, there are 1 requests for layer vz_state_pirjob007_c_destroyed)  @mrxlayermanager:298
[02:58:30.421] [lua] (Currently, there are 1 requests for layer vz_state_pirjob007_e_pristine)  @mrxlayermanager:298
[02:58:30.429] [lua] (Currently, there are 1 requests for layer vz_state_pirjob007_e_staging)  @mrxlayermanager:298
[02:58:30.439] [lua] (Currently, there are 1 requests for layer vz_state_pirjob007_f_destroyed)  @mrxlayermanager:298
[02:58:30.452] [lua] (Currently, there are 1 requests for layer vz_state_pirjob007_g_destroyed)  @mrxlayermanager:298
[02:58:30.460] [lua] (Currently, there are 1 requests for layer vz_state_pirjob010_01_destroyed)  @mrxlayermanager:298
[02:58:30.469] [lua] (Currently, there are 1 requests for layer vz_state_pirjob010_02_destroyed)  @mrxlayermanager:298
[02:58:30.477] [lua] (Currently, there are 1 requests for layer vz_state_pirjob010_03_destroyed)  @mrxlayermanager:298
[02:58:30.487] [lua] (Currently, there are 1 requests for layer vz_state_pirjob011_01_destroyed)  @mrxlayermanager:298
[02:58:30.495] [lua] (Currently, there are 1 requests for layer vz_state_pirjob011_02_destroyed)  @mrxlayermanager:298
[02:58:30.504] [lua] (Currently, there are 1 requests for layer vz_state_pirjob011_03_destroyed)  @mrxlayermanager:298
[02:58:30.516] [lua] (Currently, there are 1 requests for layer vz_state_pirjob012_01_pristine)  @mrxlayermanager:298
[02:58:30.525] [lua] (Currently, there are 1 requests for layer vz_state_pirjob012_02_pristine)  @mrxlayermanager:298
[02:58:30.533] [lua] (Currently, there are 1 requests for layer vz_state_pirjob012_03_pristine)  @mrxlayermanager:298
[02:58:30.541] [lua] (Currently, there are 1 requests for layer vz_state_pirjob012_05_pristine)  @mrxlayermanager:298
[02:58:30.550] [lua] (Currently, there are 1 requests for layer vz_state_pirjob012_06_pristine)  @mrxlayermanager:298
[02:58:30.565] [lua] (Currently, there are 1 requests for layer vz_state_pirjob012_07_pristine)  @mrxlayermanager:298
[02:58:30.579] [lua] (Currently, there are 1 requests for layer vz_state_pirjob012_08_pristine)  @mrxlayermanager:298
[02:58:30.589] [lua] (Currently, there are 1 requests for layer vz_state_pirjob012_09_pristine)  @mrxlayermanager:298
[02:58:30.597] [lua] (Currently, there are 1 requests for layer vz_state_pirjob012_10_pristine)  @mrxlayermanager:298
[02:58:30.605] [lua] (Currently, there are 1 requests for layer vz_state_pmc)  @mrxlayermanager:298
[02:58:30.614] [lua] (Currently, there are 1 requests for layer vz_state_pmc_act1)  @mrxlayermanager:298
[02:58:30.622] [lua] (Currently, there are 1 requests for layer vz_state_pmc_livedin)  @mrxlayermanager:298
[02:58:30.632] [lua] (Currently, there are 1 requests for layer vz_state_pmccon002_blanco)  @mrxlayermanager:298
[02:58:30.641] [lua] (Currently, there are 1 requests for layer vz_state_sol_bunker)  @mrxlayermanager:298
[02:58:30.649] [lua] (Currently, there are 1 requests for layer vz_state_staging_all_hq)  @mrxlayermanager:298
[02:58:30.657] [lua] (Currently, there are 1 requests for layer vz_state_staging_chi_hq)  @mrxlayermanager:298
[02:58:30.665] [lua] (Currently, there are 1 requests for layer vz_state_staging_pirhq)  @mrxlayermanager:298
[02:58:30.676] [lua] (Currently, there are 1 requests for layer vz_state_vza_con001)  @mrxlayermanager:298
[02:58:30.685] [lua] (Currently, there are 1 requests for layer vz_state_vza_con001_post)  @mrxlayermanager:298
[02:58:30.694] [lua] (Currently, there are 1 requests for layer vz_state_vzacon001_pregate1)  @mrxlayermanager:298
[02:58:30.702] [lua] (Currently, there are 1 requests for layer vz_state_vzacon001_pregate2)  @mrxlayermanager:298
[02:58:30.711] [lua] (Currently, there are 1 requests for layer vz_state_vzacon001_ruined)  @mrxlayermanager:298
[02:58:30.720] [lua] (nPendingOps = 408)  @mrxlayermanager:324
[02:58:30.729] [lua] Setting asset request max to 408  @mrxlayermanager:338
[02:58:31.547] [lua] Request fulfilled: Load layer vz_all_job005_d (static: nil)  @mrxlayermanager:446
[02:58:31.555] [lua] Layer request 1: 1 of 170 complete  @mrxlayermanager:479
[02:58:31.565] [lua] Culling op for layer vz_all_job005_d!  @mrxlayermanager:318
[02:58:31.574] [lua] (nPendingOps = 407)  @mrxlayermanager:324
[02:58:31.587] [lua] Loading vz_state_gurjob012_02_pristine (static: false)  @mrxlayermanager:375
[02:58:31.597] [lua] true	Unable to load layer vz_state_gurjob012_02_pristine  @mrxlayermanager:403
[02:58:31.605] [lua] Request fulfilled: Load layer vz_mar_city (static: nil)  @mrxlayermanager:446
[02:58:31.620] [lua] Layer request 1: 2 of 170 complete  @mrxlayermanager:479
[02:58:31.629] [lua] Culling op for layer vz_mar_city!  @mrxlayermanager:318
[02:58:31.638] [lua] (nPendingOps = 406)  @mrxlayermanager:324
[02:58:31.647] [lua] Loading vz_state_car_city_pristine (static: false)  @mrxlayermanager:375
[02:58:31.657] [lua] true	Unable to load layer vz_state_car_city_pristine  @mrxlayermanager:403
[02:58:31.666] [lua] Request fulfilled: Load layer vz_caracas_tiny (static: nil)  @mrxlayermanager:446
[02:58:31.677] [lua] Layer request 1: 3 of 170 complete  @mrxlayermanager:479
[02:58:31.686] [lua] Culling op for layer vz_caracas_tiny!  @mrxlayermanager:318
[02:58:31.695] [lua] (nPendingOps = 405)  @mrxlayermanager:324
[02:58:31.702] [lua] Loading vz_state_pirjob007_a_destroyed (static: false)  @mrxlayermanager:375
[02:58:31.711] [lua] true	Unable to load layer vz_state_pirjob007_a_destroyed  @mrxlayermanager:403
[02:58:31.720] [lua] Request fulfilled: Load layer vz_landingzone (static: nil)  @mrxlayermanager:446
[02:58:31.728] [lua] Layer request 1: 4 of 170 complete  @mrxlayermanager:479
[02:58:31.738] [lua] Culling op for layer vz_landingzone!  @mrxlayermanager:318
[02:58:31.748] [lua] (nPendingOps = 404)  @mrxlayermanager:324
[02:58:31.762] [lua] Loading vz_state_chijob005_c_destroyed (static: false)  @mrxlayermanager:375
[02:58:31.771] [lua] true	Unable to load layer vz_state_chijob005_c_destroyed  @mrxlayermanager:403
[02:58:31.780] [lua] Request fulfilled: Load layer vz_pirate_isles_foilage (static: nil)  @mrxlayermanager:446
[02:58:31.788] [lua] Layer request 1: 5 of 170 complete  @mrxlayermanager:479
[02:58:31.797] [lua] Culling op for layer vz_pirate_isles_foilage!  @mrxlayermanager:318
[02:58:31.806] [lua] (nPendingOps = 403)  @mrxlayermanager:324
[02:58:31.814] [lua] Loading vz_state_sol_bunker (static: false)  @mrxlayermanager:375
[02:58:31.823] [lua] true	Unable to load layer vz_state_sol_bunker  @mrxlayermanager:403
[02:58:31.832] [lua] Request fulfilled: Load layer vz_mer_white (static: nil)  @mrxlayermanager:446
[02:58:31.840] [lua] Layer request 1: 6 of 170 complete  @mrxlayermanager:479
[02:58:31.849] [lua] Culling op for layer vz_mer_white!  @mrxlayermanager:318
[02:58:31.861] [lua] (nPendingOps = 402)  @mrxlayermanager:324
[02:58:31.870] [lua] Loading vz_state_gurcon005_airportdefbase (static: false)  @mrxlayermanager:375
[02:58:31.879] [lua] true	Unable to load layer vz_state_gurcon005_airportdefbase  @mrxlayermanager:403
[02:58:31.888] [lua] Request fulfilled: Load layer vz_commonlocations (static: nil)  @mrxlayermanager:446
[02:58:31.901] [lua] Layer request 1: 7 of 170 complete  @mrxlayermanager:479
[02:58:31.910] [lua] Culling op for layer vz_commonlocations!  @mrxlayermanager:318
[02:58:31.921] [lua] (nPendingOps = 401)  @mrxlayermanager:324
[02:58:31.929] [lua] Loading vz_state_pmc_act1 (static: false)  @mrxlayermanager:375
[02:58:31.944] [lua] true	Unable to load layer vz_state_pmc_act1  @mrxlayermanager:403
[02:58:31.953] [lua] Request fulfilled: Load layer vz_terrain (static: nil)  @mrxlayermanager:446
[02:58:31.962] [lua] Layer request 1: 8 of 170 complete  @mrxlayermanager:479
[02:58:31.970] [lua] Culling op for layer vz_terrain!  @mrxlayermanager:318
[02:58:31.981] [lua] (nPendingOps = 400)  @mrxlayermanager:324
[02:58:31.990] [lua] Loading vz_merida_roads (static: true)  @mrxlayermanager:375
[02:58:32.000] [lua] true	Unable to load layer vz_merida_roads  @mrxlayermanager:403
[02:58:32.009] [lua] Request fulfilled: Load layer vz_oil_job008_d (static: nil)  @mrxlayermanager:446
[02:58:32.017] [lua] Layer request 1: 9 of 170 complete  @mrxlayermanager:479
[02:58:32.026] [lua] Culling op for layer vz_oil_job008_d!  @mrxlayermanager:318
[02:58:32.039] [lua] (nPendingOps = 399)  @mrxlayermanager:324
[02:58:32.048] [lua] Loading vz_state_vzacon001_pregate1 (static: false)  @mrxlayermanager:375
[02:58:32.057] [lua] true	Unable to load layer vz_state_vzacon001_pregate1  @mrxlayermanager:403
[02:58:32.066] [lua] Request fulfilled: Load layer vz_oil_job001 (static: nil)  @mrxlayermanager:446
[02:58:32.076] [lua] Layer request 1: 10 of 170 complete  @mrxlayermanager:479
[02:58:32.085] [lua] Culling op for layer vz_oil_job001!  @mrxlayermanager:318
[02:58:32.095] [lua] (nPendingOps = 398)  @mrxlayermanager:324
[02:58:32.106] [lua] Loading vz_pir_hq (static: true)  @mrxlayermanager:375
[02:58:32.114] [lua] true	Unable to load layer vz_pir_hq  @mrxlayermanager:403
[02:58:32.127] [lua] Request fulfilled: Load layer vz_merida_roads (static: nil)  @mrxlayermanager:446
[02:58:32.135] [lua] Layer request 1: 11 of 170 complete  @mrxlayermanager:479
[02:58:32.147] [lua] Culling op for layer vz_merida_roads!  @mrxlayermanager:318
[02:58:32.157] [lua] (nPendingOps = 397)  @mrxlayermanager:324
[02:58:32.168] [lua] Loading vz_maracaibo_tiny (static: true)  @mrxlayermanager:375
[02:58:32.179] [lua] true	Unable to load layer vz_maracaibo_tiny  @mrxlayermanager:403
[02:58:32.189] [lua] Request fulfilled: Load layer vz_pir_hq (static: nil)  @mrxlayermanager:446
[02:58:32.197] [lua] Layer request 1: 12 of 170 complete  @mrxlayermanager:479
[02:58:32.207] [lua] Culling op for layer vz_pir_hq!  @mrxlayermanager:318
[02:58:32.216] [lua] (nPendingOps = 396)  @mrxlayermanager:324
[02:58:32.225] [lua] Loading vz_cumana_scrub (static: true)  @mrxlayermanager:375
[02:58:32.233] [lua] true	Unable to load layer vz_cumana_scrub  @mrxlayermanager:403
[02:58:32.244] [lua] Request fulfilled: Load layer vz_state_gurjob012_02_pristine (static: nil)  @mrxlayermanager:446
[02:58:32.252] [lua] Layer request 2: 1 of 238 complete  @mrxlayermanager:479
[02:58:32.260] [lua] Culling op for layer vz_state_gurjob012_02_pristine!  @mrxlayermanager:318
[02:58:32.269] [lua] (nPendingOps = 395)  @mrxlayermanager:324
[02:58:32.277] [lua] Loading vz_chi_job006_d (static: true)  @mrxlayermanager:375
[02:58:32.286] [lua] true	Unable to load layer vz_chi_job006_d  @mrxlayermanager:403
[02:58:32.295] [lua] Request fulfilled: Load layer vz_maracaibo_tiny (static: nil)  @mrxlayermanager:446
[02:58:32.303] [lua] Layer request 1: 13 of 170 complete  @mrxlayermanager:479
[02:58:32.312] [lua] Culling op for layer vz_maracaibo_tiny!  @mrxlayermanager:318
[02:58:32.320] [lua] (nPendingOps = 394)  @mrxlayermanager:324
[02:58:32.329] [lua] Loading vz_state_merida_act2_helo (static: false)  @mrxlayermanager:375
[02:58:32.338] [lua] true	Unable to load layer vz_state_merida_act2_helo  @mrxlayermanager:403
[02:58:32.347] [lua] Request fulfilled: Load layer vz_cumana_scrub (static: nil)  @mrxlayermanager:446
[02:58:32.355] [lua] Layer request 1: 14 of 170 complete  @mrxlayermanager:479
[02:58:32.364] [lua] Culling op for layer vz_cumana_scrub!  @mrxlayermanager:318
[02:58:32.373] [lua] (nPendingOps = 393)  @mrxlayermanager:324
[02:58:32.382] [lua] Loading vz_state_chijob002_03_pristine (static: false)  @mrxlayermanager:375
[02:58:32.392] [lua] true	Unable to load layer vz_state_chijob002_03_pristine  @mrxlayermanager:403
[02:58:32.402] [lua] Request fulfilled: Load layer vz_chi_job006_d (static: nil)  @mrxlayermanager:446
[02:58:32.414] [lua] Layer request 1: 15 of 170 complete  @mrxlayermanager:479
[02:58:32.423] [lua] Culling op for layer vz_chi_job006_d!  @mrxlayermanager:318
[02:58:32.435] [lua] (nPendingOps = 392)  @mrxlayermanager:324
[02:58:32.444] [lua] Loading vz_state_oiljob008_d_ruined (static: false)  @mrxlayermanager:375
[02:58:32.459] [lua] true	Unable to load layer vz_state_oiljob008_d_ruined  @mrxlayermanager:403
[02:58:32.468] [lua] Request fulfilled: Load layer vz_state_pirjob007_a_destroyed (static: nil)  @mrxlayermanager:446
[02:58:32.476] [lua] Layer request 2: 2 of 238 complete  @mrxlayermanager:479
[02:58:32.485] [lua] Culling op for layer vz_state_pirjob007_a_destroyed!  @mrxlayermanager:318
[02:58:32.494] [lua] (nPendingOps = 391)  @mrxlayermanager:324
[02:58:32.505] [lua] Loading vz_state_gurjob008_02_captured (static: false)  @mrxlayermanager:375
[02:58:32.514] [lua] true	Unable to load layer vz_state_gurjob008_02_captured  @mrxlayermanager:403
[02:58:32.524] [lua] Request fulfilled: Load layer vz_state_pmc_act1 (static: nil)  @mrxlayermanager:446
[02:58:32.532] [lua] Layer request 2: 3 of 238 complete  @mrxlayermanager:479
[02:58:32.541] [lua] Culling op for layer vz_state_pmc_act1!  @mrxlayermanager:318
[02:58:32.549] [lua] (nPendingOps = 390)  @mrxlayermanager:324
[02:58:32.557] [lua] Loading vz_state_chijob010_01_pristine (static: false)  @mrxlayermanager:375
[02:58:32.566] [lua] true	Unable to load layer vz_state_chijob010_01_pristine  @mrxlayermanager:403
[02:58:32.580] [lua] Request fulfilled: Load layer vz_state_gurjob008_02_captured (static: nil)  @mrxlayermanager:446
[02:58:32.590] [lua] Layer request 2: 4 of 238 complete  @mrxlayermanager:479
[02:58:32.599] [lua] Culling op for layer vz_state_gurjob008_02_captured!  @mrxlayermanager:318
[02:58:32.608] [lua] (nPendingOps = 389)  @mrxlayermanager:324
[02:58:32.619] [lua] Loading vz_state_alljob002_04_staging (static: false)  @mrxlayermanager:375
[02:58:32.628] [lua] true	Unable to load layer vz_state_alljob002_04_staging  @mrxlayermanager:403
[02:58:32.639] [lua] Request fulfilled: Load layer vz_state_merida_act2_helo (static: nil)  @mrxlayermanager:446
[02:58:32.647] [lua] Layer request 2: 5 of 238 complete  @mrxlayermanager:479
[02:58:32.656] [lua] Culling op for layer vz_state_merida_act2_helo!  @mrxlayermanager:318
[02:58:32.665] [lua] (nPendingOps = 388)  @mrxlayermanager:324
[02:58:32.673] [lua] Loading vz_pir_job012_g (static: true)  @mrxlayermanager:375
[02:58:32.682] [lua] true	Unable to load layer vz_pir_job012_g  @mrxlayermanager:403
[02:58:32.695] [lua] Request fulfilled: Load layer vz_pir_job012_g (static: nil)  @mrxlayermanager:446
[02:58:32.703] [lua] Layer request 1: 16 of 170 complete  @mrxlayermanager:479
[02:58:32.711] [lua] Culling op for layer vz_pir_job012_g!  @mrxlayermanager:318
[02:58:32.720] [lua] (nPendingOps = 387)  @mrxlayermanager:324
[02:58:32.729] [lua] Loading vz_state_chi_hq_structures (static: false)  @mrxlayermanager:375
[02:58:32.737] [lua] true	Unable to load layer vz_state_chi_hq_structures  @mrxlayermanager:403
[02:58:32.747] [lua] Request fulfilled: Load layer vz_state_vzacon001_pregate1 (static: nil)  @mrxlayermanager:446
[02:58:32.756] [lua] Layer request 2: 6 of 238 complete  @mrxlayermanager:479
[02:58:32.765] [lua] Culling op for layer vz_state_vzacon001_pregate1!  @mrxlayermanager:318
[02:58:32.773] [lua] (nPendingOps = 386)  @mrxlayermanager:324
[02:58:32.782] [lua] Loading vz_all_job010_a (static: true)  @mrxlayermanager:375
[02:58:32.790] [lua] true	Unable to load layer vz_all_job010_a  @mrxlayermanager:403
[02:58:32.804] [lua] Request fulfilled: Load layer vz_state_car_city_pristine (static: nil)  @mrxlayermanager:446
[02:58:32.812] [lua] Layer request 2: 7 of 238 complete  @mrxlayermanager:479
[02:58:32.820] [lua] Culling op for layer vz_state_car_city_pristine!  @mrxlayermanager:318
[02:58:32.829] [lua] (nPendingOps = 385)  @mrxlayermanager:324
[02:58:32.839] [lua] Loading vz_state_chijob005_f_destroyed (static: false)  @mrxlayermanager:375
[02:58:32.846] [lua] true	Unable to load layer vz_state_chijob005_f_destroyed  @mrxlayermanager:403
[02:58:32.857] [lua] Request fulfilled: Load layer vz_all_job010_a (static: nil)  @mrxlayermanager:446
[02:58:32.866] [lua] Layer request 1: 17 of 170 complete  @mrxlayermanager:479
[02:58:32.874] [lua] Culling op for layer vz_all_job010_a!  @mrxlayermanager:318
[02:58:32.885] [lua] (nPendingOps = 384)  @mrxlayermanager:324
[02:58:32.893] [lua] Loading vz_state_gurcon002_pristine (static: false)  @mrxlayermanager:375
[02:58:32.903] [lua] true	Unable to load layer vz_state_gurcon002_pristine  @mrxlayermanager:403
[02:58:32.913] [lua] Request fulfilled: Load layer vz_state_chijob005_c_destroyed (static: nil)  @mrxlayermanager:446
[02:58:32.921] [lua] Layer request 2: 8 of 238 complete  @mrxlayermanager:479
[02:58:32.930] [lua] Culling op for layer vz_state_chijob005_c_destroyed!  @mrxlayermanager:318
[02:58:32.939] [lua] (nPendingOps = 383)  @mrxlayermanager:324
[02:58:32.947] [lua] Loading vz_state_pirjob010_02_destroyed (static: false)  @mrxlayermanager:375
[02:58:32.958] [lua] true	Unable to load layer vz_state_pirjob010_02_destroyed  @mrxlayermanager:403
[02:58:32.969] [lua] Request fulfilled: Load layer vz_state_alljob002_04_staging (static: nil)  @mrxlayermanager:446
[02:58:32.981] [lua] Layer request 2: 9 of 238 complete  @mrxlayermanager:479
[02:58:32.989] [lua] Culling op for layer vz_state_alljob002_04_staging!  @mrxlayermanager:318
[02:58:32.998] [lua] (nPendingOps = 382)  @mrxlayermanager:324
[02:58:33.006] [lua] Loading vz_cum_margarita (static: true)  @mrxlayermanager:375
[02:58:33.016] [lua] true	Unable to load layer vz_cum_margarita  @mrxlayermanager:403
[02:58:33.028] [lua] Request fulfilled: Load layer vz_cum_margarita (static: nil)  @mrxlayermanager:446
[02:58:33.037] [lua] Layer request 1: 18 of 170 complete  @mrxlayermanager:479
[02:58:33.046] [lua] Culling op for layer vz_cum_margarita!  @mrxlayermanager:318
[02:58:33.056] [lua] (nPendingOps = 381)  @mrxlayermanager:324
[02:58:33.066] [lua] Loading vz_state_gurjob007_03_destroyed (static: false)  @mrxlayermanager:375
[02:58:33.076] [lua] true	Unable to load layer vz_state_gurjob007_03_destroyed  @mrxlayermanager:403
[02:58:33.088] [lua] Request fulfilled: Load layer vz_state_chijob010_01_pristine (static: nil)  @mrxlayermanager:446
[02:58:33.097] [lua] Layer request 2: 10 of 238 complete  @mrxlayermanager:479
[02:58:33.106] [lua] Culling op for layer vz_state_chijob010_01_pristine!  @mrxlayermanager:318
[02:58:33.117] [lua] (nPendingOps = 380)  @mrxlayermanager:324
[02:58:33.126] [lua] Loading vz_state_allcon001_pristine (static: false)  @mrxlayermanager:375
[02:58:33.136] [lua] true	Unable to load layer vz_state_allcon001_pristine  @mrxlayermanager:403
[02:58:33.148] [lua] Request fulfilled: Load layer vz_state_chijob005_f_destroyed (static: nil)  @mrxlayermanager:446
[02:58:33.157] [lua] Layer request 2: 11 of 238 complete  @mrxlayermanager:479
[02:58:33.171] [lua] Culling op for layer vz_state_chijob005_f_destroyed!  @mrxlayermanager:318
[02:58:33.183] [lua] (nPendingOps = 379)  @mrxlayermanager:324
[02:58:33.192] [lua] Loading vz_boundary_regions (static: true)  @mrxlayermanager:375
[02:58:33.205] [lua] true	Unable to load layer vz_boundary_regions  @mrxlayermanager:403
[02:58:33.223] [lua] Request fulfilled: Load layer vz_state_oiljob008_d_ruined (static: nil)  @mrxlayermanager:446
[02:58:33.233] [lua] Layer request 2: 12 of 238 complete  @mrxlayermanager:479
[02:58:33.241] [lua] Culling op for layer vz_state_oiljob008_d_ruined!  @mrxlayermanager:318
[02:58:33.250] [lua] (nPendingOps = 378)  @mrxlayermanager:324
[02:58:33.258] [lua] Loading vz_gua_vzbase (static: true)  @mrxlayermanager:375
[02:58:33.266] [lua] true	Unable to load layer vz_gua_vzbase  @mrxlayermanager:403
[02:58:33.276] [lua] Request fulfilled: Load layer vz_boundary_regions (static: nil)  @mrxlayermanager:446
[02:58:33.286] [lua] Layer request 1: 19 of 170 complete  @mrxlayermanager:479
[02:58:33.295] [lua] Culling op for layer vz_boundary_regions!  @mrxlayermanager:318
[02:58:33.304] [lua] (nPendingOps = 377)  @mrxlayermanager:324
[02:58:33.313] [lua] Loading vz_mar_foilage (static: true)  @mrxlayermanager:375
[02:58:33.322] [lua] true	Unable to load layer vz_mar_foilage  @mrxlayermanager:403
[02:58:33.332] [lua] Request fulfilled: Load layer vz_gua_vzbase (static: nil)  @mrxlayermanager:446
[02:58:33.340] [lua] Layer request 1: 20 of 170 complete  @mrxlayermanager:479
[02:58:33.350] [lua] Culling op for layer vz_gua_vzbase!  @mrxlayermanager:318
[02:58:33.359] [lua] (nPendingOps = 376)  @mrxlayermanager:324
[02:58:33.368] [lua] Loading vz_state_alljob002_05_staging (static: false)  @mrxlayermanager:375
[02:58:33.377] [lua] true	Unable to load layer vz_state_alljob002_05_staging  @mrxlayermanager:403
[02:58:33.385] [lua] Request fulfilled: Load layer vz_mar_foilage (static: nil)  @mrxlayermanager:446
[02:58:33.398] [lua] Layer request 1: 21 of 170 complete  @mrxlayermanager:479
[02:58:33.406] [lua] Culling op for layer vz_mar_foilage!  @mrxlayermanager:318
[02:58:33.415] [lua] (nPendingOps = 375)  @mrxlayermanager:324
[02:58:33.423] [lua] Loading vz_state_oc_depot_pristine (static: false)  @mrxlayermanager:375
[02:58:33.431] [lua] true	Unable to load layer vz_state_oc_depot_pristine  @mrxlayermanager:403
[02:58:33.440] [lua] Request fulfilled: Load layer vz_state_chi_hq_structures (static: nil)  @mrxlayermanager:446
[02:58:33.450] [lua] Layer request 2: 13 of 238 complete  @mrxlayermanager:479
[02:58:33.459] [lua] Culling op for layer vz_state_chi_hq_structures!  @mrxlayermanager:318
[02:58:33.468] [lua] (nPendingOps = 374)  @mrxlayermanager:324
[02:58:33.476] [lua] Loading vz_state_gurjob008_02_pristine (static: false)  @mrxlayermanager:375
[02:58:33.485] [lua] true	Unable to load layer vz_state_gurjob008_02_pristine  @mrxlayermanager:403
[02:58:33.496] [lua] Request fulfilled: Load layer vz_state_allcon001_pristine (static: nil)  @mrxlayermanager:446
[02:58:33.509] [lua] Layer request 2: 14 of 238 complete  @mrxlayermanager:479
[02:58:33.517] [lua] Culling op for layer vz_state_allcon001_pristine!  @mrxlayermanager:318
[02:58:33.526] [lua] (nPendingOps = 373)  @mrxlayermanager:324
[02:58:33.535] [lua] Loading vz_gur_job002_c (static: true)  @mrxlayermanager:375
[02:58:33.544] [lua] true	Unable to load layer vz_gur_job002_c  @mrxlayermanager:403
[02:58:33.554] [lua] Request fulfilled: Load layer vz_gur_job002_c (static: nil)  @mrxlayermanager:446
[02:58:33.563] [lua] Layer request 1: 22 of 170 complete  @mrxlayermanager:479
[02:58:33.573] [lua] Culling op for layer vz_gur_job002_c!  @mrxlayermanager:318
[02:58:33.581] [lua] (nPendingOps = 372)  @mrxlayermanager:324
[02:58:33.591] [lua] Loading vz_state_gurcon001_fortress_destroyed (static: false)  @mrxlayermanager:375
[02:58:33.599] [lua] true	Unable to load layer vz_state_gurcon001_fortress_destroyed  @mrxlayermanager:403
[02:58:33.607] [lua] Request fulfilled: Load layer vz_state_gurcon002_pristine (static: nil)  @mrxlayermanager:446
[02:58:33.616] [lua] Layer request 2: 15 of 238 complete  @mrxlayermanager:479
[02:58:33.625] [lua] Culling op for layer vz_state_gurcon002_pristine!  @mrxlayermanager:318
[02:58:33.639] [lua] (nPendingOps = 371)  @mrxlayermanager:324
[02:58:33.648] [lua] Loading vz_watersounds (static: true)  @mrxlayermanager:375
[02:58:33.657] [lua] true	Unable to load layer vz_watersounds  @mrxlayermanager:403
[02:58:33.667] [lua] Request fulfilled: Load layer vz_state_gurcon005_airportdefbase (static: nil)  @mrxlayermanager:446
[02:58:33.676] [lua] Layer request 2: 16 of 238 complete  @mrxlayermanager:479
[02:58:33.685] [lua] Culling op for layer vz_state_gurcon005_airportdefbase!  @mrxlayermanager:318
[02:58:33.694] [lua] (nPendingOps = 370)  @mrxlayermanager:324
[02:58:33.703] [lua] Loading vz_state_alljob001_02_pristine (static: false)  @mrxlayermanager:375
[02:58:33.712] [lua] true	Unable to load layer vz_state_alljob001_02_pristine  @mrxlayermanager:403
[02:58:33.721] [lua] Request fulfilled: Load layer vz_watersounds (static: nil)  @mrxlayermanager:446
[02:58:33.729] [lua] Layer request 1: 23 of 170 complete  @mrxlayermanager:479
[02:58:33.739] [lua] Culling op for layer vz_watersounds!  @mrxlayermanager:318
[02:58:33.748] [lua] (nPendingOps = 369)  @mrxlayermanager:324
[02:58:33.757] [lua] Loading vz_state_alljob005_04_destroyed (static: false)  @mrxlayermanager:375
[02:58:33.765] [lua] true	Unable to load layer vz_state_alljob005_04_destroyed  @mrxlayermanager:403
[02:58:33.775] [lua] Request fulfilled: Load layer vz_state_sol_bunker (static: nil)  @mrxlayermanager:446
[02:58:33.784] [lua] Layer request 2: 17 of 238 complete  @mrxlayermanager:479
[02:58:33.792] [lua] Culling op for layer vz_state_sol_bunker!  @mrxlayermanager:318
[02:58:33.802] [lua] (nPendingOps = 368)  @mrxlayermanager:324
[02:58:33.810] [lua] Loading vz_mar_fortress (static: true)  @mrxlayermanager:375
[02:58:33.820] [lua] true	Unable to load layer vz_mar_fortress  @mrxlayermanager:403
[02:58:33.830] [lua] Request fulfilled: Load layer vz_mar_fortress (static: nil)  @mrxlayermanager:446
[02:58:33.840] [lua] Layer request 1: 24 of 170 complete  @mrxlayermanager:479
[02:58:33.849] [lua] Culling op for layer vz_mar_fortress!  @mrxlayermanager:318
[02:58:33.858] [lua] (nPendingOps = 367)  @mrxlayermanager:324
[02:58:33.866] [lua] Loading vz_pir_job012_f (static: true)  @mrxlayermanager:375
[02:58:33.875] [lua] true	Unable to load layer vz_pir_job012_f  @mrxlayermanager:403
[02:58:33.883] [lua] Request fulfilled: Load layer vz_state_chijob002_03_pristine (static: nil)  @mrxlayermanager:446
[02:58:33.894] [lua] Layer request 2: 18 of 238 complete  @mrxlayermanager:479
[02:58:33.902] [lua] Culling op for layer vz_state_chijob002_03_pristine!  @mrxlayermanager:318
[02:58:33.911] [lua] (nPendingOps = 366)  @mrxlayermanager:324
[02:58:33.919] [lua] Loading vz_state_gurcon005_junglebase (static: false)  @mrxlayermanager:375
[02:58:33.928] [lua] true	Unable to load layer vz_state_gurcon005_junglebase  @mrxlayermanager:403
[02:58:33.942] [lua] Request fulfilled: Load layer vz_pir_job012_f (static: nil)  @mrxlayermanager:446
[02:58:33.951] [lua] Layer request 1: 25 of 170 complete  @mrxlayermanager:479
[02:58:33.959] [lua] Culling op for layer vz_pir_job012_f!  @mrxlayermanager:318
[02:58:33.968] [lua] (nPendingOps = 365)  @mrxlayermanager:324
[02:58:33.975] [lua] Loading vz_pirate_isles_roads (static: true)  @mrxlayermanager:375
[02:58:33.984] [lua] true	Unable to load layer vz_pirate_isles_roads  @mrxlayermanager:403
[02:58:33.992] [lua] Request fulfilled: Load layer vz_state_gurjob008_02_pristine (static: nil)  @mrxlayermanager:446
[02:58:34.001] [lua] Layer request 2: 19 of 238 complete  @mrxlayermanager:479
[02:58:34.009] [lua] Culling op for layer vz_state_gurjob008_02_pristine!  @mrxlayermanager:318
[02:58:34.019] [lua] (nPendingOps = 364)  @mrxlayermanager:324
[02:58:34.028] [lua] Loading vz_state_pmc (static: false)  @mrxlayermanager:375
[02:58:34.038] [lua] true	Unable to load layer vz_state_pmc  @mrxlayermanager:403
[02:58:34.055] [lua] Request fulfilled: Load layer vz_state_pirjob010_02_destroyed (static: nil)  @mrxlayermanager:446
[02:58:34.065] [lua] Layer request 2: 20 of 238 complete  @mrxlayermanager:479
[02:58:34.074] [lua] Culling op for layer vz_state_pirjob010_02_destroyed!  @mrxlayermanager:318
[02:58:34.082] [lua] (nPendingOps = 363)  @mrxlayermanager:324
[02:58:34.090] [lua] Loading vz_all_job002_c (static: true)  @mrxlayermanager:375
[02:58:34.098] [lua] true	Unable to load layer vz_all_job002_c  @mrxlayermanager:403
[02:58:34.106] [lua] Request fulfilled: Load layer vz_pirate_isles_roads (static: nil)  @mrxlayermanager:446
[02:58:34.115] [lua] Layer request 1: 26 of 170 complete  @mrxlayermanager:479
[02:58:34.132] [lua] Culling op for layer vz_pirate_isles_roads!  @mrxlayermanager:318
[02:58:34.142] [lua] (nPendingOps = 362)  @mrxlayermanager:324
[02:58:34.150] [lua] Loading vz_state_mar_city_act3 (static: false)  @mrxlayermanager:375
[02:58:34.159] [lua] true	Unable to load layer vz_state_mar_city_act3  @mrxlayermanager:403
[02:58:34.175] [lua] Request fulfilled: Load layer vz_state_gurjob007_03_destroyed (static: nil)  @mrxlayermanager:446
[02:58:34.184] [lua] Layer request 2: 21 of 238 complete  @mrxlayermanager:479
[02:58:34.195] [lua] Culling op for layer vz_state_gurjob007_03_destroyed!  @mrxlayermanager:318
[02:58:34.204] [lua] (nPendingOps = 361)  @mrxlayermanager:324
[02:58:34.212] [lua] Loading vz_state_angel_falls_act1 (static: false)  @mrxlayermanager:375
[02:58:34.221] [lua] true	Unable to load layer vz_state_angel_falls_act1  @mrxlayermanager:403
[02:58:34.230] [lua] Request fulfilled: Load layer vz_all_job002_c (static: nil)  @mrxlayermanager:446
[02:58:34.240] [lua] Layer request 1: 27 of 170 complete  @mrxlayermanager:479
[02:58:34.249] [lua] Culling op for layer vz_all_job002_c!  @mrxlayermanager:318
[02:58:34.258] [lua] (nPendingOps = 360)  @mrxlayermanager:324
[02:58:34.266] [lua] Loading vz_state_oiljob001_pristine (static: false)  @mrxlayermanager:375
[02:58:34.275] [lua] true	Unable to load layer vz_state_oiljob001_pristine  @mrxlayermanager:403
[02:58:34.295] [lua] Request fulfilled: Load layer vz_state_pmc (static: nil)  @mrxlayermanager:446
[02:58:34.303] [lua] Layer request 2: 22 of 238 complete  @mrxlayermanager:479
[02:58:34.312] [lua] Culling op for layer vz_state_pmc!  @mrxlayermanager:318
[02:58:34.321] [lua] (nPendingOps = 359)  @mrxlayermanager:324
[02:58:34.329] [lua] Loading vz_state_car_big_lineregion (static: false)  @mrxlayermanager:375
[02:58:34.338] [lua] true	Unable to load layer vz_state_car_big_lineregion  @mrxlayermanager:403
[02:58:34.351] [lua] Request fulfilled: Load layer vz_state_mar_city_act3 (static: nil)  @mrxlayermanager:446
[02:58:34.360] [lua] Layer request 2: 23 of 238 complete  @mrxlayermanager:479
[02:58:34.369] [lua] Culling op for layer vz_state_mar_city_act3!  @mrxlayermanager:318
[02:58:34.377] [lua] (nPendingOps = 358)  @mrxlayermanager:324
[02:58:34.386] [lua] Loading vz_merida_scrub (static: true)  @mrxlayermanager:375
[02:58:34.394] [lua] true	Unable to load layer vz_merida_scrub  @mrxlayermanager:403
[02:58:34.406] [lua] Request fulfilled: Load layer vz_state_alljob002_05_staging (static: nil)  @mrxlayermanager:446
[02:58:34.414] [lua] Layer request 2: 24 of 238 complete  @mrxlayermanager:479
[02:58:34.422] [lua] Culling op for layer vz_state_alljob002_05_staging!  @mrxlayermanager:318
[02:58:34.430] [lua] (nPendingOps = 357)  @mrxlayermanager:324
[02:58:34.439] [lua] Loading vz_state_staging_all_hq (static: false)  @mrxlayermanager:375
[02:58:34.451] [lua] true	Unable to load layer vz_state_staging_all_hq  @mrxlayermanager:403
[02:58:34.460] [lua] Request fulfilled: Load layer vz_merida_scrub (static: nil)  @mrxlayermanager:446
[02:58:34.471] [lua] Layer request 1: 28 of 170 complete  @mrxlayermanager:479
[02:58:34.480] [lua] Culling op for layer vz_merida_scrub!  @mrxlayermanager:318
[02:58:34.493] [lua] (nPendingOps = 356)  @mrxlayermanager:324
[02:58:34.502] [lua] Loading vz_state_alljob002_02_pristine (static: false)  @mrxlayermanager:375
[02:58:34.510] [lua] true	Unable to load layer vz_state_alljob002_02_pristine  @mrxlayermanager:403
[02:58:34.520] [lua] Request fulfilled: Load layer vz_state_oc_depot_pristine (static: nil)  @mrxlayermanager:446
[02:58:34.530] [lua] Layer request 2: 25 of 238 complete  @mrxlayermanager:479
[02:58:34.539] [lua] Culling op for layer vz_state_oc_depot_pristine!  @mrxlayermanager:318
[02:58:34.549] [lua] (nPendingOps = 355)  @mrxlayermanager:324
[02:58:34.557] [lua] Loading vz_state_pirjob007_e_pristine (static: false)  @mrxlayermanager:375
[02:58:34.566] [lua] true	Unable to load layer vz_state_pirjob007_e_pristine  @mrxlayermanager:403
[02:58:34.576] [lua] Request fulfilled: Load layer vz_state_car_big_lineregion (static: nil)  @mrxlayermanager:446
[02:58:34.585] [lua] Layer request 2: 26 of 238 complete  @mrxlayermanager:479
[02:58:34.595] [lua] Culling op for layer vz_state_car_big_lineregion!  @mrxlayermanager:318
[02:58:34.603] [lua] (nPendingOps = 354)  @mrxlayermanager:324
[02:58:34.611] [lua] Loading vz_gur_job002_b (static: true)  @mrxlayermanager:375
[02:58:34.623] [lua] true	Unable to load layer vz_gur_job002_b  @mrxlayermanager:403
[02:58:34.633] [lua] Request fulfilled: Load layer vz_gur_job002_b (static: nil)  @mrxlayermanager:446
[02:58:34.644] [lua] Layer request 1: 29 of 170 complete  @mrxlayermanager:479
[02:58:34.653] [lua] Culling op for layer vz_gur_job002_b!  @mrxlayermanager:318
[02:58:34.661] [lua] (nPendingOps = 353)  @mrxlayermanager:324
[02:58:34.670] [lua] Loading vz_oil_job011_i (static: true)  @mrxlayermanager:375
[02:58:34.679] [lua] true	Unable to load layer vz_oil_job011_i  @mrxlayermanager:403
[02:58:34.689] [lua] Request fulfilled: Load layer vz_state_alljob005_04_destroyed (static: nil)  @mrxlayermanager:446
[02:58:34.697] [lua] Layer request 2: 27 of 238 complete  @mrxlayermanager:479
[02:58:34.707] [lua] Culling op for layer vz_state_alljob005_04_destroyed!  @mrxlayermanager:318
[02:58:34.715] [lua] (nPendingOps = 352)  @mrxlayermanager:324
[02:58:34.724] [lua] Loading vz_angel_falls_road (static: true)  @mrxlayermanager:375
[02:58:34.735] [lua] true	Unable to load layer vz_angel_falls_road  @mrxlayermanager:403
[02:58:34.745] [lua] Request fulfilled: Load layer vz_state_staging_all_hq (static: nil)  @mrxlayermanager:446
[02:58:34.754] [lua] Layer request 2: 28 of 238 complete  @mrxlayermanager:479
[02:58:34.763] [lua] Culling op for layer vz_state_staging_all_hq!  @mrxlayermanager:318
[02:58:34.771] [lua] (nPendingOps = 351)  @mrxlayermanager:324
[02:58:34.780] [lua] Loading vz_chi_job002_b (static: true)  @mrxlayermanager:375
[02:58:34.788] [lua] true	Unable to load layer vz_chi_job002_b  @mrxlayermanager:403
[02:58:34.802] [lua] Request fulfilled: Load layer vz_oil_job011_i (static: nil)  @mrxlayermanager:446
[02:58:34.811] [lua] Layer request 1: 30 of 170 complete  @mrxlayermanager:479
[02:58:34.820] [lua] Culling op for layer vz_oil_job011_i!  @mrxlayermanager:318
[02:58:34.828] [lua] (nPendingOps = 350)  @mrxlayermanager:324
[02:58:34.837] [lua] Loading vz_all_job005_a (static: true)  @mrxlayermanager:375
[02:58:34.845] [lua] true	Unable to load layer vz_all_job005_a  @mrxlayermanager:403
[02:58:34.853] [lua] Request fulfilled: Load layer vz_angel_falls_road (static: nil)  @mrxlayermanager:446
[02:58:34.862] [lua] Layer request 1: 31 of 170 complete  @mrxlayermanager:479
[02:58:34.870] [lua] Culling op for layer vz_angel_falls_road!  @mrxlayermanager:318
[02:58:34.880] [lua] (nPendingOps = 349)  @mrxlayermanager:324
[02:58:34.891] [lua] Loading vz_state_oiljob008_a_pristine (static: false)  @mrxlayermanager:375
[02:58:34.900] [lua] true	Unable to load layer vz_state_oiljob008_a_pristine  @mrxlayermanager:403
[02:58:34.912] [lua] Request fulfilled: Load layer vz_chi_job002_b (static: nil)  @mrxlayermanager:446
[02:58:34.921] [lua] Layer request 1: 32 of 170 complete  @mrxlayermanager:479
[02:58:34.931] [lua] Culling op for layer vz_chi_job002_b!  @mrxlayermanager:318
[02:58:34.967] [lua] (nPendingOps = 348)  @mrxlayermanager:324
[02:58:34.978] [lua] Loading vz_chi_job010_d (static: true)  @mrxlayermanager:375
[02:58:34.987] [lua] true	Unable to load layer vz_chi_job010_d  @mrxlayermanager:403
[02:58:35.001] [lua] Request fulfilled: Load layer vz_state_gurcon001_fortress_destroyed (static: nil)  @mrxlayermanager:446
[02:58:35.010] [lua] Layer request 2: 29 of 238 complete  @mrxlayermanager:479
[02:58:35.018] [lua] Culling op for layer vz_state_gurcon001_fortress_destroyed!  @mrxlayermanager:318
[02:58:35.026] [lua] (nPendingOps = 347)  @mrxlayermanager:324
[02:58:35.035] [lua] Loading vz_state_alljob009_02_destroyed (static: false)  @mrxlayermanager:375
[02:58:35.044] [lua] true	Unable to load layer vz_state_alljob009_02_destroyed  @mrxlayermanager:403
[02:58:35.054] [lua] Request fulfilled: Load layer vz_all_job005_a (static: nil)  @mrxlayermanager:446
[02:58:35.063] [lua] Layer request 1: 33 of 170 complete  @mrxlayermanager:479
[02:58:35.071] [lua] Culling op for layer vz_all_job005_a!  @mrxlayermanager:318
[02:58:35.079] [lua] (nPendingOps = 346)  @mrxlayermanager:324
[02:58:35.087] [lua] Loading vz_merida_foilage (static: true)  @mrxlayermanager:375
[02:58:35.099] [lua] true	Unable to load layer vz_merida_foilage  @mrxlayermanager:403
[02:58:35.108] [lua] Request fulfilled: Load layer vz_chi_job010_d (static: nil)  @mrxlayermanager:446
[02:58:35.116] [lua] Layer request 1: 34 of 170 complete  @mrxlayermanager:479
[02:58:35.125] [lua] Culling op for layer vz_chi_job010_d!  @mrxlayermanager:318
[02:58:35.134] [lua] (nPendingOps = 345)  @mrxlayermanager:324
[02:58:35.142] [lua] Loading vz_caracas_scrub (static: true)  @mrxlayermanager:375
[02:58:35.151] [lua] true	Unable to load layer vz_caracas_scrub  @mrxlayermanager:403
[02:58:35.159] [lua] Request fulfilled: Load layer vz_state_pirjob007_e_pristine (static: nil)  @mrxlayermanager:446
[02:58:35.167] [lua] Layer request 2: 30 of 238 complete  @mrxlayermanager:479
[02:58:35.176] [lua] Culling op for layer vz_state_pirjob007_e_pristine!  @mrxlayermanager:318
[02:58:35.185] [lua] (nPendingOps = 344)  @mrxlayermanager:324
[02:58:35.194] [lua] Loading vz_mar_village_roads (static: true)  @mrxlayermanager:375
[02:58:35.202] [lua] true	Unable to load layer vz_mar_village_roads  @mrxlayermanager:403
[02:58:35.211] [lua] Request fulfilled: Load layer vz_merida_foilage (static: nil)  @mrxlayermanager:446
[02:58:35.219] [lua] Layer request 1: 35 of 170 complete  @mrxlayermanager:479
[02:58:35.229] [lua] Culling op for layer vz_merida_foilage!  @mrxlayermanager:318
[02:58:35.238] [lua] (nPendingOps = 343)  @mrxlayermanager:324
[02:58:35.247] [lua] Loading vz_atmosphere_regions (static: true)  @mrxlayermanager:375
[02:58:35.260] [lua] true	Unable to load layer vz_atmosphere_regions  @mrxlayermanager:403
[02:58:35.271] [lua] Request fulfilled: Load layer vz_caracas_scrub (static: nil)  @mrxlayermanager:446
[02:58:35.280] [lua] Layer request 1: 36 of 170 complete  @mrxlayermanager:479
[02:58:35.288] [lua] Culling op for layer vz_caracas_scrub!  @mrxlayermanager:318
[02:58:35.297] [lua] (nPendingOps = 342)  @mrxlayermanager:324
[02:58:35.305] [lua] Loading vz_state_chicon054_pristine (static: false)  @mrxlayermanager:375
[02:58:35.314] [lua] true	Unable to load layer vz_state_chicon054_pristine  @mrxlayermanager:403
[02:58:35.323] [lua] Request fulfilled: Load layer vz_mar_village_roads (static: nil)  @mrxlayermanager:446
[02:58:35.333] [lua] Layer request 1: 37 of 170 complete  @mrxlayermanager:479
[02:58:35.344] [lua] Culling op for layer vz_mar_village_roads!  @mrxlayermanager:318
[02:58:35.354] [lua] (nPendingOps = 341)  @mrxlayermanager:324
[02:58:35.362] [lua] Loading vz_all_job010_e (static: true)  @mrxlayermanager:375
[02:58:35.370] [lua] true	Unable to load layer vz_all_job010_e  @mrxlayermanager:403
[02:58:35.378] [lua] Request fulfilled: Load layer vz_state_oiljob001_pristine (static: nil)  @mrxlayermanager:446
[02:58:35.394] [lua] Layer request 2: 31 of 238 complete  @mrxlayermanager:479
[02:58:35.423] [lua] Culling op for layer vz_state_oiljob001_pristine!  @mrxlayermanager:318
[02:58:35.436] [lua] (nPendingOps = 340)  @mrxlayermanager:324
[02:58:35.445] [lua] Loading vz_mar_billboard (static: true)  @mrxlayermanager:375
[02:58:35.455] [lua] true	Unable to load layer vz_mar_billboard  @mrxlayermanager:403
[02:58:35.464] [lua] Request fulfilled: Load layer vz_atmosphere_regions (static: nil)  @mrxlayermanager:446
[02:58:35.472] [lua] Layer request 1: 38 of 170 complete  @mrxlayermanager:479
[02:58:35.481] [lua] Culling op for layer vz_atmosphere_regions!  @mrxlayermanager:318
[02:58:35.490] [lua] (nPendingOps = 339)  @mrxlayermanager:324
[02:58:35.499] [lua] Loading vz_state_chicon006_b_pristine (static: false)  @mrxlayermanager:375
[02:58:35.507] [lua] true	Unable to load layer vz_state_chicon006_b_pristine  @mrxlayermanager:403
[02:58:35.518] [lua] Request fulfilled: Load layer vz_all_job010_e (static: nil)  @mrxlayermanager:446
[02:58:35.527] [lua] Layer request 1: 39 of 170 complete  @mrxlayermanager:479
[02:58:35.540] [lua] Culling op for layer vz_all_job010_e!  @mrxlayermanager:318
[02:58:35.548] [lua] (nPendingOps = 338)  @mrxlayermanager:324
[02:58:35.556] [lua] Loading vz_mar_outskirt_roads (static: true)  @mrxlayermanager:375
[02:58:35.565] [lua] true	Unable to load layer vz_mar_outskirt_roads  @mrxlayermanager:403
[02:58:35.574] [lua] Request fulfilled: Load layer vz_mar_billboard (static: nil)  @mrxlayermanager:446
[02:58:35.582] [lua] Layer request 1: 40 of 170 complete  @mrxlayermanager:479
[02:58:35.592] [lua] Culling op for layer vz_mar_billboard!  @mrxlayermanager:318
[02:58:35.600] [lua] (nPendingOps = 337)  @mrxlayermanager:324
[02:58:35.609] [lua] Loading vz_state_jetcon001_copterattack (static: false)  @mrxlayermanager:375
[02:58:35.618] [lua] true	Unable to load layer vz_state_jetcon001_copterattack  @mrxlayermanager:403
[02:58:35.628] [lua] Request fulfilled: Load layer vz_state_gurcon005_junglebase (static: nil)  @mrxlayermanager:446
[02:58:35.637] [lua] Layer request 2: 32 of 238 complete  @mrxlayermanager:479
[02:58:35.646] [lua] Culling op for layer vz_state_gurcon005_junglebase!  @mrxlayermanager:318
[02:58:35.656] [lua] (nPendingOps = 336)  @mrxlayermanager:324
[02:58:35.664] [lua] Loading vz_state_alljob009_02_pristine (static: false)  @mrxlayermanager:375
[02:58:35.673] [lua] true	Unable to load layer vz_state_alljob009_02_pristine  @mrxlayermanager:403
[02:58:35.685] [lua] Request fulfilled: Load layer vz_mar_outskirt_roads (static: nil)  @mrxlayermanager:446
[02:58:35.694] [lua] Layer request 1: 41 of 170 complete  @mrxlayermanager:479
[02:58:35.702] [lua] Culling op for layer vz_mar_outskirt_roads!  @mrxlayermanager:318
[02:58:35.711] [lua] (nPendingOps = 335)  @mrxlayermanager:324
[02:58:35.719] [lua] Loading vz_state_oiljob011_04_pristine (static: false)  @mrxlayermanager:375
[02:58:35.728] [lua] true	Unable to load layer vz_state_oiljob011_04_pristine  @mrxlayermanager:403
[02:58:35.738] [lua] Request fulfilled: Load layer vz_state_alljob001_02_pristine (static: nil)  @mrxlayermanager:446
[02:58:35.747] [lua] Layer request 2: 33 of 238 complete  @mrxlayermanager:479
[02:58:35.756] [lua] Culling op for layer vz_state_alljob001_02_pristine!  @mrxlayermanager:318
[02:58:35.764] [lua] (nPendingOps = 334)  @mrxlayermanager:324
[02:58:35.773] [lua] Loading vz_jungle_mountain_billboard (static: true)  @mrxlayermanager:375
[02:58:35.781] [lua] true	Unable to load layer vz_jungle_mountain_billboard  @mrxlayermanager:403
[02:58:35.795] [lua] Request fulfilled: Load layer vz_state_angel_falls_act1 (static: nil)  @mrxlayermanager:446
[02:58:35.804] [lua] Layer request 2: 34 of 238 complete  @mrxlayermanager:479
[02:58:35.813] [lua] Culling op for layer vz_state_angel_falls_act1!  @mrxlayermanager:318
[02:58:35.823] [lua] (nPendingOps = 333)  @mrxlayermanager:324
[02:58:35.831] [lua] Loading vz_state_chijob006_e_destroyed (static: false)  @mrxlayermanager:375
[02:58:35.841] [lua] true	Unable to load layer vz_state_chijob006_e_destroyed  @mrxlayermanager:403
[02:58:35.849] [lua] Request fulfilled: Load layer vz_jungle_mountain_billboard (static: nil)  @mrxlayermanager:446
[02:58:35.859] [lua] Layer request 1: 42 of 170 complete  @mrxlayermanager:479
[02:58:35.868] [lua] Culling op for layer vz_jungle_mountain_billboard!  @mrxlayermanager:318
[02:58:35.877] [lua] (nPendingOps = 332)  @mrxlayermanager:324
[02:58:35.886] [lua] Loading vz_state_oiljob005_captured (static: false)  @mrxlayermanager:375
[02:58:35.894] [lua] true	Unable to load layer vz_state_oiljob005_captured  @mrxlayermanager:403
[02:58:35.908] [lua] Request fulfilled: Load layer vz_state_oiljob008_a_pristine (static: nil)  @mrxlayermanager:446
[02:58:35.916] [lua] Layer request 2: 35 of 238 complete  @mrxlayermanager:479
[02:58:35.924] [lua] Culling op for layer vz_state_oiljob008_a_pristine!  @mrxlayermanager:318
[02:58:35.933] [lua] (nPendingOps = 331)  @mrxlayermanager:324
[02:58:35.941] [lua] Loading vz_cum_fortress (static: true)  @mrxlayermanager:375
[02:58:35.950] [lua] true	Unable to load layer vz_cum_fortress  @mrxlayermanager:403
[02:58:35.960] [lua] Request fulfilled: Load layer vz_state_chicon054_pristine (static: nil)  @mrxlayermanager:446
[02:58:35.969] [lua] Layer request 2: 36 of 238 complete  @mrxlayermanager:479
[02:58:35.978] [lua] Culling op for layer vz_state_chicon054_pristine!  @mrxlayermanager:318
[02:58:35.986] [lua] (nPendingOps = 330)  @mrxlayermanager:324
[02:58:35.995] [lua] Loading vz_guanare_road (static: true)  @mrxlayermanager:375
[02:58:36.003] [lua] true	Unable to load layer vz_guanare_road  @mrxlayermanager:403
[02:58:36.015] [lua] Request fulfilled: Load layer vz_cum_fortress (static: nil)  @mrxlayermanager:446
[02:58:36.024] [lua] Layer request 1: 43 of 170 complete  @mrxlayermanager:479
[02:58:36.034] [lua] Culling op for layer vz_cum_fortress!  @mrxlayermanager:318
[02:58:36.043] [lua] (nPendingOps = 329)  @mrxlayermanager:324
[02:58:36.051] [lua] Loading vz_mer_outskirt (static: true)  @mrxlayermanager:375
[02:58:36.059] [lua] true	Unable to load layer vz_mer_outskirt  @mrxlayermanager:403
[02:58:36.070] [lua] Request fulfilled: Load layer vz_guanare_road (static: nil)  @mrxlayermanager:446
[02:58:36.078] [lua] Layer request 1: 44 of 170 complete  @mrxlayermanager:479
[02:58:36.088] [lua] Culling op for layer vz_guanare_road!  @mrxlayermanager:318
[02:58:36.097] [lua] (nPendingOps = 328)  @mrxlayermanager:324
[02:58:36.112] [lua] Loading vz_state_alljob009_04_pristine (static: false)  @mrxlayermanager:375
[02:58:36.122] [lua] true	Unable to load layer vz_state_alljob009_04_pristine  @mrxlayermanager:403
[02:58:36.130] [lua] Request fulfilled: Load layer vz_state_chicon006_b_pristine (static: nil)  @mrxlayermanager:446
[02:58:36.139] [lua] Layer request 2: 37 of 238 complete  @mrxlayermanager:479
[02:58:36.148] [lua] Culling op for layer vz_state_chicon006_b_pristine!  @mrxlayermanager:318
[02:58:36.157] [lua] (nPendingOps = 327)  @mrxlayermanager:324
[02:58:36.166] [lua] Loading vz_state_cashpickups (static: false)  @mrxlayermanager:375
[02:58:36.174] [lua] true	Unable to load layer vz_state_cashpickups  @mrxlayermanager:403
[02:58:36.184] [lua] Request fulfilled: Load layer vz_mer_outskirt (static: nil)  @mrxlayermanager:446
[02:58:36.194] [lua] Layer request 1: 45 of 170 complete  @mrxlayermanager:479
[02:58:36.202] [lua] Culling op for layer vz_mer_outskirt!  @mrxlayermanager:318
[02:58:36.211] [lua] (nPendingOps = 326)  @mrxlayermanager:324
[02:58:36.220] [lua] Loading vz_angel_falls_foilage (static: true)  @mrxlayermanager:375
[02:58:36.229] [lua] true	Unable to load layer vz_angel_falls_foilage  @mrxlayermanager:403
[02:58:36.241] [lua] Request fulfilled: Load layer vz_state_oiljob005_captured (static: nil)  @mrxlayermanager:446
[02:58:36.250] [lua] Layer request 2: 38 of 238 complete  @mrxlayermanager:479
[02:58:36.258] [lua] Culling op for layer vz_state_oiljob005_captured!  @mrxlayermanager:318
[02:58:36.267] [lua] (nPendingOps = 325)  @mrxlayermanager:324
[02:58:36.275] [lua] Loading vz_guanare_tiny (static: true)  @mrxlayermanager:375
[02:58:36.290] [lua] true	Unable to load layer vz_guanare_tiny  @mrxlayermanager:403
[02:58:36.299] [lua] Request fulfilled: Load layer vz_angel_falls_foilage (static: nil)  @mrxlayermanager:446
[02:58:36.307] [lua] Layer request 1: 46 of 170 complete  @mrxlayermanager:479
[02:58:36.318] [lua] Culling op for layer vz_angel_falls_foilage!  @mrxlayermanager:318
[02:58:36.326] [lua] (nPendingOps = 324)  @mrxlayermanager:324
[02:58:36.335] [lua] Loading vz_state_gua_upperclass_pristine (static: false)  @mrxlayermanager:375
[02:58:36.343] [lua] true	Unable to load layer vz_state_gua_upperclass_pristine  @mrxlayermanager:403
[02:58:36.354] [lua] Request fulfilled: Load layer vz_state_chijob006_e_destroyed (static: nil)  @mrxlayermanager:446
[02:58:36.364] [lua] Layer request 2: 39 of 238 complete  @mrxlayermanager:479
[02:58:36.373] [lua] Culling op for layer vz_state_chijob006_e_destroyed!  @mrxlayermanager:318
[02:58:36.383] [lua] (nPendingOps = 323)  @mrxlayermanager:324
[02:58:36.393] [lua] Loading vz_cum_billboard (static: true)  @mrxlayermanager:375
[02:58:36.401] [lua] true	Unable to load layer vz_cum_billboard  @mrxlayermanager:403
[02:58:36.411] [lua] Request fulfilled: Load layer vz_guanare_tiny (static: nil)  @mrxlayermanager:446
[02:58:36.420] [lua] Layer request 1: 47 of 170 complete  @mrxlayermanager:479
[02:58:36.428] [lua] Culling op for layer vz_guanare_tiny!  @mrxlayermanager:318
[02:58:36.436] [lua] (nPendingOps = 322)  @mrxlayermanager:324
[02:58:36.446] [lua] Loading vz_state_allcon002_boats (static: false)  @mrxlayermanager:375
[02:58:36.455] [lua] true	Unable to load layer vz_state_allcon002_boats  @mrxlayermanager:403
[02:58:36.467] [lua] Request fulfilled: Load layer vz_cum_billboard (static: nil)  @mrxlayermanager:446
[02:58:36.476] [lua] Layer request 1: 48 of 170 complete  @mrxlayermanager:479
[02:58:36.484] [lua] Culling op for layer vz_cum_billboard!  @mrxlayermanager:318
[02:58:36.493] [lua] (nPendingOps = 321)  @mrxlayermanager:324
[02:58:36.502] [lua] Loading vz_oil_job011_c (static: true)  @mrxlayermanager:375
[02:58:36.510] [lua] true	Unable to load layer vz_oil_job011_c  @mrxlayermanager:403
[02:58:36.521] [lua] Request fulfilled: Load layer vz_state_cashpickups (static: nil)  @mrxlayermanager:446
[02:58:36.529] [lua] Layer request 2: 40 of 238 complete  @mrxlayermanager:479
[02:58:36.538] [lua] Culling op for layer vz_state_cashpickups!  @mrxlayermanager:318
[02:58:36.547] [lua] (nPendingOps = 320)  @mrxlayermanager:324
[02:58:36.556] [lua] Loading vz_state_margarita_act2 (static: false)  @mrxlayermanager:375
[02:58:36.565] [lua] true	Unable to load layer vz_state_margarita_act2  @mrxlayermanager:403
[02:58:36.574] [lua] Request fulfilled: Load layer vz_oil_job011_c (static: nil)  @mrxlayermanager:446
[02:58:36.583] [lua] Layer request 1: 49 of 170 complete  @mrxlayermanager:479
[02:58:36.592] [lua] Culling op for layer vz_oil_job011_c!  @mrxlayermanager:318
[02:58:36.600] [lua] (nPendingOps = 319)  @mrxlayermanager:324
[02:58:36.609] [lua] Loading vz_pir_job002_b (static: true)  @mrxlayermanager:375
[02:58:36.617] [lua] true	Unable to load layer vz_pir_job002_b  @mrxlayermanager:403
[02:58:36.626] [lua] Request fulfilled: Load layer vz_state_jetcon001_copterattack (static: nil)  @mrxlayermanager:446
[02:58:36.634] [lua] Layer request 2: 41 of 238 complete  @mrxlayermanager:479
[02:58:36.642] [lua] Culling op for layer vz_state_jetcon001_copterattack!  @mrxlayermanager:318
[02:58:36.651] [lua] (nPendingOps = 318)  @mrxlayermanager:324
[02:58:36.659] [lua] Loading vz_all_job001_a (static: true)  @mrxlayermanager:375
[02:58:36.669] [lua] true	Unable to load layer vz_all_job001_a  @mrxlayermanager:403
[02:58:36.682] [lua] Request fulfilled: Load layer vz_state_alljob009_04_pristine (static: nil)  @mrxlayermanager:446
[02:58:36.691] [lua] Layer request 2: 42 of 238 complete  @mrxlayermanager:479
[02:58:36.700] [lua] Culling op for layer vz_state_alljob009_04_pristine!  @mrxlayermanager:318
[02:58:36.710] [lua] (nPendingOps = 317)  @mrxlayermanager:324
[02:58:36.722] [lua] Loading vz_state_vza_con001 (static: false)  @mrxlayermanager:375
[02:58:36.731] [lua] true	Unable to load layer vz_state_vza_con001  @mrxlayermanager:403
[02:58:36.740] [lua] Request fulfilled: Load layer vz_pir_job002_b (static: nil)  @mrxlayermanager:446
[02:58:36.749] [lua] Layer request 1: 50 of 170 complete  @mrxlayermanager:479
[02:58:36.758] [lua] Culling op for layer vz_pir_job002_b!  @mrxlayermanager:318
[02:58:36.767] [lua] (nPendingOps = 316)  @mrxlayermanager:324
[02:58:36.775] [lua] Loading vz_state_pirjob007_f_destroyed (static: false)  @mrxlayermanager:375
[02:58:36.785] [lua] true	Unable to load layer vz_state_pirjob007_f_destroyed  @mrxlayermanager:403
[02:58:36.795] [lua] Request fulfilled: Load layer vz_all_job001_a (static: nil)  @mrxlayermanager:446
[02:58:36.804] [lua] Layer request 1: 51 of 170 complete  @mrxlayermanager:479
[02:58:36.813] [lua] Culling op for layer vz_all_job001_a!  @mrxlayermanager:318
[02:58:36.822] [lua] (nPendingOps = 315)  @mrxlayermanager:324
[02:58:36.831] [lua] Loading vz_state_oiljob012_03_staging (static: false)  @mrxlayermanager:375
[02:58:36.839] [lua] true	Unable to load layer vz_state_oiljob012_03_staging  @mrxlayermanager:403
[02:58:36.849] [lua] Request fulfilled: Load layer vz_state_alljob009_02_pristine (static: nil)  @mrxlayermanager:446
[02:58:36.858] [lua] Layer request 2: 43 of 238 complete  @mrxlayermanager:479
[02:58:36.866] [lua] Culling op for layer vz_state_alljob009_02_pristine!  @mrxlayermanager:318
[02:58:36.879] [lua] (nPendingOps = 314)  @mrxlayermanager:324
[02:58:36.888] [lua] Loading vz_state_gurjob011_08_destroyed (static: false)  @mrxlayermanager:375
[02:58:36.896] [lua] true	Unable to load layer vz_state_gurjob011_08_destroyed  @mrxlayermanager:403
[02:58:36.912] [lua] Request fulfilled: Load layer vz_state_allcon002_boats (static: nil)  @mrxlayermanager:446
[02:58:36.923] [lua] Layer request 2: 44 of 238 complete  @mrxlayermanager:479
[02:58:36.939] [lua] Culling op for layer vz_state_allcon002_boats!  @mrxlayermanager:318
[02:58:36.947] [lua] (nPendingOps = 313)  @mrxlayermanager:324
[02:58:36.957] [lua] Loading vz_state_pirjob002_03_pristine (static: false)  @mrxlayermanager:375
[02:58:36.965] [lua] true	Unable to load layer vz_state_pirjob002_03_pristine  @mrxlayermanager:403
[02:58:36.975] [lua] Request fulfilled: Load layer vz_state_margarita_act2 (static: nil)  @mrxlayermanager:446
[02:58:36.985] [lua] Layer request 2: 45 of 238 complete  @mrxlayermanager:479
[02:58:36.993] [lua] Culling op for layer vz_state_margarita_act2!  @mrxlayermanager:318
[02:58:37.003] [lua] (nPendingOps = 312)  @mrxlayermanager:324
[02:58:37.012] [lua] Loading vz_state_alljob002_03_pristine (static: false)  @mrxlayermanager:375
[02:58:37.023] [lua] true	Unable to load layer vz_state_alljob002_03_pristine  @mrxlayermanager:403
[02:58:37.033] [lua] Request fulfilled: Load layer vz_state_alljob002_02_pristine (static: nil)  @mrxlayermanager:446
[02:58:37.043] [lua] Layer request 2: 46 of 238 complete  @mrxlayermanager:479
[02:58:37.052] [lua] Culling op for layer vz_state_alljob002_02_pristine!  @mrxlayermanager:318
[02:58:37.061] [lua] (nPendingOps = 311)  @mrxlayermanager:324
[02:58:37.070] [lua] Loading vz_state_gurjob002_04_pristine (static: false)  @mrxlayermanager:375
[02:58:37.082] [lua] true	Unable to load layer vz_state_gurjob002_04_pristine  @mrxlayermanager:403
[02:58:37.091] [lua] Request fulfilled: Load layer vz_state_alljob009_02_destroyed (static: nil)  @mrxlayermanager:446
[02:58:37.101] [lua] Layer request 2: 47 of 238 complete  @mrxlayermanager:479
[02:58:37.109] [lua] Culling op for layer vz_state_alljob009_02_destroyed!  @mrxlayermanager:318
[02:58:37.120] [lua] (nPendingOps = 310)  @mrxlayermanager:324
[02:58:37.132] [lua] Loading vz_state_vza_con001_post (static: false)  @mrxlayermanager:375
[02:58:37.140] [lua] true	Unable to load layer vz_state_vza_con001_post  @mrxlayermanager:403
[02:58:37.151] [lua] Request fulfilled: Load layer vz_state_oiljob011_04_pristine (static: nil)  @mrxlayermanager:446
[02:58:37.160] [lua] Layer request 2: 48 of 238 complete  @mrxlayermanager:479
[02:58:37.170] [lua] Culling op for layer vz_state_oiljob011_04_pristine!  @mrxlayermanager:318
[02:58:37.180] [lua] (nPendingOps = 309)  @mrxlayermanager:324
[02:58:37.188] [lua] Loading vz_state_gurjob012_04_pristine (static: false)  @mrxlayermanager:375
[02:58:37.196] [lua] true	Unable to load layer vz_state_gurjob012_04_pristine  @mrxlayermanager:403
[02:58:37.207] [lua] Request fulfilled: Load layer vz_state_pirjob002_03_pristine (static: nil)  @mrxlayermanager:446
[02:58:37.216] [lua] Layer request 2: 49 of 238 complete  @mrxlayermanager:479
[02:58:37.224] [lua] Culling op for layer vz_state_pirjob002_03_pristine!  @mrxlayermanager:318
[02:58:37.233] [lua] (nPendingOps = 308)  @mrxlayermanager:324
[02:58:37.241] [lua] Loading vz_chi_job001_a (static: true)  @mrxlayermanager:375
[02:58:37.250] [lua] true	Unable to load layer vz_chi_job001_a  @mrxlayermanager:403
[02:58:37.261] [lua] Request fulfilled: Load layer vz_chi_job001_a (static: nil)  @mrxlayermanager:446
[02:58:37.271] [lua] Layer request 1: 52 of 170 complete  @mrxlayermanager:479
[02:58:37.283] [lua] Culling op for layer vz_chi_job001_a!  @mrxlayermanager:318
[02:58:37.292] [lua] (nPendingOps = 307)  @mrxlayermanager:324
[02:58:37.300] [lua] Loading vz_state_alljob010_05_pristine (static: false)  @mrxlayermanager:375
[02:58:37.309] [lua] true	Unable to load layer vz_state_alljob010_05_pristine  @mrxlayermanager:403
[02:58:37.318] [lua] Request fulfilled: Load layer vz_state_vza_con001_post (static: nil)  @mrxlayermanager:446
[02:58:37.326] [lua] Layer request 2: 50 of 238 complete  @mrxlayermanager:479
[02:58:37.335] [lua] Culling op for layer vz_state_vza_con001_post!  @mrxlayermanager:318
[02:58:37.349] [lua] (nPendingOps = 306)  @mrxlayermanager:324
[02:58:37.358] [lua] Loading vz_state_pirjob012_01_pristine (static: false)  @mrxlayermanager:375
[02:58:37.367] [lua] true	Unable to load layer vz_state_pirjob012_01_pristine  @mrxlayermanager:403
[02:58:37.377] [lua] Request fulfilled: Load layer vz_state_gua_upperclass_pristine (static: nil)  @mrxlayermanager:446
[02:58:37.386] [lua] Layer request 2: 51 of 238 complete  @mrxlayermanager:479
[02:58:37.395] [lua] Culling op for layer vz_state_gua_upperclass_pristine!  @mrxlayermanager:318
[02:58:37.404] [lua] (nPendingOps = 305)  @mrxlayermanager:324
[02:58:37.413] [lua] Loading vz_state_oiljob008_i_pristine (static: false)  @mrxlayermanager:375
[02:58:37.423] [lua] true	Unable to load layer vz_state_oiljob008_i_pristine  @mrxlayermanager:403
[02:58:37.434] [lua] Request fulfilled: Load layer vz_state_vza_con001 (static: nil)  @mrxlayermanager:446
[02:58:37.442] [lua] Layer request 2: 52 of 238 complete  @mrxlayermanager:479
[02:58:37.451] [lua] Culling op for layer vz_state_vza_con001!  @mrxlayermanager:318
[02:58:37.460] [lua] (nPendingOps = 304)  @mrxlayermanager:324
[02:58:37.468] [lua] Loading vz_state_chi_fuel_amazon (static: false)  @mrxlayermanager:375
[02:58:37.477] [lua] true	Unable to load layer vz_state_chi_fuel_amazon  @mrxlayermanager:403
[02:58:37.487] [lua] Request fulfilled: Load layer vz_state_oiljob008_i_pristine (static: nil)  @mrxlayermanager:446
[02:58:37.496] [lua] Layer request 2: 53 of 238 complete  @mrxlayermanager:479
[02:58:37.506] [lua] Culling op for layer vz_state_oiljob008_i_pristine!  @mrxlayermanager:318
[02:58:37.515] [lua] (nPendingOps = 303)  @mrxlayermanager:324
[02:58:37.523] [lua] Loading vz_state_munitions_freeplay (static: false)  @mrxlayermanager:375
[02:58:37.532] [lua] true	Unable to load layer vz_state_munitions_freeplay  @mrxlayermanager:403
[02:58:37.542] [lua] Request fulfilled: Load layer vz_state_gurjob012_04_pristine (static: nil)  @mrxlayermanager:446
[02:58:37.551] [lua] Layer request 2: 54 of 238 complete  @mrxlayermanager:479
[02:58:37.559] [lua] Culling op for layer vz_state_gurjob012_04_pristine!  @mrxlayermanager:318
[02:58:37.568] [lua] (nPendingOps = 302)  @mrxlayermanager:324
[02:58:37.576] [lua] Loading vz_pmc (static: true)  @mrxlayermanager:375
[02:58:37.585] [lua] true	Unable to load layer vz_pmc  @mrxlayermanager:403
[02:58:37.598] [lua] Request fulfilled: Load layer vz_state_chi_fuel_amazon (static: nil)  @mrxlayermanager:446
[02:58:37.607] [lua] Layer request 2: 55 of 238 complete  @mrxlayermanager:479
[02:58:37.616] [lua] Culling op for layer vz_state_chi_fuel_amazon!  @mrxlayermanager:318
[02:58:37.625] [lua] (nPendingOps = 301)  @mrxlayermanager:324
[02:58:37.633] [lua] Loading vz_state_chijob001_01_pristine (static: false)  @mrxlayermanager:375
[02:58:37.642] [lua] true	Unable to load layer vz_state_chijob001_01_pristine  @mrxlayermanager:403
[02:58:37.650] [lua] Request fulfilled: Load layer vz_pmc (static: nil)  @mrxlayermanager:446
[02:58:37.659] [lua] Layer request 1: 53 of 170 complete  @mrxlayermanager:479
[02:58:37.673] [lua] Culling op for layer vz_pmc!  @mrxlayermanager:318
[02:58:37.683] [lua] (nPendingOps = 300)  @mrxlayermanager:324
[02:58:37.692] [lua] Loading vz_state_gur_fuel_junglemountains (static: false)  @mrxlayermanager:375
[02:58:37.700] [lua] true	Unable to load layer vz_state_gur_fuel_junglemountains  @mrxlayermanager:403
[02:58:37.712] [lua] Request fulfilled: Load layer vz_state_pirjob012_01_pristine (static: nil)  @mrxlayermanager:446
[02:58:37.720] [lua] Layer request 2: 56 of 238 complete  @mrxlayermanager:479
[02:58:37.729] [lua] Culling op for layer vz_state_pirjob012_01_pristine!  @mrxlayermanager:318
[02:58:37.737] [lua] (nPendingOps = 299)  @mrxlayermanager:324
[02:58:37.746] [lua] Loading vz_state_oiljob001_captured (static: false)  @mrxlayermanager:375
[02:58:37.755] [lua] true	Unable to load layer vz_state_oiljob001_captured  @mrxlayermanager:403
[02:58:37.766] [lua] Request fulfilled: Load layer vz_state_gurjob011_08_destroyed (static: nil)  @mrxlayermanager:446
[02:58:37.774] [lua] Layer request 2: 57 of 238 complete  @mrxlayermanager:479
[02:58:37.784] [lua] Culling op for layer vz_state_gurjob011_08_destroyed!  @mrxlayermanager:318
[02:58:37.793] [lua] (nPendingOps = 298)  @mrxlayermanager:324
[02:58:37.801] [lua] Loading vz_jet_con001 (static: true)  @mrxlayermanager:375
[02:58:37.809] [lua] true	Unable to load layer vz_jet_con001  @mrxlayermanager:403
[02:58:37.824] [lua] Request fulfilled: Load layer vz_state_gur_fuel_junglemountains (static: nil)  @mrxlayermanager:446
[02:58:37.833] [lua] Layer request 2: 58 of 238 complete  @mrxlayermanager:479
[02:58:37.842] [lua] Culling op for layer vz_state_gur_fuel_junglemountains!  @mrxlayermanager:318
[02:58:37.850] [lua] (nPendingOps = 297)  @mrxlayermanager:324
[02:58:37.859] [lua] Loading vz_sfx_ambience (static: true)  @mrxlayermanager:375
[02:58:37.868] [lua] true	Unable to load layer vz_sfx_ambience  @mrxlayermanager:403
[02:58:37.877] [lua] Request fulfilled: Load layer vz_jet_con001 (static: nil)  @mrxlayermanager:446
[02:58:37.887] [lua] Layer request 1: 54 of 170 complete  @mrxlayermanager:479
[02:58:37.896] [lua] Culling op for layer vz_jet_con001!  @mrxlayermanager:318
[02:58:37.904] [lua] (nPendingOps = 296)  @mrxlayermanager:324
[02:58:37.912] [lua] Loading vz_state_gurjob002_05_pristine (static: false)  @mrxlayermanager:375
[02:58:37.921] [lua] true	Unable to load layer vz_state_gurjob002_05_pristine  @mrxlayermanager:403
[02:58:37.932] [lua] Request fulfilled: Load layer vz_sfx_ambience (static: nil)  @mrxlayermanager:446
[02:58:37.941] [lua] Layer request 1: 55 of 170 complete  @mrxlayermanager:479
[02:58:37.950] [lua] Culling op for layer vz_sfx_ambience!  @mrxlayermanager:318
[02:58:37.959] [lua] (nPendingOps = 295)  @mrxlayermanager:324
[02:58:37.968] [lua] Loading vz_chi_job010_e (static: true)  @mrxlayermanager:375
[02:58:37.980] [lua] true	Unable to load layer vz_chi_job010_e  @mrxlayermanager:403
[02:58:37.992] [lua] Request fulfilled: Load layer vz_state_pirjob007_f_destroyed (static: nil)  @mrxlayermanager:446
[02:58:38.000] [lua] Layer request 2: 59 of 238 complete  @mrxlayermanager:479
[02:58:38.009] [lua] Culling op for layer vz_state_pirjob007_f_destroyed!  @mrxlayermanager:318
[02:58:38.017] [lua] (nPendingOps = 294)  @mrxlayermanager:324
[02:58:38.027] [lua] Loading vz_state_gurjob002_02_pristine (static: false)  @mrxlayermanager:375
[02:58:38.037] [lua] true	Unable to load layer vz_state_gurjob002_02_pristine  @mrxlayermanager:403
[02:58:38.048] [lua] Request fulfilled: Load layer vz_chi_job010_e (static: nil)  @mrxlayermanager:446
[02:58:38.056] [lua] Layer request 1: 56 of 170 complete  @mrxlayermanager:479
[02:58:38.065] [lua] Culling op for layer vz_chi_job010_e!  @mrxlayermanager:318
[02:58:38.073] [lua] (nPendingOps = 293)  @mrxlayermanager:324
[02:58:38.081] [lua] Loading vz_state_alljob010_04_pristine (static: false)  @mrxlayermanager:375
[02:58:38.089] [lua] true	Unable to load layer vz_state_alljob010_04_pristine  @mrxlayermanager:403
[02:58:38.097] [lua] Request fulfilled: Load layer vz_state_oiljob012_03_staging (static: nil)  @mrxlayermanager:446
[02:58:38.107] [lua] Layer request 2: 60 of 238 complete  @mrxlayermanager:479
[02:58:38.115] [lua] Culling op for layer vz_state_oiljob012_03_staging!  @mrxlayermanager:318
[02:58:38.125] [lua] (nPendingOps = 292)  @mrxlayermanager:324
[02:58:38.134] [lua] Loading vz_state_chijob002_01_staging (static: false)  @mrxlayermanager:375
[02:58:38.142] [lua] true	Unable to load layer vz_state_chijob002_01_staging  @mrxlayermanager:403
[02:58:38.152] [lua] Request fulfilled: Load layer vz_state_alljob002_03_pristine (static: nil)  @mrxlayermanager:446
[02:58:38.162] [lua] Layer request 2: 61 of 238 complete  @mrxlayermanager:479
[02:58:38.172] [lua] Culling op for layer vz_state_alljob002_03_pristine!  @mrxlayermanager:318
[02:58:38.181] [lua] (nPendingOps = 291)  @mrxlayermanager:324
[02:58:38.190] [lua] Loading vz_state_gurjob003_pristine (static: false)  @mrxlayermanager:375
[02:58:38.199] [lua] true	Unable to load layer vz_state_gurjob003_pristine  @mrxlayermanager:403
[02:58:38.210] [lua] Request fulfilled: Load layer vz_state_alljob010_04_pristine (static: nil)  @mrxlayermanager:446
[02:58:38.222] [lua] Layer request 2: 62 of 238 complete  @mrxlayermanager:479
[02:58:38.231] [lua] Culling op for layer vz_state_alljob010_04_pristine!  @mrxlayermanager:318
[02:58:38.240] [lua] (nPendingOps = 290)  @mrxlayermanager:324
[02:58:38.248] [lua] Loading vz_amazon_foilage (static: true)  @mrxlayermanager:375
[02:58:38.257] [lua] true	Unable to load layer vz_amazon_foilage  @mrxlayermanager:403
[02:58:38.274] [lua] Request fulfilled: Load layer vz_amazon_foilage (static: nil)  @mrxlayermanager:446
[02:58:38.288] [lua] Layer request 1: 57 of 170 complete  @mrxlayermanager:479
[02:58:38.296] [lua] Culling op for layer vz_amazon_foilage!  @mrxlayermanager:318
[02:58:38.308] [lua] (nPendingOps = 289)  @mrxlayermanager:324
[02:58:38.316] [lua] Loading vz_chi_job001_b (static: true)  @mrxlayermanager:375
[02:58:38.326] [lua] true	Unable to load layer vz_chi_job001_b  @mrxlayermanager:403
[02:58:38.334] [lua] Request fulfilled: Load layer vz_state_gurjob002_04_pristine (static: nil)  @mrxlayermanager:446
[02:58:38.343] [lua] Layer request 2: 63 of 238 complete  @mrxlayermanager:479
[02:58:38.352] [lua] Culling op for layer vz_state_gurjob002_04_pristine!  @mrxlayermanager:318
[02:58:38.362] [lua] (nPendingOps = 288)  @mrxlayermanager:324
[02:58:38.373] [lua] Loading vz_jungle_mountain_tiny (static: true)  @mrxlayermanager:375
[02:58:38.382] [lua] true	Unable to load layer vz_jungle_mountain_tiny  @mrxlayermanager:403
[02:58:38.392] [lua] Request fulfilled: Load layer vz_chi_job001_b (static: nil)  @mrxlayermanager:446
[02:58:38.401] [lua] Layer request 1: 58 of 170 complete  @mrxlayermanager:479
[02:58:38.409] [lua] Culling op for layer vz_chi_job001_b!  @mrxlayermanager:318
[02:58:38.417] [lua] (nPendingOps = 287)  @mrxlayermanager:324
[02:58:38.426] [lua] Loading vz_state_chijob010_02_pristine (static: false)  @mrxlayermanager:375
[02:58:38.435] [lua] true	Unable to load layer vz_state_chijob010_02_pristine  @mrxlayermanager:403
[02:58:38.443] [lua] Request fulfilled: Load layer vz_jungle_mountain_tiny (static: nil)  @mrxlayermanager:446
[02:58:38.451] [lua] Layer request 1: 59 of 170 complete  @mrxlayermanager:479
[02:58:38.460] [lua] Culling op for layer vz_jungle_mountain_tiny!  @mrxlayermanager:318
[02:58:38.469] [lua] (nPendingOps = 286)  @mrxlayermanager:324
[02:58:38.478] [lua] Loading vz_state_alljob001_01_pristine (static: false)  @mrxlayermanager:375
[02:58:38.488] [lua] true	Unable to load layer vz_state_alljob001_01_pristine  @mrxlayermanager:403
[02:58:38.497] [lua] Request fulfilled: Load layer vz_state_alljob010_05_pristine (static: nil)  @mrxlayermanager:446
[02:58:38.506] [lua] Layer request 2: 64 of 238 complete  @mrxlayermanager:479
[02:58:38.514] [lua] Culling op for layer vz_state_alljob010_05_pristine!  @mrxlayermanager:318
[02:58:38.523] [lua] (nPendingOps = 285)  @mrxlayermanager:324
[02:58:38.532] [lua] Loading vz_state_gurjob011_02_destroyed (static: false)  @mrxlayermanager:375
[02:58:38.541] [lua] true	Unable to load layer vz_state_gurjob011_02_destroyed  @mrxlayermanager:403
[02:58:38.551] [lua] Request fulfilled: Load layer vz_state_munitions_freeplay (static: nil)  @mrxlayermanager:446
[02:58:38.560] [lua] Layer request 2: 65 of 238 complete  @mrxlayermanager:479
[02:58:38.569] [lua] Culling op for layer vz_state_munitions_freeplay!  @mrxlayermanager:318
[02:58:38.578] [lua] (nPendingOps = 284)  @mrxlayermanager:324
[02:58:38.587] [lua] Loading vz_state_oiljob012_01_pristine (static: false)  @mrxlayermanager:375
[02:58:38.595] [lua] true	Unable to load layer vz_state_oiljob012_01_pristine  @mrxlayermanager:403
[02:58:38.606] [lua] Request fulfilled: Load layer vz_state_chijob001_01_pristine (static: nil)  @mrxlayermanager:446
[02:58:38.616] [lua] Layer request 2: 66 of 238 complete  @mrxlayermanager:479
[02:58:38.625] [lua] Culling op for layer vz_state_chijob001_01_pristine!  @mrxlayermanager:318
[02:58:38.634] [lua] (nPendingOps = 283)  @mrxlayermanager:324
[02:58:38.642] [lua] Loading vz_cum_outskirt (static: true)  @mrxlayermanager:375
[02:58:38.650] [lua] true	Unable to load layer vz_cum_outskirt  @mrxlayermanager:403
[02:58:38.662] [lua] Request fulfilled: Load layer vz_cum_outskirt (static: nil)  @mrxlayermanager:446
[02:58:38.672] [lua] Layer request 1: 60 of 170 complete  @mrxlayermanager:479
[02:58:38.681] [lua] Culling op for layer vz_cum_outskirt!  @mrxlayermanager:318
[02:58:38.690] [lua] (nPendingOps = 282)  @mrxlayermanager:324
[02:58:38.699] [lua] Loading vz_state_pirjob002_03_captured (static: false)  @mrxlayermanager:375
[02:58:38.707] [lua] true	Unable to load layer vz_state_pirjob002_03_captured  @mrxlayermanager:403
[02:58:38.717] [lua] Request fulfilled: Load layer vz_state_chijob002_01_staging (static: nil)  @mrxlayermanager:446
[02:58:38.725] [lua] Layer request 2: 67 of 238 complete  @mrxlayermanager:479
[02:58:38.734] [lua] Culling op for layer vz_state_chijob002_01_staging!  @mrxlayermanager:318
[02:58:38.743] [lua] (nPendingOps = 281)  @mrxlayermanager:324
[02:58:38.752] [lua] Loading vz_state_allcon002_officers (static: false)  @mrxlayermanager:375
[02:58:38.761] [lua] true	Unable to load layer vz_state_allcon002_officers  @mrxlayermanager:403
[02:58:38.774] [lua] Request fulfilled: Load layer vz_state_oiljob001_captured (static: nil)  @mrxlayermanager:446
[02:58:38.783] [lua] Layer request 2: 68 of 238 complete  @mrxlayermanager:479
[02:58:38.792] [lua] Culling op for layer vz_state_oiljob001_captured!  @mrxlayermanager:318
[02:58:38.801] [lua] (nPendingOps = 280)  @mrxlayermanager:324
[02:58:38.814] [lua] Loading vz_state_chijob002_03_staging (static: false)  @mrxlayermanager:375
[02:58:38.822] [lua] true	Unable to load layer vz_state_chijob002_03_staging  @mrxlayermanager:403
[02:58:38.833] [lua] Request fulfilled: Load layer vz_state_allcon002_officers (static: nil)  @mrxlayermanager:446
[02:58:38.841] [lua] Layer request 2: 69 of 238 complete  @mrxlayermanager:479
[02:58:38.850] [lua] Culling op for layer vz_state_allcon002_officers!  @mrxlayermanager:318
[02:58:38.858] [lua] (nPendingOps = 279)  @mrxlayermanager:324
[02:58:38.866] [lua] Loading vz_state_alljob010_03_pristine (static: false)  @mrxlayermanager:375
[02:58:38.874] [lua] true	Unable to load layer vz_state_alljob010_03_pristine  @mrxlayermanager:403
[02:58:38.884] [lua] Request fulfilled: Load layer vz_state_chijob010_02_pristine (static: nil)  @mrxlayermanager:446
[02:58:38.892] [lua] Layer request 2: 70 of 238 complete  @mrxlayermanager:479
[02:58:38.904] [lua] Culling op for layer vz_state_chijob010_02_pristine!  @mrxlayermanager:318
[02:58:38.913] [lua] (nPendingOps = 278)  @mrxlayermanager:324
[02:58:38.921] [lua] Loading vz_all_job010_c (static: true)  @mrxlayermanager:375
[02:58:38.930] [lua] true	Unable to load layer vz_all_job010_c  @mrxlayermanager:403
[02:58:38.940] [lua] Request fulfilled: Load layer vz_all_job010_c (static: nil)  @mrxlayermanager:446
[02:58:38.953] [lua] Layer request 1: 61 of 170 complete  @mrxlayermanager:479
[02:58:38.961] [lua] Culling op for layer vz_all_job010_c!  @mrxlayermanager:318
[02:58:38.970] [lua] (nPendingOps = 277)  @mrxlayermanager:324
[02:58:38.978] [lua] Loading vz_amazon_tiny (static: true)  @mrxlayermanager:375
[02:58:38.986] [lua] true	Unable to load layer vz_amazon_tiny  @mrxlayermanager:403
[02:58:38.995] [lua] Request fulfilled: Load layer vz_state_gurjob002_05_pristine (static: nil)  @mrxlayermanager:446
[02:58:39.008] [lua] Layer request 2: 71 of 238 complete  @mrxlayermanager:479
[02:58:39.017] [lua] Culling op for layer vz_state_gurjob002_05_pristine!  @mrxlayermanager:318
[02:58:39.026] [lua] (nPendingOps = 276)  @mrxlayermanager:324
[02:58:39.034] [lua] Loading vz_state_gurjob002_03_pristine (static: false)  @mrxlayermanager:375
[02:58:39.042] [lua] true	Unable to load layer vz_state_gurjob002_03_pristine  @mrxlayermanager:403
[02:58:39.054] [lua] Request fulfilled: Load layer vz_amazon_tiny (static: nil)  @mrxlayermanager:446
[02:58:39.062] [lua] Layer request 1: 62 of 170 complete  @mrxlayermanager:479
[02:58:39.071] [lua] Culling op for layer vz_amazon_tiny!  @mrxlayermanager:318
[02:58:39.079] [lua] (nPendingOps = 275)  @mrxlayermanager:324
[02:58:39.090] [lua] Loading vz_mar_village (static: true)  @mrxlayermanager:375
[02:58:39.099] [lua] true	Unable to load layer vz_mar_village  @mrxlayermanager:403
[02:58:39.108] [lua] Request fulfilled: Load layer vz_state_gurjob002_02_pristine (static: nil)  @mrxlayermanager:446
[02:58:39.116] [lua] Layer request 2: 72 of 238 complete  @mrxlayermanager:479
[02:58:39.125] [lua] Culling op for layer vz_state_gurjob002_02_pristine!  @mrxlayermanager:318
[02:58:39.133] [lua] (nPendingOps = 274)  @mrxlayermanager:324
[02:58:39.141] [lua] Loading vz_pmc_foilage (static: true)  @mrxlayermanager:375
[02:58:39.149] [lua] true	Unable to load layer vz_pmc_foilage  @mrxlayermanager:403
[02:58:39.159] [lua] Request fulfilled: Load layer vz_mar_village (static: nil)  @mrxlayermanager:446
[02:58:39.168] [lua] Layer request 1: 63 of 170 complete  @mrxlayermanager:479
[02:58:39.177] [lua] Culling op for layer vz_mar_village!  @mrxlayermanager:318
[02:58:39.188] [lua] (nPendingOps = 273)  @mrxlayermanager:324
[02:58:39.198] [lua] Loading vz_all_job002_e (static: true)  @mrxlayermanager:375
[02:58:39.207] [lua] true	Unable to load layer vz_all_job002_e  @mrxlayermanager:403
[02:58:39.215] [lua] Request fulfilled: Load layer vz_pmc_foilage (static: nil)  @mrxlayermanager:446
[02:58:39.224] [lua] Layer request 1: 64 of 170 complete  @mrxlayermanager:479
[02:58:39.233] [lua] Culling op for layer vz_pmc_foilage!  @mrxlayermanager:318
[02:58:39.242] [lua] (nPendingOps = 272)  @mrxlayermanager:324
[02:58:39.251] [lua] Loading vz_state_car_city_act2chi (static: false)  @mrxlayermanager:375
[02:58:39.259] [lua] true	Unable to load layer vz_state_car_city_act2chi  @mrxlayermanager:403
[02:58:39.267] [lua] Request fulfilled: Load layer vz_state_gurjob003_pristine (static: nil)  @mrxlayermanager:446
[02:58:39.278] [lua] Layer request 2: 73 of 238 complete  @mrxlayermanager:479
[02:58:39.287] [lua] Culling op for layer vz_state_gurjob003_pristine!  @mrxlayermanager:318
[02:58:39.296] [lua] (nPendingOps = 271)  @mrxlayermanager:324
[02:58:39.304] [lua] Loading vz_state_oilcon002_pristine (static: false)  @mrxlayermanager:375
[02:58:39.314] [lua] true	Unable to load layer vz_state_oilcon002_pristine  @mrxlayermanager:403
[02:58:39.324] [lua] Request fulfilled: Load layer vz_all_job002_e (static: nil)  @mrxlayermanager:446
[02:58:39.333] [lua] Layer request 1: 65 of 170 complete  @mrxlayermanager:479
[02:58:39.343] [lua] Culling op for layer vz_all_job002_e!  @mrxlayermanager:318
[02:58:39.352] [lua] (nPendingOps = 270)  @mrxlayermanager:324
[02:58:39.360] [lua] Loading vz_state_alljob002_01_pristine (static: false)  @mrxlayermanager:375
[02:58:39.369] [lua] true	Unable to load layer vz_state_alljob002_01_pristine  @mrxlayermanager:403
[02:58:39.377] [lua] Request fulfilled: Load layer vz_state_gurjob002_03_pristine (static: nil)  @mrxlayermanager:446
[02:58:39.385] [lua] Layer request 2: 74 of 238 complete  @mrxlayermanager:479
[02:58:39.396] [lua] Culling op for layer vz_state_gurjob002_03_pristine!  @mrxlayermanager:318
[02:58:39.404] [lua] (nPendingOps = 269)  @mrxlayermanager:324
[02:58:39.413] [lua] Loading vz_state_oil_fuel_maroutskirts (static: false)  @mrxlayermanager:375
[02:58:39.421] [lua] true	Unable to load layer vz_state_oil_fuel_maroutskirts  @mrxlayermanager:403
[02:58:39.432] [lua] Request fulfilled: Load layer vz_state_oilcon002_pristine (static: nil)  @mrxlayermanager:446
[02:58:39.441] [lua] Layer request 2: 75 of 238 complete  @mrxlayermanager:479
[02:58:39.451] [lua] Culling op for layer vz_state_oilcon002_pristine!  @mrxlayermanager:318
[02:58:39.460] [lua] (nPendingOps = 268)  @mrxlayermanager:324
[02:58:39.469] [lua] Loading vz_state_pirjob010_01_destroyed (static: false)  @mrxlayermanager:375
[02:58:39.478] [lua] true	Unable to load layer vz_state_pirjob010_01_destroyed  @mrxlayermanager:403
[02:58:39.490] [lua] Request fulfilled: Load layer vz_state_oil_fuel_maroutskirts (static: nil)  @mrxlayermanager:446
[02:58:39.502] [lua] Layer request 2: 76 of 238 complete  @mrxlayermanager:479
[02:58:39.510] [lua] Culling op for layer vz_state_oil_fuel_maroutskirts!  @mrxlayermanager:318
[02:58:39.518] [lua] (nPendingOps = 267)  @mrxlayermanager:324
[02:58:39.527] [lua] Loading vz_state_cumana_act1chi (static: false)  @mrxlayermanager:375
[02:58:39.536] [lua] true	Unable to load layer vz_state_cumana_act1chi  @mrxlayermanager:403
[02:58:39.553] [lua] Request fulfilled: Load layer vz_state_pirjob002_03_captured (static: nil)  @mrxlayermanager:446
[02:58:39.562] [lua] Layer request 2: 77 of 238 complete  @mrxlayermanager:479
[02:58:39.571] [lua] Culling op for layer vz_state_pirjob002_03_captured!  @mrxlayermanager:318
[02:58:39.581] [lua] (nPendingOps = 266)  @mrxlayermanager:324
[02:58:39.589] [lua] Loading vz_state_oiljob011_01_pristine (static: false)  @mrxlayermanager:375
[02:58:39.598] [lua] true	Unable to load layer vz_state_oiljob011_01_pristine  @mrxlayermanager:403
[02:58:39.608] [lua] Request fulfilled: Load layer vz_state_oiljob012_01_pristine (static: nil)  @mrxlayermanager:446
[02:58:39.616] [lua] Layer request 2: 78 of 238 complete  @mrxlayermanager:479
[02:58:39.625] [lua] Culling op for layer vz_state_oiljob012_01_pristine!  @mrxlayermanager:318
[02:58:39.637] [lua] (nPendingOps = 265)  @mrxlayermanager:324
[02:58:39.645] [lua] Loading vz_state_vzacon001_ruined (static: false)  @mrxlayermanager:375
[02:58:39.653] [lua] true	Unable to load layer vz_state_vzacon001_ruined  @mrxlayermanager:403
[02:58:39.664] [lua] Request fulfilled: Load layer vz_state_alljob001_01_pristine (static: nil)  @mrxlayermanager:446
[02:58:39.672] [lua] Layer request 2: 79 of 238 complete  @mrxlayermanager:479
[02:58:39.683] [lua] Culling op for layer vz_state_alljob001_01_pristine!  @mrxlayermanager:318
[02:58:39.692] [lua] (nPendingOps = 264)  @mrxlayermanager:324
[02:58:39.702] [lua] Loading vz_state_alljob009_01_destroyed (static: false)  @mrxlayermanager:375
[02:58:39.712] [lua] true	Unable to load layer vz_state_alljob009_01_destroyed  @mrxlayermanager:403
[02:58:39.722] [lua] Request fulfilled: Load layer vz_state_gurjob011_02_destroyed (static: nil)  @mrxlayermanager:446
[02:58:39.730] [lua] Layer request 2: 80 of 238 complete  @mrxlayermanager:479
[02:58:39.739] [lua] Culling op for layer vz_state_gurjob011_02_destroyed!  @mrxlayermanager:318
[02:58:39.748] [lua] (nPendingOps = 263)  @mrxlayermanager:324
[02:58:39.758] [lua] Loading vz_state_pirjob011_01_destroyed (static: false)  @mrxlayermanager:375
[02:58:39.766] [lua] true	Unable to load layer vz_state_pirjob011_01_destroyed  @mrxlayermanager:403
[02:58:39.778] [lua] Request fulfilled: Load layer vz_state_chijob002_03_staging (static: nil)  @mrxlayermanager:446
[02:58:39.792] [lua] Layer request 2: 81 of 238 complete  @mrxlayermanager:479
[02:58:39.801] [lua] Culling op for layer vz_state_chijob002_03_staging!  @mrxlayermanager:318
[02:58:39.810] [lua] (nPendingOps = 262)  @mrxlayermanager:324
[02:58:39.819] [lua] Loading vz_state_chijob006_b_destroyed (static: false)  @mrxlayermanager:375
[02:58:39.827] [lua] true	Unable to load layer vz_state_chijob006_b_destroyed  @mrxlayermanager:403
[02:58:39.838] [lua] Request fulfilled: Load layer vz_state_alljob009_01_destroyed (static: nil)  @mrxlayermanager:446
[02:58:39.846] [lua] Layer request 2: 82 of 238 complete  @mrxlayermanager:479
[02:58:39.857] [lua] Culling op for layer vz_state_alljob009_01_destroyed!  @mrxlayermanager:318
[02:58:39.866] [lua] (nPendingOps = 261)  @mrxlayermanager:324
[02:58:39.876] [lua] Loading vz_rover_camera_test (static: true)  @mrxlayermanager:375
[02:58:39.884] [lua] true	Unable to load layer vz_rover_camera_test  @mrxlayermanager:403
[02:58:39.894] [lua] Request fulfilled: Load layer vz_rover_camera_test (static: nil)  @mrxlayermanager:446
[02:58:39.903] [lua] Layer request 1: 66 of 170 complete  @mrxlayermanager:479
[02:58:39.912] [lua] Culling op for layer vz_rover_camera_test!  @mrxlayermanager:318
[02:58:39.935] [lua] (nPendingOps = 260)  @mrxlayermanager:324
[02:58:39.944] [lua] Loading vz_state_chijob002_04_pristine (static: false)  @mrxlayermanager:375
[02:58:39.953] [lua] true	Unable to load layer vz_state_chijob002_04_pristine  @mrxlayermanager:403
[02:58:39.962] [lua] Request fulfilled: Load layer vz_state_vzacon001_ruined (static: nil)  @mrxlayermanager:446
[02:58:39.970] [lua] Layer request 2: 83 of 238 complete  @mrxlayermanager:479
[02:58:39.983] [lua] Culling op for layer vz_state_vzacon001_ruined!  @mrxlayermanager:318
[02:58:39.992] [lua] (nPendingOps = 259)  @mrxlayermanager:324
[02:58:40.001] [lua] Loading vz_state_oiljob012_04_staging (static: false)  @mrxlayermanager:375
[02:58:40.011] [lua] true	Unable to load layer vz_state_oiljob012_04_staging  @mrxlayermanager:403
[02:58:40.020] [lua] Request fulfilled: Load layer vz_state_oiljob011_01_pristine (static: nil)  @mrxlayermanager:446
[02:58:40.032] [lua] Layer request 2: 84 of 238 complete  @mrxlayermanager:479
[02:58:40.043] [lua] Culling op for layer vz_state_oiljob011_01_pristine!  @mrxlayermanager:318
[02:58:40.052] [lua] (nPendingOps = 258)  @mrxlayermanager:324
[02:58:40.064] [lua] Loading vz_state_mer_commercialpristine (static: false)  @mrxlayermanager:375
[02:58:40.072] [lua] true	Unable to load layer vz_state_mer_commercialpristine  @mrxlayermanager:403
[02:58:40.084] [lua] Request fulfilled: Load layer vz_state_oiljob012_04_staging (static: nil)  @mrxlayermanager:446
[02:58:40.092] [lua] Layer request 2: 85 of 238 complete  @mrxlayermanager:479
[02:58:40.102] [lua] Culling op for layer vz_state_oiljob012_04_staging!  @mrxlayermanager:318
[02:58:40.110] [lua] (nPendingOps = 257)  @mrxlayermanager:324
[02:58:40.119] [lua] Loading vz_state_oiljob012_05_pristine (static: false)  @mrxlayermanager:375
[02:58:40.127] [lua] true	Unable to load layer vz_state_oiljob012_05_pristine  @mrxlayermanager:403
[02:58:40.138] [lua] Request fulfilled: Load layer vz_state_cumana_act1chi (static: nil)  @mrxlayermanager:446
[02:58:40.147] [lua] Layer request 2: 86 of 238 complete  @mrxlayermanager:479
[02:58:40.157] [lua] Culling op for layer vz_state_cumana_act1chi!  @mrxlayermanager:318
[02:58:40.165] [lua] (nPendingOps = 256)  @mrxlayermanager:324
[02:58:40.174] [lua] Loading vz_state_mer_big_lineregion (static: false)  @mrxlayermanager:375
[02:58:40.183] [lua] true	Unable to load layer vz_state_mer_big_lineregion  @mrxlayermanager:403
[02:58:40.194] [lua] Request fulfilled: Load layer vz_state_chijob006_b_destroyed (static: nil)  @mrxlayermanager:446
[02:58:40.202] [lua] Layer request 2: 87 of 238 complete  @mrxlayermanager:479
[02:58:40.211] [lua] Culling op for layer vz_state_chijob006_b_destroyed!  @mrxlayermanager:318
[02:58:40.221] [lua] (nPendingOps = 255)  @mrxlayermanager:324
[02:58:40.232] [lua] Loading vz_state_chijob009_a_destroyed (static: false)  @mrxlayermanager:375
[02:58:40.241] [lua] true	Unable to load layer vz_state_chijob009_a_destroyed  @mrxlayermanager:403
[02:58:40.250] [lua] Request fulfilled: Load layer vz_state_mer_big_lineregion (static: nil)  @mrxlayermanager:446
[02:58:40.259] [lua] Layer request 2: 88 of 238 complete  @mrxlayermanager:479
[02:58:40.269] [lua] Culling op for layer vz_state_mer_big_lineregion!  @mrxlayermanager:318
[02:58:40.277] [lua] (nPendingOps = 254)  @mrxlayermanager:324
[02:58:40.288] [lua] Loading vz_state_gurcon003_med (static: false)  @mrxlayermanager:375
[02:58:40.296] [lua] true	Unable to load layer vz_state_gurcon003_med  @mrxlayermanager:403
[02:58:40.307] [lua] Request fulfilled: Load layer vz_state_mer_commercialpristine (static: nil)  @mrxlayermanager:446
[02:58:40.315] [lua] Layer request 2: 89 of 238 complete  @mrxlayermanager:479
[02:58:40.327] [lua] Culling op for layer vz_state_mer_commercialpristine!  @mrxlayermanager:318
[02:58:40.335] [lua] (nPendingOps = 253)  @mrxlayermanager:324
[02:58:40.344] [lua] Loading vz_state_gurjob012_03_pristine (static: false)  @mrxlayermanager:375
[02:58:40.353] [lua] true	Unable to load layer vz_state_gurjob012_03_pristine  @mrxlayermanager:403
[02:58:40.363] [lua] Request fulfilled: Load layer vz_state_pirjob011_01_destroyed (static: nil)  @mrxlayermanager:446
[02:58:40.371] [lua] Layer request 2: 90 of 238 complete  @mrxlayermanager:479
[02:58:40.381] [lua] Culling op for layer vz_state_pirjob011_01_destroyed!  @mrxlayermanager:318
[02:58:40.389] [lua] (nPendingOps = 252)  @mrxlayermanager:324
[02:58:40.400] [lua] Loading vz_state_alljob005_02_destroyed (static: false)  @mrxlayermanager:375
[02:58:40.410] [lua] true	Unable to load layer vz_state_alljob005_02_destroyed  @mrxlayermanager:403
[02:58:40.422] [lua] Request fulfilled: Load layer vz_state_pirjob010_01_destroyed (static: nil)  @mrxlayermanager:446
[02:58:40.432] [lua] Layer request 2: 91 of 238 complete  @mrxlayermanager:479
[02:58:40.441] [lua] Culling op for layer vz_state_pirjob010_01_destroyed!  @mrxlayermanager:318
[02:58:40.449] [lua] (nPendingOps = 251)  @mrxlayermanager:324
[02:58:40.461] [lua] Loading vz_state_alljob005_01_destroyed (static: false)  @mrxlayermanager:375
[02:58:40.470] [lua] true	Unable to load layer vz_state_alljob005_01_destroyed  @mrxlayermanager:403
[02:58:40.480] [lua] Request fulfilled: Load layer vz_state_alljob010_03_pristine (static: nil)  @mrxlayermanager:446
[02:58:40.491] [lua] Layer request 2: 92 of 238 complete  @mrxlayermanager:479
[02:58:40.499] [lua] Culling op for layer vz_state_alljob010_03_pristine!  @mrxlayermanager:318
[02:58:40.508] [lua] (nPendingOps = 250)  @mrxlayermanager:324
[02:58:40.517] [lua] Loading vz_state_oiljob012_01_staging (static: false)  @mrxlayermanager:375
[02:58:40.525] [lua] true	Unable to load layer vz_state_oiljob012_01_staging  @mrxlayermanager:403
[02:58:40.535] [lua] Request fulfilled: Load layer vz_state_car_city_act2chi (static: nil)  @mrxlayermanager:446
[02:58:40.544] [lua] Layer request 2: 93 of 238 complete  @mrxlayermanager:479
[02:58:40.554] [lua] Culling op for layer vz_state_car_city_act2chi!  @mrxlayermanager:318
[02:58:40.562] [lua] (nPendingOps = 249)  @mrxlayermanager:324
[02:58:40.571] [lua] Loading vz_car_city (static: true)  @mrxlayermanager:375
[02:58:40.579] [lua] true	Unable to load layer vz_car_city  @mrxlayermanager:403
[02:58:40.589] [lua] Request fulfilled: Load layer vz_state_alljob002_01_pristine (static: nil)  @mrxlayermanager:446
[02:58:40.598] [lua] Layer request 2: 94 of 238 complete  @mrxlayermanager:479
[02:58:40.607] [lua] Culling op for layer vz_state_alljob002_01_pristine!  @mrxlayermanager:318
[02:58:40.618] [lua] (nPendingOps = 248)  @mrxlayermanager:324
[02:58:40.628] [lua] Loading vz_state_chijob005_b_destroyed (static: false)  @mrxlayermanager:375
[02:58:40.637] [lua] true	Unable to load layer vz_state_chijob005_b_destroyed  @mrxlayermanager:403
[02:58:40.646] [lua] Request fulfilled: Load layer vz_car_city (static: nil)  @mrxlayermanager:446
[02:58:40.655] [lua] Layer request 1: 67 of 170 complete  @mrxlayermanager:479
[02:58:40.663] [lua] Culling op for layer vz_car_city!  @mrxlayermanager:318
[02:58:40.672] [lua] (nPendingOps = 247)  @mrxlayermanager:324
[02:58:40.682] [lua] Loading vz_all_job010_d (static: true)  @mrxlayermanager:375
[02:58:40.690] [lua] true	Unable to load layer vz_all_job010_d  @mrxlayermanager:403
[02:58:40.700] [lua] Request fulfilled: Load layer vz_all_job010_d (static: nil)  @mrxlayermanager:446
[02:58:40.709] [lua] Layer request 1: 68 of 170 complete  @mrxlayermanager:479
[02:58:40.718] [lua] Culling op for layer vz_all_job010_d!  @mrxlayermanager:318
[02:58:40.727] [lua] (nPendingOps = 246)  @mrxlayermanager:324
[02:58:40.736] [lua] Loading vz_chi_job010_a (static: true)  @mrxlayermanager:375
[02:58:40.746] [lua] true	Unable to load layer vz_chi_job010_a  @mrxlayermanager:403
[02:58:40.754] [lua] Request fulfilled: Load layer vz_state_chijob002_04_pristine (static: nil)  @mrxlayermanager:446
[02:58:40.767] [lua] Layer request 2: 95 of 238 complete  @mrxlayermanager:479
[02:58:40.777] [lua] Culling op for layer vz_state_chijob002_04_pristine!  @mrxlayermanager:318
[02:58:40.785] [lua] (nPendingOps = 245)  @mrxlayermanager:324
[02:58:40.793] [lua] Loading vz_state_chicon005_b_pristine (static: false)  @mrxlayermanager:375
[02:58:40.802] [lua] true	Unable to load layer vz_state_chicon005_b_pristine  @mrxlayermanager:403
[02:58:40.814] [lua] Request fulfilled: Load layer vz_chi_job010_a (static: nil)  @mrxlayermanager:446
[02:58:40.823] [lua] Layer request 1: 69 of 170 complete  @mrxlayermanager:479
[02:58:40.834] [lua] Culling op for layer vz_chi_job010_a!  @mrxlayermanager:318
[02:58:40.842] [lua] (nPendingOps = 244)  @mrxlayermanager:324
[02:58:40.857] [lua] Loading vz_state_gurcon005_depot (static: false)  @mrxlayermanager:375
[02:58:40.866] [lua] true	Unable to load layer vz_state_gurcon005_depot  @mrxlayermanager:403
[02:58:40.877] [lua] Request fulfilled: Load layer vz_state_chijob009_a_destroyed (static: nil)  @mrxlayermanager:446
[02:58:40.885] [lua] Layer request 2: 96 of 238 complete  @mrxlayermanager:479
[02:58:40.893] [lua] Culling op for layer vz_state_chijob009_a_destroyed!  @mrxlayermanager:318
[02:58:40.902] [lua] (nPendingOps = 243)  @mrxlayermanager:324
[02:58:40.910] [lua] Loading vz_state_oiljob012_02_pristine (static: false)  @mrxlayermanager:375
[02:58:40.919] [lua] true	Unable to load layer vz_state_oiljob012_02_pristine  @mrxlayermanager:403
[02:58:40.929] [lua] Request fulfilled: Load layer vz_state_alljob005_02_destroyed (static: nil)  @mrxlayermanager:446
[02:58:40.938] [lua] Layer request 2: 97 of 238 complete  @mrxlayermanager:479
[02:58:40.947] [lua] Culling op for layer vz_state_alljob005_02_destroyed!  @mrxlayermanager:318
[02:58:40.956] [lua] (nPendingOps = 242)  @mrxlayermanager:324
[02:58:40.964] [lua] Loading vz_mar_industrial_roads (static: true)  @mrxlayermanager:375
[02:58:40.973] [lua] true	Unable to load layer vz_mar_industrial_roads  @mrxlayermanager:403
[02:58:40.985] [lua] Request fulfilled: Load layer vz_state_gurcon005_depot (static: nil)  @mrxlayermanager:446
[02:58:40.994] [lua] Layer request 2: 98 of 238 complete  @mrxlayermanager:479
[02:58:41.003] [lua] Culling op for layer vz_state_gurcon005_depot!  @mrxlayermanager:318
[02:58:41.011] [lua] (nPendingOps = 241)  @mrxlayermanager:324
[02:58:41.020] [lua] Loading vz_state_mar_altagracia_act2 (static: false)  @mrxlayermanager:375
[02:58:41.029] [lua] true	Unable to load layer vz_state_mar_altagracia_act2  @mrxlayermanager:403
[02:58:41.038] [lua] Request fulfilled: Load layer vz_mar_industrial_roads (static: nil)  @mrxlayermanager:446
[02:58:41.047] [lua] Layer request 1: 70 of 170 complete  @mrxlayermanager:479
[02:58:41.056] [lua] Culling op for layer vz_mar_industrial_roads!  @mrxlayermanager:318
[02:58:41.064] [lua] (nPendingOps = 240)  @mrxlayermanager:324
[02:58:41.073] [lua] Loading vz_state_mar_industrial_pristine (static: false)  @mrxlayermanager:375
[02:58:41.081] [lua] true	Unable to load layer vz_state_mar_industrial_pristine  @mrxlayermanager:403
[02:58:41.096] [lua] Request fulfilled: Load layer vz_state_oiljob012_05_pristine (static: nil)  @mrxlayermanager:446
[02:58:41.104] [lua] Layer request 2: 99 of 238 complete  @mrxlayermanager:479
[02:58:41.113] [lua] Culling op for layer vz_state_oiljob012_05_pristine!  @mrxlayermanager:318
[02:58:41.121] [lua] (nPendingOps = 239)  @mrxlayermanager:324
[02:58:41.130] [lua] Loading vz_state_oiljob012_04_pristine (static: false)  @mrxlayermanager:375
[02:58:41.138] [lua] true	Unable to load layer vz_state_oiljob012_04_pristine  @mrxlayermanager:403
[02:58:41.155] [lua] Request fulfilled: Load layer vz_state_gurjob012_03_pristine (static: nil)  @mrxlayermanager:446
[02:58:41.165] [lua] Layer request 2: 100 of 238 complete  @mrxlayermanager:479
[02:58:41.173] [lua] Culling op for layer vz_state_gurjob012_03_pristine!  @mrxlayermanager:318
[02:58:41.186] [lua] (nPendingOps = 238)  @mrxlayermanager:324
[02:58:41.194] [lua] Loading vz_state_pirjob012_09_pristine (static: false)  @mrxlayermanager:375
[02:58:41.204] [lua] true	Unable to load layer vz_state_pirjob012_09_pristine  @mrxlayermanager:403
[02:58:41.214] [lua] Request fulfilled: Load layer vz_state_oiljob012_01_staging (static: nil)  @mrxlayermanager:446
[02:58:41.223] [lua] Layer request 2: 101 of 238 complete  @mrxlayermanager:479
[02:58:41.232] [lua] Culling op for layer vz_state_oiljob012_01_staging!  @mrxlayermanager:318
[02:58:41.241] [lua] (nPendingOps = 237)  @mrxlayermanager:324
[02:58:41.249] [lua] Loading vz_mer_dock (static: true)  @mrxlayermanager:375
[02:58:41.258] [lua] true	Unable to load layer vz_mer_dock  @mrxlayermanager:403
[02:58:41.269] [lua] Request fulfilled: Load layer vz_state_mar_altagracia_act2 (static: nil)  @mrxlayermanager:446
[02:58:41.277] [lua] Layer request 2: 102 of 238 complete  @mrxlayermanager:479
[02:58:41.285] [lua] Culling op for layer vz_state_mar_altagracia_act2!  @mrxlayermanager:318
[02:58:41.298] [lua] (nPendingOps = 236)  @mrxlayermanager:324
[02:58:41.307] [lua] Loading vz_all_job001_d (static: true)  @mrxlayermanager:375
[02:58:41.316] [lua] true	Unable to load layer vz_all_job001_d  @mrxlayermanager:403
[02:58:41.325] [lua] Request fulfilled: Load layer vz_mer_dock (static: nil)  @mrxlayermanager:446
[02:58:41.333] [lua] Layer request 1: 71 of 170 complete  @mrxlayermanager:479
[02:58:41.348] [lua] Culling op for layer vz_mer_dock!  @mrxlayermanager:318
[02:58:41.357] [lua] (nPendingOps = 235)  @mrxlayermanager:324
[02:58:41.367] [lua] Loading vz_gur_job002_f (static: true)  @mrxlayermanager:375
[02:58:41.376] [lua] true	Unable to load layer vz_gur_job002_f  @mrxlayermanager:403
[02:58:41.387] [lua] Request fulfilled: Load layer vz_all_job001_d (static: nil)  @mrxlayermanager:446
[02:58:41.395] [lua] Layer request 1: 72 of 170 complete  @mrxlayermanager:479
[02:58:41.404] [lua] Culling op for layer vz_all_job001_d!  @mrxlayermanager:318
[02:58:41.412] [lua] (nPendingOps = 234)  @mrxlayermanager:324
[02:58:41.421] [lua] Loading vz_chi_con054 (static: true)  @mrxlayermanager:375
[02:58:41.429] [lua] true	Unable to load layer vz_chi_con054  @mrxlayermanager:403
[02:58:41.439] [lua] Request fulfilled: Load layer vz_gur_job002_f (static: nil)  @mrxlayermanager:446
[02:58:41.447] [lua] Layer request 1: 73 of 170 complete  @mrxlayermanager:479
[02:58:41.460] [lua] Culling op for layer vz_gur_job002_f!  @mrxlayermanager:318
[02:58:41.469] [lua] (nPendingOps = 233)  @mrxlayermanager:324
[02:58:41.479] [lua] Loading vz_gur_job008_b (static: true)  @mrxlayermanager:375
[02:58:41.487] [lua] true	Unable to load layer vz_gur_job008_b  @mrxlayermanager:403
[02:58:41.500] [lua] Request fulfilled: Load layer vz_state_gurcon003_med (static: nil)  @mrxlayermanager:446
[02:58:41.511] [lua] Layer request 2: 103 of 238 complete  @mrxlayermanager:479
[02:58:41.520] [lua] Culling op for layer vz_state_gurcon003_med!  @mrxlayermanager:318
[02:58:41.529] [lua] (nPendingOps = 232)  @mrxlayermanager:324
[02:58:41.538] [lua] Loading vz_chi_job002_a (static: true)  @mrxlayermanager:375
[02:58:41.547] [lua] true	Unable to load layer vz_chi_job002_a  @mrxlayermanager:403
[02:58:41.558] [lua] Request fulfilled: Load layer vz_chi_con054 (static: nil)  @mrxlayermanager:446
[02:58:41.571] [lua] Layer request 1: 74 of 170 complete  @mrxlayermanager:479
[02:58:41.581] [lua] Culling op for layer vz_chi_con054!  @mrxlayermanager:318
[02:58:41.590] [lua] (nPendingOps = 231)  @mrxlayermanager:324
[02:58:41.599] [lua] Loading vz_state_alljob002_05_pristine (static: false)  @mrxlayermanager:375
[02:58:41.609] [lua] true	Unable to load layer vz_state_alljob002_05_pristine  @mrxlayermanager:403
[02:58:41.617] [lua] Request fulfilled: Load layer vz_gur_job008_b (static: nil)  @mrxlayermanager:446
[02:58:41.626] [lua] Layer request 1: 75 of 170 complete  @mrxlayermanager:479
[02:58:41.635] [lua] Culling op for layer vz_gur_job008_b!  @mrxlayermanager:318
[02:58:41.643] [lua] (nPendingOps = 230)  @mrxlayermanager:324
[02:58:41.652] [lua] Loading vz_amazon_billboard (static: true)  @mrxlayermanager:375
[02:58:41.660] [lua] true	Unable to load layer vz_amazon_billboard  @mrxlayermanager:403
[02:58:41.670] [lua] Request fulfilled: Load layer vz_state_oiljob012_04_pristine (static: nil)  @mrxlayermanager:446
[02:58:41.693] [lua] Layer request 2: 104 of 238 complete  @mrxlayermanager:479
[02:58:41.701] [lua] Culling op for layer vz_state_oiljob012_04_pristine!  @mrxlayermanager:318
[02:58:41.710] [lua] (nPendingOps = 229)  @mrxlayermanager:324
[02:58:41.718] [lua] Loading vz_pir_job012_d (static: true)  @mrxlayermanager:375
[02:58:41.727] [lua] true	Unable to load layer vz_pir_job012_d  @mrxlayermanager:403
[02:58:41.736] [lua] Request fulfilled: Load layer vz_chi_job002_a (static: nil)  @mrxlayermanager:446
[02:58:41.746] [lua] Layer request 1: 76 of 170 complete  @mrxlayermanager:479
[02:58:41.754] [lua] Culling op for layer vz_chi_job002_a!  @mrxlayermanager:318
[02:58:41.764] [lua] (nPendingOps = 228)  @mrxlayermanager:324
[02:58:41.772] [lua] Loading vz_state_oiljob004 (static: false)  @mrxlayermanager:375
[02:58:41.781] [lua] true	Unable to load layer vz_state_oiljob004  @mrxlayermanager:403
[02:58:41.791] [lua] Request fulfilled: Load layer vz_amazon_billboard (static: nil)  @mrxlayermanager:446
[02:58:41.799] [lua] Layer request 1: 77 of 170 complete  @mrxlayermanager:479
[02:58:41.808] [lua] Culling op for layer vz_amazon_billboard!  @mrxlayermanager:318
[02:58:41.817] [lua] (nPendingOps = 227)  @mrxlayermanager:324
[02:58:41.825] [lua] Loading vz_gur_job002_h (static: true)  @mrxlayermanager:375
[02:58:41.836] [lua] true	Unable to load layer vz_gur_job002_h  @mrxlayermanager:403
[02:58:41.845] [lua] Request fulfilled: Load layer vz_state_oiljob012_02_pristine (static: nil)  @mrxlayermanager:446
[02:58:41.853] [lua] Layer request 2: 105 of 238 complete  @mrxlayermanager:479
[02:58:41.862] [lua] Culling op for layer vz_state_oiljob012_02_pristine!  @mrxlayermanager:318
[02:58:41.871] [lua] (nPendingOps = 226)  @mrxlayermanager:324
[02:58:41.880] [lua] Loading vz_pir_job012_j (static: true)  @mrxlayermanager:375
[02:58:41.892] [lua] true	Unable to load layer vz_pir_job012_j  @mrxlayermanager:403
[02:58:41.900] [lua] Request fulfilled: Load layer vz_pir_job012_d (static: nil)  @mrxlayermanager:446
[02:58:41.910] [lua] Layer request 1: 78 of 170 complete  @mrxlayermanager:479
[02:58:41.919] [lua] Culling op for layer vz_pir_job012_d!  @mrxlayermanager:318
[02:58:41.927] [lua] (nPendingOps = 225)  @mrxlayermanager:324
[02:58:41.935] [lua] Loading vz_state_pirjob002_02_captured (static: false)  @mrxlayermanager:375
[02:58:41.946] [lua] true	Unable to load layer vz_state_pirjob002_02_captured  @mrxlayermanager:403
[02:58:41.957] [lua] Request fulfilled: Load layer vz_state_chijob005_b_destroyed (static: nil)  @mrxlayermanager:446
[02:58:41.967] [lua] Layer request 2: 106 of 238 complete  @mrxlayermanager:479
[02:58:41.975] [lua] Culling op for layer vz_state_chijob005_b_destroyed!  @mrxlayermanager:318
[02:58:41.983] [lua] (nPendingOps = 224)  @mrxlayermanager:324
[02:58:41.991] [lua] Loading vz_state_gurjob011_05_destroyed (static: false)  @mrxlayermanager:375
[02:58:42.000] [lua] true	Unable to load layer vz_state_gurjob011_05_destroyed  @mrxlayermanager:403
[02:58:42.008] [lua] Request fulfilled: Load layer vz_gur_job002_h (static: nil)  @mrxlayermanager:446
[02:58:42.016] [lua] Layer request 1: 79 of 170 complete  @mrxlayermanager:479
[02:58:42.025] [lua] Culling op for layer vz_gur_job002_h!  @mrxlayermanager:318
[02:58:42.035] [lua] (nPendingOps = 223)  @mrxlayermanager:324
[02:58:42.045] [lua] Loading vz_state_pirjob002_02_pristine (static: false)  @mrxlayermanager:375
[02:58:42.053] [lua] true	Unable to load layer vz_state_pirjob002_02_pristine  @mrxlayermanager:403
[02:58:42.062] [lua] Request fulfilled: Load layer vz_pir_job012_j (static: nil)  @mrxlayermanager:446
[02:58:42.072] [lua] Layer request 1: 80 of 170 complete  @mrxlayermanager:479
[02:58:42.081] [lua] Culling op for layer vz_pir_job012_j!  @mrxlayermanager:318
[02:58:42.091] [lua] (nPendingOps = 222)  @mrxlayermanager:324
[02:58:42.101] [lua] Loading vz_state_pirjob012_10_pristine (static: false)  @mrxlayermanager:375
[02:58:42.110] [lua] true	Unable to load layer vz_state_pirjob012_10_pristine  @mrxlayermanager:403
[02:58:42.127] [lua] Request fulfilled: Load layer vz_state_alljob005_01_destroyed (static: nil)  @mrxlayermanager:446
[02:58:42.138] [lua] Layer request 2: 107 of 238 complete  @mrxlayermanager:479
[02:58:42.146] [lua] Culling op for layer vz_state_alljob005_01_destroyed!  @mrxlayermanager:318
[02:58:42.155] [lua] (nPendingOps = 221)  @mrxlayermanager:324
[02:58:42.163] [lua] Loading vz_state_oiljob011_05_pristine (static: false)  @mrxlayermanager:375
[02:58:42.173] [lua] true	Unable to load layer vz_state_oiljob011_05_pristine  @mrxlayermanager:403
[02:58:42.184] [lua] Request fulfilled: Load layer vz_state_chicon005_b_pristine (static: nil)  @mrxlayermanager:446
[02:58:42.199] [lua] Layer request 2: 108 of 238 complete  @mrxlayermanager:479
[02:58:42.208] [lua] Culling op for layer vz_state_chicon005_b_pristine!  @mrxlayermanager:318
[02:58:42.218] [lua] (nPendingOps = 220)  @mrxlayermanager:324
[02:58:42.226] [lua] Loading vz_state_margarita_crash (static: false)  @mrxlayermanager:375
[02:58:42.234] [lua] true	Unable to load layer vz_state_margarita_crash  @mrxlayermanager:403
[02:58:42.247] [lua] Request fulfilled: Load layer vz_state_mar_industrial_pristine (static: nil)  @mrxlayermanager:446
[02:58:42.255] [lua] Layer request 2: 109 of 238 complete  @mrxlayermanager:479
[02:58:42.264] [lua] Culling op for layer vz_state_mar_industrial_pristine!  @mrxlayermanager:318
[02:58:42.276] [lua] (nPendingOps = 219)  @mrxlayermanager:324
[02:58:42.284] [lua] Loading vz_pmc_scrub (static: true)  @mrxlayermanager:375
[02:58:42.293] [lua] true	Unable to load layer vz_pmc_scrub  @mrxlayermanager:403
[02:58:42.303] [lua] Request fulfilled: Load layer vz_state_gurjob011_05_destroyed (static: nil)  @mrxlayermanager:446
[02:58:42.314] [lua] Layer request 2: 110 of 238 complete  @mrxlayermanager:479
[02:58:42.325] [lua] Culling op for layer vz_state_gurjob011_05_destroyed!  @mrxlayermanager:318
[02:58:42.333] [lua] (nPendingOps = 218)  @mrxlayermanager:324
[02:58:42.341] [lua] Loading vz_state_oiljob011_02_pristine (static: false)  @mrxlayermanager:375
[02:58:42.350] [lua] true	Unable to load layer vz_state_oiljob011_02_pristine  @mrxlayermanager:403
[02:58:42.359] [lua] Request fulfilled: Load layer vz_pmc_scrub (static: nil)  @mrxlayermanager:446
[02:58:42.371] [lua] Layer request 1: 81 of 170 complete  @mrxlayermanager:479
[02:58:42.379] [lua] Culling op for layer vz_pmc_scrub!  @mrxlayermanager:318
[02:58:42.389] [lua] (nPendingOps = 217)  @mrxlayermanager:324
[02:58:42.397] [lua] Loading vz_car_shanty_roads (static: true)  @mrxlayermanager:375
[02:58:42.405] [lua] true	Unable to load layer vz_car_shanty_roads  @mrxlayermanager:403
[02:58:42.418] [lua] Request fulfilled: Load layer vz_state_pirjob012_09_pristine (static: nil)  @mrxlayermanager:446
[02:58:42.426] [lua] Layer request 2: 111 of 238 complete  @mrxlayermanager:479
[02:58:42.434] [lua] Culling op for layer vz_state_pirjob012_09_pristine!  @mrxlayermanager:318
[02:58:42.443] [lua] (nPendingOps = 216)  @mrxlayermanager:324
[02:58:42.458] [lua] Loading vz_state_oiljob002_captured (static: false)  @mrxlayermanager:375
[02:58:42.466] [lua] true	Unable to load layer vz_state_oiljob002_captured  @mrxlayermanager:403
[02:58:42.475] [lua] Request fulfilled: Load layer vz_car_shanty_roads (static: nil)  @mrxlayermanager:446
[02:58:42.487] [lua] Layer request 1: 82 of 170 complete  @mrxlayermanager:479
[02:58:42.497] [lua] Culling op for layer vz_car_shanty_roads!  @mrxlayermanager:318
[02:58:42.507] [lua] (nPendingOps = 215)  @mrxlayermanager:324
[02:58:42.515] [lua] Loading vz_state_chicon054_staging (static: false)  @mrxlayermanager:375
[02:58:42.524] [lua] true	Unable to load layer vz_state_chicon054_staging  @mrxlayermanager:403
[02:58:42.534] [lua] Request fulfilled: Load layer vz_state_oiljob011_02_pristine (static: nil)  @mrxlayermanager:446
[02:58:42.545] [lua] Layer request 2: 112 of 238 complete  @mrxlayermanager:479
[02:58:42.553] [lua] Culling op for layer vz_state_oiljob011_02_pristine!  @mrxlayermanager:318
[02:58:42.563] [lua] (nPendingOps = 214)  @mrxlayermanager:324
[02:58:42.572] [lua] Loading vz_oil_job011_g (static: true)  @mrxlayermanager:375
[02:58:42.582] [lua] true	Unable to load layer vz_oil_job011_g  @mrxlayermanager:403
[02:58:42.593] [lua] Request fulfilled: Load layer vz_oil_job011_g (static: nil)  @mrxlayermanager:446
[02:58:42.602] [lua] Layer request 1: 83 of 170 complete  @mrxlayermanager:479
[02:58:42.611] [lua] Culling op for layer vz_oil_job011_g!  @mrxlayermanager:318
[02:58:42.620] [lua] (nPendingOps = 213)  @mrxlayermanager:324
[02:58:42.631] [lua] Loading vz_state_alljob002_04_pristine (static: false)  @mrxlayermanager:375
[02:58:42.639] [lua] true	Unable to load layer vz_state_alljob002_04_pristine  @mrxlayermanager:403
[02:58:42.647] [lua] Request fulfilled: Load layer vz_state_oiljob011_05_pristine (static: nil)  @mrxlayermanager:446
[02:58:42.656] [lua] Layer request 2: 113 of 238 complete  @mrxlayermanager:479
[02:58:42.666] [lua] Culling op for layer vz_state_oiljob011_05_pristine!  @mrxlayermanager:318
[02:58:42.674] [lua] (nPendingOps = 212)  @mrxlayermanager:324
[02:58:42.683] [lua] Loading vz_state_chijob001_02_pristine (static: false)  @mrxlayermanager:375
[02:58:42.693] [lua] true	Unable to load layer vz_state_chijob001_02_pristine  @mrxlayermanager:403
[02:58:42.705] [lua] Request fulfilled: Load layer vz_state_oiljob004 (static: nil)  @mrxlayermanager:446
[02:58:42.713] [lua] Layer request 2: 114 of 238 complete  @mrxlayermanager:479
[02:58:42.721] [lua] Culling op for layer vz_state_oiljob004!  @mrxlayermanager:318
[02:58:42.730] [lua] (nPendingOps = 211)  @mrxlayermanager:324
[02:58:42.739] [lua] Loading vz_state_pirjob007_e_staging (static: false)  @mrxlayermanager:375
[02:58:42.748] [lua] true	Unable to load layer vz_state_pirjob007_e_staging  @mrxlayermanager:403
[02:58:42.758] [lua] Request fulfilled: Load layer vz_state_pirjob002_02_captured (static: nil)  @mrxlayermanager:446
[02:58:42.767] [lua] Layer request 2: 115 of 238 complete  @mrxlayermanager:479
[02:58:42.783] [lua] Culling op for layer vz_state_pirjob002_02_captured!  @mrxlayermanager:318
[02:58:42.793] [lua] (nPendingOps = 210)  @mrxlayermanager:324
[02:58:42.802] [lua] Loading vz_angel_falls_tiny (static: true)  @mrxlayermanager:375
[02:58:42.812] [lua] true	Unable to load layer vz_angel_falls_tiny  @mrxlayermanager:403
[02:58:42.822] [lua] Request fulfilled: Load layer vz_state_pirjob002_02_pristine (static: nil)  @mrxlayermanager:446
[02:58:42.833] [lua] Layer request 2: 116 of 238 complete  @mrxlayermanager:479
[02:58:42.842] [lua] Culling op for layer vz_state_pirjob002_02_pristine!  @mrxlayermanager:318
[02:58:42.850] [lua] (nPendingOps = 209)  @mrxlayermanager:324
[02:58:42.859] [lua] Loading vz_state_chicon002_hq_destroyed (static: false)  @mrxlayermanager:375
[02:58:42.871] [lua] true	Unable to load layer vz_state_chicon002_hq_destroyed  @mrxlayermanager:403
[02:58:42.879] [lua] Request fulfilled: Load layer vz_angel_falls_tiny (static: nil)  @mrxlayermanager:446
[02:58:42.887] [lua] Layer request 1: 84 of 170 complete  @mrxlayermanager:479
[02:58:42.896] [lua] Culling op for layer vz_angel_falls_tiny!  @mrxlayermanager:318
[02:58:42.904] [lua] (nPendingOps = 208)  @mrxlayermanager:324
[02:58:42.913] [lua] Loading vz_gur_hq (static: true)  @mrxlayermanager:375
[02:58:42.921] [lua] true	Unable to load layer vz_gur_hq  @mrxlayermanager:403
[02:58:42.932] [lua] Request fulfilled: Load layer vz_state_alljob002_05_pristine (static: nil)  @mrxlayermanager:446
[02:58:42.940] [lua] Layer request 2: 117 of 238 complete  @mrxlayermanager:479
[02:58:42.949] [lua] Culling op for layer vz_state_alljob002_05_pristine!  @mrxlayermanager:318
[02:58:42.962] [lua] (nPendingOps = 207)  @mrxlayermanager:324
[02:58:42.971] [lua] Loading vz_state_gurjob012_01_pristine (static: false)  @mrxlayermanager:375
[02:58:42.980] [lua] true	Unable to load layer vz_state_gurjob012_01_pristine  @mrxlayermanager:403
[02:58:42.990] [lua] Request fulfilled: Load layer vz_gur_hq (static: nil)  @mrxlayermanager:446
[02:58:42.999] [lua] Layer request 1: 85 of 170 complete  @mrxlayermanager:479
[02:58:43.007] [lua] Culling op for layer vz_gur_hq!  @mrxlayermanager:318
[02:58:43.016] [lua] (nPendingOps = 206)  @mrxlayermanager:324
[02:58:43.026] [lua] Loading vz_state_alljob009_03_destroyed (static: false)  @mrxlayermanager:375
[02:58:43.034] [lua] true	Unable to load layer vz_state_alljob009_03_destroyed  @mrxlayermanager:403
[02:58:43.044] [lua] Request fulfilled: Load layer vz_state_alljob002_04_pristine (static: nil)  @mrxlayermanager:446
[02:58:43.054] [lua] Layer request 2: 118 of 238 complete  @mrxlayermanager:479
[02:58:43.062] [lua] Culling op for layer vz_state_alljob002_04_pristine!  @mrxlayermanager:318
[02:58:43.071] [lua] (nPendingOps = 205)  @mrxlayermanager:324
[02:58:43.080] [lua] Loading vz_state_mar_city_ruined (static: false)  @mrxlayermanager:375
[02:58:43.088] [lua] true	Unable to load layer vz_state_mar_city_ruined  @mrxlayermanager:403
[02:58:43.098] [lua] Request fulfilled: Load layer vz_state_pirjob012_10_pristine (static: nil)  @mrxlayermanager:446
[02:58:43.106] [lua] Layer request 2: 119 of 238 complete  @mrxlayermanager:479
[02:58:43.115] [lua] Culling op for layer vz_state_pirjob012_10_pristine!  @mrxlayermanager:318
[02:58:43.123] [lua] (nPendingOps = 204)  @mrxlayermanager:324
[02:58:43.132] [lua] Loading vz_state_chijob005_d_destroyed (static: false)  @mrxlayermanager:375
[02:58:43.141] [lua] true	Unable to load layer vz_state_chijob005_d_destroyed  @mrxlayermanager:403
[02:58:43.156] [lua] Request fulfilled: Load layer vz_state_margarita_crash (static: nil)  @mrxlayermanager:446
[02:58:43.166] [lua] Layer request 2: 120 of 238 complete  @mrxlayermanager:479
[02:58:43.175] [lua] Culling op for layer vz_state_margarita_crash!  @mrxlayermanager:318
[02:58:43.184] [lua] (nPendingOps = 203)  @mrxlayermanager:324
[02:58:43.194] [lua] Loading vz_pir_job012_c (static: true)  @mrxlayermanager:375
[02:58:43.203] [lua] true	Unable to load layer vz_pir_job012_c  @mrxlayermanager:403
[02:58:43.213] [lua] Request fulfilled: Load layer vz_state_oiljob002_captured (static: nil)  @mrxlayermanager:446
[02:58:43.224] [lua] Layer request 2: 121 of 238 complete  @mrxlayermanager:479
[02:58:43.233] [lua] Culling op for layer vz_state_oiljob002_captured!  @mrxlayermanager:318
[02:58:43.242] [lua] (nPendingOps = 202)  @mrxlayermanager:324
[02:58:43.250] [lua] Loading vz_state_gurjob007_01_destroyed (static: false)  @mrxlayermanager:375
[02:58:43.259] [lua] true	Unable to load layer vz_state_gurjob007_01_destroyed  @mrxlayermanager:403
[02:58:43.268] [lua] Request fulfilled: Load layer vz_pir_job012_c (static: nil)  @mrxlayermanager:446
[02:58:43.277] [lua] Layer request 1: 86 of 170 complete  @mrxlayermanager:479
[02:58:43.289] [lua] Culling op for layer vz_pir_job012_c!  @mrxlayermanager:318
[02:58:43.297] [lua] (nPendingOps = 201)  @mrxlayermanager:324
[02:58:43.306] [lua] Loading vz_all_job002_a (static: true)  @mrxlayermanager:375
[02:58:43.315] [lua] true	Unable to load layer vz_all_job002_a  @mrxlayermanager:403
[02:58:43.325] [lua] Request fulfilled: Load layer vz_state_chicon002_hq_destroyed (static: nil)  @mrxlayermanager:446
[02:58:43.333] [lua] Layer request 2: 122 of 238 complete  @mrxlayermanager:479
[02:58:43.341] [lua] Culling op for layer vz_state_chicon002_hq_destroyed!  @mrxlayermanager:318
[02:58:43.350] [lua] (nPendingOps = 200)  @mrxlayermanager:324
[02:58:43.358] [lua] Loading vz_all_job010_b (static: true)  @mrxlayermanager:375
[02:58:43.366] [lua] true	Unable to load layer vz_all_job010_b  @mrxlayermanager:403
[02:58:43.375] [lua] Request fulfilled: Load layer vz_all_job002_a (static: nil)  @mrxlayermanager:446
[02:58:43.383] [lua] Layer request 1: 87 of 170 complete  @mrxlayermanager:479
[02:58:43.395] [lua] Culling op for layer vz_all_job002_a!  @mrxlayermanager:318
[02:58:43.403] [lua] (nPendingOps = 199)  @mrxlayermanager:324
[02:58:43.412] [lua] Loading vz_state_jetcon001_post (static: false)  @mrxlayermanager:375
[02:58:43.420] [lua] true	Unable to load layer vz_state_jetcon001_post  @mrxlayermanager:403
[02:58:43.431] [lua] Request fulfilled: Load layer vz_all_job010_b (static: nil)  @mrxlayermanager:446
[02:58:43.441] [lua] Layer request 1: 88 of 170 complete  @mrxlayermanager:479
[02:58:43.451] [lua] Culling op for layer vz_all_job010_b!  @mrxlayermanager:318
[02:58:43.459] [lua] (nPendingOps = 198)  @mrxlayermanager:324
[02:58:43.467] [lua] Loading vz_mer_billboard (static: true)  @mrxlayermanager:375
[02:58:43.476] [lua] true	Unable to load layer vz_mer_billboard  @mrxlayermanager:403
[02:58:43.485] [lua] Request fulfilled: Load layer vz_state_chicon054_staging (static: nil)  @mrxlayermanager:446
[02:58:43.494] [lua] Layer request 2: 123 of 238 complete  @mrxlayermanager:479
[02:58:43.503] [lua] Culling op for layer vz_state_chicon054_staging!  @mrxlayermanager:318
[02:58:43.511] [lua] (nPendingOps = 197)  @mrxlayermanager:324
[02:58:43.520] [lua] Loading vz_oil_job002 (static: true)  @mrxlayermanager:375
[02:58:43.529] [lua] true	Unable to load layer vz_oil_job002  @mrxlayermanager:403
[02:58:43.540] [lua] Request fulfilled: Load layer vz_mer_billboard (static: nil)  @mrxlayermanager:446
[02:58:43.549] [lua] Layer request 1: 89 of 170 complete  @mrxlayermanager:479
[02:58:43.558] [lua] Culling op for layer vz_mer_billboard!  @mrxlayermanager:318
[02:58:43.570] [lua] (nPendingOps = 196)  @mrxlayermanager:324
[02:58:43.578] [lua] Loading vz_chi_job006_c (static: true)  @mrxlayermanager:375
[02:58:43.587] [lua] true	Unable to load layer vz_chi_job006_c  @mrxlayermanager:403
[02:58:43.595] [lua] Request fulfilled: Load layer vz_oil_job002 (static: nil)  @mrxlayermanager:446
[02:58:43.609] [lua] Layer request 1: 90 of 170 complete  @mrxlayermanager:479
[02:58:43.618] [lua] Culling op for layer vz_oil_job002!  @mrxlayermanager:318
[02:58:43.627] [lua] (nPendingOps = 195)  @mrxlayermanager:324
[02:58:43.636] [lua] Loading vz_pir_job002_a (static: true)  @mrxlayermanager:375
[02:58:43.649] [lua] true	Unable to load layer vz_pir_job002_a  @mrxlayermanager:403
[02:58:43.658] [lua] Request fulfilled: Load layer vz_state_pirjob007_e_staging (static: nil)  @mrxlayermanager:446
[02:58:43.666] [lua] Layer request 2: 124 of 238 complete  @mrxlayermanager:479
[02:58:43.675] [lua] Culling op for layer vz_state_pirjob007_e_staging!  @mrxlayermanager:318
[02:58:43.684] [lua] (nPendingOps = 194)  @mrxlayermanager:324
[02:58:43.692] [lua] Loading vz_state_oc_depot (static: false)  @mrxlayermanager:375
[02:58:43.701] [lua] true	Unable to load layer vz_state_oc_depot  @mrxlayermanager:403
[02:58:43.711] [lua] Request fulfilled: Load layer vz_state_gurjob012_01_pristine (static: nil)  @mrxlayermanager:446
[02:58:43.720] [lua] Layer request 2: 125 of 238 complete  @mrxlayermanager:479
[02:58:43.728] [lua] Culling op for layer vz_state_gurjob012_01_pristine!  @mrxlayermanager:318
[02:58:43.737] [lua] (nPendingOps = 193)  @mrxlayermanager:324
[02:58:43.745] [lua] Loading vz_state_oiljob008_c_destroyed (static: false)  @mrxlayermanager:375
[02:58:43.754] [lua] true	Unable to load layer vz_state_oiljob008_c_destroyed  @mrxlayermanager:403
[02:58:43.762] [lua] Request fulfilled: Load layer vz_chi_job006_c (static: nil)  @mrxlayermanager:446
[02:58:43.771] [lua] Layer request 1: 91 of 170 complete  @mrxlayermanager:479
[02:58:43.780] [lua] Culling op for layer vz_chi_job006_c!  @mrxlayermanager:318
[02:58:43.789] [lua] (nPendingOps = 192)  @mrxlayermanager:324
[02:58:43.799] [lua] Loading vz_state_gurjob011_03_destroyed (static: false)  @mrxlayermanager:375
[02:58:43.807] [lua] true	Unable to load layer vz_state_gurjob011_03_destroyed  @mrxlayermanager:403
[02:58:43.815] [lua] Request fulfilled: Load layer vz_pir_job002_a (static: nil)  @mrxlayermanager:446
[02:58:43.824] [lua] Layer request 1: 92 of 170 complete  @mrxlayermanager:479
[02:58:43.833] [lua] Culling op for layer vz_pir_job002_a!  @mrxlayermanager:318
[02:58:43.841] [lua] (nPendingOps = 191)  @mrxlayermanager:324
[02:58:43.855] [lua] Loading vz_state_pirjob012_05_pristine (static: false)  @mrxlayermanager:375
[02:58:43.865] [lua] true	Unable to load layer vz_state_pirjob012_05_pristine  @mrxlayermanager:403
[02:58:43.874] [lua] Request fulfilled: Load layer vz_state_chijob005_d_destroyed (static: nil)  @mrxlayermanager:446
[02:58:43.883] [lua] Layer request 2: 126 of 238 complete  @mrxlayermanager:479
[02:58:43.892] [lua] Culling op for layer vz_state_chijob005_d_destroyed!  @mrxlayermanager:318
[02:58:43.900] [lua] (nPendingOps = 190)  @mrxlayermanager:324
[02:58:43.909] [lua] Loading vz_oil_job011_e (static: true)  @mrxlayermanager:375
[02:58:43.918] [lua] true	Unable to load layer vz_oil_job011_e  @mrxlayermanager:403
[02:58:43.928] [lua] Request fulfilled: Load layer vz_state_gurjob007_01_destroyed (static: nil)  @mrxlayermanager:446
[02:58:43.937] [lua] Layer request 2: 127 of 238 complete  @mrxlayermanager:479
[02:58:43.945] [lua] Culling op for layer vz_state_gurjob007_01_destroyed!  @mrxlayermanager:318
[02:58:43.955] [lua] (nPendingOps = 189)  @mrxlayermanager:324
[02:58:43.963] [lua] Loading vz_state_ocgate_dynamic (static: false)  @mrxlayermanager:375
[02:58:43.972] [lua] true	Unable to load layer vz_state_ocgate_dynamic  @mrxlayermanager:403
[02:58:43.981] [lua] Request fulfilled: Load layer vz_oil_job011_e (static: nil)  @mrxlayermanager:446
[02:58:43.991] [lua] Layer request 1: 93 of 170 complete  @mrxlayermanager:479
[02:58:43.999] [lua] Culling op for layer vz_oil_job011_e!  @mrxlayermanager:318
[02:58:44.011] [lua] (nPendingOps = 188)  @mrxlayermanager:324
[02:58:44.020] [lua] Loading vz_state_gurjob011_09_destroyed (static: false)  @mrxlayermanager:375
[02:58:44.028] [lua] true	Unable to load layer vz_state_gurjob011_09_destroyed  @mrxlayermanager:403
[02:58:44.039] [lua] Request fulfilled: Load layer vz_state_chijob001_02_pristine (static: nil)  @mrxlayermanager:446
[02:58:44.048] [lua] Layer request 2: 128 of 238 complete  @mrxlayermanager:479
[02:58:44.057] [lua] Culling op for layer vz_state_chijob001_02_pristine!  @mrxlayermanager:318
[02:58:44.066] [lua] (nPendingOps = 187)  @mrxlayermanager:324
[02:58:44.074] [lua] Loading vz_pir_job012_e (static: true)  @mrxlayermanager:375
[02:58:44.083] [lua] true	Unable to load layer vz_pir_job012_e  @mrxlayermanager:403
[02:58:44.093] [lua] Request fulfilled: Load layer vz_state_gurjob011_09_destroyed (static: nil)  @mrxlayermanager:446
[02:58:44.103] [lua] Layer request 2: 129 of 238 complete  @mrxlayermanager:479
[02:58:44.112] [lua] Culling op for layer vz_state_gurjob011_09_destroyed!  @mrxlayermanager:318
[02:58:44.121] [lua] (nPendingOps = 186)  @mrxlayermanager:324
[02:58:44.130] [lua] Loading vz_state_chijob001_03_pristine (static: false)  @mrxlayermanager:375
[02:58:44.139] [lua] true	Unable to load layer vz_state_chijob001_03_pristine  @mrxlayermanager:403
[02:58:44.147] [lua] Request fulfilled: Load layer vz_pir_job012_e (static: nil)  @mrxlayermanager:446
[02:58:44.157] [lua] Layer request 1: 94 of 170 complete  @mrxlayermanager:479
[02:58:44.165] [lua] Culling op for layer vz_pir_job012_e!  @mrxlayermanager:318
[02:58:44.179] [lua] (nPendingOps = 185)  @mrxlayermanager:324
[02:58:44.187] [lua] Loading vz_state_all_fuel_amazon (static: false)  @mrxlayermanager:375
[02:58:44.196] [lua] true	Unable to load layer vz_state_all_fuel_amazon  @mrxlayermanager:403
[02:58:44.208] [lua] Request fulfilled: Load layer vz_state_gurjob011_03_destroyed (static: nil)  @mrxlayermanager:446
[02:58:44.219] [lua] Layer request 2: 130 of 238 complete  @mrxlayermanager:479
[02:58:44.227] [lua] Culling op for layer vz_state_gurjob011_03_destroyed!  @mrxlayermanager:318
[02:58:44.238] [lua] (nPendingOps = 184)  @mrxlayermanager:324
[02:58:44.247] [lua] Loading vz_gua_billboard (static: true)  @mrxlayermanager:375
[02:58:44.256] [lua] true	Unable to load layer vz_gua_billboard  @mrxlayermanager:403
[02:58:44.268] [lua] Request fulfilled: Load layer vz_gua_billboard (static: nil)  @mrxlayermanager:446
[02:58:44.276] [lua] Layer request 1: 95 of 170 complete  @mrxlayermanager:479
[02:58:44.286] [lua] Culling op for layer vz_gua_billboard!  @mrxlayermanager:318
[02:58:44.294] [lua] (nPendingOps = 183)  @mrxlayermanager:324
[02:58:44.303] [lua] Loading vz_state_chijob002_02_staging (static: false)  @mrxlayermanager:375
[02:58:44.312] [lua] true	Unable to load layer vz_state_chijob002_02_staging  @mrxlayermanager:403
[02:58:44.321] [lua] Request fulfilled: Load layer vz_state_alljob009_03_destroyed (static: nil)  @mrxlayermanager:446
[02:58:44.329] [lua] Layer request 2: 131 of 238 complete  @mrxlayermanager:479
[02:58:44.337] [lua] Culling op for layer vz_state_alljob009_03_destroyed!  @mrxlayermanager:318
[02:58:44.347] [lua] (nPendingOps = 182)  @mrxlayermanager:324
[02:58:44.355] [lua] Loading vz_state_pmccon002_blanco (static: false)  @mrxlayermanager:375
[02:58:44.364] [lua] true	Unable to load layer vz_state_pmccon002_blanco  @mrxlayermanager:403
[02:58:44.376] [lua] Request fulfilled: Load layer vz_state_mar_city_ruined (static: nil)  @mrxlayermanager:446
[02:58:44.384] [lua] Layer request 2: 132 of 238 complete  @mrxlayermanager:479
[02:58:44.393] [lua] Culling op for layer vz_state_mar_city_ruined!  @mrxlayermanager:318
[02:58:44.402] [lua] (nPendingOps = 181)  @mrxlayermanager:324
[02:58:44.411] [lua] Loading vz_state_alljob009_05_pristine (static: false)  @mrxlayermanager:375
[02:58:44.421] [lua] true	Unable to load layer vz_state_alljob009_05_pristine  @mrxlayermanager:403
[02:58:44.432] [lua] Request fulfilled: Load layer vz_state_jetcon001_post (static: nil)  @mrxlayermanager:446
[02:58:44.442] [lua] Layer request 2: 133 of 238 complete  @mrxlayermanager:479
[02:58:44.451] [lua] Culling op for layer vz_state_jetcon001_post!  @mrxlayermanager:318
[02:58:44.461] [lua] (nPendingOps = 180)  @mrxlayermanager:324
[02:58:44.474] [lua] Loading vz_state_alljob001_03_pristine (static: false)  @mrxlayermanager:375
[02:58:44.485] [lua] true	Unable to load layer vz_state_alljob001_03_pristine  @mrxlayermanager:403
[02:58:44.497] [lua] Request fulfilled: Load layer vz_state_oiljob008_c_destroyed (static: nil)  @mrxlayermanager:446
[02:58:44.505] [lua] Layer request 2: 134 of 238 complete  @mrxlayermanager:479
[02:58:44.514] [lua] Culling op for layer vz_state_oiljob008_c_destroyed!  @mrxlayermanager:318
[02:58:44.522] [lua] (nPendingOps = 179)  @mrxlayermanager:324
[02:58:44.530] [lua] Loading vz_gur_job012_a (static: true)  @mrxlayermanager:375
[02:58:44.538] [lua] true	Unable to load layer vz_gur_job012_a  @mrxlayermanager:403
[02:58:44.550] [lua] Request fulfilled: Load layer vz_gur_job012_a (static: nil)  @mrxlayermanager:446
[02:58:44.559] [lua] Layer request 1: 96 of 170 complete  @mrxlayermanager:479
[02:58:44.570] [lua] Culling op for layer vz_gur_job012_a!  @mrxlayermanager:318
[02:58:44.579] [lua] (nPendingOps = 178)  @mrxlayermanager:324
[02:58:44.589] [lua] Loading vz_merida_tiny (static: true)  @mrxlayermanager:375
[02:58:44.599] [lua] true	Unable to load layer vz_merida_tiny  @mrxlayermanager:403
[02:58:44.607] [lua] Request fulfilled: Load layer vz_state_oc_depot (static: nil)  @mrxlayermanager:446
[02:58:44.615] [lua] Layer request 2: 135 of 238 complete  @mrxlayermanager:479
[02:58:44.626] [lua] Culling op for layer vz_state_oc_depot!  @mrxlayermanager:318
[02:58:44.634] [lua] (nPendingOps = 177)  @mrxlayermanager:324
[02:58:44.643] [lua] Loading vz_all_job002_d (static: true)  @mrxlayermanager:375
[02:58:44.651] [lua] true	Unable to load layer vz_all_job002_d  @mrxlayermanager:403
[02:58:44.661] [lua] Request fulfilled: Load layer vz_merida_tiny (static: nil)  @mrxlayermanager:446
[02:58:44.670] [lua] Layer request 1: 97 of 170 complete  @mrxlayermanager:479
[02:58:44.679] [lua] Culling op for layer vz_merida_tiny!  @mrxlayermanager:318
[02:58:44.688] [lua] (nPendingOps = 176)  @mrxlayermanager:324
[02:58:44.697] [lua] Loading vz_mer_commercial (static: true)  @mrxlayermanager:375
[02:58:44.706] [lua] true	Unable to load layer vz_mer_commercial  @mrxlayermanager:403
[02:58:44.715] [lua] Request fulfilled: Load layer vz_state_pirjob012_05_pristine (static: nil)  @mrxlayermanager:446
[02:58:44.727] [lua] Layer request 2: 136 of 238 complete  @mrxlayermanager:479
[02:58:44.736] [lua] Culling op for layer vz_state_pirjob012_05_pristine!  @mrxlayermanager:318
[02:58:44.745] [lua] (nPendingOps = 175)  @mrxlayermanager:324
[02:58:44.753] [lua] Loading vz_cumana_tiny (static: true)  @mrxlayermanager:375
[02:58:44.763] [lua] true	Unable to load layer vz_cumana_tiny  @mrxlayermanager:403
[02:58:44.772] [lua] Request fulfilled: Load layer vz_all_job002_d (static: nil)  @mrxlayermanager:446
[02:58:44.781] [lua] Layer request 1: 98 of 170 complete  @mrxlayermanager:479
[02:58:44.790] [lua] Culling op for layer vz_all_job002_d!  @mrxlayermanager:318
[02:58:44.798] [lua] (nPendingOps = 174)  @mrxlayermanager:324
[02:58:44.806] [lua] Loading vz_pir_job002_c (static: true)  @mrxlayermanager:375
[02:58:44.814] [lua] true	Unable to load layer vz_pir_job002_c  @mrxlayermanager:403
[02:58:44.824] [lua] Request fulfilled: Load layer vz_mer_commercial (static: nil)  @mrxlayermanager:446
[02:58:44.833] [lua] Layer request 1: 99 of 170 complete  @mrxlayermanager:479
[02:58:44.841] [lua] Culling op for layer vz_mer_commercial!  @mrxlayermanager:318
[02:58:44.851] [lua] (nPendingOps = 173)  @mrxlayermanager:324
[02:58:44.865] [lua] Loading vz_state_pirjob007_c_destroyed (static: false)  @mrxlayermanager:375
[02:58:44.875] [lua] true	Unable to load layer vz_state_pirjob007_c_destroyed  @mrxlayermanager:403
[02:58:44.885] [lua] Request fulfilled: Load layer vz_state_alljob001_03_pristine (static: nil)  @mrxlayermanager:446
[02:58:44.894] [lua] Layer request 2: 137 of 238 complete  @mrxlayermanager:479
[02:58:44.902] [lua] Culling op for layer vz_state_alljob001_03_pristine!  @mrxlayermanager:318
[02:58:44.910] [lua] (nPendingOps = 172)  @mrxlayermanager:324
[02:58:44.919] [lua] Loading vz_state_chijob002_05_pristine (static: false)  @mrxlayermanager:375
[02:58:44.928] [lua] true	Unable to load layer vz_state_chijob002_05_pristine  @mrxlayermanager:403
[02:58:44.940] [lua] Request fulfilled: Load layer vz_cumana_tiny (static: nil)  @mrxlayermanager:446
[02:58:44.949] [lua] Layer request 1: 100 of 170 complete  @mrxlayermanager:479
[02:58:44.957] [lua] Culling op for layer vz_cumana_tiny!  @mrxlayermanager:318
[02:58:44.966] [lua] (nPendingOps = 171)  @mrxlayermanager:324
[02:58:44.974] [lua] Loading vz_state_oiljob008_a_staging (static: false)  @mrxlayermanager:375
[02:58:44.983] [lua] true	Unable to load layer vz_state_oiljob008_a_staging  @mrxlayermanager:403
[02:58:44.991] [lua] Request fulfilled: Load layer vz_pir_job002_c (static: nil)  @mrxlayermanager:446
[02:58:45.001] [lua] Layer request 1: 101 of 170 complete  @mrxlayermanager:479
[02:58:45.010] [lua] Culling op for layer vz_pir_job002_c!  @mrxlayermanager:318
[02:58:45.020] [lua] (nPendingOps = 170)  @mrxlayermanager:324
[02:58:45.029] [lua] Loading vz_state_pirjob011_03_destroyed (static: false)  @mrxlayermanager:375
[02:58:45.041] [lua] true	Unable to load layer vz_state_pirjob011_03_destroyed  @mrxlayermanager:403
[02:58:45.058] [lua] Request fulfilled: Load layer vz_state_all_fuel_amazon (static: nil)  @mrxlayermanager:446
[02:58:45.069] [lua] Layer request 2: 138 of 238 complete  @mrxlayermanager:479
[02:58:45.083] [lua] Culling op for layer vz_state_all_fuel_amazon!  @mrxlayermanager:318
[02:58:45.092] [lua] (nPendingOps = 169)  @mrxlayermanager:324
[02:58:45.101] [lua] Loading vz_oil_job011_f (static: true)  @mrxlayermanager:375
[02:58:45.109] [lua] true	Unable to load layer vz_oil_job011_f  @mrxlayermanager:403
[02:58:45.119] [lua] Request fulfilled: Load layer vz_state_ocgate_dynamic (static: nil)  @mrxlayermanager:446
[02:58:45.129] [lua] Layer request 2: 139 of 238 complete  @mrxlayermanager:479
[02:58:45.139] [lua] Culling op for layer vz_state_ocgate_dynamic!  @mrxlayermanager:318
[02:58:45.147] [lua] (nPendingOps = 168)  @mrxlayermanager:324
[02:58:45.155] [lua] Loading vz_gur_job005 (static: true)  @mrxlayermanager:375
[02:58:45.164] [lua] true	Unable to load layer vz_gur_job005  @mrxlayermanager:403
[02:58:45.174] [lua] Request fulfilled: Load layer vz_oil_job011_f (static: nil)  @mrxlayermanager:446
[02:58:45.184] [lua] Layer request 1: 102 of 170 complete  @mrxlayermanager:479
[02:58:45.192] [lua] Culling op for layer vz_oil_job011_f!  @mrxlayermanager:318
[02:58:45.202] [lua] (nPendingOps = 167)  @mrxlayermanager:324
[02:58:45.210] [lua] Loading vz_state_pirjob011_02_destroyed (static: false)  @mrxlayermanager:375
[02:58:45.224] [lua] true	Unable to load layer vz_state_pirjob011_02_destroyed  @mrxlayermanager:403
[02:58:45.242] [lua] Request fulfilled: Load layer vz_gur_job005 (static: nil)  @mrxlayermanager:446
[02:58:45.252] [lua] Layer request 1: 103 of 170 complete  @mrxlayermanager:479
[02:58:45.260] [lua] Culling op for layer vz_gur_job005!  @mrxlayermanager:318
[02:58:45.269] [lua] (nPendingOps = 166)  @mrxlayermanager:324
[02:58:45.277] [lua] Loading vz_state_chicon002_depot_destroyed (static: false)  @mrxlayermanager:375
[02:58:45.286] [lua] true	Unable to load layer vz_state_chicon002_depot_destroyed  @mrxlayermanager:403
[02:58:45.294] [lua] Request fulfilled: Load layer vz_state_pirjob007_c_destroyed (static: nil)  @mrxlayermanager:446
[02:58:45.303] [lua] Layer request 2: 140 of 238 complete  @mrxlayermanager:479
[02:58:45.311] [lua] Culling op for layer vz_state_pirjob007_c_destroyed!  @mrxlayermanager:318
[02:58:45.320] [lua] (nPendingOps = 165)  @mrxlayermanager:324
[02:58:45.329] [lua] Loading vz_state_chijob001_01_captured (static: false)  @mrxlayermanager:375
[02:58:45.338] [lua] true	Unable to load layer vz_state_chijob001_01_captured  @mrxlayermanager:403
[02:58:45.348] [lua] Request fulfilled: Load layer vz_state_chijob002_05_pristine (static: nil)  @mrxlayermanager:446
[02:58:45.357] [lua] Layer request 2: 141 of 238 complete  @mrxlayermanager:479
[02:58:45.366] [lua] Culling op for layer vz_state_chijob002_05_pristine!  @mrxlayermanager:318
[02:58:45.375] [lua] (nPendingOps = 164)  @mrxlayermanager:324
[02:58:45.386] [lua] Loading vz_state_pirjob002_01_captured (static: false)  @mrxlayermanager:375
[02:58:45.395] [lua] true	Unable to load layer vz_state_pirjob002_01_captured  @mrxlayermanager:403
[02:58:45.405] [lua] Request fulfilled: Load layer vz_state_chijob001_01_captured (static: nil)  @mrxlayermanager:446
[02:58:45.415] [lua] Layer request 2: 142 of 238 complete  @mrxlayermanager:479
[02:58:45.423] [lua] Culling op for layer vz_state_chijob001_01_captured!  @mrxlayermanager:318
[02:58:45.435] [lua] (nPendingOps = 163)  @mrxlayermanager:324
[02:58:45.443] [lua] Loading vz_state_pirjob007_b_destroyed (static: false)  @mrxlayermanager:375
[02:58:45.452] [lua] true	Unable to load layer vz_state_pirjob007_b_destroyed  @mrxlayermanager:403
[02:58:45.466] [lua] Request fulfilled: Load layer vz_state_chijob001_03_pristine (static: nil)  @mrxlayermanager:446
[02:58:45.476] [lua] Layer request 2: 143 of 238 complete  @mrxlayermanager:479
[02:58:45.484] [lua] Culling op for layer vz_state_chijob001_03_pristine!  @mrxlayermanager:318
[02:58:45.493] [lua] (nPendingOps = 162)  @mrxlayermanager:324
[02:58:45.502] [lua] Loading vz_pir_job012_b (static: true)  @mrxlayermanager:375
[02:58:45.515] [lua] true	Unable to load layer vz_pir_job012_b  @mrxlayermanager:403
[02:58:45.526] [lua] Request fulfilled: Load layer vz_pir_job012_b (static: nil)  @mrxlayermanager:446
[02:58:45.538] [lua] Layer request 1: 104 of 170 complete  @mrxlayermanager:479
[02:58:45.546] [lua] Culling op for layer vz_pir_job012_b!  @mrxlayermanager:318
[02:58:45.558] [lua] (nPendingOps = 161)  @mrxlayermanager:324
[02:58:45.571] [lua] Loading vz_state_chijob005_a_destroyed (static: false)  @mrxlayermanager:375
[02:58:45.581] [lua] true	Unable to load layer vz_state_chijob005_a_destroyed  @mrxlayermanager:403
[02:58:45.592] [lua] Request fulfilled: Load layer vz_state_pirjob011_02_destroyed (static: nil)  @mrxlayermanager:446
[02:58:45.604] [lua] Layer request 2: 144 of 238 complete  @mrxlayermanager:479
[02:58:45.613] [lua] Culling op for layer vz_state_pirjob011_02_destroyed!  @mrxlayermanager:318
[02:58:45.636] [lua] (nPendingOps = 160)  @mrxlayermanager:324
[02:58:45.648] [lua] Loading vz_mer_residential (static: true)  @mrxlayermanager:375
[02:58:45.661] [lua] true	Unable to load layer vz_mer_residential  @mrxlayermanager:403
[02:58:45.679] [lua] Request fulfilled: Load layer vz_state_chijob002_02_staging (static: nil)  @mrxlayermanager:446
[02:58:45.692] [lua] Layer request 2: 145 of 238 complete  @mrxlayermanager:479
[02:58:45.702] [lua] Culling op for layer vz_state_chijob002_02_staging!  @mrxlayermanager:318
[02:58:45.713] [lua] (nPendingOps = 159)  @mrxlayermanager:324
[02:58:45.722] [lua] Loading vz_gua_upperclass (static: true)  @mrxlayermanager:375
[02:58:45.733] [lua] true	Unable to load layer vz_gua_upperclass  @mrxlayermanager:403
[02:58:45.744] [lua] Request fulfilled: Load layer vz_mer_residential (static: nil)  @mrxlayermanager:446
[02:58:45.756] [lua] Layer request 1: 105 of 170 complete  @mrxlayermanager:479
[02:58:45.768] [lua] Culling op for layer vz_mer_residential!  @mrxlayermanager:318
[02:58:45.780] [lua] (nPendingOps = 158)  @mrxlayermanager:324
[02:58:45.791] [lua] Loading vz_car_estate (static: true)  @mrxlayermanager:375
[02:58:45.803] [lua] true	Unable to load layer vz_car_estate  @mrxlayermanager:403
[02:58:45.818] [lua] Request fulfilled: Load layer vz_gua_upperclass (static: nil)  @mrxlayermanager:446
[02:58:45.828] [lua] Layer request 1: 106 of 170 complete  @mrxlayermanager:479
[02:58:45.837] [lua] Culling op for layer vz_gua_upperclass!  @mrxlayermanager:318
[02:58:45.847] [lua] (nPendingOps = 157)  @mrxlayermanager:324
[02:58:45.856] [lua] Loading vz_chi_job001_d (static: true)  @mrxlayermanager:375
[02:58:45.869] [lua] true	Unable to load layer vz_chi_job001_d  @mrxlayermanager:403
[02:58:45.883] [lua] Request fulfilled: Load layer vz_car_estate (static: nil)  @mrxlayermanager:446
[02:58:45.896] [lua] Layer request 1: 107 of 170 complete  @mrxlayermanager:479
[02:58:45.906] [lua] Culling op for layer vz_car_estate!  @mrxlayermanager:318
[02:58:45.917] [lua] (nPendingOps = 156)  @mrxlayermanager:324
[02:58:45.928] [lua] Loading vz_mar_outskirt (static: true)  @mrxlayermanager:375
[02:58:45.941] [lua] true	Unable to load layer vz_mar_outskirt  @mrxlayermanager:403
[02:58:45.953] [lua] Request fulfilled: Load layer vz_state_pirjob011_03_destroyed (static: nil)  @mrxlayermanager:446
[02:58:45.965] [lua] Layer request 2: 146 of 238 complete  @mrxlayermanager:479
[02:58:45.977] [lua] Culling op for layer vz_state_pirjob011_03_destroyed!  @mrxlayermanager:318
[02:58:45.986] [lua] (nPendingOps = 155)  @mrxlayermanager:324
[02:58:45.996] [lua] Loading vz_state_alljob001_04_pristine (static: false)  @mrxlayermanager:375
[02:58:46.007] [lua] true	Unable to load layer vz_state_alljob001_04_pristine  @mrxlayermanager:403
[02:58:46.018] [lua] Request fulfilled: Load layer vz_chi_job001_d (static: nil)  @mrxlayermanager:446
[02:58:46.033] [lua] Layer request 1: 108 of 170 complete  @mrxlayermanager:479
[02:58:46.045] [lua] Culling op for layer vz_chi_job001_d!  @mrxlayermanager:318
[02:58:46.053] [lua] (nPendingOps = 154)  @mrxlayermanager:324
[02:58:46.063] [lua] Loading vz_state_oiljob002_pristine (static: false)  @mrxlayermanager:375
[02:58:46.072] [lua] true	Unable to load layer vz_state_oiljob002_pristine  @mrxlayermanager:403
[02:58:46.082] [lua] Request fulfilled: Load layer vz_mar_outskirt (static: nil)  @mrxlayermanager:446
[02:58:46.091] [lua] Layer request 1: 109 of 170 complete  @mrxlayermanager:479
[02:58:46.101] [lua] Culling op for layer vz_mar_outskirt!  @mrxlayermanager:318
[02:58:46.109] [lua] (nPendingOps = 153)  @mrxlayermanager:324
[02:58:46.118] [lua] Loading vz_chi_job010_c (static: true)  @mrxlayermanager:375
[02:58:46.126] [lua] true	Unable to load layer vz_chi_job010_c  @mrxlayermanager:403
[02:58:46.135] [lua] Request fulfilled: Load layer vz_state_pmccon002_blanco (static: nil)  @mrxlayermanager:446
[02:58:46.144] [lua] Layer request 2: 147 of 238 complete  @mrxlayermanager:479
[02:58:46.155] [lua] Culling op for layer vz_state_pmccon002_blanco!  @mrxlayermanager:318
[02:58:46.166] [lua] (nPendingOps = 152)  @mrxlayermanager:324
[02:58:46.176] [lua] Loading vz_all_job001_b (static: true)  @mrxlayermanager:375
[02:58:46.185] [lua] true	Unable to load layer vz_all_job001_b  @mrxlayermanager:403
[02:58:46.196] [lua] Request fulfilled: Load layer vz_state_alljob009_05_pristine (static: nil)  @mrxlayermanager:446
[02:58:46.206] [lua] Layer request 2: 148 of 238 complete  @mrxlayermanager:479
[02:58:46.214] [lua] Culling op for layer vz_state_alljob009_05_pristine!  @mrxlayermanager:318
[02:58:46.224] [lua] (nPendingOps = 151)  @mrxlayermanager:324
[02:58:46.233] [lua] Loading vz_state_chijob006_d_destroyed (static: false)  @mrxlayermanager:375
[02:58:46.242] [lua] true	Unable to load layer vz_state_chijob006_d_destroyed  @mrxlayermanager:403
[02:58:46.250] [lua] Request fulfilled: Load layer vz_chi_job010_c (static: nil)  @mrxlayermanager:446
[02:58:46.260] [lua] Layer request 1: 110 of 170 complete  @mrxlayermanager:479
[02:58:46.270] [lua] Culling op for layer vz_chi_job010_c!  @mrxlayermanager:318
[02:58:46.279] [lua] (nPendingOps = 150)  @mrxlayermanager:324
[02:58:46.287] [lua] Loading vz_jungle_mountain_foilage (static: true)  @mrxlayermanager:375
[02:58:46.297] [lua] true	Unable to load layer vz_jungle_mountain_foilage  @mrxlayermanager:403
[02:58:46.308] [lua] Request fulfilled: Load layer vz_all_job001_b (static: nil)  @mrxlayermanager:446
[02:58:46.320] [lua] Layer request 1: 111 of 170 complete  @mrxlayermanager:479
[02:58:46.329] [lua] Culling op for layer vz_all_job001_b!  @mrxlayermanager:318
[02:58:46.343] [lua] (nPendingOps = 149)  @mrxlayermanager:324
[02:58:46.352] [lua] Loading vz_state_staging_pirhq (static: false)  @mrxlayermanager:375
[02:58:46.361] [lua] true	Unable to load layer vz_state_staging_pirhq  @mrxlayermanager:403
[02:58:46.371] [lua] Request fulfilled: Load layer vz_state_oiljob008_a_staging (static: nil)  @mrxlayermanager:446
[02:58:46.379] [lua] Layer request 2: 149 of 238 complete  @mrxlayermanager:479
[02:58:46.391] [lua] Culling op for layer vz_state_oiljob008_a_staging!  @mrxlayermanager:318
[02:58:46.400] [lua] (nPendingOps = 148)  @mrxlayermanager:324
[02:58:46.409] [lua] Loading vz_gur_job008_a (static: true)  @mrxlayermanager:375
[02:58:46.417] [lua] true	Unable to load layer vz_gur_job008_a  @mrxlayermanager:403
[02:58:46.425] [lua] Request fulfilled: Load layer vz_jungle_mountain_foilage (static: nil)  @mrxlayermanager:446
[02:58:46.434] [lua] Layer request 1: 112 of 170 complete  @mrxlayermanager:479
[02:58:46.443] [lua] Culling op for layer vz_jungle_mountain_foilage!  @mrxlayermanager:318
[02:58:46.451] [lua] (nPendingOps = 147)  @mrxlayermanager:324
[02:58:46.459] [lua] Loading vz_caracas_foilage (static: true)  @mrxlayermanager:375
[02:58:46.467] [lua] true	Unable to load layer vz_caracas_foilage  @mrxlayermanager:403
[02:58:46.477] [lua] Request fulfilled: Load layer vz_state_pirjob007_b_destroyed (static: nil)  @mrxlayermanager:446
[02:58:46.489] [lua] Layer request 2: 150 of 238 complete  @mrxlayermanager:479
[02:58:46.498] [lua] Culling op for layer vz_state_pirjob007_b_destroyed!  @mrxlayermanager:318
[02:58:46.506] [lua] (nPendingOps = 146)  @mrxlayermanager:324
[02:58:46.515] [lua] Loading vz_pirate_isles_scrub (static: true)  @mrxlayermanager:375
[02:58:46.529] [lua] true	Unable to load layer vz_pirate_isles_scrub  @mrxlayermanager:403
[02:58:46.538] [lua] Request fulfilled: Load layer vz_gur_job008_a (static: nil)  @mrxlayermanager:446
[02:58:46.546] [lua] Layer request 1: 113 of 170 complete  @mrxlayermanager:479
[02:58:46.556] [lua] Culling op for layer vz_gur_job008_a!  @mrxlayermanager:318
[02:58:46.564] [lua] (nPendingOps = 145)  @mrxlayermanager:324
[02:58:46.573] [lua] Loading vz_all_job005_e (static: true)  @mrxlayermanager:375
[02:58:46.582] [lua] true	Unable to load layer vz_all_job005_e  @mrxlayermanager:403
[02:58:46.590] [lua] Request fulfilled: Load layer vz_caracas_foilage (static: nil)  @mrxlayermanager:446
[02:58:46.598] [lua] Layer request 1: 114 of 170 complete  @mrxlayermanager:479
[02:58:46.606] [lua] Culling op for layer vz_caracas_foilage!  @mrxlayermanager:318
[02:58:46.615] [lua] (nPendingOps = 144)  @mrxlayermanager:324
[02:58:46.624] [lua] Loading vz_oil_job005 (static: true)  @mrxlayermanager:375
[02:58:46.632] [lua] true	Unable to load layer vz_oil_job005  @mrxlayermanager:403
[02:58:46.642] [lua] Request fulfilled: Load layer vz_state_chicon002_depot_destroyed (static: nil)  @mrxlayermanager:446
[02:58:46.650] [lua] Layer request 2: 151 of 238 complete  @mrxlayermanager:479
[02:58:46.659] [lua] Culling op for layer vz_state_chicon002_depot_destroyed!  @mrxlayermanager:318
[02:58:46.667] [lua] (nPendingOps = 143)  @mrxlayermanager:324
[02:58:46.677] [lua] Loading vz_state_pirjob010_03_destroyed (static: false)  @mrxlayermanager:375
[02:58:46.688] [lua] true	Unable to load layer vz_state_pirjob010_03_destroyed  @mrxlayermanager:403
[02:58:46.697] [lua] Request fulfilled: Load layer vz_pirate_isles_scrub (static: nil)  @mrxlayermanager:446
[02:58:46.705] [lua] Layer request 1: 115 of 170 complete  @mrxlayermanager:479
[02:58:46.713] [lua] Culling op for layer vz_pirate_isles_scrub!  @mrxlayermanager:318
[02:58:46.723] [lua] (nPendingOps = 142)  @mrxlayermanager:324
[02:58:46.731] [lua] Loading vz_gur_job002_j (static: true)  @mrxlayermanager:375
[02:58:46.743] [lua] true	Unable to load layer vz_gur_job002_j  @mrxlayermanager:403
[02:58:46.753] [lua] Request fulfilled: Load layer vz_all_job005_e (static: nil)  @mrxlayermanager:446
[02:58:46.762] [lua] Layer request 1: 116 of 170 complete  @mrxlayermanager:479
[02:58:46.772] [lua] Culling op for layer vz_all_job005_e!  @mrxlayermanager:318
[02:58:46.784] [lua] (nPendingOps = 141)  @mrxlayermanager:324
[02:58:46.795] [lua] Loading vz_jungle_mountain_road (static: true)  @mrxlayermanager:375
[02:58:46.806] [lua] true	Unable to load layer vz_jungle_mountain_road  @mrxlayermanager:403
[02:58:46.818] [lua] Request fulfilled: Load layer vz_oil_job005 (static: nil)  @mrxlayermanager:446
[02:58:46.827] [lua] Layer request 1: 117 of 170 complete  @mrxlayermanager:479
[02:58:46.835] [lua] Culling op for layer vz_oil_job005!  @mrxlayermanager:318
[02:58:46.843] [lua] (nPendingOps = 140)  @mrxlayermanager:324
[02:58:46.852] [lua] Loading vz_chi_job002_d (static: true)  @mrxlayermanager:375
[02:58:46.860] [lua] true	Unable to load layer vz_chi_job002_d  @mrxlayermanager:403
[02:58:46.874] [lua] Request fulfilled: Load layer vz_gur_job002_j (static: nil)  @mrxlayermanager:446
[02:58:46.884] [lua] Layer request 1: 118 of 170 complete  @mrxlayermanager:479
[02:58:46.892] [lua] Culling op for layer vz_gur_job002_j!  @mrxlayermanager:318
[02:58:46.901] [lua] (nPendingOps = 139)  @mrxlayermanager:324
[02:58:46.916] [lua] Loading vz_state_mar_village_act1 (static: false)  @mrxlayermanager:375
[02:58:46.927] [lua] true	Unable to load layer vz_state_mar_village_act1  @mrxlayermanager:403
[02:58:46.935] [lua] Request fulfilled: Load layer vz_jungle_mountain_road (static: nil)  @mrxlayermanager:446
[02:58:46.944] [lua] Layer request 1: 119 of 170 complete  @mrxlayermanager:479
[02:58:46.952] [lua] Culling op for layer vz_jungle_mountain_road!  @mrxlayermanager:318
[02:58:46.961] [lua] (nPendingOps = 138)  @mrxlayermanager:324
[02:58:46.969] [lua] Loading vz_state_merida_act2 (static: false)  @mrxlayermanager:375
[02:58:46.977] [lua] true	Unable to load layer vz_state_merida_act2  @mrxlayermanager:403
[02:58:46.986] [lua] Request fulfilled: Load layer vz_state_chijob005_a_destroyed (static: nil)  @mrxlayermanager:446
[02:58:46.994] [lua] Layer request 2: 152 of 238 complete  @mrxlayermanager:479
[02:58:47.003] [lua] Culling op for layer vz_state_chijob005_a_destroyed!  @mrxlayermanager:318
[02:58:47.011] [lua] (nPendingOps = 137)  @mrxlayermanager:324
[02:58:47.022] [lua] Loading vz_state_amazon_act2 (static: false)  @mrxlayermanager:375
[02:58:47.032] [lua] true	Unable to load layer vz_state_amazon_act2  @mrxlayermanager:403
[02:58:47.041] [lua] Request fulfilled: Load layer vz_chi_job002_d (static: nil)  @mrxlayermanager:446
[02:58:47.049] [lua] Layer request 1: 120 of 170 complete  @mrxlayermanager:479
[02:58:47.058] [lua] Culling op for layer vz_chi_job002_d!  @mrxlayermanager:318
[02:58:47.070] [lua] (nPendingOps = 136)  @mrxlayermanager:324
[02:58:47.079] [lua] Loading vz_state_oilcon001_post (static: false)  @mrxlayermanager:375
[02:58:47.088] [lua] true	Unable to load layer vz_state_oilcon001_post  @mrxlayermanager:403
[02:58:47.098] [lua] Request fulfilled: Load layer vz_state_pirjob010_03_destroyed (static: nil)  @mrxlayermanager:446
[02:58:47.108] [lua] Layer request 2: 153 of 238 complete  @mrxlayermanager:479
[02:58:47.118] [lua] Culling op for layer vz_state_pirjob010_03_destroyed!  @mrxlayermanager:318
[02:58:47.128] [lua] (nPendingOps = 135)  @mrxlayermanager:324
[02:58:47.137] [lua] Loading vz_state_chijob001_03_staging (static: false)  @mrxlayermanager:375
[02:58:47.151] [lua] true	Unable to load layer vz_state_chijob001_03_staging  @mrxlayermanager:403
[02:58:47.167] [lua] Request fulfilled: Load layer vz_state_mar_village_act1 (static: nil)  @mrxlayermanager:446
[02:58:47.184] [lua] Layer request 2: 154 of 238 complete  @mrxlayermanager:479
[02:58:47.194] [lua] Culling op for layer vz_state_mar_village_act1!  @mrxlayermanager:318
[02:58:47.203] [lua] (nPendingOps = 134)  @mrxlayermanager:324
[02:58:47.225] [lua] Loading vz_amazon_scrub (static: true)  @mrxlayermanager:375
[02:58:47.236] [lua] true	Unable to load layer vz_amazon_scrub  @mrxlayermanager:403
[02:58:47.247] [lua] Request fulfilled: Load layer vz_amazon_scrub (static: nil)  @mrxlayermanager:446
[02:58:47.257] [lua] Layer request 1: 121 of 170 complete  @mrxlayermanager:479
[02:58:47.269] [lua] Culling op for layer vz_amazon_scrub!  @mrxlayermanager:318
[02:58:47.278] [lua] (nPendingOps = 133)  @mrxlayermanager:324
[02:58:47.288] [lua] Loading vz_state_chijob002_02_pristine (static: false)  @mrxlayermanager:375
[02:58:47.298] [lua] true	Unable to load layer vz_state_chijob002_02_pristine  @mrxlayermanager:403
[02:58:47.306] [lua] Request fulfilled: Load layer vz_state_oiljob002_pristine (static: nil)  @mrxlayermanager:446
[02:58:47.316] [lua] Layer request 2: 155 of 238 complete  @mrxlayermanager:479
[02:58:47.328] [lua] Culling op for layer vz_state_oiljob002_pristine!  @mrxlayermanager:318
[02:58:47.337] [lua] (nPendingOps = 132)  @mrxlayermanager:324
[02:58:47.347] [lua] Loading vz_state_vzacon001_pregate2 (static: false)  @mrxlayermanager:375
[02:58:47.355] [lua] true	Unable to load layer vz_state_vzacon001_pregate2  @mrxlayermanager:403
[02:58:47.370] [lua] Request fulfilled: Load layer vz_state_chijob006_d_destroyed (static: nil)  @mrxlayermanager:446
[02:58:47.385] [lua] Layer request 2: 156 of 238 complete  @mrxlayermanager:479
[02:58:47.394] [lua] Culling op for layer vz_state_chijob006_d_destroyed!  @mrxlayermanager:318
[02:58:47.403] [lua] (nPendingOps = 131)  @mrxlayermanager:324
[02:58:47.413] [lua] Loading vz_state_chijob001_04_pristine (static: false)  @mrxlayermanager:375
[02:58:47.421] [lua] true	Unable to load layer vz_state_chijob001_04_pristine  @mrxlayermanager:403
[02:58:47.431] [lua] Request fulfilled: Load layer vz_state_alljob001_04_pristine (static: nil)  @mrxlayermanager:446
[02:58:47.440] [lua] Layer request 2: 157 of 238 complete  @mrxlayermanager:479
[02:58:47.449] [lua] Culling op for layer vz_state_alljob001_04_pristine!  @mrxlayermanager:318
[02:58:47.457] [lua] (nPendingOps = 130)  @mrxlayermanager:324
[02:58:47.466] [lua] Loading vz_state_mar_outskirt_act2 (static: false)  @mrxlayermanager:375
[02:58:47.476] [lua] true	Unable to load layer vz_state_mar_outskirt_act2  @mrxlayermanager:403
[02:58:47.490] [lua] Request fulfilled: Load layer vz_state_pirjob002_01_captured (static: nil)  @mrxlayermanager:446
[02:58:47.499] [lua] Layer request 2: 158 of 238 complete  @mrxlayermanager:479
[02:58:47.511] [lua] Culling op for layer vz_state_pirjob002_01_captured!  @mrxlayermanager:318
[02:58:47.519] [lua] (nPendingOps = 129)  @mrxlayermanager:324
[02:58:47.529] [lua] Loading vz_state_pirjob012_02_pristine (static: false)  @mrxlayermanager:375
[02:58:47.537] [lua] true	Unable to load layer vz_state_pirjob012_02_pristine  @mrxlayermanager:403
[02:58:47.548] [lua] Request fulfilled: Load layer vz_state_staging_pirhq (static: nil)  @mrxlayermanager:446
[02:58:47.557] [lua] Layer request 2: 159 of 238 complete  @mrxlayermanager:479
[02:58:47.566] [lua] Culling op for layer vz_state_staging_pirhq!  @mrxlayermanager:318
[02:58:47.578] [lua] (nPendingOps = 128)  @mrxlayermanager:324
[02:58:47.586] [lua] Loading vz_chi_job006_a (static: true)  @mrxlayermanager:375
[02:58:47.597] [lua] true	Unable to load layer vz_chi_job006_a  @mrxlayermanager:403
[02:58:47.608] [lua] Request fulfilled: Load layer vz_state_amazon_act2 (static: nil)  @mrxlayermanager:446
[02:58:47.618] [lua] Layer request 2: 160 of 238 complete  @mrxlayermanager:479
[02:58:47.627] [lua] Culling op for layer vz_state_amazon_act2!  @mrxlayermanager:318
[02:58:47.635] [lua] (nPendingOps = 127)  @mrxlayermanager:324
[02:58:47.644] [lua] Loading vz_state_oiljob005_pristine (static: false)  @mrxlayermanager:375
[02:58:47.654] [lua] true	Unable to load layer vz_state_oiljob005_pristine  @mrxlayermanager:403
[02:58:47.662] [lua] Request fulfilled: Load layer vz_chi_job006_a (static: nil)  @mrxlayermanager:446
[02:58:47.671] [lua] Layer request 1: 122 of 170 complete  @mrxlayermanager:479
[02:58:47.681] [lua] Culling op for layer vz_chi_job006_a!  @mrxlayermanager:318
[02:58:47.690] [lua] (nPendingOps = 126)  @mrxlayermanager:324
[02:58:47.699] [lua] Loading vz_state_oiljob012_05_staging (static: false)  @mrxlayermanager:375
[02:58:47.708] [lua] true	Unable to load layer vz_state_oiljob012_05_staging  @mrxlayermanager:403
[02:58:47.719] [lua] Request fulfilled: Load layer vz_state_chijob002_02_pristine (static: nil)  @mrxlayermanager:446
[02:58:47.728] [lua] Layer request 2: 161 of 238 complete  @mrxlayermanager:479
[02:58:47.737] [lua] Culling op for layer vz_state_chijob002_02_pristine!  @mrxlayermanager:318
[02:58:47.748] [lua] (nPendingOps = 125)  @mrxlayermanager:324
[02:58:47.757] [lua] Loading vz_state_chijob001_02_captured (static: false)  @mrxlayermanager:375
[02:58:47.768] [lua] true	Unable to load layer vz_state_chijob001_02_captured  @mrxlayermanager:403
[02:58:47.778] [lua] Request fulfilled: Load layer vz_state_chijob001_03_staging (static: nil)  @mrxlayermanager:446
[02:58:47.787] [lua] Layer request 2: 162 of 238 complete  @mrxlayermanager:479
[02:58:47.797] [lua] Culling op for layer vz_state_chijob001_03_staging!  @mrxlayermanager:318
[02:58:47.807] [lua] (nPendingOps = 124)  @mrxlayermanager:324
[02:58:47.816] [lua] Loading vz_chi_con006_d (static: true)  @mrxlayermanager:375
[02:58:47.825] [lua] true	Unable to load layer vz_chi_con006_d  @mrxlayermanager:403
[02:58:47.836] [lua] Request fulfilled: Load layer vz_chi_con006_d (static: nil)  @mrxlayermanager:446
[02:58:47.845] [lua] Layer request 1: 123 of 170 complete  @mrxlayermanager:479
[02:58:47.855] [lua] Culling op for layer vz_chi_con006_d!  @mrxlayermanager:318
[02:58:47.866] [lua] (nPendingOps = 123)  @mrxlayermanager:324
[02:58:47.874] [lua] Loading vz_state_gurjob008_01_pristine (static: false)  @mrxlayermanager:375
[02:58:47.886] [lua] true	Unable to load layer vz_state_gurjob008_01_pristine  @mrxlayermanager:403
[02:58:47.894] [lua] Request fulfilled: Load layer vz_state_merida_act2 (static: nil)  @mrxlayermanager:446
[02:58:47.904] [lua] Layer request 2: 163 of 238 complete  @mrxlayermanager:479
[02:58:47.914] [lua] Culling op for layer vz_state_merida_act2!  @mrxlayermanager:318
[02:58:47.922] [lua] (nPendingOps = 122)  @mrxlayermanager:324
[02:58:47.931] [lua] Loading vz_state_alljob002_02_staging (static: false)  @mrxlayermanager:375
[02:58:47.940] [lua] true	Unable to load layer vz_state_alljob002_02_staging  @mrxlayermanager:403
[02:58:47.951] [lua] Request fulfilled: Load layer vz_state_oilcon001_post (static: nil)  @mrxlayermanager:446
[02:58:47.961] [lua] Layer request 2: 164 of 238 complete  @mrxlayermanager:479
[02:58:47.970] [lua] Culling op for layer vz_state_oilcon001_post!  @mrxlayermanager:318
[02:58:47.979] [lua] (nPendingOps = 121)  @mrxlayermanager:324
[02:58:47.989] [lua] Loading vz_state_allcon002_mlrs (static: false)  @mrxlayermanager:375
[02:58:47.997] [lua] true	Unable to load layer vz_state_allcon002_mlrs  @mrxlayermanager:403
[02:58:48.007] [lua] Request fulfilled: Load layer vz_state_chijob001_02_captured (static: nil)  @mrxlayermanager:446
[02:58:48.015] [lua] Layer request 2: 165 of 238 complete  @mrxlayermanager:479
[02:58:48.024] [lua] Culling op for layer vz_state_chijob001_02_captured!  @mrxlayermanager:318
[02:58:48.036] [lua] (nPendingOps = 120)  @mrxlayermanager:324
[02:58:48.044] [lua] Loading vz_chi_job002_e (static: true)  @mrxlayermanager:375
[02:58:48.053] [lua] true	Unable to load layer vz_chi_job002_e  @mrxlayermanager:403
[02:58:48.063] [lua] Request fulfilled: Load layer vz_chi_job002_e (static: nil)  @mrxlayermanager:446
[02:58:48.071] [lua] Layer request 1: 124 of 170 complete  @mrxlayermanager:479
[02:58:48.080] [lua] Culling op for layer vz_chi_job002_e!  @mrxlayermanager:318
[02:58:48.088] [lua] (nPendingOps = 119)  @mrxlayermanager:324
[02:58:48.097] [lua] Loading vz_state_gurjob002_01_pristine (static: false)  @mrxlayermanager:375
[02:58:48.106] [lua] true	Unable to load layer vz_state_gurjob002_01_pristine  @mrxlayermanager:403
[02:58:48.114] [lua] Request fulfilled: Load layer vz_state_oiljob012_05_staging (static: nil)  @mrxlayermanager:446
[02:58:48.123] [lua] Layer request 2: 166 of 238 complete  @mrxlayermanager:479
[02:58:48.131] [lua] Culling op for layer vz_state_oiljob012_05_staging!  @mrxlayermanager:318
[02:58:48.139] [lua] (nPendingOps = 118)  @mrxlayermanager:324
[02:58:48.148] [lua] Loading vz_lowresterrain (static: true)  @mrxlayermanager:375
[02:58:48.156] [lua] true	Unable to load layer vz_lowresterrain  @mrxlayermanager:403
[02:58:48.168] [lua] Request fulfilled: Load layer vz_state_vzacon001_pregate2 (static: nil)  @mrxlayermanager:446
[02:58:48.177] [lua] Layer request 2: 167 of 238 complete  @mrxlayermanager:479
[02:58:48.186] [lua] Culling op for layer vz_state_vzacon001_pregate2!  @mrxlayermanager:318
[02:58:48.195] [lua] (nPendingOps = 117)  @mrxlayermanager:324
[02:58:48.203] [lua] Loading vz_mar_altagracia_roads (static: true)  @mrxlayermanager:375
[02:58:48.212] [lua] true	Unable to load layer vz_mar_altagracia_roads  @mrxlayermanager:403
[02:58:48.222] [lua] Request fulfilled: Load layer vz_lowresterrain (static: nil)  @mrxlayermanager:446
[02:58:48.230] [lua] Layer request 1: 125 of 170 complete  @mrxlayermanager:479
[02:58:48.239] [lua] Culling op for layer vz_lowresterrain!  @mrxlayermanager:318
[02:58:48.247] [lua] (nPendingOps = 116)  @mrxlayermanager:324
[02:58:48.255] [lua] Loading vz_state_allcon003_and_chicon003_pristine (static: false)  @mrxlayermanager:375
[02:58:48.263] [lua] true	Unable to load layer vz_state_allcon003_and_chicon003_pristine  @mrxlayermanager:403
[02:58:48.276] [lua] Request fulfilled: Load layer vz_state_chijob001_04_pristine (static: nil)  @mrxlayermanager:446
[02:58:48.284] [lua] Layer request 2: 168 of 238 complete  @mrxlayermanager:479
[02:58:48.295] [lua] Culling op for layer vz_state_chijob001_04_pristine!  @mrxlayermanager:318
[02:58:48.304] [lua] (nPendingOps = 115)  @mrxlayermanager:324
[02:58:48.314] [lua] Loading vz_state_gurjob011_04_destroyed (static: false)  @mrxlayermanager:375
[02:58:48.323] [lua] true	Unable to load layer vz_state_gurjob011_04_destroyed  @mrxlayermanager:403
[02:58:48.332] [lua] Request fulfilled: Load layer vz_mar_altagracia_roads (static: nil)  @mrxlayermanager:446
[02:58:48.341] [lua] Layer request 1: 126 of 170 complete  @mrxlayermanager:479
[02:58:48.349] [lua] Culling op for layer vz_mar_altagracia_roads!  @mrxlayermanager:318
[02:58:48.358] [lua] (nPendingOps = 114)  @mrxlayermanager:324
[02:58:48.366] [lua] Loading vz_state_chijob010_04_pristine (static: false)  @mrxlayermanager:375
[02:58:48.375] [lua] true	Unable to load layer vz_state_chijob010_04_pristine  @mrxlayermanager:403
[02:58:48.385] [lua] Request fulfilled: Load layer vz_state_oiljob005_pristine (static: nil)  @mrxlayermanager:446
[02:58:48.397] [lua] Layer request 2: 169 of 238 complete  @mrxlayermanager:479
[02:58:48.405] [lua] Culling op for layer vz_state_oiljob005_pristine!  @mrxlayermanager:318
[02:58:48.414] [lua] (nPendingOps = 113)  @mrxlayermanager:324
[02:58:48.423] [lua] Loading vz_gur_job012_g (static: true)  @mrxlayermanager:375
[02:58:48.432] [lua] true	Unable to load layer vz_gur_job012_g  @mrxlayermanager:403
[02:58:48.444] [lua] Request fulfilled: Load layer vz_state_chijob010_04_pristine (static: nil)  @mrxlayermanager:446
[02:58:48.452] [lua] Layer request 2: 170 of 238 complete  @mrxlayermanager:479
[02:58:48.460] [lua] Culling op for layer vz_state_chijob010_04_pristine!  @mrxlayermanager:318
[02:58:48.469] [lua] (nPendingOps = 112)  @mrxlayermanager:324
[02:58:48.478] [lua] Loading vz_pir_job012_i (static: true)  @mrxlayermanager:375
[02:58:48.486] [lua] true	Unable to load layer vz_pir_job012_i  @mrxlayermanager:403
[02:58:48.494] [lua] Request fulfilled: Load layer vz_gur_job012_g (static: nil)  @mrxlayermanager:446
[02:58:48.503] [lua] Layer request 1: 127 of 170 complete  @mrxlayermanager:479
[02:58:48.511] [lua] Culling op for layer vz_gur_job012_g!  @mrxlayermanager:318
[02:58:48.519] [lua] (nPendingOps = 111)  @mrxlayermanager:324
[02:58:48.529] [lua] Loading vz_state_oiljob008_m_ruined (static: false)  @mrxlayermanager:375
[02:58:48.537] [lua] true	Unable to load layer vz_state_oiljob008_m_ruined  @mrxlayermanager:403
[02:58:48.547] [lua] Request fulfilled: Load layer vz_state_gurjob011_04_destroyed (static: nil)  @mrxlayermanager:446
[02:58:48.556] [lua] Layer request 2: 171 of 238 complete  @mrxlayermanager:479
[02:58:48.568] [lua] Culling op for layer vz_state_gurjob011_04_destroyed!  @mrxlayermanager:318
[02:58:48.577] [lua] (nPendingOps = 110)  @mrxlayermanager:324
[02:58:48.585] [lua] Loading vz_all_job001_c (static: true)  @mrxlayermanager:375
[02:58:48.593] [lua] true	Unable to load layer vz_all_job001_c  @mrxlayermanager:403
[02:58:48.601] [lua] Request fulfilled: Load layer vz_pir_job012_i (static: nil)  @mrxlayermanager:446
[02:58:48.612] [lua] Layer request 1: 128 of 170 complete  @mrxlayermanager:479
[02:58:48.621] [lua] Culling op for layer vz_pir_job012_i!  @mrxlayermanager:318
[02:58:48.629] [lua] (nPendingOps = 109)  @mrxlayermanager:324
[02:58:48.638] [lua] Loading vz_state_gurhq_act1 (static: false)  @mrxlayermanager:375
[02:58:48.647] [lua] true	Unable to load layer vz_state_gurhq_act1  @mrxlayermanager:403
[02:58:48.658] [lua] Request fulfilled: Load layer vz_all_job001_c (static: nil)  @mrxlayermanager:446
[02:58:48.667] [lua] Layer request 1: 129 of 170 complete  @mrxlayermanager:479
[02:58:48.675] [lua] Culling op for layer vz_all_job001_c!  @mrxlayermanager:318
[02:58:48.684] [lua] (nPendingOps = 108)  @mrxlayermanager:324
[02:58:48.693] [lua] Loading vz_state_gurjob008_01_captured (static: false)  @mrxlayermanager:375
[02:58:48.701] [lua] true	Unable to load layer vz_state_gurjob008_01_captured  @mrxlayermanager:403
[02:58:48.709] [lua] Request fulfilled: Load layer vz_state_alljob002_02_staging (static: nil)  @mrxlayermanager:446
[02:58:48.721] [lua] Layer request 2: 172 of 238 complete  @mrxlayermanager:479
[02:58:48.729] [lua] Culling op for layer vz_state_alljob002_02_staging!  @mrxlayermanager:318
[02:58:48.738] [lua] (nPendingOps = 107)  @mrxlayermanager:324
[02:58:48.748] [lua] Loading vz_gur_job003 (static: true)  @mrxlayermanager:375
[02:58:48.756] [lua] true	Unable to load layer vz_gur_job003  @mrxlayermanager:403
[02:58:48.768] [lua] Request fulfilled: Load layer vz_state_gurhq_act1 (static: nil)  @mrxlayermanager:446
[02:58:48.776] [lua] Layer request 2: 173 of 238 complete  @mrxlayermanager:479
[02:58:48.784] [lua] Culling op for layer vz_state_gurhq_act1!  @mrxlayermanager:318
[02:58:48.793] [lua] (nPendingOps = 106)  @mrxlayermanager:324
[02:58:48.802] [lua] Loading vz_state_gurjob012_05_pristine (static: false)  @mrxlayermanager:375
[02:58:48.810] [lua] true	Unable to load layer vz_state_gurjob012_05_pristine  @mrxlayermanager:403
[02:58:48.818] [lua] Request fulfilled: Load layer vz_gur_job003 (static: nil)  @mrxlayermanager:446
[02:58:48.828] [lua] Layer request 1: 130 of 170 complete  @mrxlayermanager:479
[02:58:48.837] [lua] Culling op for layer vz_gur_job003!  @mrxlayermanager:318
[02:58:48.846] [lua] (nPendingOps = 105)  @mrxlayermanager:324
[02:58:48.855] [lua] Loading vz_gur_job012_i (static: true)  @mrxlayermanager:375
[02:58:48.865] [lua] true	Unable to load layer vz_gur_job012_i  @mrxlayermanager:403
[02:58:48.875] [lua] Request fulfilled: Load layer vz_gur_job012_i (static: nil)  @mrxlayermanager:446
[02:58:48.884] [lua] Layer request 1: 131 of 170 complete  @mrxlayermanager:479
[02:58:48.892] [lua] Culling op for layer vz_gur_job012_i!  @mrxlayermanager:318
[02:58:48.900] [lua] (nPendingOps = 104)  @mrxlayermanager:324
[02:58:48.909] [lua] Loading vz_state_alljob009_05_destroyed (static: false)  @mrxlayermanager:375
[02:58:48.919] [lua] true	Unable to load layer vz_state_alljob009_05_destroyed  @mrxlayermanager:403
[02:58:48.928] [lua] Request fulfilled: Load layer vz_state_oiljob008_m_ruined (static: nil)  @mrxlayermanager:446
[02:58:48.936] [lua] Layer request 2: 174 of 238 complete  @mrxlayermanager:479
[02:58:48.946] [lua] Culling op for layer vz_state_oiljob008_m_ruined!  @mrxlayermanager:318
[02:58:48.954] [lua] (nPendingOps = 103)  @mrxlayermanager:324
[02:58:48.962] [lua] Loading vz_state_oiljob008_k_ruined (static: false)  @mrxlayermanager:375
[02:58:48.970] [lua] true	Unable to load layer vz_state_oiljob008_k_ruined  @mrxlayermanager:403
[02:58:48.983] [lua] Request fulfilled: Load layer vz_state_gurjob008_01_captured (static: nil)  @mrxlayermanager:446
[02:58:48.991] [lua] Layer request 2: 175 of 238 complete  @mrxlayermanager:479
[02:58:48.999] [lua] Culling op for layer vz_state_gurjob008_01_captured!  @mrxlayermanager:318
[02:58:49.008] [lua] (nPendingOps = 102)  @mrxlayermanager:324
[02:58:49.016] [lua] Loading vz_sol_base (static: true)  @mrxlayermanager:375
[02:58:49.026] [lua] true	Unable to load layer vz_sol_base  @mrxlayermanager:403
[02:58:49.036] [lua] Request fulfilled: Load layer vz_sol_base (static: nil)  @mrxlayermanager:446
[02:58:49.045] [lua] Layer request 1: 132 of 170 complete  @mrxlayermanager:479
[02:58:49.054] [lua] Culling op for layer vz_sol_base!  @mrxlayermanager:318
[02:58:49.063] [lua] (nPendingOps = 101)  @mrxlayermanager:324
[02:58:49.072] [lua] Loading vz_pir_con003 (static: true)  @mrxlayermanager:375
[02:58:49.081] [lua] true	Unable to load layer vz_pir_con003  @mrxlayermanager:403
[02:58:49.094] [lua] Request fulfilled: Load layer vz_state_gurjob002_01_pristine (static: nil)  @mrxlayermanager:446
[02:58:49.102] [lua] Layer request 2: 176 of 238 complete  @mrxlayermanager:479
[02:58:49.113] [lua] Culling op for layer vz_state_gurjob002_01_pristine!  @mrxlayermanager:318
[02:58:49.122] [lua] (nPendingOps = 100)  @mrxlayermanager:324
[02:58:49.131] [lua] Loading vz_state_oiljob012_03_pristine (static: false)  @mrxlayermanager:375
[02:58:49.139] [lua] true	Unable to load layer vz_state_oiljob012_03_pristine  @mrxlayermanager:403
[02:58:49.150] [lua] Request fulfilled: Load layer vz_pir_con003 (static: nil)  @mrxlayermanager:446
[02:58:49.158] [lua] Layer request 1: 133 of 170 complete  @mrxlayermanager:479
[02:58:49.167] [lua] Culling op for layer vz_pir_con003!  @mrxlayermanager:318
[02:58:49.175] [lua] (nPendingOps = 99)  @mrxlayermanager:324
[02:58:49.186] [lua] Loading vz_state_alljob005_05_destroyed (static: false)  @mrxlayermanager:375
[02:58:49.196] [lua] true	Unable to load layer vz_state_alljob005_05_destroyed  @mrxlayermanager:403
[02:58:49.204] [lua] Request fulfilled: Load layer vz_state_mar_outskirt_act2 (static: nil)  @mrxlayermanager:446
[02:58:49.216] [lua] Layer request 2: 177 of 238 complete  @mrxlayermanager:479
[02:58:49.225] [lua] Culling op for layer vz_state_mar_outskirt_act2!  @mrxlayermanager:318
[02:58:49.234] [lua] (nPendingOps = 98)  @mrxlayermanager:324
[02:58:49.242] [lua] Loading vz_mar_scrub (static: true)  @mrxlayermanager:375
[02:58:49.251] [lua] true	Unable to load layer vz_mar_scrub  @mrxlayermanager:403
[02:58:49.262] [lua] Request fulfilled: Load layer vz_state_pirjob012_02_pristine (static: nil)  @mrxlayermanager:446
[02:58:49.272] [lua] Layer request 2: 178 of 238 complete  @mrxlayermanager:479
[02:58:49.280] [lua] Culling op for layer vz_state_pirjob012_02_pristine!  @mrxlayermanager:318
[02:58:49.293] [lua] (nPendingOps = 97)  @mrxlayermanager:324
[02:58:49.301] [lua] Loading vz_state_car_city_act1 (static: false)  @mrxlayermanager:375
[02:58:49.310] [lua] true	Unable to load layer vz_state_car_city_act1  @mrxlayermanager:403
[02:58:49.318] [lua] Request fulfilled: Load layer vz_mar_scrub (static: nil)  @mrxlayermanager:446
[02:58:49.327] [lua] Layer request 1: 134 of 170 complete  @mrxlayermanager:479
[02:58:49.336] [lua] Culling op for layer vz_mar_scrub!  @mrxlayermanager:318
[02:58:49.344] [lua] (nPendingOps = 96)  @mrxlayermanager:324
[02:58:49.352] [lua] Loading vz_state_gurjob005_captured (static: false)  @mrxlayermanager:375
[02:58:49.361] [lua] true	Unable to load layer vz_state_gurjob005_captured  @mrxlayermanager:403
[02:58:49.371] [lua] Request fulfilled: Load layer vz_state_gurjob008_01_pristine (static: nil)  @mrxlayermanager:446
[02:58:49.380] [lua] Layer request 2: 179 of 238 complete  @mrxlayermanager:479
[02:58:49.389] [lua] Culling op for layer vz_state_gurjob008_01_pristine!  @mrxlayermanager:318
[02:58:49.397] [lua] (nPendingOps = 95)  @mrxlayermanager:324
[02:58:49.407] [lua] Loading vz_state_chijob005_e_destroyed (static: false)  @mrxlayermanager:375
[02:58:49.422] [lua] true	Unable to load layer vz_state_chijob005_e_destroyed  @mrxlayermanager:403
[02:58:49.432] [lua] Request fulfilled: Load layer vz_state_alljob005_05_destroyed (static: nil)  @mrxlayermanager:446
[02:58:49.440] [lua] Layer request 2: 180 of 238 complete  @mrxlayermanager:479
[02:58:49.448] [lua] Culling op for layer vz_state_alljob005_05_destroyed!  @mrxlayermanager:318
[02:58:49.457] [lua] (nPendingOps = 94)  @mrxlayermanager:324
[02:58:49.466] [lua] Loading vz_state_alljob001_01_captured (static: false)  @mrxlayermanager:375
[02:58:49.474] [lua] true	Unable to load layer vz_state_alljob001_01_captured  @mrxlayermanager:403
[02:58:49.485] [lua] Request fulfilled: Load layer vz_state_allcon002_mlrs (static: nil)  @mrxlayermanager:446
[02:58:49.500] [lua] Layer request 2: 181 of 238 complete  @mrxlayermanager:479
[02:58:49.508] [lua] Culling op for layer vz_state_allcon002_mlrs!  @mrxlayermanager:318
[02:58:49.517] [lua] (nPendingOps = 93)  @mrxlayermanager:324
[02:58:49.525] [lua] Loading vz_state_oiljob008_b_destroyed (static: false)  @mrxlayermanager:375
[02:58:49.533] [lua] true	Unable to load layer vz_state_oiljob008_b_destroyed  @mrxlayermanager:403
[02:58:49.543] [lua] Request fulfilled: Load layer vz_state_alljob001_01_captured (static: nil)  @mrxlayermanager:446
[02:58:49.551] [lua] Layer request 2: 182 of 238 complete  @mrxlayermanager:479
[02:58:49.559] [lua] Culling op for layer vz_state_alljob001_01_captured!  @mrxlayermanager:318
[02:58:49.568] [lua] (nPendingOps = 92)  @mrxlayermanager:324
[02:58:49.576] [lua] Loading vz_state_chijob005_g_destroyed (static: false)  @mrxlayermanager:375
[02:58:49.585] [lua] true	Unable to load layer vz_state_chijob005_g_destroyed  @mrxlayermanager:403
[02:58:49.595] [lua] Request fulfilled: Load layer vz_state_chijob005_e_destroyed (static: nil)  @mrxlayermanager:446
[02:58:49.604] [lua] Layer request 2: 183 of 238 complete  @mrxlayermanager:479
[02:58:49.612] [lua] Culling op for layer vz_state_chijob005_e_destroyed!  @mrxlayermanager:318
[02:58:49.620] [lua] (nPendingOps = 91)  @mrxlayermanager:324
[02:58:49.630] [lua] Loading vz_state_oiljob011_03_pristine (static: false)  @mrxlayermanager:375
[02:58:49.638] [lua] true	Unable to load layer vz_state_oiljob011_03_pristine  @mrxlayermanager:403
[02:58:49.648] [lua] Request fulfilled: Load layer vz_state_oiljob008_b_destroyed (static: nil)  @mrxlayermanager:446
[02:58:49.656] [lua] Layer request 2: 184 of 238 complete  @mrxlayermanager:479
[02:58:49.665] [lua] Culling op for layer vz_state_oiljob008_b_destroyed!  @mrxlayermanager:318
[02:58:49.675] [lua] (nPendingOps = 90)  @mrxlayermanager:324
[02:58:49.684] [lua] Loading vz_state_alljob002_03_staging (static: false)  @mrxlayermanager:375
[02:58:49.692] [lua] true	Unable to load layer vz_state_alljob002_03_staging  @mrxlayermanager:403
[02:58:49.704] [lua] Request fulfilled: Load layer vz_state_chijob005_g_destroyed (static: nil)  @mrxlayermanager:446
[02:58:49.712] [lua] Layer request 2: 185 of 238 complete  @mrxlayermanager:479
[02:58:49.721] [lua] Culling op for layer vz_state_chijob005_g_destroyed!  @mrxlayermanager:318
[02:58:49.729] [lua] (nPendingOps = 89)  @mrxlayermanager:324
[02:58:49.738] [lua] Loading vz_state_pirjob007_g_destroyed (static: false)  @mrxlayermanager:375
[02:58:49.746] [lua] true	Unable to load layer vz_state_pirjob007_g_destroyed  @mrxlayermanager:403
[02:58:49.757] [lua] Request fulfilled: Load layer vz_state_oiljob012_03_pristine (static: nil)  @mrxlayermanager:446
[02:58:49.768] [lua] Layer request 2: 186 of 238 complete  @mrxlayermanager:479
[02:58:49.777] [lua] Culling op for layer vz_state_oiljob012_03_pristine!  @mrxlayermanager:318
[02:58:49.788] [lua] (nPendingOps = 88)  @mrxlayermanager:324
[02:58:49.796] [lua] Loading vz_state_chicon006_a_pristine (static: false)  @mrxlayermanager:375
[02:58:49.805] [lua] true	Unable to load layer vz_state_chicon006_a_pristine  @mrxlayermanager:403
[02:58:49.815] [lua] Request fulfilled: Load layer vz_state_oiljob011_03_pristine (static: nil)  @mrxlayermanager:446
[02:58:49.824] [lua] Layer request 2: 187 of 238 complete  @mrxlayermanager:479
[02:58:49.832] [lua] Culling op for layer vz_state_oiljob011_03_pristine!  @mrxlayermanager:318
[02:58:49.842] [lua] (nPendingOps = 87)  @mrxlayermanager:324
[02:58:49.851] [lua] Loading vz_state_alljob009_01_pristine (static: false)  @mrxlayermanager:375
[02:58:49.860] [lua] true	Unable to load layer vz_state_alljob009_01_pristine  @mrxlayermanager:403
[02:58:49.874] [lua] Request fulfilled: Load layer vz_state_car_city_act1 (static: nil)  @mrxlayermanager:446
[02:58:49.882] [lua] Layer request 2: 188 of 238 complete  @mrxlayermanager:479
[02:58:49.891] [lua] Culling op for layer vz_state_car_city_act1!  @mrxlayermanager:318
[02:58:49.900] [lua] (nPendingOps = 86)  @mrxlayermanager:324
[02:58:49.908] [lua] Loading vz_car_billboard (static: true)  @mrxlayermanager:375
[02:58:49.918] [lua] true	Unable to load layer vz_car_billboard  @mrxlayermanager:403
[02:58:49.929] [lua] Request fulfilled: Load layer vz_car_billboard (static: nil)  @mrxlayermanager:446
[02:58:49.937] [lua] Layer request 1: 135 of 170 complete  @mrxlayermanager:479
[02:58:49.946] [lua] Culling op for layer vz_car_billboard!  @mrxlayermanager:318
[02:58:49.956] [lua] (nPendingOps = 85)  @mrxlayermanager:324
[02:58:49.964] [lua] Loading vz_state_mar_city_act1 (static: false)  @mrxlayermanager:375
[02:58:49.973] [lua] true	Unable to load layer vz_state_mar_city_act1  @mrxlayermanager:403
[02:58:49.981] [lua] Request fulfilled: Load layer vz_state_alljob002_03_staging (static: nil)  @mrxlayermanager:446
[02:58:49.990] [lua] Layer request 2: 189 of 238 complete  @mrxlayermanager:479
[02:58:50.003] [lua] Culling op for layer vz_state_alljob002_03_staging!  @mrxlayermanager:318
[02:58:50.011] [lua] (nPendingOps = 84)  @mrxlayermanager:324
[02:58:50.019] [lua] Loading vz_state_pirjob012_07_pristine (static: false)  @mrxlayermanager:375
[02:58:50.027] [lua] true	Unable to load layer vz_state_pirjob012_07_pristine  @mrxlayermanager:403
[02:58:50.041] [lua] Request fulfilled: Load layer vz_state_alljob009_05_destroyed (static: nil)  @mrxlayermanager:446
[02:58:50.051] [lua] Layer request 2: 190 of 238 complete  @mrxlayermanager:479
[02:58:50.060] [lua] Culling op for layer vz_state_alljob009_05_destroyed!  @mrxlayermanager:318
[02:58:50.068] [lua] (nPendingOps = 83)  @mrxlayermanager:324
[02:58:50.077] [lua] Loading vz_state_gurjob011_10_destroyed (static: false)  @mrxlayermanager:375
[02:58:50.091] [lua] true	Unable to load layer vz_state_gurjob011_10_destroyed  @mrxlayermanager:403
[02:58:50.101] [lua] Request fulfilled: Load layer vz_state_allcon003_and_chicon003_pristine (static: nil)  @mrxlayermanager:446
[02:58:50.110] [lua] Layer request 2: 191 of 238 complete  @mrxlayermanager:479
[02:58:50.120] [lua] Culling op for layer vz_state_allcon003_and_chicon003_pristine!  @mrxlayermanager:318
[02:58:50.131] [lua] (nPendingOps = 82)  @mrxlayermanager:324
[02:58:50.139] [lua] Loading vz_all_hq (static: true)  @mrxlayermanager:375
[02:58:50.152] [lua] true	Unable to load layer vz_all_hq  @mrxlayermanager:403
[02:58:50.162] [lua] Request fulfilled: Load layer vz_state_gurjob011_10_destroyed (static: nil)  @mrxlayermanager:446
[02:58:50.170] [lua] Layer request 2: 192 of 238 complete  @mrxlayermanager:479
[02:58:50.181] [lua] Culling op for layer vz_state_gurjob011_10_destroyed!  @mrxlayermanager:318
[02:58:50.190] [lua] (nPendingOps = 81)  @mrxlayermanager:324
[02:58:50.199] [lua] Loading vz_state_chicon002_bridge_destroyed (static: false)  @mrxlayermanager:375
[02:58:50.208] [lua] true	Unable to load layer vz_state_chicon002_bridge_destroyed  @mrxlayermanager:403
[02:58:50.216] [lua] Request fulfilled: Load layer vz_all_hq (static: nil)  @mrxlayermanager:446
[02:58:50.225] [lua] Layer request 1: 136 of 170 complete  @mrxlayermanager:479
[02:58:50.234] [lua] Culling op for layer vz_all_hq!  @mrxlayermanager:318
[02:58:50.243] [lua] (nPendingOps = 80)  @mrxlayermanager:324
[02:58:50.251] [lua] Loading vz_caracas_base (static: true)  @mrxlayermanager:375
[02:58:50.260] [lua] true	Unable to load layer vz_caracas_base  @mrxlayermanager:403
[02:58:50.270] [lua] Request fulfilled: Load layer vz_state_gurjob012_05_pristine (static: nil)  @mrxlayermanager:446
[02:58:50.280] [lua] Layer request 2: 193 of 238 complete  @mrxlayermanager:479
[02:58:50.288] [lua] Culling op for layer vz_state_gurjob012_05_pristine!  @mrxlayermanager:318
[02:58:50.296] [lua] (nPendingOps = 79)  @mrxlayermanager:324
[02:58:50.306] [lua] Loading vz_state_alljob009_03_pristine (static: false)  @mrxlayermanager:375
[02:58:50.315] [lua] true	Unable to load layer vz_state_alljob009_03_pristine  @mrxlayermanager:403
[02:58:50.323] [lua] Request fulfilled: Load layer vz_caracas_base (static: nil)  @mrxlayermanager:446
[02:58:50.332] [lua] Layer request 1: 137 of 170 complete  @mrxlayermanager:479
[02:58:50.340] [lua] Culling op for layer vz_caracas_base!  @mrxlayermanager:318
[02:58:50.349] [lua] (nPendingOps = 78)  @mrxlayermanager:324
[02:58:50.357] [lua] Loading vz_oil_job011_h (static: true)  @mrxlayermanager:375
[02:58:50.365] [lua] true	Unable to load layer vz_oil_job011_h  @mrxlayermanager:403
[02:58:50.376] [lua] Request fulfilled: Load layer vz_state_oiljob008_k_ruined (static: nil)  @mrxlayermanager:446
[02:58:50.384] [lua] Layer request 2: 194 of 238 complete  @mrxlayermanager:479
[02:58:50.393] [lua] Culling op for layer vz_state_oiljob008_k_ruined!  @mrxlayermanager:318
[02:58:50.401] [lua] (nPendingOps = 77)  @mrxlayermanager:324
[02:58:50.410] [lua] Loading vz_state_car_city_act2chi_staging (static: false)  @mrxlayermanager:375
[02:58:50.418] [lua] true	Unable to load layer vz_state_car_city_act2chi_staging  @mrxlayermanager:403
[02:58:50.426] [lua] Request fulfilled: Load layer vz_oil_job011_h (static: nil)  @mrxlayermanager:446
[02:58:50.437] [lua] Layer request 1: 138 of 170 complete  @mrxlayermanager:479
[02:58:50.446] [lua] Culling op for layer vz_oil_job011_h!  @mrxlayermanager:318
[02:58:50.455] [lua] (nPendingOps = 76)  @mrxlayermanager:324
[02:58:50.463] [lua] Loading vz_amazon_road (static: true)  @mrxlayermanager:375
[02:58:50.471] [lua] true	Unable to load layer vz_amazon_road  @mrxlayermanager:403
[02:58:50.482] [lua] Request fulfilled: Load layer vz_amazon_road (static: nil)  @mrxlayermanager:446
[02:58:50.493] [lua] Layer request 1: 139 of 170 complete  @mrxlayermanager:479
[02:58:50.502] [lua] Culling op for layer vz_amazon_road!  @mrxlayermanager:318
[02:58:50.511] [lua] (nPendingOps = 75)  @mrxlayermanager:324
[02:58:50.520] [lua] Loading vz_state_alljob001_03_captured (static: false)  @mrxlayermanager:375
[02:58:50.529] [lua] true	Unable to load layer vz_state_alljob001_03_captured  @mrxlayermanager:403
[02:58:50.540] [lua] Request fulfilled: Load layer vz_state_gurjob005_captured (static: nil)  @mrxlayermanager:446
[02:58:50.548] [lua] Layer request 2: 195 of 238 complete  @mrxlayermanager:479
[02:58:50.557] [lua] Culling op for layer vz_state_gurjob005_captured!  @mrxlayermanager:318
[02:58:50.565] [lua] (nPendingOps = 74)  @mrxlayermanager:324
[02:58:50.573] [lua] Loading vz_poi_lineregions (static: true)  @mrxlayermanager:375
[02:58:50.582] [lua] true	Unable to load layer vz_poi_lineregions  @mrxlayermanager:403
[02:58:50.592] [lua] Request fulfilled: Load layer vz_state_alljob009_03_pristine (static: nil)  @mrxlayermanager:446
[02:58:50.601] [lua] Layer request 2: 196 of 238 complete  @mrxlayermanager:479
[02:58:50.611] [lua] Culling op for layer vz_state_alljob009_03_pristine!  @mrxlayermanager:318
[02:58:50.619] [lua] (nPendingOps = 73)  @mrxlayermanager:324
[02:58:50.627] [lua] Loading vz_state_all_hq_structures (static: false)  @mrxlayermanager:375
[02:58:50.635] [lua] true	Unable to load layer vz_state_all_hq_structures  @mrxlayermanager:403
[02:58:50.644] [lua] Request fulfilled: Load layer vz_poi_lineregions (static: nil)  @mrxlayermanager:446
[02:58:50.653] [lua] Layer request 1: 140 of 170 complete  @mrxlayermanager:479
[02:58:50.661] [lua] Culling op for layer vz_poi_lineregions!  @mrxlayermanager:318
[02:58:50.669] [lua] (nPendingOps = 72)  @mrxlayermanager:324
[02:58:50.684] [lua] Loading vz_pirate_isles_tiny (static: true)  @mrxlayermanager:375
[02:58:50.693] [lua] true	Unable to load layer vz_pirate_isles_tiny  @mrxlayermanager:403
[02:58:50.705] [lua] Request fulfilled: Load layer vz_state_mar_city_act1 (static: nil)  @mrxlayermanager:446
[02:58:50.714] [lua] Layer request 2: 197 of 238 complete  @mrxlayermanager:479
[02:58:50.722] [lua] Culling op for layer vz_state_mar_city_act1!  @mrxlayermanager:318
[02:58:50.732] [lua] (nPendingOps = 71)  @mrxlayermanager:324
[02:58:50.740] [lua] Loading vz_state_chijob001_04_captured (static: false)  @mrxlayermanager:375
[02:58:50.749] [lua] true	Unable to load layer vz_state_chijob001_04_captured  @mrxlayermanager:403
[02:58:50.757] [lua] Request fulfilled: Load layer vz_pirate_isles_tiny (static: nil)  @mrxlayermanager:446
[02:58:50.766] [lua] Layer request 1: 141 of 170 complete  @mrxlayermanager:479
[02:58:50.775] [lua] Culling op for layer vz_pirate_isles_tiny!  @mrxlayermanager:318
[02:58:50.783] [lua] (nPendingOps = 70)  @mrxlayermanager:324
[02:58:50.792] [lua] Loading vz_state_chijob002_01_pristine (static: false)  @mrxlayermanager:375
[02:58:50.801] [lua] true	Unable to load layer vz_state_chijob002_01_pristine  @mrxlayermanager:403
[02:58:50.811] [lua] Request fulfilled: Load layer vz_state_pirjob007_g_destroyed (static: nil)  @mrxlayermanager:446
[02:58:50.819] [lua] Layer request 2: 198 of 238 complete  @mrxlayermanager:479
[02:58:50.832] [lua] Culling op for layer vz_state_pirjob007_g_destroyed!  @mrxlayermanager:318
[02:58:50.841] [lua] (nPendingOps = 69)  @mrxlayermanager:324
[02:58:50.850] [lua] Loading vz_state_chicon005_c_pristine (static: false)  @mrxlayermanager:375
[02:58:50.860] [lua] true	Unable to load layer vz_state_chicon005_c_pristine  @mrxlayermanager:403
[02:58:50.871] [lua] Request fulfilled: Load layer vz_state_all_hq_structures (static: nil)  @mrxlayermanager:446
[02:58:50.887] [lua] Layer request 2: 199 of 238 complete  @mrxlayermanager:479
[02:58:50.896] [lua] Culling op for layer vz_state_all_hq_structures!  @mrxlayermanager:318
[02:58:50.904] [lua] (nPendingOps = 68)  @mrxlayermanager:324
[02:58:50.912] [lua] Loading vz_cum_roads (static: true)  @mrxlayermanager:375
[02:58:50.921] [lua] true	Unable to load layer vz_cum_roads  @mrxlayermanager:403
[02:58:50.941] [lua] Request fulfilled: Load layer vz_state_chicon006_a_pristine (static: nil)  @mrxlayermanager:446
[02:58:50.950] [lua] Layer request 2: 200 of 238 complete  @mrxlayermanager:479
[02:58:50.958] [lua] Culling op for layer vz_state_chicon006_a_pristine!  @mrxlayermanager:318
[02:58:50.966] [lua] (nPendingOps = 67)  @mrxlayermanager:324
[02:58:50.976] [lua] Loading vz_pir_job007_a (static: true)  @mrxlayermanager:375
[02:58:50.985] [lua] true	Unable to load layer vz_pir_job007_a  @mrxlayermanager:403
[02:58:50.994] [lua] Request fulfilled: Load layer vz_cum_roads (static: nil)  @mrxlayermanager:446
[02:58:51.003] [lua] Layer request 1: 142 of 170 complete  @mrxlayermanager:479
[02:58:51.011] [lua] Culling op for layer vz_cum_roads!  @mrxlayermanager:318
[02:58:51.023] [lua] (nPendingOps = 66)  @mrxlayermanager:324
[02:58:51.031] [lua] Loading vz_car_shanty02 (static: true)  @mrxlayermanager:375
[02:58:51.039] [lua] true	Unable to load layer vz_car_shanty02  @mrxlayermanager:403
[02:58:51.049] [lua] Request fulfilled: Load layer vz_pir_job007_a (static: nil)  @mrxlayermanager:446
[02:58:51.058] [lua] Layer request 1: 143 of 170 complete  @mrxlayermanager:479
[02:58:51.068] [lua] Culling op for layer vz_pir_job007_a!  @mrxlayermanager:318
[02:58:51.077] [lua] (nPendingOps = 65)  @mrxlayermanager:324
[02:58:51.086] [lua] Loading vz_state_chicon006_c_pristine (static: false)  @mrxlayermanager:375
[02:58:51.094] [lua] true	Unable to load layer vz_state_chicon006_c_pristine  @mrxlayermanager:403
[02:58:51.103] [lua] Request fulfilled: Load layer vz_car_shanty02 (static: nil)  @mrxlayermanager:446
[02:58:51.111] [lua] Layer request 1: 144 of 170 complete  @mrxlayermanager:479
[02:58:51.120] [lua] Culling op for layer vz_car_shanty02!  @mrxlayermanager:318
[02:58:51.130] [lua] (nPendingOps = 64)  @mrxlayermanager:324
[02:58:51.138] [lua] Loading vz_state_pirjob012_03_pristine (static: false)  @mrxlayermanager:375
[02:58:51.147] [lua] true	Unable to load layer vz_state_pirjob012_03_pristine  @mrxlayermanager:403
[02:58:51.159] [lua] Request fulfilled: Load layer vz_state_chijob002_01_pristine (static: nil)  @mrxlayermanager:446
[02:58:51.168] [lua] Layer request 2: 201 of 238 complete  @mrxlayermanager:479
[02:58:51.178] [lua] Culling op for layer vz_state_chijob002_01_pristine!  @mrxlayermanager:318
[02:58:51.187] [lua] (nPendingOps = 63)  @mrxlayermanager:324
[02:58:51.196] [lua] Loading vz_state_chijob006_a_destroyed (static: false)  @mrxlayermanager:375
[02:58:51.207] [lua] true	Unable to load layer vz_state_chijob006_a_destroyed  @mrxlayermanager:403
[02:58:51.218] [lua] Request fulfilled: Load layer vz_state_chijob001_04_captured (static: nil)  @mrxlayermanager:446
[02:58:51.227] [lua] Layer request 2: 202 of 238 complete  @mrxlayermanager:479
[02:58:51.235] [lua] Culling op for layer vz_state_chijob001_04_captured!  @mrxlayermanager:318
[02:58:51.247] [lua] (nPendingOps = 62)  @mrxlayermanager:324
[02:58:51.260] [lua] Loading vz_state_cumana_act2chi (static: false)  @mrxlayermanager:375
[02:58:51.268] [lua] true	Unable to load layer vz_state_cumana_act2chi  @mrxlayermanager:403
[02:58:51.281] [lua] Request fulfilled: Load layer vz_state_car_city_act2chi_staging (static: nil)  @mrxlayermanager:446
[02:58:51.292] [lua] Layer request 2: 203 of 238 complete  @mrxlayermanager:479
[02:58:51.301] [lua] Culling op for layer vz_state_car_city_act2chi_staging!  @mrxlayermanager:318
[02:58:51.310] [lua] (nPendingOps = 61)  @mrxlayermanager:324
[02:58:51.319] [lua] Loading vz_state_gurjob003_captured (static: false)  @mrxlayermanager:375
[02:58:51.329] [lua] true	Unable to load layer vz_state_gurjob003_captured  @mrxlayermanager:403
[02:58:51.339] [lua] Request fulfilled: Load layer vz_state_pirjob012_07_pristine (static: nil)  @mrxlayermanager:446
[02:58:51.349] [lua] Layer request 2: 204 of 238 complete  @mrxlayermanager:479
[02:58:51.358] [lua] Culling op for layer vz_state_pirjob012_07_pristine!  @mrxlayermanager:318
[02:58:51.367] [lua] (nPendingOps = 60)  @mrxlayermanager:324
[02:58:51.376] [lua] Loading vz_state_alljob001_04_captured (static: false)  @mrxlayermanager:375
[02:58:51.384] [lua] true	Unable to load layer vz_state_alljob001_04_captured  @mrxlayermanager:403
[02:58:51.399] [lua] Request fulfilled: Load layer vz_state_cumana_act2chi (static: nil)  @mrxlayermanager:446
[02:58:51.408] [lua] Layer request 2: 205 of 238 complete  @mrxlayermanager:479
[02:58:51.417] [lua] Culling op for layer vz_state_cumana_act2chi!  @mrxlayermanager:318
[02:58:51.426] [lua] (nPendingOps = 59)  @mrxlayermanager:324
[02:58:51.435] [lua] Loading vz_chi_job001_c (static: true)  @mrxlayermanager:375
[02:58:51.443] [lua] true	Unable to load layer vz_chi_job001_c  @mrxlayermanager:403
[02:58:51.454] [lua] Request fulfilled: Load layer vz_state_alljob009_01_pristine (static: nil)  @mrxlayermanager:446
[02:58:51.463] [lua] Layer request 2: 206 of 238 complete  @mrxlayermanager:479
[02:58:51.472] [lua] Culling op for layer vz_state_alljob009_01_pristine!  @mrxlayermanager:318
[02:58:51.483] [lua] (nPendingOps = 58)  @mrxlayermanager:324
[02:58:51.491] [lua] Loading vz_state_alljob010_02_pristine (static: false)  @mrxlayermanager:375
[02:58:51.500] [lua] true	Unable to load layer vz_state_alljob010_02_pristine  @mrxlayermanager:403
[02:58:51.508] [lua] Request fulfilled: Load layer vz_chi_job001_c (static: nil)  @mrxlayermanager:446
[02:58:51.516] [lua] Layer request 1: 145 of 170 complete  @mrxlayermanager:479
[02:58:51.524] [lua] Culling op for layer vz_chi_job001_c!  @mrxlayermanager:318
[02:58:51.538] [lua] (nPendingOps = 57)  @mrxlayermanager:324
[02:58:51.547] [lua] Loading vz_state_staging_chi_hq (static: false)  @mrxlayermanager:375
[02:58:51.557] [lua] true	Unable to load layer vz_state_staging_chi_hq  @mrxlayermanager:403
[02:58:51.567] [lua] Request fulfilled: Load layer vz_state_chicon005_c_pristine (static: nil)  @mrxlayermanager:446
[02:58:51.576] [lua] Layer request 2: 207 of 238 complete  @mrxlayermanager:479
[02:58:51.584] [lua] Culling op for layer vz_state_chicon005_c_pristine!  @mrxlayermanager:318
[02:58:51.593] [lua] (nPendingOps = 56)  @mrxlayermanager:324
[02:58:51.601] [lua] Loading vz_state_alljob009_04_destroyed (static: false)  @mrxlayermanager:375
[02:58:51.610] [lua] true	Unable to load layer vz_state_alljob009_04_destroyed  @mrxlayermanager:403
[02:58:51.620] [lua] Request fulfilled: Load layer vz_state_staging_chi_hq (static: nil)  @mrxlayermanager:446
[02:58:51.628] [lua] Layer request 2: 208 of 238 complete  @mrxlayermanager:479
[02:58:51.637] [lua] Culling op for layer vz_state_staging_chi_hq!  @mrxlayermanager:318
[02:58:51.647] [lua] (nPendingOps = 55)  @mrxlayermanager:324
[02:58:51.655] [lua] Loading vz_pmc_tiny (static: true)  @mrxlayermanager:375
[02:58:51.663] [lua] true	Unable to load layer vz_pmc_tiny  @mrxlayermanager:403
[02:58:51.677] [lua] Request fulfilled: Load layer vz_pmc_tiny (static: nil)  @mrxlayermanager:446
[02:58:51.685] [lua] Layer request 1: 146 of 170 complete  @mrxlayermanager:479
[02:58:51.694] [lua] Culling op for layer vz_pmc_tiny!  @mrxlayermanager:318
[02:58:51.702] [lua] (nPendingOps = 54)  @mrxlayermanager:324
[02:58:51.710] [lua] Loading vz_state_jungle_mountain_act2 (static: false)  @mrxlayermanager:375
[02:58:51.719] [lua] true	Unable to load layer vz_state_jungle_mountain_act2  @mrxlayermanager:403
[02:58:51.728] [lua] Request fulfilled: Load layer vz_state_chicon002_bridge_destroyed (static: nil)  @mrxlayermanager:446
[02:58:51.736] [lua] Layer request 2: 209 of 238 complete  @mrxlayermanager:479
[02:58:51.744] [lua] Culling op for layer vz_state_chicon002_bridge_destroyed!  @mrxlayermanager:318
[02:58:51.754] [lua] (nPendingOps = 53)  @mrxlayermanager:324
[02:58:51.764] [lua] Loading vz_state_guanare_act1 (static: false)  @mrxlayermanager:375
[02:58:51.773] [lua] true	Unable to load layer vz_state_guanare_act1  @mrxlayermanager:403
[02:58:51.783] [lua] Request fulfilled: Load layer vz_state_gurjob003_captured (static: nil)  @mrxlayermanager:446
[02:58:51.792] [lua] Layer request 2: 210 of 238 complete  @mrxlayermanager:479
[02:58:51.800] [lua] Culling op for layer vz_state_gurjob003_captured!  @mrxlayermanager:318
[02:58:51.808] [lua] (nPendingOps = 52)  @mrxlayermanager:324
[02:58:51.818] [lua] Loading vz_gur_base_mines (static: true)  @mrxlayermanager:375
[02:58:51.828] [lua] true	Unable to load layer vz_gur_base_mines  @mrxlayermanager:403
[02:58:51.838] [lua] Request fulfilled: Load layer vz_gur_base_mines (static: nil)  @mrxlayermanager:446
[02:58:51.847] [lua] Layer request 1: 147 of 170 complete  @mrxlayermanager:479
[02:58:51.855] [lua] Culling op for layer vz_gur_base_mines!  @mrxlayermanager:318
[02:58:51.867] [lua] (nPendingOps = 51)  @mrxlayermanager:324
[02:58:51.876] [lua] Loading vz_state_alljob002_01_staging (static: false)  @mrxlayermanager:375
[02:58:51.885] [lua] true	Unable to load layer vz_state_alljob002_01_staging  @mrxlayermanager:403
[02:58:51.893] [lua] Request fulfilled: Load layer vz_state_alljob001_03_captured (static: nil)  @mrxlayermanager:446
[02:58:51.901] [lua] Layer request 2: 211 of 238 complete  @mrxlayermanager:479
[02:58:51.910] [lua] Culling op for layer vz_state_alljob001_03_captured!  @mrxlayermanager:318
[02:58:51.918] [lua] (nPendingOps = 50)  @mrxlayermanager:324
[02:58:51.927] [lua] Loading vz_state_oiljob008_l_ruined (static: false)  @mrxlayermanager:375
[02:58:51.937] [lua] true	Unable to load layer vz_state_oiljob008_l_ruined  @mrxlayermanager:403
[02:58:51.947] [lua] Request fulfilled: Load layer vz_state_jungle_mountain_act2 (static: nil)  @mrxlayermanager:446
[02:58:51.956] [lua] Layer request 2: 212 of 238 complete  @mrxlayermanager:479
[02:58:51.964] [lua] Culling op for layer vz_state_jungle_mountain_act2!  @mrxlayermanager:318
[02:58:51.973] [lua] (nPendingOps = 49)  @mrxlayermanager:324
[02:58:51.982] [lua] Loading vz_pir_job012_h (static: true)  @mrxlayermanager:375
[02:58:51.991] [lua] true	Unable to load layer vz_pir_job012_h  @mrxlayermanager:403
[02:58:52.001] [lua] Request fulfilled: Load layer vz_state_chicon006_c_pristine (static: nil)  @mrxlayermanager:446
[02:58:52.010] [lua] Layer request 2: 213 of 238 complete  @mrxlayermanager:479
[02:58:52.019] [lua] Culling op for layer vz_state_chicon006_c_pristine!  @mrxlayermanager:318
[02:58:52.028] [lua] (nPendingOps = 48)  @mrxlayermanager:324
[02:58:52.036] [lua] Loading vz_state_pircon004_pristine (static: false)  @mrxlayermanager:375
[02:58:52.046] [lua] true	Unable to load layer vz_state_pircon004_pristine  @mrxlayermanager:403
[02:58:52.054] [lua] Request fulfilled: Load layer vz_pir_job012_h (static: nil)  @mrxlayermanager:446
[02:58:52.062] [lua] Layer request 1: 148 of 170 complete  @mrxlayermanager:479
[02:58:52.073] [lua] Culling op for layer vz_pir_job012_h!  @mrxlayermanager:318
[02:58:52.081] [lua] (nPendingOps = 47)  @mrxlayermanager:324
[02:58:52.091] [lua] Loading vz_oil_job011_a (static: true)  @mrxlayermanager:375
[02:58:52.099] [lua] true	Unable to load layer vz_oil_job011_a  @mrxlayermanager:403
[02:58:52.109] [lua] Request fulfilled: Load layer vz_state_pirjob012_03_pristine (static: nil)  @mrxlayermanager:446
[02:58:52.119] [lua] Layer request 2: 214 of 238 complete  @mrxlayermanager:479
[02:58:52.128] [lua] Culling op for layer vz_state_pirjob012_03_pristine!  @mrxlayermanager:318
[02:58:52.137] [lua] (nPendingOps = 46)  @mrxlayermanager:324
[02:58:52.146] [lua] Loading vz_oil_job011_j (static: true)  @mrxlayermanager:375
[02:58:52.157] [lua] true	Unable to load layer vz_oil_job011_j  @mrxlayermanager:403
[02:58:52.165] [lua] Request fulfilled: Load layer vz_oil_job011_a (static: nil)  @mrxlayermanager:446
[02:58:52.174] [lua] Layer request 1: 149 of 170 complete  @mrxlayermanager:479
[02:58:52.183] [lua] Culling op for layer vz_oil_job011_a!  @mrxlayermanager:318
[02:58:52.196] [lua] (nPendingOps = 45)  @mrxlayermanager:324
[02:58:52.204] [lua] Loading vz_mar_roads (static: true)  @mrxlayermanager:375
[02:58:52.214] [lua] true	Unable to load layer vz_mar_roads  @mrxlayermanager:403
[02:58:52.224] [lua] Request fulfilled: Load layer vz_oil_job011_j (static: nil)  @mrxlayermanager:446
[02:58:52.232] [lua] Layer request 1: 150 of 170 complete  @mrxlayermanager:479
[02:58:52.242] [lua] Culling op for layer vz_oil_job011_j!  @mrxlayermanager:318
[02:58:52.250] [lua] (nPendingOps = 44)  @mrxlayermanager:324
[02:58:52.261] [lua] Loading vz_state_chicon001_pristine (static: false)  @mrxlayermanager:375
[02:58:52.269] [lua] true	Unable to load layer vz_state_chicon001_pristine  @mrxlayermanager:403
[02:58:52.278] [lua] Request fulfilled: Load layer vz_state_guanare_act1 (static: nil)  @mrxlayermanager:446
[02:58:52.286] [lua] Layer request 2: 215 of 238 complete  @mrxlayermanager:479
[02:58:52.295] [lua] Culling op for layer vz_state_guanare_act1!  @mrxlayermanager:318
[02:58:52.305] [lua] (nPendingOps = 43)  @mrxlayermanager:324
[02:58:52.314] [lua] Loading vz_all_job002_b (static: true)  @mrxlayermanager:375
[02:58:52.322] [lua] true	Unable to load layer vz_all_job002_b  @mrxlayermanager:403
[02:58:52.332] [lua] Request fulfilled: Load layer vz_all_job002_b (static: nil)  @mrxlayermanager:446
[02:58:52.341] [lua] Layer request 1: 151 of 170 complete  @mrxlayermanager:479
[02:58:52.349] [lua] Culling op for layer vz_all_job002_b!  @mrxlayermanager:318
[02:58:52.357] [lua] (nPendingOps = 42)  @mrxlayermanager:324
[02:58:52.367] [lua] Loading vz_gur_job002_d (static: true)  @mrxlayermanager:375
[02:58:52.375] [lua] true	Unable to load layer vz_gur_job002_d  @mrxlayermanager:403
[02:58:52.382] [lua] Request fulfilled: Load layer vz_state_chijob006_a_destroyed (static: nil)  @mrxlayermanager:446
[02:58:52.391] [lua] Layer request 2: 216 of 238 complete  @mrxlayermanager:479
[02:58:52.401] [lua] Culling op for layer vz_state_chijob006_a_destroyed!  @mrxlayermanager:318
[02:58:52.410] [lua] (nPendingOps = 41)  @mrxlayermanager:324
[02:58:52.419] [lua] Loading vz_state_gurjob007_02_destroyed (static: false)  @mrxlayermanager:375
[02:58:52.427] [lua] true	Unable to load layer vz_state_gurjob007_02_destroyed  @mrxlayermanager:403
[02:58:52.443] [lua] Request fulfilled: Load layer vz_gur_job002_d (static: nil)  @mrxlayermanager:446
[02:58:52.452] [lua] Layer request 1: 152 of 170 complete  @mrxlayermanager:479
[02:58:52.461] [lua] Culling op for layer vz_gur_job002_d!  @mrxlayermanager:318
[02:58:52.471] [lua] (nPendingOps = 40)  @mrxlayermanager:324
[02:58:52.480] [lua] Loading vz_car_city_roads (static: true)  @mrxlayermanager:375
[02:58:52.489] [lua] true	Unable to load layer vz_car_city_roads  @mrxlayermanager:403
[02:58:52.497] [lua] Request fulfilled: Load layer vz_state_oiljob008_l_ruined (static: nil)  @mrxlayermanager:446
[02:58:52.509] [lua] Layer request 2: 217 of 238 complete  @mrxlayermanager:479
[02:58:52.517] [lua] Culling op for layer vz_state_oiljob008_l_ruined!  @mrxlayermanager:318
[02:58:52.527] [lua] (nPendingOps = 39)  @mrxlayermanager:324
[02:58:52.535] [lua] Loading vz_pmc_roads (static: true)  @mrxlayermanager:375
[02:58:52.544] [lua] true	Unable to load layer vz_pmc_roads  @mrxlayermanager:403
[02:58:52.555] [lua] Request fulfilled: Load layer vz_state_pircon004_pristine (static: nil)  @mrxlayermanager:446
[02:58:52.568] [lua] Layer request 2: 218 of 238 complete  @mrxlayermanager:479
[02:58:52.579] [lua] Culling op for layer vz_state_pircon004_pristine!  @mrxlayermanager:318
[02:58:52.589] [lua] (nPendingOps = 38)  @mrxlayermanager:324
[02:58:52.598] [lua] Loading vz_state_car_shanty_act1 (static: false)  @mrxlayermanager:375
[02:58:52.608] [lua] true	Unable to load layer vz_state_car_shanty_act1  @mrxlayermanager:403
[02:58:52.616] [lua] Request fulfilled: Load layer vz_car_city_roads (static: nil)  @mrxlayermanager:446
[02:58:52.624] [lua] Layer request 1: 153 of 170 complete  @mrxlayermanager:479
[02:58:52.638] [lua] Culling op for layer vz_car_city_roads!  @mrxlayermanager:318
[02:58:52.648] [lua] (nPendingOps = 37)  @mrxlayermanager:324
[02:58:52.657] [lua] Loading vz_state_gurjob011_07_destroyed (static: false)  @mrxlayermanager:375
[02:58:52.665] [lua] true	Unable to load layer vz_state_gurjob011_07_destroyed  @mrxlayermanager:403
[02:58:52.673] [lua] Request fulfilled: Load layer vz_pmc_roads (static: nil)  @mrxlayermanager:446
[02:58:52.690] [lua] Layer request 1: 154 of 170 complete  @mrxlayermanager:479
[02:58:52.702] [lua] Culling op for layer vz_pmc_roads!  @mrxlayermanager:318
[02:58:52.711] [lua] (nPendingOps = 36)  @mrxlayermanager:324
[02:58:52.719] [lua] Loading vz_state_chijob006_c_destroyed (static: false)  @mrxlayermanager:375
[02:58:52.727] [lua] true	Unable to load layer vz_state_chijob006_c_destroyed  @mrxlayermanager:403
[02:58:52.740] [lua] Request fulfilled: Load layer vz_state_alljob010_02_pristine (static: nil)  @mrxlayermanager:446
[02:58:52.749] [lua] Layer request 2: 219 of 238 complete  @mrxlayermanager:479
[02:58:52.761] [lua] Culling op for layer vz_state_alljob010_02_pristine!  @mrxlayermanager:318
[02:58:52.770] [lua] (nPendingOps = 35)  @mrxlayermanager:324
[02:58:52.779] [lua] Loading vz_teleporter (static: true)  @mrxlayermanager:375
[02:58:52.788] [lua] true	Unable to load layer vz_teleporter  @mrxlayermanager:403
[02:58:52.799] [lua] Request fulfilled: Load layer vz_teleporter (static: nil)  @mrxlayermanager:446
[02:58:52.807] [lua] Layer request 1: 155 of 170 complete  @mrxlayermanager:479
[02:58:52.819] [lua] Culling op for layer vz_teleporter!  @mrxlayermanager:318
[02:58:52.827] [lua] (nPendingOps = 34)  @mrxlayermanager:324
[02:58:52.837] [lua] Loading vz_chi_job010_b (static: true)  @mrxlayermanager:375
[02:58:52.845] [lua] true	Unable to load layer vz_chi_job010_b  @mrxlayermanager:403
[02:58:52.854] [lua] Request fulfilled: Load layer vz_state_alljob001_04_captured (static: nil)  @mrxlayermanager:446
[02:58:52.863] [lua] Layer request 2: 220 of 238 complete  @mrxlayermanager:479
[02:58:52.874] [lua] Culling op for layer vz_state_alljob001_04_captured!  @mrxlayermanager:318
[02:58:52.883] [lua] (nPendingOps = 33)  @mrxlayermanager:324
[02:58:52.894] [lua] Loading vz_mar_industrial (static: true)  @mrxlayermanager:375
[02:58:52.902] [lua] true	Unable to load layer vz_mar_industrial  @mrxlayermanager:403
[02:58:52.912] [lua] Request fulfilled: Load layer vz_chi_job010_b (static: nil)  @mrxlayermanager:446
[02:58:52.921] [lua] Layer request 1: 156 of 170 complete  @mrxlayermanager:479
[02:58:52.929] [lua] Culling op for layer vz_chi_job010_b!  @mrxlayermanager:318
[02:58:52.937] [lua] (nPendingOps = 32)  @mrxlayermanager:324
[02:58:52.946] [lua] Loading vz_state_pirjob012_06_pristine (static: false)  @mrxlayermanager:375
[02:58:52.954] [lua] true	Unable to load layer vz_state_pirjob012_06_pristine  @mrxlayermanager:403
[02:58:52.963] [lua] Request fulfilled: Load layer vz_state_alljob009_04_destroyed (static: nil)  @mrxlayermanager:446
[02:58:52.973] [lua] Layer request 2: 221 of 238 complete  @mrxlayermanager:479
[02:58:52.981] [lua] Culling op for layer vz_state_alljob009_04_destroyed!  @mrxlayermanager:318
[02:58:52.992] [lua] (nPendingOps = 31)  @mrxlayermanager:324
[02:58:53.002] [lua] Loading vz_state_gurjob011_06_destroyed (static: false)  @mrxlayermanager:375
[02:58:53.011] [lua] true	Unable to load layer vz_state_gurjob011_06_destroyed  @mrxlayermanager:403
[02:58:53.019] [lua] Request fulfilled: Load layer vz_mar_industrial (static: nil)  @mrxlayermanager:446
[02:58:53.028] [lua] Layer request 1: 157 of 170 complete  @mrxlayermanager:479
[02:58:53.039] [lua] Culling op for layer vz_mar_industrial!  @mrxlayermanager:318
[02:58:53.047] [lua] (nPendingOps = 30)  @mrxlayermanager:324
[02:58:53.055] [lua] Loading vz_cum_city (static: true)  @mrxlayermanager:375
[02:58:53.063] [lua] true	Unable to load layer vz_cum_city  @mrxlayermanager:403
[02:58:53.074] [lua] Request fulfilled: Load layer vz_state_chicon001_pristine (static: nil)  @mrxlayermanager:446
[02:58:53.083] [lua] Layer request 2: 222 of 238 complete  @mrxlayermanager:479
[02:58:53.091] [lua] Culling op for layer vz_state_chicon001_pristine!  @mrxlayermanager:318
[02:58:53.099] [lua] (nPendingOps = 29)  @mrxlayermanager:324
[02:58:53.108] [lua] Loading vz_amazon_base (static: true)  @mrxlayermanager:375
[02:58:53.117] [lua] true	Unable to load layer vz_amazon_base  @mrxlayermanager:403
[02:58:53.125] [lua] Request fulfilled: Load layer vz_cum_city (static: nil)  @mrxlayermanager:446
[02:58:53.133] [lua] Layer request 1: 158 of 170 complete  @mrxlayermanager:479
[02:58:53.141] [lua] Culling op for layer vz_cum_city!  @mrxlayermanager:318
[02:58:53.149] [lua] (nPendingOps = 28)  @mrxlayermanager:324
[02:58:53.159] [lua] Loading vz_jungle_mountain_scrub (static: true)  @mrxlayermanager:375
[02:58:53.167] [lua] true	Unable to load layer vz_jungle_mountain_scrub  @mrxlayermanager:403
[02:58:53.179] [lua] Request fulfilled: Load layer vz_amazon_base (static: nil)  @mrxlayermanager:446
[02:58:53.191] [lua] Layer request 1: 159 of 170 complete  @mrxlayermanager:479
[02:58:53.199] [lua] Culling op for layer vz_amazon_base!  @mrxlayermanager:318
[02:58:53.208] [lua] (nPendingOps = 27)  @mrxlayermanager:324
[02:58:53.216] [lua] Loading vz_state_pmc_livedin (static: false)  @mrxlayermanager:375
[02:58:53.225] [lua] true	Unable to load layer vz_state_pmc_livedin  @mrxlayermanager:403
[02:58:53.234] [lua] Request fulfilled: Load layer vz_state_alljob002_01_staging (static: nil)  @mrxlayermanager:446
[02:58:53.243] [lua] Layer request 2: 223 of 238 complete  @mrxlayermanager:479
[02:58:53.251] [lua] Culling op for layer vz_state_alljob002_01_staging!  @mrxlayermanager:318
[02:58:53.260] [lua] (nPendingOps = 26)  @mrxlayermanager:324
[02:58:53.271] [lua] Loading vz_gur_base (static: true)  @mrxlayermanager:375
[02:58:53.280] [lua] true	Unable to load layer vz_gur_base  @mrxlayermanager:403
[02:58:53.291] [lua] Request fulfilled: Load layer vz_jungle_mountain_scrub (static: nil)  @mrxlayermanager:446
[02:58:53.300] [lua] Layer request 1: 160 of 170 complete  @mrxlayermanager:479
[02:58:53.310] [lua] Culling op for layer vz_jungle_mountain_scrub!  @mrxlayermanager:318
[02:58:53.319] [lua] (nPendingOps = 25)  @mrxlayermanager:324
[02:58:53.328] [lua] Loading vz_mar_altagracia (static: true)  @mrxlayermanager:375
[02:58:53.337] [lua] true	Unable to load layer vz_mar_altagracia  @mrxlayermanager:403
[02:58:53.350] [lua] Request fulfilled: Load layer vz_mar_roads (static: nil)  @mrxlayermanager:446
[02:58:53.360] [lua] Layer request 1: 161 of 170 complete  @mrxlayermanager:479
[02:58:53.369] [lua] Culling op for layer vz_mar_roads!  @mrxlayermanager:318
[02:58:53.378] [lua] (nPendingOps = 24)  @mrxlayermanager:324
[02:58:53.387] [lua] Loading vz_state_alljob005_03_destroyed (static: false)  @mrxlayermanager:375
[02:58:53.395] [lua] true	Unable to load layer vz_state_alljob005_03_destroyed  @mrxlayermanager:403
[02:58:53.403] [lua] Request fulfilled: Load layer vz_gur_base (static: nil)  @mrxlayermanager:446
[02:58:53.413] [lua] Layer request 1: 162 of 170 complete  @mrxlayermanager:479
[02:58:53.421] [lua] Culling op for layer vz_gur_base!  @mrxlayermanager:318
[02:58:53.430] [lua] (nPendingOps = 23)  @mrxlayermanager:324
[02:58:53.439] [lua] Loading vz_chi_job002_c (static: true)  @mrxlayermanager:375
[02:58:53.447] [lua] true	Unable to load layer vz_chi_job002_c  @mrxlayermanager:403
[02:58:53.459] [lua] Request fulfilled: Load layer vz_mar_altagracia (static: nil)  @mrxlayermanager:446
[02:58:53.467] [lua] Layer request 1: 163 of 170 complete  @mrxlayermanager:479
[02:58:53.475] [lua] Culling op for layer vz_mar_altagracia!  @mrxlayermanager:318
[02:58:53.483] [lua] (nPendingOps = 22)  @mrxlayermanager:324
[02:58:53.492] [lua] Loading vz_start_location (static: true)  @mrxlayermanager:375
[02:58:53.502] [lua] true	Unable to load layer vz_start_location  @mrxlayermanager:403
[02:58:53.512] [lua] Request fulfilled: Load layer vz_state_gurjob011_07_destroyed (static: nil)  @mrxlayermanager:446
[02:58:53.521] [lua] Layer request 2: 224 of 238 complete  @mrxlayermanager:479
[02:58:53.530] [lua] Culling op for layer vz_state_gurjob011_07_destroyed!  @mrxlayermanager:318
[02:58:53.539] [lua] (nPendingOps = 21)  @mrxlayermanager:324
[02:58:53.547] [lua] Loading vz_state_gurjob006 (static: false)  @mrxlayermanager:375
[02:58:53.557] [lua] true	Unable to load layer vz_state_gurjob006  @mrxlayermanager:403
[02:58:53.572] [lua] Request fulfilled: Load layer vz_chi_job002_c (static: nil)  @mrxlayermanager:446
[02:58:53.581] [lua] Layer request 1: 164 of 170 complete  @mrxlayermanager:479
[02:58:53.590] [lua] Culling op for layer vz_chi_job002_c!  @mrxlayermanager:318
[02:58:53.601] [lua] (nPendingOps = 20)  @mrxlayermanager:324
[02:58:53.614] [lua] Loading vz_chi_job006_e (static: true)  @mrxlayermanager:375
[02:58:53.622] [lua] true	Unable to load layer vz_chi_job006_e  @mrxlayermanager:403
[02:58:53.631] [lua] Request fulfilled: Load layer vz_start_location (static: nil)  @mrxlayermanager:446
[02:58:53.639] [lua] Layer request 1: 165 of 170 complete  @mrxlayermanager:479
[02:58:53.648] [lua] Culling op for layer vz_start_location!  @mrxlayermanager:318
[02:58:53.657] [lua] (nPendingOps = 19)  @mrxlayermanager:324
[02:58:53.665] [lua] Loading vz_state_mar_industrial_act3 (static: false)  @mrxlayermanager:375
[02:58:53.674] [lua] true	Unable to load layer vz_state_mar_industrial_act3  @mrxlayermanager:403
[02:58:53.684] [lua] Request fulfilled: Load layer vz_chi_job006_e (static: nil)  @mrxlayermanager:446
[02:58:53.693] [lua] Layer request 1: 166 of 170 complete  @mrxlayermanager:479
[02:58:53.708] [lua] Culling op for layer vz_chi_job006_e!  @mrxlayermanager:318
[02:58:53.716] [lua] (nPendingOps = 18)  @mrxlayermanager:324
[02:58:53.724] [lua] Loading vz_state_oiljob012_02_staging (static: false)  @mrxlayermanager:375
[02:58:53.733] [lua] true	Unable to load layer vz_state_oiljob012_02_staging  @mrxlayermanager:403
[02:58:53.741] [lua] Request fulfilled: Load layer vz_state_gurjob007_02_destroyed (static: nil)  @mrxlayermanager:446
[02:58:53.750] [lua] Layer request 2: 225 of 238 complete  @mrxlayermanager:479
[02:58:53.758] [lua] Culling op for layer vz_state_gurjob007_02_destroyed!  @mrxlayermanager:318
[02:58:53.766] [lua] (nPendingOps = 17)  @mrxlayermanager:324
[02:58:53.774] [lua] Loading vz_state_gurjob011_01_destroyed (static: false)  @mrxlayermanager:375
[02:58:53.782] [lua] true	Unable to load layer vz_state_gurjob011_01_destroyed  @mrxlayermanager:403
[02:58:53.793] [lua] Request fulfilled: Load layer vz_state_alljob005_03_destroyed (static: nil)  @mrxlayermanager:446
[02:58:53.801] [lua] Layer request 2: 226 of 238 complete  @mrxlayermanager:479
[02:58:53.810] [lua] Culling op for layer vz_state_alljob005_03_destroyed!  @mrxlayermanager:318
[02:58:53.819] [lua] (nPendingOps = 16)  @mrxlayermanager:324
[02:58:53.828] [lua] Loading vz_state_pirjob012_08_pristine (static: false)  @mrxlayermanager:375
[02:58:53.837] [lua] true	Unable to load layer vz_state_pirjob012_08_pristine  @mrxlayermanager:403
[02:58:53.849] [lua] Request fulfilled: Load layer vz_state_oiljob012_02_staging (static: nil)  @mrxlayermanager:446
[02:58:53.856] [lua] Layer request 2: 227 of 238 complete  @mrxlayermanager:479
[02:58:53.867] [lua] Culling op for layer vz_state_oiljob012_02_staging!  @mrxlayermanager:318
[02:58:53.876] [lua] (nPendingOps = 15)  @mrxlayermanager:324
[02:58:53.884] [lua] Loading vz_pir_job012_a (static: true)  @mrxlayermanager:375
[02:58:53.892] [lua] true	Unable to load layer vz_pir_job012_a  @mrxlayermanager:403
[02:58:53.902] [lua] Request fulfilled: Load layer vz_state_car_shanty_act1 (static: nil)  @mrxlayermanager:446
[02:58:53.911] [lua] Layer request 2: 228 of 238 complete  @mrxlayermanager:479
[02:58:53.919] [lua] Culling op for layer vz_state_car_shanty_act1!  @mrxlayermanager:318
[02:58:53.928] [lua] (nPendingOps = 14)  @mrxlayermanager:324
[02:58:53.937] [lua] Loading vz_chi_con005_d (static: true)  @mrxlayermanager:375
[02:58:53.945] [lua] true	Unable to load layer vz_chi_con005_d  @mrxlayermanager:403
[02:58:53.954] [lua] Request fulfilled: Load layer vz_pir_job012_a (static: nil)  @mrxlayermanager:446
[02:58:53.968] [lua] Layer request 1: 167 of 170 complete  @mrxlayermanager:479
[02:58:53.978] [lua] Culling op for layer vz_pir_job012_a!  @mrxlayermanager:318
[02:58:53.987] [lua] (nPendingOps = 13)  @mrxlayermanager:324
[02:58:53.995] [lua] Loading vz_chi_job006_b (static: true)  @mrxlayermanager:375
[02:58:54.004] [lua] true	Unable to load layer vz_chi_job006_b  @mrxlayermanager:403
[02:58:54.017] [lua] Request fulfilled: Load layer vz_chi_con005_d (static: nil)  @mrxlayermanager:446
[02:58:54.025] [lua] Layer request 1: 168 of 170 complete  @mrxlayermanager:479
[02:58:54.033] [lua] Culling op for layer vz_chi_con005_d!  @mrxlayermanager:318
[02:58:54.047] [lua] (nPendingOps = 12)  @mrxlayermanager:324
[02:58:54.056] [lua] Loading vz_state_chicon005_a_pristine (static: false)  @mrxlayermanager:375
[02:58:54.065] [lua] true	Unable to load layer vz_state_chicon005_a_pristine  @mrxlayermanager:403
[02:58:54.073] [lua] Request fulfilled: Load layer vz_state_pmc_livedin (static: nil)  @mrxlayermanager:446
[02:58:54.084] [lua] Layer request 2: 229 of 238 complete  @mrxlayermanager:479
[02:58:54.094] [lua] Culling op for layer vz_state_pmc_livedin!  @mrxlayermanager:318
[02:58:54.102] [lua] (nPendingOps = 11)  @mrxlayermanager:324
[02:58:54.110] [lua] Loading vz_state_mar_big_lineregion (static: false)  @mrxlayermanager:375
[02:58:54.120] [lua] true	Unable to load layer vz_state_mar_big_lineregion  @mrxlayermanager:403
[02:58:54.129] [lua] Request fulfilled: Load layer vz_chi_job006_b (static: nil)  @mrxlayermanager:446
[02:58:54.137] [lua] Layer request 1: 169 of 170 complete  @mrxlayermanager:479
[02:58:54.146] [lua] Culling op for layer vz_chi_job006_b!  @mrxlayermanager:318
[02:58:54.155] [lua] (nPendingOps = 10)  @mrxlayermanager:324
[02:58:54.164] [lua] Loading vz_cumana_foilage (static: true)  @mrxlayermanager:375
[02:58:54.172] [lua] true	Unable to load layer vz_cumana_foilage  @mrxlayermanager:403
[02:58:54.182] [lua] Request fulfilled: Load layer vz_cumana_foilage (static: nil)  @mrxlayermanager:446
[02:58:54.191] [lua] Layer request 1: 170 of 170 complete  @mrxlayermanager:479
[02:58:54.199] [lua] Layer request 1 completed!  @mrxlayermanager:482
[02:58:54.208] [lua] Culling op for layer vz_cumana_foilage!  @mrxlayermanager:318
[02:58:54.217] [lua] (nPendingOps = 9)  @mrxlayermanager:324
[02:58:54.225] [lua] registering player callbacks  @mrxplayer:175
[02:58:54.233] [lua] Request fulfilled: Load layer vz_state_mar_industrial_act3 (static: nil)  @mrxlayermanager:446
[02:58:54.242] [lua] Layer request 2: 230 of 238 complete  @mrxlayermanager:479
[02:58:54.251] [lua] Culling op for layer vz_state_mar_industrial_act3!  @mrxlayermanager:318
[02:58:54.259] [lua] (nPendingOps = 8)  @mrxlayermanager:324
[02:58:54.269] [lua] Request fulfilled: Load layer vz_state_pirjob012_06_pristine (static: nil)  @mrxlayermanager:446
[02:58:54.278] [lua] Layer request 2: 231 of 238 complete  @mrxlayermanager:479
[02:58:54.286] [lua] Culling op for layer vz_state_pirjob012_06_pristine!  @mrxlayermanager:318
[02:58:54.294] [lua] (nPendingOps = 7)  @mrxlayermanager:324
[02:58:54.305] [lua] Request fulfilled: Load layer vz_state_chijob006_c_destroyed (static: nil)  @mrxlayermanager:446
[02:58:54.314] [lua] Layer request 2: 232 of 238 complete  @mrxlayermanager:479
[02:58:54.322] [lua] Culling op for layer vz_state_chijob006_c_destroyed!  @mrxlayermanager:318
[02:58:54.331] [lua] (nPendingOps = 6)  @mrxlayermanager:324
[02:58:54.341] [lua] Request fulfilled: Load layer vz_state_mar_big_lineregion (static: nil)  @mrxlayermanager:446
[02:58:54.350] [lua] Layer request 2: 233 of 238 complete  @mrxlayermanager:479
[02:58:54.358] [lua] Culling op for layer vz_state_mar_big_lineregion!  @mrxlayermanager:318
[02:58:54.367] [lua] (nPendingOps = 5)  @mrxlayermanager:324
[02:58:54.377] [lua] Request fulfilled: Load layer vz_state_pirjob012_08_pristine (static: nil)  @mrxlayermanager:446
[02:58:54.386] [lua] Layer request 2: 234 of 238 complete  @mrxlayermanager:479
[02:58:54.394] [lua] Culling op for layer vz_state_pirjob012_08_pristine!  @mrxlayermanager:318
[02:58:54.406] [lua] (nPendingOps = 4)  @mrxlayermanager:324
[02:58:54.417] [lua] Request fulfilled: Load layer vz_state_gurjob011_06_destroyed (static: nil)  @mrxlayermanager:446
[02:58:54.426] [lua] Layer request 2: 235 of 238 complete  @mrxlayermanager:479
[02:58:54.434] [lua] Culling op for layer vz_state_gurjob011_06_destroyed!  @mrxlayermanager:318
[02:58:54.446] [lua] (nPendingOps = 3)  @mrxlayermanager:324
[02:58:54.459] [lua] Request fulfilled: Load layer vz_state_gurjob011_01_destroyed (static: nil)  @mrxlayermanager:446
[02:58:54.467] [lua] Layer request 2: 236 of 238 complete  @mrxlayermanager:479
[02:58:54.476] [lua] Culling op for layer vz_state_gurjob011_01_destroyed!  @mrxlayermanager:318
[02:58:54.484] [lua] (nPendingOps = 2)  @mrxlayermanager:324
[02:58:54.494] [lua] Request fulfilled: Load layer vz_state_gurjob006 (static: nil)  @mrxlayermanager:446
[02:58:54.502] [lua] Layer request 2: 237 of 238 complete  @mrxlayermanager:479
[02:58:54.510] [lua] Culling op for layer vz_state_gurjob006!  @mrxlayermanager:318
[02:58:54.525] [lua] (nPendingOps = 1)  @mrxlayermanager:324
[02:58:54.534] [lua] LUA: player joined as player 0, and is local true  @mrxplayer:245
[02:58:54.543] [lua] LUA: player joined as player 0, character mattias, costume pmc_hum_mattias_v4  @mrxplayer:257
[02:58:54.552] [lua] @@@@@@@@@@ MrxPlayer.CreatePlayerCharacter: id = 0: type = mattias: model = nil: location = Pmc_Entry1  @mrxplayer:821
[02:58:54.555] [world] >>> @@@@@@@@@@ MrxPlayer.CreatePlayerCharacter: id = 0: type = mattias: model = nil: location = Pmc_Entry1  @mrxplayer:821
[02:58:54.566] [lua] true  @mrxguimanager:23
[02:58:54.575] [lua] local player joined  @mrxbootstrap:97
[02:58:54.584] [lua] LUA: Net.IsClient() - false bLocalPlayer - true  @mrxplayer:320
[02:58:54.597] [lua] Request fulfilled: Load layer vz_state_chicon005_a_pristine (static: nil)  @mrxlayermanager:446
[02:58:54.606] [lua] Layer request 2: 238 of 238 complete  @mrxlayermanager:479
[02:58:54.617] [lua] Layer request 2 completed!  @mrxlayermanager:482
[02:58:54.626] [lua] Culling op for layer vz_state_chicon005_a_pristine!  @mrxlayermanager:318
[02:58:54.634] [lua] (nPendingOps = 0)  @mrxlayermanager:324
[02:58:54.642] [lua] All layer operations processed and fulfilled...resetting asset request max to 16  @mrxlayermanager:330
[02:58:54.689] [lua] table:0x1F1A4D60  @mrxguibase:1353
[02:58:54.697] [lua] table:0x1F1A4940  @mrxguibase:1353
[02:58:54.704] [lua] table:0x1F1A3DC0  @mrxguibase:1353
[02:58:54.712] [lua] table:0x1F18E920  @mrxguibase:1353
[02:58:54.719] [lua] table:0x1F18E480  @mrxguibase:1353
[02:58:54.726] [lua] table:0x1F18E7A0  @mrxguibase:1353
[02:58:54.733] [lua] table:0x1F18E620  @mrxguibase:1353
[02:58:54.740] [lua] table:0x1F18DA20  @mrxguibase:1353
[02:58:54.750] [lua] table:0x1F18D920  @mrxguibase:1353
[02:58:54.757] [lua] table:0x1F18D800  @mrxguibase:1353
[02:58:54.765] [lua] table:0x1F18D200  @mrxguibase:1353
[02:58:54.772] [lua] table:0x1F18D100  @mrxguibase:1353
[02:58:54.779] [lua] table:0x1F18CFE0  @mrxguibase:1353
[02:58:54.786] [lua] table:0x1F18CA60  @mrxguibase:1353
[02:58:54.794] [lua] table:0x1F18C8C0  @mrxguibase:1353
[02:58:54.804] [lua] table:0x1F18C140  @mrxguibase:1353
[02:58:54.812] [lua] table:0x1F18C040  @mrxguibase:1353
[02:58:54.820] [lua] true  @mrxguimanager:482
[02:58:54.827] [lua] true  @mrxguimanager:490
[02:58:54.835] [lua] table:0x1F16F4A0  @mrxguibase:1353
[02:58:54.844] [lua] table:0x1F16F180  @mrxguibase:1353
[02:58:54.855] [lua] true  @mrxguimanager:482
[02:58:54.862] [lua] true  @mrxguimanager:502
[02:58:54.871] [lua] table:0x1F16CB20  @mrxguibase:1353
[02:58:54.877] [lua] table:0x1F16C660  @mrxguibase:1353
[02:58:54.884] [lua] table:0x1F16C500  @mrxguibase:1353
[02:58:54.891] [lua] table:0x1F16C3A0  @mrxguibase:1353
[02:58:54.899] [lua] table:0x1F16C7A0  @mrxguibase:1353
[02:58:54.913] [lua] table:0x1F16C240  @mrxguibase:1353
[02:58:54.920] [lua] table:0x1F16C660  @mrxguibase:1353
[02:58:54.928] [lua] table:0x1F16C500  @mrxguibase:1353
[02:58:54.936] [lua] true  @mrxguimanager:482
[02:58:54.944] [lua] true  @mrxguimanager:496
[02:58:54.953] [lua] created player join event userdata: 00100029  @mrxguipda:2333
[02:58:54.960] [lua] true  @mrxguimanager:482
[02:58:54.968] [lua] true  @mrxguimanager:508
[02:58:54.979] [lua] true  @mrxguimanager:23
[02:58:54.988] [lua] gui loaded  @mrxbootstrap:83
[02:58:54.997] [lua] **********FACTION MOOD ACHIEVEMENT  @mrxachievements:270
[02:58:55.009] [lua] Disguise.Init function: 1F40C460  @mrxfactionmanager:278
[02:58:55.018] [lua] FactionZone.Init function: 1F40C440  @mrxfactionmanager:285
[02:58:55.026] [lua] CAN'T SET RELATION ... ATTITUDE IS NOT MUTABLE  @mrxfactionmanager:547
[02:58:55.035] [lua] ***********************  CivCasualtySetup function has been called  @mrxfactionmanager:883
[02:58:55.044] [lua] @@@@@@@@@@ MrxState.Enter: state STATE_WAITFORGAME (refcount=1)  @mrxstate:381
[02:58:55.044] [world] >>> @@@@@@@@@@ MrxState.Enter: state STATE_WAITFORGAME (refcount=1)  @mrxstate:381
[02:58:55.054] [lua] ###! GlobalEnter - Begin  @mrxstate:172
[02:58:55.054] [world] >>> ###! GlobalEnter - Begin  @mrxstate:172
[02:58:55.062] [lua] table:0x1F1A3A20  @mrxguibase:1353
[02:58:55.069] [lua] table:0x1F1A3C60  @mrxguibase:1353
[02:58:55.076] [lua] table:0x1F1A3DC0  @mrxguibase:1353
[02:58:55.084] [lua] table:0x1F1A4320  @mrxguibase:1353
[02:58:55.091] [lua] table:0x1F1A4540  @mrxguibase:1353
[02:58:55.099] [lua] table:0x1F1A4AE0  @mrxguibase:1353
[02:58:55.107] [lua] table:0x1F1A50A0  @mrxguibase:1353
[02:58:55.114] [lua] table:0x1F1A4D60  @mrxguibase:1353
[02:58:56.121] [lua] BLACKSCREEN - FadeFromColor called from hero.EndSurvivalMode  @hero:396
[02:58:56.129] [lua] Atmosphere: default VZ settings  @wifvzatmosphere:26
[02:58:56.138] [lua] afternoon  @wifvzatmosphere:29
[02:58:56.147] [lua] Re-enabling all DBs--you have exited Caracas (or you're not there)  @wifvzregionnames:77
[02:58:56.156] [lua] ***************Staging Act One is GO GO GO  @stagingact1:2
[02:58:56.156] [world] >>> ***************Staging Act One is GO GO GO  @stagingact1:2
[02:58:56.165] [lua] @@@@@@@@@@ WifVzBoundary.RemoveWorldBoundary (_sBoundaryName=nil)  @wifvzboundary:129
[02:58:56.174] [lua] Spawned _pmcoutpost_bld_fueldepot at PMC Fuel Tank 5 (userdata: 40005A95)  @mrxpmc:651
[02:58:56.184] [lua] Spawned _pmcoutpost_bld_fueldepot at PMC Fuel Tank 7 (userdata: 40005A9A)  @mrxpmc:651
[02:58:56.194] [lua] Spawned _pmcoutpost_bld_fueldepot at PMC Fuel Tank 9 (userdata: 40005A9F)  @mrxpmc:651
[02:58:56.202] [lua] Spawned _pmcoutpost_bld_fueldepot at PMC Fuel Tank 3 (userdata: 40005AA4)  @mrxpmc:651
[02:58:56.212] [lua] Spawned _pmcoutpost_bld_fueldepot at PMC Fuel Tank 11 (userdata: 40005AA9)  @mrxpmc:651
[02:58:56.221] [lua] Spawned _pmcoutpost_bld_fueldepot at PMC Fuel Tank 10 (userdata: 40005AAE)  @mrxpmc:651
[02:58:56.231] [lua] Spawned _pmcoutpost_bld_fueldepot at PMC Fuel Tank 1 (userdata: 40005AB3)  @mrxpmc:651
[02:58:56.239] [lua] Spawned _pmcoutpost_bld_fueldepot at PMC Fuel Tank 13 (userdata: 40005AB8)  @mrxpmc:651
[02:58:56.249] [lua] Spawned _pmcoutpost_bld_fueldepot at PMC Fuel Tank 12 (userdata: 40005ABD)  @mrxpmc:651
[02:58:56.259] [lua] Spawned _pmcoutpost_bld_fueldepot at PMC Fuel Tank 14 (userdata: 40005AC2)  @mrxpmc:651
[02:58:56.269] [lua] Spawned _pmcoutpost_bld_fueldepot at PMC Fuel Tank 6 (userdata: 40005AC7)  @mrxpmc:651
[02:58:56.276] [lua] table:0x1F169600  @mrxguibase:1353
[02:58:56.283] [lua] table:0x1F168560  @mrxguibase:1353
[02:58:56.291] [lua] table:0x1EFD11A0  @mrxguibase:1353
[02:58:56.299] [lua] table:0x1EFD0460  @mrxguibase:1353
[02:58:56.307] [lua] table:0x1EFD0380  @mrxguibase:1353
[02:58:56.314] [lua] table:0x1EF97FA0  @mrxguibase:1353
[02:58:56.321] [lua] table:0x1EF97260  @mrxguibase:1353
[02:58:56.329] [lua] table:0x1EF97160  @mrxguibase:1353
[02:58:56.338] [lua] table:0x1EF96E00  @mrxguibase:1353
[02:58:56.345] [lua] table:0x1F18B660  @mrxguibase:1353
[02:58:56.352] [lua] table:0x1F18B460  @mrxguibase:1353
[02:58:56.364] [lua] table:0x1F1A0820  @mrxguibase:1353
[02:58:56.372] [lua] table:0x1F1CFA40  @mrxguibase:1353
[02:58:56.380] [lua] table:0x1F1F9920  @mrxguibase:1353
[02:58:56.387] [lua] table:0x1F30B460  @mrxguibase:1353
[02:58:56.394] [lua] table:0x1F169600  @mrxguibase:1353
[02:58:56.401] [lua] table:0x1F168560  @mrxguibase:1353
[02:58:56.410] [lua] CAN'T SET RELATION ... ATTITUDE IS NOT MUTABLE  @mrxfactionmanager:547
[02:58:56.417] [lua] table:0x1EFD0460  @mrxguibase:1353
[02:58:56.423] [lua] table:0x1EFD0380  @mrxguibase:1353
[02:58:56.430] [lua] table:0x1EF97260  @mrxguibase:1353
[02:58:56.437] [lua] table:0x1EF97160  @mrxguibase:1353
[02:58:56.449] [lua] table:0x1F18B660  @mrxguibase:1353
[02:58:56.456] [lua] table:0x1F18B460  @mrxguibase:1353
[02:58:56.470] [lua] CAN'T SET RELATION ... ATTITUDE IS NOT MUTABLE  @mrxfactionmanager:547
[02:58:56.478] [lua] table:0x1F1CFA40  @mrxguibase:1353
[02:58:56.485] [lua] table:0x1F1F9920  @mrxguibase:1353
[02:58:56.495] [lua] Adding attitude events for All  @mrxtransit:563
[02:58:56.503] [lua] Adding attitude events for Chi  @mrxtransit:563
[02:58:56.512] [lua] Adding attitude events for Civ  @mrxtransit:563
[02:58:56.521] [lua] Adding attitude events for Gur  @mrxtransit:563
[02:58:56.529] [lua] Adding attitude events for Oil  @mrxtransit:563
[02:58:56.538] [lua] Adding attitude events for Pir  @mrxtransit:563
[02:58:56.548] [lua] Adding attitude events for Pmc  @mrxtransit:563
[02:58:56.557] [lua] Adding attitude events for Vza  @mrxtransit:563
[02:58:56.566] [lua] SetSystemEnabled( true, nil, nil  @mrxtransit:418
[02:58:56.575] [lua] sending NETEVENT_CLIENTTRANSIT  @mrxtransit:464
[02:58:56.585] [lua] 2  @mrxfactionmanager:505
[02:58:56.598] [lua] Landing zone 28 affiliated with Pir (nil)  @mrxtransit:669
[02:58:56.607] [lua] 2  @mrxfactionmanager:505
[02:58:56.616] [lua] Landing zone 2 affiliated with Oil (nil)  @mrxtransit:669
[02:58:56.624] [lua] 2  @mrxfactionmanager:505
[02:58:56.633] [lua] Landing zone 3 affiliated with Oil (nil)  @mrxtransit:669
[02:58:56.640] [lua] 2  @mrxfactionmanager:505
[02:58:56.649] [lua] Landing zone 4 affiliated with Gur (nil)  @mrxtransit:669
[02:58:56.656] [lua] 2  @mrxfactionmanager:505
[02:58:56.665] [lua] Landing zone 17 affiliated with Gur (nil)  @mrxtransit:669
[02:58:56.672] [lua] 2  @mrxfactionmanager:505
[02:58:56.681] [lua] Landing zone 5 affiliated with Gur (nil)  @mrxtransit:669
[02:58:56.688] [lua] 2  @mrxfactionmanager:505
[02:58:56.698] [lua] Landing zone 21 affiliated with All (nil)  @mrxtransit:669
[02:58:56.705] [lua] 2  @mrxfactionmanager:505
[02:58:56.715] [lua] Landing zone 25 affiliated with Chi (nil)  @mrxtransit:669
[02:58:56.722] [lua] 2  @mrxfactionmanager:505
[02:58:56.732] [lua] Landing zone 7 affiliated with All (nil)  @mrxtransit:669
[02:58:56.739] [lua] 2  @mrxfactionmanager:505
[02:58:56.747] [lua] Landing zone 29 affiliated with Oil (nil)  @mrxtransit:669
[02:58:56.754] [lua] 2  @mrxfactionmanager:505
[02:58:56.762] [lua] Landing zone 8 affiliated with Pir (nil)  @mrxtransit:669
[02:58:56.770] [lua] 2  @mrxfactionmanager:505
[02:58:56.780] [lua] Landing zone 12 affiliated with Chi (nil)  @mrxtransit:669
[02:58:56.787] [lua] 2  @mrxfactionmanager:505
[02:58:56.795] [lua] Landing zone 30 affiliated with Chi (nil)  @mrxtransit:669
[02:58:56.806] [lua] 2  @mrxfactionmanager:505
[02:58:56.815] [lua] Landing zone 27 affiliated with Pir (nil)  @mrxtransit:669
[02:58:56.822] [lua] 2  @mrxfactionmanager:505
[02:58:56.831] [lua] Landing zone 1 affiliated with Pmc (nil)  @mrxtransit:669
[02:58:56.843] [lua] 2  @mrxfactionmanager:505
[02:58:56.853] [lua] Landing zone 16 affiliated with Oil (nil)  @mrxtransit:669
[02:58:56.860] [lua] 2  @mrxfactionmanager:505
[02:58:56.869] [lua] Landing zone 18 affiliated with Gur (nil)  @mrxtransit:669
[02:58:56.876] [lua] 2  @mrxfactionmanager:505
[02:58:56.885] [lua] Landing zone 20 affiliated with All (nil)  @mrxtransit:669
[02:58:56.892] [lua] 2  @mrxfactionmanager:505
[02:58:56.901] [lua] Landing zone 22 affiliated with All (nil)  @mrxtransit:669
[02:58:56.908] [lua] 2  @mrxfactionmanager:505
[02:58:56.916] [lua] Landing zone 24 affiliated with Chi (nil)  @mrxtransit:669
[02:58:56.924] [lua] 2  @mrxfactionmanager:505
[02:58:56.933] [lua] Landing zone 23 affiliated with Chi (nil)  @mrxtransit:669
[02:58:56.941] [lua] 2  @mrxfactionmanager:505
[02:58:56.949] [lua] Landing zone 15 affiliated with Oil (nil)  @mrxtransit:669
[02:58:56.957] [lua] Pmc Building 1 (userdata: 000D3C77) has been ressurected!  @output/wardrobe/fiddy_wardrobe.lua:2077
[02:58:56.966] [lua] Pmc Building 2 (userdata: 000D3C78) has been ressurected!  @output/wardrobe/fiddy_wardrobe.lua:2077
[02:58:56.976] [lua] Pmc Building 3 (userdata: 000CF8C2) has been ressurected!  @output/wardrobe/fiddy_wardrobe.lua:2077
[02:58:56.984] [lua] 1  @mrxfactionmanager:505
[02:58:56.991] [lua] 1  @mrxfactionmanager:505
[02:58:57.000] [lua] Loading Mission State....  @vz:1443
[02:58:57.013] [lua] *** Loading layers from task system activation  @vz:1447
[02:58:57.021] [lua] 0  @mrxtask:440
[02:58:57.028] [lua] 0  @mrxtask:440
[02:58:57.035] [lua] 0  @mrxtask:440
[02:58:57.043] [lua] true  @mrxtask:291
[02:58:57.050] [lua] 0  @mrxtask:440
[02:58:57.058] [lua] 0  @mrxtask:440
[02:58:57.065] [lua] true  @mrxtask:291
[02:58:57.073] [lua] active  @mrxtaskstate:32
[02:58:57.083] [lua] _SetState "Missions" active  @mrxtask:299
[02:58:57.090] [lua] 1  @mrxtask:440
[02:58:57.097] [lua] 1  @mrxtask:440
[02:58:57.105] [lua] 1  @mrxtask:440
[02:58:57.112] [lua] 1  @mrxtask:440
[02:58:57.119] [lua] 1  @mrxtask:440
[02:58:57.129] [lua] 1  @mrxtask:440
[02:58:57.138] [lua] @@@@@@@@@@ MrxMissionFlow.Reset: resetting refresh callback  @mrxmissionflow:54
[02:58:57.148] [lua] Setting flow data (67 bindings)  @mrxmissionflow:154
[02:58:57.148] [world] >>> Setting flow data (67 bindings)  @mrxmissionflow:154
[02:58:57.157] [lua] @@@@@@@@@@ MrxState.Enter: state STATE_WAITFORSTREAMING (refcount=1)  @mrxstate:381
[02:58:57.157] [world] >>> @@@@@@@@@@ MrxState.Enter: state STATE_WAITFORSTREAMING (refcount=1)  @mrxstate:381
[02:58:57.167] [lua] ###! GlobalEnter - Complete  @mrxstate:432
[02:58:57.167] [world] >>> ###! GlobalEnter - Complete  @mrxstate:432
[02:58:57.176] [lua] @@@@@@@@@@ MrxState._StateComplete:  state STATE_WAITFORGAME, about to _AttemptGlobalExit  @mrxstate:325
[02:58:57.176] [world] >>> @@@@@@@@@@ MrxState._StateComplete:  state STATE_WAITFORGAME, about to _AttemptGlobalExit  @mrxstate:325
[02:58:57.186] [lua] @@@@@@@@@@ MrxState._AttemptGlobalExit  @mrxstate:495
[02:58:57.194] [lua] @@@@@@@@@@ MrxState._AttemptGlobalExit:  state STATE_WAITFORSTREAMING still active .. (refcount=1,bLocked=true)  @mrxstate:512
[02:58:57.194] [world] >>> @@@@@@@@@@ MrxState._AttemptGlobalExit:  state STATE_WAITFORSTREAMING still active .. (refcount=1,bLocked=true)  @mrxstate:512
[02:58:57.203] [lua] ###! GlobalEnter - Complete  @mrxstate:432
[02:58:57.204] [world] >>> ###! GlobalEnter - Complete  @mrxstate:432
[02:58:57.216] [lua] 2  @mrxfactionmanager:505
[02:58:57.224] [lua] 2  @mrxfactionmanager:505
[02:58:57.232] [lua] 2  @mrxfactionmanager:505
[02:58:57.239] [lua] 2  @mrxfactionmanager:505
[02:58:57.246] [lua] 2  @mrxfactionmanager:505
[02:58:58.828] [lua] +++++++++++++++++++++++++++ Transfer Activate  @hero:538
[02:58:58.837] [lua] Equipment 4 - Parent userdata: 80002331  @mrxplayer:1058
[02:58:58.845] [lua] Equipment 2 - Parent userdata: 8000569E  @mrxplayer:1058
[02:58:58.854] [lua] Equipment 1 - Parent userdata: 80006ED0  @mrxplayer:1058
[02:58:58.862] [lua] Equipment 3 - Parent userdata: 80005FD3  @mrxplayer:1058
[02:58:58.876] [lua] New Equipment 1 - Parent userdata: 80006ED0 Guid userdata: 40005BCC  @mrxplayer:1065
[02:58:58.885] [lua] New Equipment 2 - Parent userdata: 8000569E Guid userdata: 40005BCD  @mrxplayer:1065
[02:58:58.893] [lua] New Equipment 3 - Parent userdata: 80005FD3 Guid userdata: 40005BCF  @mrxplayer:1065
[02:58:58.902] [lua] New Equipment 4 - Parent userdata: 80002331 Guid userdata: 40005BD0  @mrxplayer:1065
[02:58:58.909] [lua] table:0x1F1A3460  @mrxguibase:1353
[02:58:58.917] [lua] table:0x1F1A3C60  @mrxguibase:1353
[02:58:58.925] [lua] table:0x1F1A3DC0  @mrxguibase:1353
[02:58:58.934] [lua] table:0x1ED1F580  @mrxguibase:1353
[02:58:58.944] [lua] table:0x1F1A4540  @mrxguibase:1353
[02:58:58.952] [lua] table:0x1F1A50A0  @mrxguibase:1353
[02:58:58.961] [lua] BLACKSCREEN - FadeFromColor called from hero.CleanupSurvival  @hero:325
[02:58:58.969] [lua] +++++++++++++++++++++++++++ Transfer Cleanup  @hero:566
[02:58:59.185] [lua] +++++++++++++++++++++++++++ Transfer Activate  @hero:538
[02:58:59.192] [lua] table:0x1F1A3C60  @mrxguibase:1353
[02:58:59.199] [lua] table:0x1ED1F580  @mrxguibase:1353
[02:58:59.206] [lua] table:0x1F1A4540  @mrxguibase:1353
[02:58:59.339] [lua] @@@@@@@@@@ MrxState._StateComplete:  state STATE_WAITFORSTREAMING, about to _AttemptGlobalExit  @mrxstate:325
[02:58:59.339] [world] >>> @@@@@@@@@@ MrxState._StateComplete:  state STATE_WAITFORSTREAMING, about to _AttemptGlobalExit  @mrxstate:325
[02:58:59.348] [lua] @@@@@@@@@@ MrxState.Exit: state STATE_WAITFORSTREAMING (refcount=0)  @mrxstate:476
[02:58:59.348] [world] >>> @@@@@@@@@@ MrxState.Exit: state STATE_WAITFORSTREAMING (refcount=0)  @mrxstate:476
[02:58:59.359] [lua] @@@@@@@@@@ MrxState._AttemptGlobalExit  @mrxstate:495
[02:58:59.369] [lua] @@@@@@@@@@ MrxState._AttemptGlobalExit:  state STATE_WAITFORGAME still active .. (refcount=1,bLocked=false)  @mrxstate:512
[02:58:59.369] [world] >>> @@@@@@@@@@ MrxState._AttemptGlobalExit:  state STATE_WAITFORGAME still active .. (refcount=1,bLocked=false)  @mrxstate:512
[02:58:59.380] [lua] Culling 63 bindings....  @mrxmissionflow:1068
[02:58:59.392] [lua] Culling binding "AllOutposts"  @mrxmissionflow:1079
[02:58:59.403] [lua] Culling binding "PmcCon031_x3"  @mrxmissionflow:1079
[02:58:59.412] [lua] Culling binding "OilCon050"  @mrxmissionflow:1079
[02:58:59.420] [lua] Culling binding "GurCon002"  @mrxmissionflow:1079
[02:58:59.429] [lua] Culling binding "AllCon001"  @mrxmissionflow:1079
[02:58:59.438] [lua] Culling binding "PmcCon002_JetIntro"  @mrxmissionflow:1079
[02:58:59.447] [lua] Culling binding "PrOutposts"  @mrxmissionflow:1079
[02:58:59.456] [lua] Culling binding "AllChiIntro"  @mrxmissionflow:1079
[02:58:59.466] [lua] Culling binding "PmcCon002_JetCon001"  @mrxmissionflow:1079
[02:58:59.476] [lua] Culling binding "GurOutposts"  @mrxmissionflow:1079
[02:58:59.485] [lua] Culling binding "JetIntro"  @mrxmissionflow:1079
[02:58:59.495] [lua] Culling binding "PmcCon032_x3"  @mrxmissionflow:1079
[02:58:59.504] [lua] Culling binding "PmcCon003"  @mrxmissionflow:1079
[02:58:59.513] [lua] Culling binding "PirIntro"  @mrxmissionflow:1079
[02:58:59.522] [lua] Culling binding "Start"  @mrxmissionflow:1079
[02:58:59.530] [lua] Culling binding "JetCon001"  @mrxmissionflow:1079
[02:58:59.539] [lua] Culling binding "OilCon002"  @mrxmissionflow:1079
[02:58:59.547] [lua] Culling binding "PirJob012"  @mrxmissionflow:1079
[02:58:59.556] [lua] Culling binding "GurJob002"  @mrxmissionflow:1079
[02:58:59.565] [lua] Culling binding "GurIntro"  @mrxmissionflow:1079
[02:58:59.574] [lua] Culling binding "OilCon051"  @mrxmissionflow:1079
[02:58:59.583] [lua] Culling binding "OilJob011"  @mrxmissionflow:1079
[02:58:59.591] [lua] Culling binding "OilCon052"  @mrxmissionflow:1079
[02:58:59.600] [lua] Culling binding "AllCon002"  @mrxmissionflow:1079
[02:58:59.608] [lua] Culling binding "PmcCon032"  @mrxmissionflow:1079
[02:58:59.618] [lua] Culling binding "OilCon001"  @mrxmissionflow:1079
[02:58:59.627] [lua] Culling binding "PmcCon031"  @mrxmissionflow:1079
[02:58:59.636] [lua] Culling binding "AllCon050_ChiCon050"  @mrxmissionflow:1079
[02:58:59.645] [lua] Culling binding "AllCon052"  @mrxmissionflow:1079
[02:58:59.653] [lua] Culling binding "OilOutposts"  @mrxmissionflow:1079
[02:58:59.662] [lua] Culling binding "OilCon021"  @mrxmissionflow:1079
[02:58:59.671] [lua] Culling binding "PmcCon033_x3"  @mrxmissionflow:1079
[02:58:59.685] [lua] Culling binding "GurCon053"  @mrxmissionflow:1079
[02:58:59.694] [lua] Culling binding "ChiJob002"  @mrxmissionflow:1079
[02:58:59.703] [lua] Culling binding "VzaCon001"  @mrxmissionflow:1079
[02:58:59.712] [lua] Culling binding "PmcCon001"  @mrxmissionflow:1079
[02:58:59.720] [lua] Culling binding "MecCon001"  @mrxmissionflow:1079
[02:58:59.729] [lua] Culling binding "AllCon053"  @mrxmissionflow:1079
[02:58:59.740] [lua] Culling binding "PmcCon002_MecIntro"  @mrxmissionflow:1079
[02:58:59.750] [lua] Culling binding "PmcCon002_MecCon001"  @mrxmissionflow:1079
[02:58:59.759] [lua] Culling binding "OilCon020"  @mrxmissionflow:1079
[02:58:59.768] [lua] Culling binding "PmcCon034_x3"  @mrxmissionflow:1079
[02:58:59.777] [lua] Culling binding "PmcCon002_NotMecIntro"  @mrxmissionflow:1079
[02:58:59.786] [lua] Culling binding "GurCon001"  @mrxmissionflow:1079
[02:58:59.795] [lua] Culling binding "PirCon051"  @mrxmissionflow:1079
[02:58:59.804] [lua] Culling binding "PirCon001"  @mrxmissionflow:1079
[02:58:59.812] [lua] Culling binding "GurCon052"  @mrxmissionflow:1079
[02:58:59.822] [lua] Culling binding "AllCon001_ChiCon001"  @mrxmissionflow:1079
[02:58:59.831] [lua] Culling binding "GurCon003"  @mrxmissionflow:1079
[02:58:59.839] [lua] Culling binding "ChiCon053"  @mrxmissionflow:1079
[02:58:59.848] [lua] Culling binding "ChiCon002"  @mrxmissionflow:1079
[02:58:59.857] [lua] Culling binding "PmcCon016"  @mrxmissionflow:1079
[02:58:59.865] [lua] Culling binding "ChiCon051"  @mrxmissionflow:1079
[02:58:59.876] [lua] Culling binding "ChiCon001"  @mrxmissionflow:1079
[02:58:59.885] [lua] Culling binding "PmcCon002"  @mrxmissionflow:1079
[02:58:59.894] [lua] Culling binding "ChiCon050"  @mrxmissionflow:1079
[02:58:59.903] [lua] Culling binding "PirCon052"  @mrxmissionflow:1079
[02:58:59.912] [lua] Culling binding "MecIntro"  @mrxmissionflow:1079
[02:58:59.921] [lua] Culling binding "AllJob002"  @mrxmissionflow:1079
[02:58:59.930] [lua] Culling binding "GurCon050"  @mrxmissionflow:1079
[02:58:59.939] [lua] Culling binding "AllCon050"  @mrxmissionflow:1079
[02:58:59.948] [lua] Culling binding "ChiOutposts"  @mrxmissionflow:1079
[02:58:59.959] [lua] Culling binding "OilCon001_GurCon001"  @mrxmissionflow:1079
[02:58:59.966] [lua] table:0x1F1A10A0  @mrxmissionflow:169
[02:58:59.974] [lua] Unlocking mission ChiCon009  @mrxmissionflow:201
[02:58:59.982] [lua] 0  @mrxtask:440
[02:58:59.991] [lua] 0  @mrxtask:440
[02:58:59.999] [lua] Adding ChiCon009 as a child of Missions  @mrxtask:718
[02:59:00.008] [lua] true  @mrxtask:722
[02:59:00.015] [lua] 0  @mrxtask:440
[02:59:00.024] [lua] 0  @mrxtask:440
[02:59:00.033] [lua] Adding ChiCon009Mission as a child of ChiCon009  @mrxtask:718
[02:59:00.040] [lua] true  @mrxtask:722
[02:59:00.047] [lua] 0  @mrxtask:440
[02:59:00.054] [lua] true  @mrxtask:291
[02:59:00.062] [lua] 0  @mrxtask:440
[02:59:00.071] [lua] 0  @mrxtask:440
[02:59:00.080] [lua] Adding ChiCon009Briefing as a child of ChiCon009  @mrxtask:718
[02:59:00.087] [lua] true  @mrxtask:722
[02:59:00.094] [lua] 0  @mrxtask:440
[02:59:00.103] [lua] true  @mrxtask:291
[02:59:00.111] [lua] true  @mrxstarter:252
[02:59:00.120] [lua] Starter activated!  @mrxstarter:431
[02:59:00.131] [lua] HQ ChiOutpost4 could not be retrieved  @mrxhqmanager:28
[02:59:00.140] [lua] Attempting to unlock HQ ChiOutpost4  @mrxhqmanager:54
[02:59:00.149] [lua] Loading data for HQ ChiOutpost4  @mrxhqmanager:59
[02:59:00.159] [lua] HQ ChiOutpost4 setup complete  @mrxhqmanager:80
[02:59:00.169] [lua] @@@@@@@@@@ Disabling ChiOutpost4 portal  @mrxhq:599
[02:59:00.176] [lua] table:0x1F18AC40  @mrxguibase:1353
[02:59:00.185] [lua] table:0x1F18AB40  @mrxguibase:1353
[02:59:00.193] [lua] table:0x1F18AA40  @mrxguibase:1353
[02:59:00.202] [lua] ChiOutpost4 Respawn set to true  @mrxhqmanager:184
[02:59:00.211] [lua] Creating DeathEvent for ChiOutpost4(userdata: 000FDC44)  @mrxhqmanager:146
[02:59:00.221] [lua] Adding ChiStarter4 to HQ  @mrxhq:843
[02:59:00.228] [lua] 2  @mrxfactionmanager:505
[02:59:00.236] [lua] 2  @mrxfactionmanager:505
[02:59:00.248] [lua] @@@@@@@@@@ Enabling ChiOutpost4 portal  @mrxhq:597
[02:59:00.256] [lua] 2  @mrxfactionmanager:505
[02:59:00.265] [lua] 2  @mrxfactionmanager:505
[02:59:00.274] [lua] @@@@@@@@@@ Enabling ChiOutpost4 portal  @mrxhq:597
[02:59:00.282] [lua] 2  @mrxfactionmanager:505
[02:59:00.293] [lua] true  @mrxstarter:252
[02:59:00.301] [lua] 2  @mrxfactionmanager:505
[02:59:00.309] [lua] @@@@@@@@@@ Enabling ChiOutpost4 portal  @mrxhq:597
[02:59:00.317] [lua] 2  @mrxfactionmanager:505
[02:59:00.324] [lua] table:0x1F1A10A0  @mrxmissionflow:169
[02:59:00.335] [lua] Unlocking mission ChiJob003  @mrxmissionflow:201
[02:59:00.342] [lua] 0  @mrxtask:440
[02:59:00.351] [lua] 0  @mrxtask:440
[02:59:00.360] [lua] Adding ChiJob003 as a child of Missions  @mrxtask:718
[02:59:00.367] [lua] true  @mrxtask:722
[02:59:00.375] [lua] 0  @mrxtask:440
[02:59:00.382] [lua] 0  @mrxtask:440
[02:59:00.391] [lua] Adding ChiJob003Mission as a child of ChiJob003  @mrxtask:718
[02:59:00.398] [lua] true  @mrxtask:722
[02:59:00.405] [lua] 0  @mrxtask:440
[02:59:00.412] [lua] true  @mrxtask:291
[02:59:00.419] [lua] 0  @mrxtask:440
[02:59:00.427] [lua] 0  @mrxtask:440
[02:59:00.436] [lua] Saving Missions.ChiCon009.ChiCon009Mission  @mrxtask:839
[02:59:00.443] [lua] 0  @mrxtask:440
[02:59:00.452] [lua] Equipment 1 - Parent userdata: 80006ED0 Reserve 4  @mrxplayer:1014
[02:59:00.461] [lua] Equipment 2 - Parent userdata: 8000569E Reserve 6  @mrxplayer:1014
[02:59:00.470] [lua] Equipment 3 - Parent userdata: 80005FD3 Reserve 244  @mrxplayer:1014
[02:59:00.479] [lua] Equipment 4 - Parent userdata: 80002331 Reserve 9  @mrxplayer:1014
[02:59:00.487] [lua] SaveSingleton VerifyManager  @mrxverifymanager:100
[02:59:00.496] [lua] @@@@@@@@@@ MrxState.Enter: state STATE_WAITFORSTREAMING (refcount=1)  @mrxstate:381
[02:59:00.497] [world] >>> @@@@@@@@@@ MrxState.Enter: state STATE_WAITFORSTREAMING (refcount=1)  @mrxstate:381
[02:59:00.506] [lua] 0  @mrxtask:440
[02:59:00.513] [lua] true  @mrxtask:291
[02:59:00.523] [lua] ###! GlobalEnter - Complete  @mrxstate:432
[02:59:00.523] [world] >>> ###! GlobalEnter - Complete  @mrxstate:432
[02:59:00.531] [lua] table:0x1F1A10A0  @mrxmissionflow:169
[02:59:00.539] [lua] Unlocking mission PirCon004  @mrxmissionflow:201
[02:59:00.547] [lua] 0  @mrxtask:440
[02:59:00.555] [lua] 0  @mrxtask:440
[02:59:00.564] [lua] Adding PirCon004 as a child of Missions  @mrxtask:718
[02:59:00.571] [lua] true  @mrxtask:722
[02:59:00.578] [lua] 0  @mrxtask:440
[02:59:00.587] [lua] 0  @mrxtask:440
[02:59:00.597] [lua] Adding PirCon004Mission as a child of PirCon004  @mrxtask:718
[02:59:00.604] [lua] true  @mrxtask:722
[02:59:00.611] [lua] 0  @mrxtask:440
[02:59:00.618] [lua] true  @mrxtask:291
[02:59:00.626] [lua] 0  @mrxtask:440
[02:59:00.641] [lua] 0  @mrxtask:440
[02:59:00.650] [lua] Adding PirCon004Briefing as a child of PirCon004  @mrxtask:718
[02:59:00.659] [lua] true  @mrxtask:722
[02:59:00.667] [lua] 0  @mrxtask:440
[02:59:00.675] [lua] true  @mrxtask:291
[02:59:00.686] [lua] true  @mrxstarter:252
[02:59:00.695] [lua] Starter activated!  @mrxstarter:431
[02:59:00.704] [lua] HQ PirOutpost4 could not be retrieved  @mrxhqmanager:28
[02:59:00.712] [lua] Attempting to unlock HQ PirOutpost4  @mrxhqmanager:54
[02:59:00.722] [lua] Loading data for HQ PirOutpost4  @mrxhqmanager:59
[02:59:00.731] [lua] HQ PirOutpost4 setup complete  @mrxhqmanager:80
[02:59:00.739] [lua] @@@@@@@@@@ Disabling PirOutpost4 portal  @mrxhq:599
[02:59:00.748] [lua] PirOutpost4 Respawn set to true  @mrxhqmanager:184
[02:59:00.757] [lua] Creating DeathEvent for PirOutpost4(userdata: 000EB2F0)  @mrxhqmanager:146
[02:59:00.766] [lua] Adding PirStarter4 to HQ  @mrxhq:843
[02:59:00.773] [lua] 2  @mrxfactionmanager:505
[02:59:00.781] [lua] 2  @mrxfactionmanager:505
[02:59:00.790] [lua] @@@@@@@@@@ Enabling PirOutpost4 portal  @mrxhq:597
[02:59:00.800] [lua] 2  @mrxfactionmanager:505
[02:59:00.807] [lua] 2  @mrxfactionmanager:505
[02:59:00.817] [lua] @@@@@@@@@@ Enabling PirOutpost4 portal  @mrxhq:597
[02:59:00.824] [lua] 2  @mrxfactionmanager:505
[02:59:00.831] [lua] true  @mrxstarter:252
[02:59:00.838] [lua] 2  @mrxfactionmanager:505
[02:59:00.848] [lua] @@@@@@@@@@ Enabling PirOutpost4 portal  @mrxhq:597
[02:59:00.856] [lua] 2  @mrxfactionmanager:505
[02:59:00.864] [lua] table:0x1F1A10A0  @mrxmissionflow:169
[02:59:00.873] [lua] Unlocking mission OilCon003  @mrxmissionflow:201
[02:59:00.880] [lua] 0  @mrxtask:440
[02:59:00.888] [lua] 0  @mrxtask:440
[02:59:00.898] [lua] Adding OilCon003 as a child of Missions  @mrxtask:718
[02:59:00.906] [lua] true  @mrxtask:722
[02:59:00.913] [lua] 0  @mrxtask:440
[02:59:00.921] [lua] 0  @mrxtask:440
[02:59:00.929] [lua] Adding OilCon003Mission as a child of OilCon003  @mrxtask:718
[02:59:00.937] [lua] true  @mrxtask:722
[02:59:00.945] [lua] 0  @mrxtask:440
[02:59:00.952] [lua] true  @mrxtask:291
[02:59:00.961] [lua] Shop - Generating Shop List...  @mrxshop:286
[02:59:00.970] [lua] Shop - Faction Pmc has 11 items unlocked  @mrxshop:473
[02:59:00.978] [lua] Shop - Generating Shop List...  @mrxshop:286
[02:59:00.987] [lua] Shop - Faction Oil has 24 items unlocked  @mrxshop:473
[02:59:00.996] [lua] Shop - Generating Shop List...  @mrxshop:286
[02:59:01.005] [lua] Shop - Faction Gur has 28 items unlocked  @mrxshop:473
[02:59:01.014] [lua] Shop - Generating Shop List...  @mrxshop:286
[02:59:01.022] [lua] Shop - Faction Pir has 33 items unlocked  @mrxshop:473
[02:59:01.032] [lua] Shop - Generating Shop List...  @mrxshop:286
[02:59:01.040] [lua] Shop - Faction All has 37 items unlocked  @mrxshop:473
[02:59:01.049] [lua] Shop - Generating Shop List...  @mrxshop:286
[02:59:01.058] [lua] Shop - Faction Chi has 32 items unlocked  @mrxshop:473
[02:59:01.066] [lua] 0  @mrxtask:440
[02:59:01.073] [lua] 0  @mrxtask:440
[02:59:01.082] [lua] Adding OilCon003Briefing as a child of OilCon003  @mrxtask:718
[02:59:01.089] [lua] true  @mrxtask:722
[02:59:01.097] [lua] 0  @mrxtask:440
[02:59:01.104] [lua] true  @mrxtask:291
[02:59:01.112] [lua] true  @mrxstarter:252
[02:59:01.121] [lua] Starter activated!  @mrxstarter:431
[02:59:01.129] [lua] HQ OilOutpost3 could not be retrieved  @mrxhqmanager:28
[02:59:01.139] [lua] Attempting to unlock HQ OilOutpost3  @mrxhqmanager:54
[02:59:01.147] [lua] Loading data for HQ OilOutpost3  @mrxhqmanager:59
[02:59:01.156] [lua] HQ OilOutpost3 setup complete  @mrxhqmanager:80
[02:59:01.165] [lua] @@@@@@@@@@ Disabling OilOutpost3 portal  @mrxhq:599
[02:59:01.177] [lua] OilOutpost3 Respawn set to true  @mrxhqmanager:184
[02:59:01.186] [lua] Creating DeathEvent for OilOutpost3(userdata: 000EB2F3)  @mrxhqmanager:146
[02:59:01.195] [lua] Adding OilStarter3 to HQ  @mrxhq:843
[02:59:01.202] [lua] 2  @mrxfactionmanager:505
[02:59:01.211] [lua] 2  @mrxfactionmanager:505
[02:59:01.220] [lua] @@@@@@@@@@ Enabling OilOutpost3 portal  @mrxhq:597
[02:59:01.228] [lua] 2  @mrxfactionmanager:505
[02:59:01.235] [lua] 2  @mrxfactionmanager:505
[02:59:01.243] [lua] @@@@@@@@@@ Enabling OilOutpost3 portal  @mrxhq:597
[02:59:01.250] [lua] 2  @mrxfactionmanager:505
[02:59:01.260] [lua] true  @mrxstarter:252
[02:59:01.268] [lua] 2  @mrxfactionmanager:505
[02:59:01.276] [lua] @@@@@@@@@@ Enabling OilOutpost3 portal  @mrxhq:597
[02:59:01.283] [lua] 2  @mrxfactionmanager:505
[02:59:01.292] [lua] table:0x1F1A10A0  @mrxmissionflow:169
[02:59:01.301] [lua] Unlocking mission PmcCon015  @mrxmissionflow:201
[02:59:01.310] [lua] 0  @mrxtask:440
[02:59:01.317] [lua] 0  @mrxtask:440
[02:59:01.329] [lua] Adding PmcCon015 as a child of Missions  @mrxtask:718
[02:59:01.337] [lua] true  @mrxtask:722
[02:59:01.344] [lua] 0  @mrxtask:440
[02:59:01.351] [lua] 0  @mrxtask:440
[02:59:01.360] [lua] Adding PmcCon015Mission as a child of PmcCon015  @mrxtask:718
[02:59:01.367] [lua] true  @mrxtask:722
[02:59:01.377] [lua] 0  @mrxtask:440
[02:59:01.385] [lua] true  @mrxtask:291
[02:59:01.392] [lua] 0  @mrxtask:440
[02:59:01.399] [lua] 0  @mrxtask:440
[02:59:01.409] [lua] Adding PmcCon015Briefing as a child of PmcCon015  @mrxtask:718
[02:59:01.417] [lua] true  @mrxtask:722
[02:59:01.424] [lua] 0  @mrxtask:440
[02:59:01.432] [lua] true  @mrxtask:291
[02:59:01.439] [lua] true  @mrxstarter:252
[02:59:01.449] [lua] Starter activated!  @mrxstarter:431
[02:59:01.457] [lua] true  @mrxstarter:252
[02:59:01.465] [lua] table:0x1F1A10A0  @mrxmissionflow:169
[02:59:01.474] [lua] Unlocking mission ChiCon003  @mrxmissionflow:201
[02:59:01.482] [lua] 0  @mrxtask:440
[02:59:01.490] [lua] 0  @mrxtask:440
[02:59:01.500] [lua] Adding ChiCon003 as a child of Missions  @mrxtask:718
[02:59:01.507] [lua] true  @mrxtask:722
[02:59:01.515] [lua] 0  @mrxtask:440
[02:59:01.522] [lua] 0  @mrxtask:440
[02:59:01.530] [lua] Adding ChiCon003Mission as a child of ChiCon003  @mrxtask:718
[02:59:01.538] [lua] true  @mrxtask:722
[02:59:01.546] [lua] 0  @mrxtask:440
[02:59:01.553] [lua] true  @mrxtask:291
[02:59:01.562] [lua] Shop - Generating Shop List...  @mrxshop:286
[02:59:01.571] [lua] Shop - Faction Pmc has 11 items unlocked  @mrxshop:473
[02:59:01.581] [lua] Shop - Generating Shop List...  @mrxshop:286
[02:59:01.589] [lua] Shop - Faction Oil has 24 items unlocked  @mrxshop:473
[02:59:01.598] [lua] Shop - Generating Shop List...  @mrxshop:286
[02:59:01.607] [lua] Shop - Faction Gur has 28 items unlocked  @mrxshop:473
[02:59:01.618] [lua] Shop - Generating Shop List...  @mrxshop:286
[02:59:01.627] [lua] Shop - Faction Pir has 33 items unlocked  @mrxshop:473
[02:59:01.636] [lua] Shop - Generating Shop List...  @mrxshop:286
[02:59:01.645] [lua] Shop - Faction All has 37 items unlocked  @mrxshop:473
[02:59:01.654] [lua] Shop - Generating Shop List...  @mrxshop:286
[02:59:01.664] [lua] Shop - Faction Chi has 32 items unlocked  @mrxshop:473
[02:59:01.675] [lua] Shop - Generating Shop List...  @mrxshop:286
[02:59:01.685] [lua] Shop - Faction Pmc has 11 items unlocked  @mrxshop:473
[02:59:01.694] [lua] Shop - Generating Shop List...  @mrxshop:286
[02:59:01.707] [lua] Shop - Faction Oil has 24 items unlocked  @mrxshop:473
[02:59:01.718] [lua] Shop - Generating Shop List...  @mrxshop:286
[02:59:01.727] [lua] Shop - Faction Gur has 28 items unlocked  @mrxshop:473
[02:59:01.736] [lua] Shop - Generating Shop List...  @mrxshop:286
[02:59:01.746] [lua] Shop - Faction Pir has 33 items unlocked  @mrxshop:473
[02:59:01.754] [lua] Shop - Generating Shop List...  @mrxshop:286
[02:59:01.763] [lua] Shop - Faction All has 37 items unlocked  @mrxshop:473
[02:59:01.772] [lua] Shop - Generating Shop List...  @mrxshop:286
[02:59:01.786] [lua] Shop - Faction Chi has 32 items unlocked  @mrxshop:473
[02:59:01.796] [lua] 0  @mrxtask:440
[02:59:01.803] [lua] 0  @mrxtask:440
[02:59:01.812] [lua] Adding ChiCon003Briefing as a child of ChiCon003  @mrxtask:718
[02:59:01.819] [lua] true  @mrxtask:722
[02:59:01.826] [lua] 0  @mrxtask:440
[02:59:01.833] [lua] true  @mrxtask:291
[02:59:01.840] [lua] true  @mrxstarter:252
[02:59:01.850] [lua] Starter activated!  @mrxstarter:431
[02:59:01.858] [lua] HQ ChiHq could not be retrieved  @mrxhqmanager:28
[02:59:01.867] [lua] Attempting to unlock HQ ChiHq  @mrxhqmanager:54
[02:59:01.876] [lua] Loading data for HQ ChiHq  @mrxhqmanager:59
[02:59:01.886] [lua] HQ ChiHq setup complete  @mrxhqmanager:80
[02:59:01.895] [lua] @@@@@@@@@@ Disabling ChiHq portal  @mrxhq:599
[02:59:01.904] [lua] ChiHq Respawn set to true  @mrxhqmanager:184
[02:59:01.912] [lua] Creating HealthEvent for ChiHq(userdata: 000B7A69)  @mrxhqmanager:143
[02:59:01.921] [lua] Adding ChiStarter0 to HQ  @mrxhq:843
[02:59:01.932] [lua] 3  @mrxfactionmanager:505
[02:59:01.943] [lua] @@@@@@@@@@ Enabling ChiHq portal  @mrxhq:597
[02:59:01.950] [lua] 3  @mrxfactionmanager:505
[02:59:01.957] [lua] true  @mrxstarter:252
[02:59:01.964] [lua] 3  @mrxfactionmanager:505
[02:59:01.974] [lua] @@@@@@@@@@ Enabling ChiHq portal  @mrxhq:597
[02:59:01.983] [lua] 3  @mrxfactionmanager:505
[02:59:01.991] [lua] table:0x1F1A10A0  @mrxmissionflow:169
[02:59:02.000] [lua] Unlocking mission PmcCon034  @mrxmissionflow:201
[02:59:02.008] [lua] 0  @mrxtask:440
[02:59:02.019] [lua] 0  @mrxtask:440
[02:59:02.029] [lua] Adding PmcCon034 as a child of Missions  @mrxtask:718
[02:59:02.037] [lua] true  @mrxtask:722
[02:59:02.045] [lua] 0  @mrxtask:440
[02:59:02.052] [lua] 0  @mrxtask:440
[02:59:02.061] [lua] Adding PmcCon034Mission as a child of PmcCon034  @mrxtask:718
[02:59:02.068] [lua] true  @mrxtask:722
[02:59:02.077] [lua] 0  @mrxtask:440
[02:59:02.085] [lua] true  @mrxtask:291
[02:59:02.092] [lua] 0  @mrxtask:440
[02:59:02.099] [lua] 0  @mrxtask:440
[02:59:02.108] [lua] Adding PmcCon034Briefing as a child of PmcCon034  @mrxtask:718
[02:59:02.116] [lua] true  @mrxtask:722
[02:59:02.123] [lua] 0  @mrxtask:440
[02:59:02.130] [lua] true  @mrxtask:291
[02:59:02.139] [lua] true  @mrxstarter:252
[02:59:02.147] [lua] Starter activated!  @mrxstarter:431
[02:59:02.155] [lua] true  @mrxstarter:252
[02:59:02.162] [lua] table:0x1F1A10A0  @mrxmissionflow:169
[02:59:02.174] [lua] Unlocking mission ChiCon008  @mrxmissionflow:201
[02:59:02.183] [lua] 0  @mrxtask:440
[02:59:02.190] [lua] 0  @mrxtask:440
[02:59:02.199] [lua] Adding ChiCon008 as a child of Missions  @mrxtask:718
[02:59:02.206] [lua] true  @mrxtask:722
[02:59:02.213] [lua] 0  @mrxtask:440
[02:59:02.223] [lua] 0  @mrxtask:440
[02:59:02.232] [lua] Adding ChiCon008Mission as a child of ChiCon008  @mrxtask:718
[02:59:02.239] [lua] true  @mrxtask:722
[02:59:02.247] [lua] 0  @mrxtask:440
[02:59:02.254] [lua] true  @mrxtask:291
[02:59:02.261] [lua] 0  @mrxtask:440
[02:59:02.271] [lua] 0  @mrxtask:440
[02:59:02.280] [lua] Adding ChiCon008Briefing as a child of ChiCon008  @mrxtask:718
[02:59:02.286] [lua] true  @mrxtask:722
[02:59:02.298] [lua] 0  @mrxtask:440
[02:59:02.306] [lua] true  @mrxtask:291
[02:59:02.313] [lua] true  @mrxstarter:252
[02:59:02.322] [lua] Starter activated!  @mrxstarter:431
[02:59:02.331] [lua] HQ ChiOutpost2 could not be retrieved  @mrxhqmanager:28
[02:59:02.340] [lua] Attempting to unlock HQ ChiOutpost2  @mrxhqmanager:54
[02:59:02.349] [lua] Loading data for HQ ChiOutpost2  @mrxhqmanager:59
[02:59:02.358] [lua] HQ ChiOutpost2 setup complete  @mrxhqmanager:80
[02:59:02.367] [lua] @@@@@@@@@@ Disabling ChiOutpost2 portal  @mrxhq:599
[02:59:02.375] [lua] ChiOutpost2 Respawn set to true  @mrxhqmanager:184
[02:59:02.385] [lua] Creating DeathEvent for ChiOutpost2(userdata: 000EBC23)  @mrxhqmanager:146
[02:59:02.394] [lua] Adding ChiStarter2 to HQ  @mrxhq:843
[02:59:02.401] [lua] 2  @mrxfactionmanager:505
[02:59:02.409] [lua] 2  @mrxfactionmanager:505
[02:59:02.418] [lua] @@@@@@@@@@ Enabling ChiOutpost2 portal  @mrxhq:597
[02:59:02.426] [lua] 2  @mrxfactionmanager:505
[02:59:02.435] [lua] 2  @mrxfactionmanager:505
[02:59:02.444] [lua] @@@@@@@@@@ Enabling ChiOutpost2 portal  @mrxhq:597
[02:59:02.451] [lua] 2  @mrxfactionmanager:505
[02:59:02.459] [lua] true  @mrxstarter:252
[02:59:02.466] [lua] 2  @mrxfactionmanager:505
[02:59:02.479] [lua] @@@@@@@@@@ Enabling ChiOutpost2 portal  @mrxhq:597
[02:59:02.487] [lua] 2  @mrxfactionmanager:505
[02:59:02.495] [lua] table:0x1F1A10A0  @mrxmissionflow:169
[02:59:02.503] [lua] Unlocking mission OilJob004  @mrxmissionflow:201
[02:59:02.511] [lua] 0  @mrxtask:440
[02:59:02.518] [lua] 0  @mrxtask:440
[02:59:02.531] [lua] Adding OilJob004 as a child of Missions  @mrxtask:718
[02:59:02.539] [lua] true  @mrxtask:722
[02:59:02.547] [lua] 0  @mrxtask:440
[02:59:02.554] [lua] 0  @mrxtask:440
[02:59:02.563] [lua] Adding OilJob004Mission as a child of OilJob004  @mrxtask:718
[02:59:02.574] [lua] true  @mrxtask:722
[02:59:02.582] [lua] 0  @mrxtask:440
[02:59:02.589] [lua] true  @mrxtask:291
[02:59:02.597] [lua] 0  @mrxtask:440
[02:59:02.605] [lua] 0  @mrxtask:440
[02:59:02.615] [lua] Saving Missions.ChiCon009.ChiCon009Mission  @mrxtask:839
[02:59:02.622] [lua] 0  @mrxtask:440
[02:59:02.630] [lua] Saving Missions.ChiJob003.ChiJob003Mission  @mrxtask:839
[02:59:02.638] [lua] 0  @mrxtask:440
[02:59:02.648] [lua] Saving Missions.PirCon004.PirCon004Mission  @mrxtask:839
[02:59:02.655] [lua] 0  @mrxtask:440
[02:59:02.665] [lua] Saving Missions.OilCon003.OilCon003Mission  @mrxtask:839
[02:59:02.672] [lua] 0  @mrxtask:440
[02:59:02.684] [lua] Saving Missions.ChiCon008.ChiCon008Mission  @mrxtask:839
[02:59:02.691] [lua] 0  @mrxtask:440
[02:59:02.701] [lua] Saving Missions.PmcCon015.PmcCon015Mission  @mrxtask:839
[02:59:02.708] [lua] 0  @mrxtask:440
[02:59:02.717] [lua] Saving Missions.ChiCon003.ChiCon003Mission  @mrxtask:839
[02:59:02.724] [lua] 0  @mrxtask:440
[02:59:02.733] [lua] Saving Missions.PmcCon034.PmcCon034Mission  @mrxtask:839
[02:59:02.741] [lua] 0  @mrxtask:440
[02:59:02.749] [lua] Equipment 1 - Parent userdata: 80006ED0 Reserve 4  @mrxplayer:1014
[02:59:02.758] [lua] Equipment 2 - Parent userdata: 8000569E Reserve 6  @mrxplayer:1014
[02:59:02.767] [lua] Equipment 3 - Parent userdata: 80005FD3 Reserve 244  @mrxplayer:1014
[02:59:02.780] [lua] Equipment 4 - Parent userdata: 80002331 Reserve 9  @mrxplayer:1014
[02:59:02.789] [lua] SaveSingleton VerifyManager  @mrxverifymanager:100
[02:59:02.800] [lua] @@@@@@@@@@ MrxState.Enter: state STATE_WAITFORSTREAMING (refcount=2)  @mrxstate:381
[02:59:02.800] [world] >>> @@@@@@@@@@ MrxState.Enter: state STATE_WAITFORSTREAMING (refcount=2)  @mrxstate:381
[02:59:02.808] [lua] 0  @mrxtask:440
[02:59:02.818] [lua] true  @mrxtask:291
[02:59:02.828] [lua] ###! GlobalEnter - Complete  @mrxstate:432
[02:59:02.828] [world] >>> ###! GlobalEnter - Complete  @mrxstate:432
[02:59:02.836] [lua] table:0x1F1A10A0  @mrxmissionflow:169
[02:59:02.844] [lua] Unlocking mission GurJob006  @mrxmissionflow:201
[02:59:02.852] [lua] 0  @mrxtask:440
[02:59:02.860] [lua] 0  @mrxtask:440
[02:59:02.870] [lua] Adding GurJob006 as a child of Missions  @mrxtask:718
[02:59:02.880] [lua] true  @mrxtask:722
[02:59:02.887] [lua] 0  @mrxtask:440
[02:59:02.894] [lua] 0  @mrxtask:440
[02:59:02.904] [lua] Adding GurJob006Mission as a child of GurJob006  @mrxtask:718
[02:59:02.913] [lua] true  @mrxtask:722
[02:59:02.923] [lua] 0  @mrxtask:440
[02:59:02.931] [lua] true  @mrxtask:291
[02:59:02.938] [lua] 0  @mrxtask:440
[02:59:02.946] [lua] 0  @mrxtask:440
[02:59:02.955] [lua] Saving Missions.ChiCon009.ChiCon009Mission  @mrxtask:839
[02:59:02.966] [lua] 0  @mrxtask:440
[02:59:02.975] [lua] Saving Missions.ChiJob003.ChiJob003Mission  @mrxtask:839
[02:59:02.983] [lua] 0  @mrxtask:440
[02:59:02.992] [lua] Saving Missions.PirCon004.PirCon004Mission  @mrxtask:839
[02:59:02.999] [lua] 0  @mrxtask:440
[02:59:03.008] [lua] Saving Missions.OilCon003.OilCon003Mission  @mrxtask:839
[02:59:03.017] [lua] 0  @mrxtask:440
[02:59:03.027] [lua] Saving Missions.PmcCon015.PmcCon015Mission  @mrxtask:839
[02:59:03.034] [lua] 0  @mrxtask:440
[02:59:03.044] [lua] Saving Missions.ChiCon003.ChiCon003Mission  @mrxtask:839
[02:59:03.053] [lua] 0  @mrxtask:440
[02:59:03.062] [lua] Saving Missions.ChiCon008.ChiCon008Mission  @mrxtask:839
[02:59:03.069] [lua] 0  @mrxtask:440
[02:59:03.077] [lua] Saving Missions.OilJob004.OilJob004Mission  @mrxtask:839
[02:59:03.087] [lua] 0  @mrxtask:440
[02:59:03.097] [lua] Saving Missions.PmcCon034.PmcCon034Mission  @mrxtask:839
[02:59:03.105] [lua] 0  @mrxtask:440
[02:59:03.113] [lua] Equipment 1 - Parent userdata: 80006ED0 Reserve 4  @mrxplayer:1014
[02:59:03.121] [lua] Equipment 2 - Parent userdata: 8000569E Reserve 6  @mrxplayer:1014
[02:59:03.130] [lua] Equipment 3 - Parent userdata: 80005FD3 Reserve 244  @mrxplayer:1014
[02:59:03.140] [lua] Equipment 4 - Parent userdata: 80002331 Reserve 9  @mrxplayer:1014
[02:59:03.148] [lua] SaveSingleton VerifyManager  @mrxverifymanager:100
[02:59:03.158] [lua] @@@@@@@@@@ MrxState.Enter: state STATE_WAITFORSTREAMING (refcount=3)  @mrxstate:381
[02:59:03.158] [world] >>> @@@@@@@@@@ MrxState.Enter: state STATE_WAITFORSTREAMING (refcount=3)  @mrxstate:381
[02:59:03.166] [lua] 0  @mrxtask:440
[02:59:03.174] [lua] true  @mrxtask:291
[02:59:03.188] [lua] ###! GlobalEnter - Complete  @mrxstate:432
[02:59:03.188] [world] >>> ###! GlobalEnter - Complete  @mrxstate:432
[02:59:03.196] [lua] table:0x1F1A10A0  @mrxmissionflow:169
[02:59:03.205] [lua] Unlocking mission GurJob001  @mrxmissionflow:201
[02:59:03.212] [lua] 0  @mrxtask:440
[02:59:03.220] [lua] 0  @mrxtask:440
[02:59:03.230] [lua] Adding GurJob001 as a child of Missions  @mrxtask:718
[02:59:03.237] [lua] true  @mrxtask:722
[02:59:03.244] [lua] 0  @mrxtask:440
[02:59:03.251] [lua] 0  @mrxtask:440
[02:59:03.260] [lua] Adding GurJob001Mission as a child of GurJob001  @mrxtask:718
[02:59:03.266] [lua] true  @mrxtask:722
[02:59:03.279] [lua] 0  @mrxtask:440
[02:59:03.287] [lua] true  @mrxtask:291
[02:59:03.294] [lua] 0  @mrxtask:440
[02:59:03.301] [lua] 0  @mrxtask:440
[02:59:03.310] [lua] Saving Missions.ChiCon009.ChiCon009Mission  @mrxtask:839
[02:59:03.318] [lua] 0  @mrxtask:440
[02:59:03.327] [lua] Saving Missions.ChiJob003.ChiJob003Mission  @mrxtask:839
[02:59:03.335] [lua] 0  @mrxtask:440
[02:59:03.344] [lua] Saving Missions.PirCon004.PirCon004Mission  @mrxtask:839
[02:59:03.352] [lua] 0  @mrxtask:440
[02:59:03.360] [lua] Saving Missions.OilCon003.OilCon003Mission  @mrxtask:839
[02:59:03.368] [lua] 0  @mrxtask:440
[02:59:03.378] [lua] Saving Missions.PmcCon015.PmcCon015Mission  @mrxtask:839
[02:59:03.385] [lua] 0  @mrxtask:440
[02:59:03.394] [lua] Saving Missions.ChiCon003.ChiCon003Mission  @mrxtask:839
[02:59:03.401] [lua] 0  @mrxtask:440
[02:59:03.412] [lua] Saving Missions.GurJob006.GurJob006Mission  @mrxtask:839
[02:59:03.421] [lua] 0  @mrxtask:440
[02:59:03.430] [lua] Saving Missions.ChiCon008.ChiCon008Mission  @mrxtask:839
[02:59:03.438] [lua] 0  @mrxtask:440
[02:59:03.449] [lua] Saving Missions.OilJob004.OilJob004Mission  @mrxtask:839
[02:59:03.458] [lua] 0  @mrxtask:440
[02:59:03.466] [lua] Saving Missions.PmcCon034.PmcCon034Mission  @mrxtask:839
[02:59:03.474] [lua] 0  @mrxtask:440
[02:59:03.482] [lua] Equipment 1 - Parent userdata: 80006ED0 Reserve 4  @mrxplayer:1014
[02:59:03.491] [lua] Equipment 2 - Parent userdata: 8000569E Reserve 6  @mrxplayer:1014
[02:59:03.500] [lua] Equipment 3 - Parent userdata: 80005FD3 Reserve 244  @mrxplayer:1014
[02:59:03.509] [lua] Equipment 4 - Parent userdata: 80002331 Reserve 9  @mrxplayer:1014
[02:59:03.519] [lua] SaveSingleton VerifyManager  @mrxverifymanager:100
[02:59:03.529] [lua] @@@@@@@@@@ MrxState.Enter: state STATE_WAITFORSTREAMING (refcount=4)  @mrxstate:381
[02:59:03.529] [world] >>> @@@@@@@@@@ MrxState.Enter: state STATE_WAITFORSTREAMING (refcount=4)  @mrxstate:381
[02:59:03.538] [lua] 0  @mrxtask:440
[02:59:03.545] [lua] true  @mrxtask:291
[02:59:03.553] [lua] ###! GlobalEnter - Complete  @mrxstate:432
[02:59:03.553] [world] >>> ###! GlobalEnter - Complete  @mrxstate:432
[02:59:03.561] [lua] table:0x1F1A10A0  @mrxmissionflow:169
[02:59:03.571] [lua] Unlocking mission PirCon002  @mrxmissionflow:201
[02:59:03.578] [lua] 0  @mrxtask:440
[02:59:03.586] [lua] 0  @mrxtask:440
[02:59:03.596] [lua] Adding PirCon002 as a child of Missions  @mrxtask:718
[02:59:03.603] [lua] true  @mrxtask:722
[02:59:03.611] [lua] 0  @mrxtask:440
[02:59:03.618] [lua] 0  @mrxtask:440
[02:59:03.628] [lua] Adding PirCon002Mission as a child of PirCon002  @mrxtask:718
[02:59:03.638] [lua] true  @mrxtask:722
[02:59:03.646] [lua] 0  @mrxtask:440
[02:59:03.653] [lua] true  @mrxtask:291
[02:59:03.660] [lua] 0  @mrxtask:440
[02:59:03.667] [lua] 0  @mrxtask:440
[02:59:03.680] [lua] Adding PirCon002Briefing as a child of PirCon002  @mrxtask:718
[02:59:03.689] [lua] true  @mrxtask:722
[02:59:03.696] [lua] 0  @mrxtask:440
[02:59:03.703] [lua] true  @mrxtask:291
[02:59:03.710] [lua] true  @mrxstarter:252
[02:59:03.719] [lua] Starter activated!  @mrxstarter:431
[02:59:03.727] [lua] HQ PirOutpost1 could not be retrieved  @mrxhqmanager:28
[02:59:03.736] [lua] Attempting to unlock HQ PirOutpost1  @mrxhqmanager:54
[02:59:03.745] [lua] Loading data for HQ PirOutpost1  @mrxhqmanager:59
[02:59:03.753] [lua] HQ PirOutpost1 setup complete  @mrxhqmanager:80
[02:59:03.762] [lua] @@@@@@@@@@ Disabling PirOutpost1 portal  @mrxhq:599
[02:59:03.770] [lua] PirOutpost1 Respawn set to true  @mrxhqmanager:184
[02:59:03.782] [lua] Creating DeathEvent for PirOutpost1(userdata: 000987CD)  @mrxhqmanager:146
[02:59:03.791] [lua] Adding PirStarter1 to HQ  @mrxhq:843
[02:59:03.798] [lua] 2  @mrxfactionmanager:505
[02:59:03.808] [lua] @@@@@@@@@@ Enabling PirOutpost1 portal  @mrxhq:597
[02:59:03.816] [lua] 2  @mrxfactionmanager:505
[02:59:03.826] [lua] !!!!!!!!!!! CLIENT WON'T SEE THIS ... Could not find marker Minimap_Icon_Faction_PR in Radar table  @mrxutil:1356
[02:59:03.833] [lua] true  @mrxstarter:252
[02:59:03.841] [lua] 2  @mrxfactionmanager:505
[02:59:03.851] [lua] @@@@@@@@@@ Enabling PirOutpost1 portal  @mrxhq:597
[02:59:03.880] [lua] 2  @mrxfactionmanager:505
[02:59:03.895] [lua] !!!!!!!!!!! CLIENT WON'T SEE THIS ... Could not find marker Minimap_Icon_Faction_PR in Radar table  @mrxutil:1356
[02:59:03.902] [lua] table:0x1F1A10A0  @mrxmissionflow:169
[02:59:03.912] [lua] Unlocking mission AllCon003  @mrxmissionflow:201
[02:59:03.919] [lua] 0  @mrxtask:440
[02:59:03.926] [lua] 0  @mrxtask:440
[02:59:03.934] [lua] Adding AllCon003 as a child of Missions  @mrxtask:718
[02:59:03.942] [lua] true  @mrxtask:722
[02:59:03.950] [lua] 0  @mrxtask:440
[02:59:03.957] [lua] 0  @mrxtask:440
[02:59:03.965] [lua] Adding AllCon003Mission as a child of AllCon003  @mrxtask:718
[02:59:03.973] [lua] true  @mrxtask:722
[02:59:03.980] [lua] 0  @mrxtask:440
[02:59:03.987] [lua] true  @mrxtask:291
[02:59:03.995] [lua] Shop - Generating Shop List...  @mrxshop:286
[02:59:04.004] [lua] Shop - Faction Pmc has 11 items unlocked  @mrxshop:473
[02:59:04.013] [lua] Shop - Generating Shop List...  @mrxshop:286
[02:59:04.023] [lua] Shop - Faction Oil has 24 items unlocked  @mrxshop:473
[02:59:04.031] [lua] Shop - Generating Shop List...  @mrxshop:286
[02:59:04.039] [lua] Shop - Faction Gur has 28 items unlocked  @mrxshop:473
[02:59:04.049] [lua] Shop - Generating Shop List...  @mrxshop:286
[02:59:04.058] [lua] Shop - Faction Pir has 33 items unlocked  @mrxshop:473
[02:59:04.067] [lua] Shop - Generating Shop List...  @mrxshop:286
[02:59:04.076] [lua] Shop - Faction All has 37 items unlocked  @mrxshop:473
[02:59:04.085] [lua] Shop - Generating Shop List...  @mrxshop:286
[02:59:04.094] [lua] Shop - Faction Chi has 32 items unlocked  @mrxshop:473
[02:59:04.103] [lua] Shop - Generating Shop List...  @mrxshop:286
[02:59:04.113] [lua] Shop - Faction Pmc has 11 items unlocked  @mrxshop:473
[02:59:04.121] [lua] Shop - Generating Shop List...  @mrxshop:286
[02:59:04.130] [lua] Shop - Faction Oil has 24 items unlocked  @mrxshop:473
[02:59:04.140] [lua] Shop - Generating Shop List...  @mrxshop:286
[02:59:04.150] [lua] Shop - Faction Gur has 28 items unlocked  @mrxshop:473
[02:59:04.158] [lua] Shop - Generating Shop List...  @mrxshop:286
[02:59:04.167] [lua] Shop - Faction Pir has 33 items unlocked  @mrxshop:473
[02:59:04.176] [lua] Shop - Generating Shop List...  @mrxshop:286
[02:59:04.185] [lua] Shop - Faction All has 37 items unlocked  @mrxshop:473
[02:59:04.194] [lua] Shop - Generating Shop List...  @mrxshop:286
[02:59:04.202] [lua] Shop - Faction Chi has 32 items unlocked  @mrxshop:473
[02:59:04.211] [lua] Shop - Generating Shop List...  @mrxshop:286
[02:59:04.222] [lua] Shop - Faction Pmc has 11 items unlocked  @mrxshop:473
[02:59:04.231] [lua] Shop - Generating Shop List...  @mrxshop:286
[02:59:04.239] [lua] Shop - Faction Oil has 24 items unlocked  @mrxshop:473
[02:59:04.248] [lua] Shop - Generating Shop List...  @mrxshop:286
[02:59:04.257] [lua] Shop - Faction Gur has 28 items unlocked  @mrxshop:473
[02:59:04.266] [lua] Shop - Generating Shop List...  @mrxshop:286
[02:59:04.274] [lua] Shop - Faction Pir has 33 items unlocked  @mrxshop:473
[02:59:04.283] [lua] Shop - Generating Shop List...  @mrxshop:286
[02:59:04.291] [lua] Shop - Faction All has 37 items unlocked  @mrxshop:473
[02:59:04.306] [lua] Shop - Generating Shop List...  @mrxshop:286
[02:59:04.315] [lua] Shop - Faction Chi has 32 items unlocked  @mrxshop:473
[02:59:04.324] [lua] Shop - Generating Shop List...  @mrxshop:286
[02:59:04.333] [lua] Shop - Faction Pmc has 11 items unlocked  @mrxshop:473
[02:59:04.343] [lua] Shop - Generating Shop List...  @mrxshop:286
[02:59:04.352] [lua] Shop - Faction Oil has 24 items unlocked  @mrxshop:473
[02:59:04.360] [lua] Shop - Generating Shop List...  @mrxshop:286
[02:59:04.368] [lua] Shop - Faction Gur has 28 items unlocked  @mrxshop:473
[02:59:04.377] [lua] Shop - Generating Shop List...  @mrxshop:286
[02:59:04.387] [lua] Shop - Faction Pir has 33 items unlocked  @mrxshop:473
[02:59:04.397] [lua] Shop - Generating Shop List...  @mrxshop:286
[02:59:04.406] [lua] Shop - Faction All has 37 items unlocked  @mrxshop:473
[02:59:04.415] [lua] Shop - Generating Shop List...  @mrxshop:286
[02:59:04.424] [lua] Shop - Faction Chi has 32 items unlocked  @mrxshop:473
[02:59:04.433] [lua] 0  @mrxtask:440
[02:59:04.439] [lua] 0  @mrxtask:440
[02:59:04.448] [lua] Adding AllCon003Briefing as a child of AllCon003  @mrxtask:718
[02:59:04.456] [lua] true  @mrxtask:722
[02:59:04.466] [lua] 0  @mrxtask:440
[02:59:04.473] [lua] true  @mrxtask:291
[02:59:04.480] [lua] true  @mrxstarter:252
[02:59:04.489] [lua] Starter activated!  @mrxstarter:431
[02:59:04.498] [lua] HQ AllHq could not be retrieved  @mrxhqmanager:28
[02:59:04.507] [lua] Attempting to unlock HQ AllHq  @mrxhqmanager:54
[02:59:04.516] [lua] Loading data for HQ AllHq  @mrxhqmanager:59
[02:59:04.524] [lua] HQ AllHq setup complete  @mrxhqmanager:80
[02:59:04.533] [lua] @@@@@@@@@@ Disabling AllHq portal  @mrxhq:599
[02:59:04.543] [lua] AllHq Respawn set to true  @mrxhqmanager:184
[02:59:04.552] [lua] Creating DeathEvent for AllHq(userdata: 000E7529)  @mrxhqmanager:146
[02:59:04.561] [lua] Adding AllStarter0 to HQ  @mrxhq:843
[02:59:04.568] [lua] 3  @mrxfactionmanager:505
[02:59:04.576] [lua] @@@@@@@@@@ Enabling AllHq portal  @mrxhq:597
[02:59:04.584] [lua] 3  @mrxfactionmanager:505
[02:59:04.591] [lua] true  @mrxstarter:252
[02:59:04.599] [lua] 3  @mrxfactionmanager:505
[02:59:04.607] [lua] @@@@@@@@@@ Enabling AllHq portal  @mrxhq:597
[02:59:04.615] [lua] 3  @mrxfactionmanager:505
[02:59:04.622] [lua] table:0x1F1A10A0  @mrxmissionflow:169
[02:59:04.631] [lua] Unlocking mission PmcCon016  @mrxmissionflow:201
[02:59:04.638] [lua] 0  @mrxtask:440
[02:59:04.646] [lua] 0  @mrxtask:440
[02:59:04.654] [lua] Adding PmcCon016 as a child of Missions  @mrxtask:718
[02:59:04.661] [lua] true  @mrxtask:722
[02:59:04.668] [lua] 0  @mrxtask:440
[02:59:04.676] [lua] 0  @mrxtask:440
[02:59:04.688] [lua] Adding PmcCon016Mission as a child of PmcCon016  @mrxtask:718
[02:59:04.696] [lua] true  @mrxtask:722
[02:59:04.703] [lua] 0  @mrxtask:440
[02:59:04.710] [lua] true  @mrxtask:291
[02:59:04.722] [lua] 0  @mrxtask:440
[02:59:04.732] [lua] 0  @mrxtask:440
[02:59:04.742] [lua] Adding PmcCon016Briefing as a child of PmcCon016  @mrxtask:718
[02:59:04.749] [lua] true  @mrxtask:722
[02:59:04.756] [lua] 0  @mrxtask:440
[02:59:04.763] [lua] true  @mrxtask:291
[02:59:04.770] [lua] true  @mrxstarter:252
[02:59:04.777] [lua] table:0x1F1A10A0  @mrxmissionflow:169
[02:59:04.792] [lua] Unlocking mission PmcCon032  @mrxmissionflow:201
[02:59:04.800] [lua] 0  @mrxtask:440
[02:59:04.807] [lua] 0  @mrxtask:440
[02:59:04.816] [lua] Adding PmcCon032 as a child of Missions  @mrxtask:718
[02:59:04.822] [lua] true  @mrxtask:722
[02:59:04.829] [lua] 0  @mrxtask:440
[02:59:04.839] [lua] 0  @mrxtask:440
[02:59:04.849] [lua] Adding PmcCon032Mission as a child of PmcCon032  @mrxtask:718
[02:59:04.856] [lua] true  @mrxtask:722
[02:59:04.864] [lua] 0  @mrxtask:440
[02:59:04.871] [lua] true  @mrxtask:291
[02:59:04.878] [lua] 0  @mrxtask:440
[02:59:04.886] [lua] 0  @mrxtask:440
[02:59:04.896] [lua] Adding PmcCon032Briefing as a child of PmcCon032  @mrxtask:718
[02:59:04.904] [lua] true  @mrxtask:722
[02:59:04.911] [lua] 0  @mrxtask:440
[02:59:04.918] [lua] true  @mrxtask:291
[02:59:04.925] [lua] true  @mrxstarter:252
[02:59:04.932] [lua] table:0x1F1A10A0  @mrxmissionflow:169
[02:59:04.944] [lua] Unlocking mission OilCon001  @mrxmissionflow:201
[02:59:04.955] [lua] 0  @mrxtask:440
[02:59:04.962] [lua] 0  @mrxtask:440
[02:59:04.971] [lua] Adding OilCon001 as a child of Missions  @mrxtask:718
[02:59:04.979] [lua] true  @mrxtask:722
[02:59:04.987] [lua] 0  @mrxtask:440
[02:59:04.994] [lua] 0  @mrxtask:440
[02:59:05.003] [lua] Adding OilCon001Mission as a child of OilCon001  @mrxtask:718
[02:59:05.010] [lua] true  @mrxtask:722
[02:59:05.020] [lua] 0  @mrxtask:440
[02:59:05.028] [lua] true  @mrxtask:291
[02:59:05.037] [lua] Shop - Generating Shop List...  @mrxshop:286
[02:59:05.046] [lua] Shop - Faction Pmc has 11 items unlocked  @mrxshop:473
[02:59:05.060] [lua] Shop - Generating Shop List...  @mrxshop:286
[02:59:05.069] [lua] Shop - Faction Oil has 24 items unlocked  @mrxshop:473
[02:59:05.079] [lua] Shop - Generating Shop List...  @mrxshop:286
[02:59:05.087] [lua] Shop - Faction Gur has 28 items unlocked  @mrxshop:473
[02:59:05.096] [lua] Shop - Generating Shop List...  @mrxshop:286
[02:59:05.105] [lua] Shop - Faction Pir has 33 items unlocked  @mrxshop:473
[02:59:05.114] [lua] Shop - Generating Shop List...  @mrxshop:286
[02:59:05.122] [lua] Shop - Faction All has 37 items unlocked  @mrxshop:473
[02:59:05.131] [lua] Shop - Generating Shop List...  @mrxshop:286
[02:59:05.142] [lua] Shop - Faction Chi has 32 items unlocked  @mrxshop:473
[02:59:05.153] [lua] Shop - Generating Shop List...  @mrxshop:286
[02:59:05.162] [lua] Shop - Faction Pmc has 11 items unlocked  @mrxshop:473
[02:59:05.170] [lua] Shop - Generating Shop List...  @mrxshop:286
[02:59:05.183] [lua] Shop - Faction Oil has 24 items unlocked  @mrxshop:473
[02:59:05.193] [lua] Shop - Generating Shop List...  @mrxshop:286
[02:59:05.202] [lua] Shop - Faction Gur has 28 items unlocked  @mrxshop:473
[02:59:05.216] [lua] Shop - Generating Shop List...  @mrxshop:286
[02:59:05.225] [lua] Shop - Faction Pir has 33 items unlocked  @mrxshop:473
[02:59:05.234] [lua] Shop - Generating Shop List...  @mrxshop:286
[02:59:05.242] [lua] Shop - Faction All has 37 items unlocked  @mrxshop:473
[02:59:05.251] [lua] Shop - Generating Shop List...  @mrxshop:286
[02:59:05.262] [lua] Shop - Faction Chi has 32 items unlocked  @mrxshop:473
[02:59:05.270] [lua] Shop - Generating Shop List...  @mrxshop:286
[02:59:05.280] [lua] Shop - Faction Pmc has 11 items unlocked  @mrxshop:473
[02:59:05.288] [lua] Shop - Generating Shop List...  @mrxshop:286
[02:59:05.298] [lua] Shop - Faction Oil has 24 items unlocked  @mrxshop:473
[02:59:05.308] [lua] Shop - Generating Shop List...  @mrxshop:286
[02:59:05.317] [lua] Shop - Faction Gur has 28 items unlocked  @mrxshop:473
[02:59:05.331] [lua] Shop - Generating Shop List...  @mrxshop:286
[02:59:05.344] [lua] Shop - Faction Pir has 33 items unlocked  @mrxshop:473
[02:59:05.354] [lua] Shop - Generating Shop List...  @mrxshop:286
[02:59:05.368] [lua] Shop - Faction All has 37 items unlocked  @mrxshop:473
[02:59:05.376] [lua] Shop - Generating Shop List...  @mrxshop:286
[02:59:05.385] [lua] Shop - Faction Chi has 32 items unlocked  @mrxshop:473
[02:59:05.392] [lua] 0  @mrxtask:440
[02:59:05.399] [lua] 0  @mrxtask:440
[02:59:05.408] [lua] Adding OilCon001Briefing as a child of OilCon001  @mrxtask:718
[02:59:05.415] [lua] true  @mrxtask:722
[02:59:05.422] [lua] 0  @mrxtask:440
[02:59:05.429] [lua] true  @mrxtask:291
[02:59:05.436] [lua] true  @mrxstarter:252
[02:59:05.445] [lua] Starter activated!  @mrxstarter:431
[02:59:05.455] [lua] HQ OilHq could not be retrieved  @mrxhqmanager:28
[02:59:05.465] [lua] Attempting to unlock HQ OilHq  @mrxhqmanager:54
[02:59:05.473] [lua] Loading data for HQ OilHq  @mrxhqmanager:59
[02:59:05.482] [lua] HQ OilHq setup complete  @mrxhqmanager:80
[02:59:05.491] [lua] @@@@@@@@@@ Disabling OilHq portal  @mrxhq:599
[02:59:05.503] [lua] OilHq Respawn set to true  @mrxhqmanager:184
[02:59:05.511] [lua] @@@@@@@@@@@@@ HQ OilHq's building _ocoutpost_bld_hq 0x000d3f3c is out-of-date!  @mrxhqmanager:195
[02:59:05.521] [lua] Adding OilStarter0 to HQ  @mrxhq:843
[02:59:05.528] [lua] 3  @mrxfactionmanager:505
[02:59:05.536] [lua] @@@@@@@@@@ Enabling OilHq portal  @mrxhq:597
[02:59:05.544] [lua] 3  @mrxfactionmanager:505
[02:59:05.551] [lua] true  @mrxstarter:252
[02:59:05.558] [lua] 3  @mrxfactionmanager:505
[02:59:05.566] [lua] @@@@@@@@@@ Enabling OilHq portal  @mrxhq:597
[02:59:05.574] [lua] 3  @mrxfactionmanager:505
[02:59:05.582] [lua] table:0x1F1A10A0  @mrxmissionflow:169
[02:59:05.592] [lua] Unlocking mission PmcCon013  @mrxmissionflow:201
[02:59:05.599] [lua] 0  @mrxtask:440
[02:59:05.606] [lua] 0  @mrxtask:440
[02:59:05.615] [lua] Adding PmcCon013 as a child of Missions  @mrxtask:718
[02:59:05.622] [lua] true  @mrxtask:722
[02:59:05.629] [lua] 0  @mrxtask:440
[02:59:05.636] [lua] 0  @mrxtask:440
[02:59:05.655] [lua] Adding PmcCon013Mission as a child of PmcCon013  @mrxtask:718
[02:59:05.662] [lua] true  @mrxtask:722
[02:59:05.675] [lua] 0  @mrxtask:440
[02:59:05.683] [lua] true  @mrxtask:291
[02:59:05.690] [lua] 0  @mrxtask:440
[02:59:05.701] [lua] 0  @mrxtask:440
[02:59:05.710] [lua] Adding PmcCon013Briefing as a child of PmcCon013  @mrxtask:718
[02:59:05.718] [lua] true  @mrxtask:722
[02:59:05.726] [lua] 0  @mrxtask:440
[02:59:05.733] [lua] true  @mrxtask:291
[02:59:05.742] [lua] true  @mrxstarter:252
[02:59:05.751] [lua] Starter activated!  @mrxstarter:431
[02:59:05.759] [lua] true  @mrxstarter:252
[02:59:05.767] [lua] table:0x1F1A10A0  @mrxmissionflow:169
[02:59:05.776] [lua] Unlocking mission AllJob003  @mrxmissionflow:201
[02:59:05.783] [lua] 0  @mrxtask:440
[02:59:05.791] [lua] 0  @mrxtask:440
[02:59:05.799] [lua] Adding AllJob003 as a child of Missions  @mrxtask:718
[02:59:05.807] [lua] true  @mrxtask:722
[02:59:05.815] [lua] 0  @mrxtask:440
[02:59:05.823] [lua] 0  @mrxtask:440
[02:59:05.833] [lua] Adding AllJob003Mission as a child of AllJob003  @mrxtask:718
[02:59:05.841] [lua] true  @mrxtask:722
[02:59:05.849] [lua] 0  @mrxtask:440
[02:59:05.856] [lua] true  @mrxtask:291
[02:59:05.863] [lua] 0  @mrxtask:440
[02:59:05.871] [lua] 0  @mrxtask:440
[02:59:05.881] [lua] Saving Missions.ChiCon009.ChiCon009Mission  @mrxtask:839
[02:59:05.891] [lua] 0  @mrxtask:440
[02:59:05.912] [lua] Saving Missions.ChiJob003.ChiJob003Mission  @mrxtask:839
[02:59:05.924] [lua] 0  @mrxtask:440
[02:59:05.939] [lua] Saving Missions.PirCon004.PirCon004Mission  @mrxtask:839
[02:59:05.948] [lua] 0  @mrxtask:440
[02:59:05.960] [lua] Saving Missions.OilCon003.OilCon003Mission  @mrxtask:839
[02:59:05.973] [lua] 0  @mrxtask:440
[02:59:05.983] [lua] Saving Missions.PmcCon015.PmcCon015Mission  @mrxtask:839
[02:59:05.998] [lua] 0  @mrxtask:440
[02:59:06.009] [lua] Saving Missions.ChiCon003.ChiCon003Mission  @mrxtask:839
[02:59:06.017] [lua] 0  @mrxtask:440
[02:59:06.030] [lua] Saving Missions.ChiCon008.ChiCon008Mission  @mrxtask:839
[02:59:06.040] [lua] 0  @mrxtask:440
[02:59:06.053] [lua] Saving Missions.GurJob006.GurJob006Mission  @mrxtask:839
[02:59:06.066] [lua] 0  @mrxtask:440
[02:59:06.076] [lua] Saving Missions.OilJob004.OilJob004Mission  @mrxtask:839
[02:59:06.085] [lua] 0  @mrxtask:440
[02:59:06.099] [lua] Saving Missions.PirCon002.PirCon002Mission  @mrxtask:839
[02:59:06.108] [lua] 0  @mrxtask:440
[02:59:06.119] [lua] Saving Missions.AllCon003.AllCon003Mission  @mrxtask:839
[02:59:06.129] [lua] 0  @mrxtask:440
[02:59:06.140] [lua] Saving Missions.PmcCon016.PmcCon016Mission  @mrxtask:839
[02:59:06.148] [lua] 0  @mrxtask:440
[02:59:06.161] [lua] Saving Missions.PmcCon032.PmcCon032Mission  @mrxtask:839
[02:59:06.171] [lua] 0  @mrxtask:440
[02:59:06.184] [lua] Saving Missions.OilCon001.OilCon001Mission  @mrxtask:839
[02:59:06.197] [lua] 0  @mrxtask:440
[02:59:06.209] [lua] Saving Missions.PmcCon013.PmcCon013Mission  @mrxtask:839
[02:59:06.221] [lua] 0  @mrxtask:440
[02:59:06.235] [lua] Saving Missions.GurJob001.GurJob001Mission  @mrxtask:839
[02:59:06.243] [lua] 0  @mrxtask:440
[02:59:06.257] [lua] Saving Missions.PmcCon034.PmcCon034Mission  @mrxtask:839
[02:59:06.269] [lua] 0  @mrxtask:440
[02:59:06.279] [lua] Equipment 1 - Parent userdata: 80006ED0 Reserve 4  @mrxplayer:1014
[02:59:06.290] [lua] Equipment 2 - Parent userdata: 8000569E Reserve 6  @mrxplayer:1014
[02:59:06.302] [lua] Equipment 3 - Parent userdata: 80005FD3 Reserve 244  @mrxplayer:1014
[02:59:06.318] [lua] Equipment 4 - Parent userdata: 80002331 Reserve 9  @mrxplayer:1014
[02:59:06.329] [lua] SaveSingleton VerifyManager  @mrxverifymanager:100
[02:59:06.343] [lua] @@@@@@@@@@ MrxState.Enter: state STATE_WAITFORSTREAMING (refcount=5)  @mrxstate:381
[02:59:06.343] [world] >>> @@@@@@@@@@ MrxState.Enter: state STATE_WAITFORSTREAMING (refcount=5)  @mrxstate:381
[02:59:06.355] [lua] 0  @mrxtask:440
[02:59:06.363] [lua] true  @mrxtask:291
[02:59:06.377] [lua] ###! GlobalEnter - Complete  @mrxstate:432
[02:59:06.377] [world] >>> ###! GlobalEnter - Complete  @mrxstate:432
[02:59:06.386] [lua] table:0x1F1A10A0  @mrxmissionflow:169
[02:59:06.397] [lua] Unlocking mission GurCon005  @mrxmissionflow:201
[02:59:06.405] [lua] 0  @mrxtask:440
[02:59:06.416] [lua] 0  @mrxtask:440
[02:59:06.428] [lua] Adding GurCon005 as a child of Missions  @mrxtask:718
[02:59:06.439] [lua] true  @mrxtask:722
[02:59:06.452] [lua] 0  @mrxtask:440
[02:59:06.462] [lua] 0  @mrxtask:440
[02:59:06.471] [lua] Adding GurCon005Mission as a child of GurCon005  @mrxtask:718
[02:59:06.481] [lua] true  @mrxtask:722
[02:59:06.489] [lua] 0  @mrxtask:440
[02:59:06.495] [lua] true  @mrxtask:291
[02:59:06.504] [lua] Shop - Generating Shop List...  @mrxshop:286
[02:59:06.514] [lua] Shop - Faction Pmc has 11 items unlocked  @mrxshop:473
[02:59:06.525] [lua] Shop - Generating Shop List...  @mrxshop:286
[02:59:06.533] [lua] Shop - Faction Oil has 24 items unlocked  @mrxshop:473
[02:59:06.542] [lua] Shop - Generating Shop List...  @mrxshop:286
[02:59:06.553] [lua] Shop - Faction Gur has 28 items unlocked  @mrxshop:473
[02:59:06.567] [lua] Shop - Generating Shop List...  @mrxshop:286
[02:59:06.578] [lua] Shop - Faction Pir has 33 items unlocked  @mrxshop:473
[02:59:06.588] [lua] Shop - Generating Shop List...  @mrxshop:286
[02:59:06.597] [lua] Shop - Faction All has 37 items unlocked  @mrxshop:473
[02:59:06.606] [lua] Shop - Generating Shop List...  @mrxshop:286
[02:59:06.616] [lua] Shop - Faction Chi has 32 items unlocked  @mrxshop:473
[02:59:06.625] [lua] Shop - Generating Shop List...  @mrxshop:286
[02:59:06.633] [lua] Shop - Faction Pmc has 11 items unlocked  @mrxshop:473
[02:59:06.642] [lua] Shop - Generating Shop List...  @mrxshop:286
[02:59:06.651] [lua] Shop - Faction Oil has 24 items unlocked  @mrxshop:473
[02:59:06.659] [lua] Shop - Generating Shop List...  @mrxshop:286
[02:59:06.668] [lua] Shop - Faction Gur has 28 items unlocked  @mrxshop:473
[02:59:06.679] [lua] Shop - Generating Shop List...  @mrxshop:286
[02:59:06.692] [lua] Shop - Faction Pir has 33 items unlocked  @mrxshop:473
[02:59:06.709] [lua] Shop - Generating Shop List...  @mrxshop:286
[02:59:06.724] [lua] Shop - Faction All has 37 items unlocked  @mrxshop:473
[02:59:06.733] [lua] Shop - Generating Shop List...  @mrxshop:286
[02:59:06.744] [lua] Shop - Faction Chi has 32 items unlocked  @mrxshop:473
[02:59:06.751] [lua] 0  @mrxtask:440
[02:59:06.759] [lua] 0  @mrxtask:440
[02:59:06.768] [lua] Adding GurCon005Briefing as a child of GurCon005  @mrxtask:718
[02:59:06.775] [lua] true  @mrxtask:722
[02:59:06.782] [lua] 0  @mrxtask:440
[02:59:06.789] [lua] true  @mrxtask:291
[02:59:06.796] [lua] true  @mrxstarter:252
[02:59:06.805] [lua] Starter activated!  @mrxstarter:431
[02:59:06.813] [lua] HQ GurOutpost2 could not be retrieved  @mrxhqmanager:28
[02:59:06.825] [lua] Attempting to unlock HQ GurOutpost2  @mrxhqmanager:54
[02:59:06.838] [lua] Loading data for HQ GurOutpost2  @mrxhqmanager:59
[02:59:06.847] [lua] HQ GurOutpost2 setup complete  @mrxhqmanager:80
[02:59:06.855] [lua] @@@@@@@@@@ Disabling GurOutpost2 portal  @mrxhq:599
[02:59:06.864] [lua] GurOutpost2 Respawn set to true  @mrxhqmanager:184
[02:59:06.877] [lua] Creating DeathEvent for GurOutpost2(userdata: 000EB0CA)  @mrxhqmanager:146
[02:59:06.886] [lua] Adding GurStarter2 to HQ  @mrxhq:843
[02:59:06.893] [lua] 2  @mrxfactionmanager:505
[02:59:06.901] [lua] 2  @mrxfactionmanager:505
[02:59:06.910] [lua] @@@@@@@@@@ Enabling GurOutpost2 portal  @mrxhq:597
[02:59:06.918] [lua] 2  @mrxfactionmanager:505
[02:59:06.926] [lua] 2  @mrxfactionmanager:505
[02:59:06.934] [lua] @@@@@@@@@@ Enabling GurOutpost2 portal  @mrxhq:597
[02:59:06.941] [lua] 2  @mrxfactionmanager:505
[02:59:06.953] [lua] true  @mrxstarter:252
[02:59:06.965] [lua] 2  @mrxfactionmanager:505
[02:59:06.974] [lua] @@@@@@@@@@ Enabling GurOutpost2 portal  @mrxhq:597
[02:59:06.981] [lua] 2  @mrxfactionmanager:505
[02:59:06.989] [lua] table:0x1F1A10A0  @mrxmissionflow:169
[02:59:06.997] [lua] Unlocking mission AllCon008  @mrxmissionflow:201
[02:59:07.005] [lua] 0  @mrxtask:440
[02:59:07.017] [lua] 0  @mrxtask:440
[02:59:07.025] [lua] Adding AllCon008 as a child of Missions  @mrxtask:718
[02:59:07.035] [lua] true  @mrxtask:722
[02:59:07.042] [lua] 0  @mrxtask:440
[02:59:07.049] [lua] 0  @mrxtask:440
[02:59:07.058] [lua] Adding AllCon008Mission as a child of AllCon008  @mrxtask:718
[02:59:07.066] [lua] true  @mrxtask:722
[02:59:07.079] [lua] 0  @mrxtask:440
[02:59:07.086] [lua] true  @mrxtask:291
[02:59:07.094] [lua] 0  @mrxtask:440
[02:59:07.102] [lua] 0  @mrxtask:440
[02:59:07.114] [lua] Adding AllCon008Briefing as a child of AllCon008  @mrxtask:718
[02:59:07.122] [lua] true  @mrxtask:722
[02:59:07.130] [lua] 0  @mrxtask:440
[02:59:07.138] [lua] true  @mrxtask:291
[02:59:07.145] [lua] true  @mrxstarter:252
[02:59:07.158] [lua] Starter activated!  @mrxstarter:431
[02:59:07.167] [lua] HQ AllOutpost2 could not be retrieved  @mrxhqmanager:28
[02:59:07.177] [lua] Attempting to unlock HQ AllOutpost2  @mrxhqmanager:54
[02:59:07.191] [lua] Loading data for HQ AllOutpost2  @mrxhqmanager:59
[02:59:07.204] [lua] HQ AllOutpost2 setup complete  @mrxhqmanager:80
[02:59:07.212] [lua] @@@@@@@@@@ Disabling AllOutpost2 portal  @mrxhq:599
[02:59:07.223] [lua] AllOutpost2 Respawn set to true  @mrxhqmanager:184
[02:59:07.231] [lua] Creating DeathEvent for AllOutpost2(userdata: 000EB0D7)  @mrxhqmanager:146
[02:59:07.241] [lua] Adding AllStarter2 to HQ  @mrxhq:843
[02:59:07.248] [lua] 2  @mrxfactionmanager:505
[02:59:07.255] [lua] 2  @mrxfactionmanager:505
[02:59:07.264] [lua] @@@@@@@@@@ Enabling AllOutpost2 portal  @mrxhq:597
[02:59:07.271] [lua] 2  @mrxfactionmanager:505
[02:59:07.279] [lua] 2  @mrxfactionmanager:505
[02:59:07.287] [lua] @@@@@@@@@@ Enabling AllOutpost2 portal  @mrxhq:597
[02:59:07.294] [lua] 2  @mrxfactionmanager:505
[02:59:07.302] [lua] true  @mrxstarter:252
[02:59:07.309] [lua] 2  @mrxfactionmanager:505
[02:59:07.317] [lua] @@@@@@@@@@ Enabling AllOutpost2 portal  @mrxhq:597
[02:59:07.324] [lua] 2  @mrxfactionmanager:505
[02:59:07.332] [lua] table:0x1F1A10A0  @mrxmissionflow:169
[02:59:07.341] [lua] Unlocking mission PmcCon031  @mrxmissionflow:201
[02:59:07.348] [lua] 0  @mrxtask:440
[02:59:07.356] [lua] 0  @mrxtask:440
[02:59:07.365] [lua] Adding PmcCon031 as a child of Missions  @mrxtask:718
[02:59:07.372] [lua] true  @mrxtask:722
[02:59:07.380] [lua] 0  @mrxtask:440
[02:59:07.387] [lua] 0  @mrxtask:440
[02:59:07.396] [lua] Adding PmcCon031Mission as a child of PmcCon031  @mrxtask:718
[02:59:07.407] [lua] true  @mrxtask:722
[02:59:07.415] [lua] 0  @mrxtask:440
[02:59:07.423] [lua] true  @mrxtask:291
[02:59:07.431] [lua] 0  @mrxtask:440
[02:59:07.438] [lua] 0  @mrxtask:440
[02:59:07.446] [lua] Adding PmcCon031Briefing as a child of PmcCon031  @mrxtask:718
[02:59:07.453] [lua] true  @mrxtask:722
[02:59:07.462] [lua] 0  @mrxtask:440
[02:59:07.470] [lua] true  @mrxtask:291
[02:59:07.477] [lua] true  @mrxstarter:252
[02:59:07.488] [lua] table:0x1F1A10A0  @mrxmissionflow:169
[02:59:07.498] [lua] Unlocking mission GurCon003  @mrxmissionflow:201
[02:59:07.506] [lua] 0  @mrxtask:440
[02:59:07.513] [lua] 0  @mrxtask:440
[02:59:07.522] [lua] Adding GurCon003 as a child of Missions  @mrxtask:718
[02:59:07.530] [lua] true  @mrxtask:722
[02:59:07.541] [lua] 0  @mrxtask:440
[02:59:07.555] [lua] 0  @mrxtask:440
[02:59:07.566] [lua] Adding GurCon003Mission as a child of GurCon003  @mrxtask:718
[02:59:07.578] [lua] true  @mrxtask:722
[02:59:07.587] [lua] 0  @mrxtask:440
[02:59:07.597] [lua] true  @mrxtask:291
[02:59:07.605] [lua] 0  @mrxtask:440
[02:59:07.614] [lua] 0  @mrxtask:440
[02:59:07.623] [lua] Adding GurCon003Briefing as a child of GurCon003  @mrxtask:718
[02:59:07.631] [lua] true  @mrxtask:722
[02:59:07.641] [lua] 0  @mrxtask:440
[02:59:07.654] [lua] true  @mrxtask:291
[02:59:07.662] [lua] true  @mrxstarter:252
[02:59:07.671] [lua] Starter activated!  @mrxstarter:431
[02:59:07.681] [lua] HQ GurOutpost5 could not be retrieved  @mrxhqmanager:28
[02:59:07.690] [lua] Attempting to unlock HQ GurOutpost5  @mrxhqmanager:54
[02:59:07.699] [lua] Loading data for HQ GurOutpost5  @mrxhqmanager:59
[02:59:07.710] [lua] HQ GurOutpost5 setup complete  @mrxhqmanager:80
[02:59:07.722] [lua] @@@@@@@@@@ Disabling GurOutpost5 portal  @mrxhq:599
[02:59:07.732] [lua] GurOutpost5 Respawn set to true  @mrxhqmanager:184
[02:59:07.740] [lua] Creating DeathEvent for GurOutpost5(userdata: 000EF342)  @mrxhqmanager:146
[02:59:07.749] [lua] Adding GurStarter5 to HQ  @mrxhq:843
[02:59:07.756] [lua] 2  @mrxfactionmanager:505
[02:59:07.763] [lua] 2  @mrxfactionmanager:505
[02:59:07.773] [lua] @@@@@@@@@@ Enabling GurOutpost5 portal  @mrxhq:597
[02:59:07.780] [lua] 2  @mrxfactionmanager:505
[02:59:07.787] [lua] 2  @mrxfactionmanager:505
[02:59:07.796] [lua] @@@@@@@@@@ Enabling GurOutpost5 portal  @mrxhq:597
[02:59:07.803] [lua] 2  @mrxfactionmanager:505
[02:59:07.811] [lua] true  @mrxstarter:252
[02:59:07.818] [lua] 2  @mrxfactionmanager:505
[02:59:07.827] [lua] @@@@@@@@@@ Enabling GurOutpost5 portal  @mrxhq:597
[02:59:07.836] [lua] 2  @mrxfactionmanager:505
[02:59:07.845] [lua] table:0x1F1A10A0  @mrxmissionflow:169
[02:59:07.854] [lua] Unlocking mission PirCon001  @mrxmissionflow:201
[02:59:07.861] [lua] 0  @mrxtask:440
[02:59:07.872] [lua] 0  @mrxtask:440
[02:59:07.882] [lua] Adding PirCon001 as a child of Missions  @mrxtask:718
[02:59:07.891] [lua] true  @mrxtask:722
[02:59:07.898] [lua] 0  @mrxtask:440
[02:59:07.905] [lua] 0  @mrxtask:440
[02:59:07.914] [lua] Adding PirCon001Mission as a child of PirCon001  @mrxtask:718
[02:59:07.922] [lua] true  @mrxtask:722
[02:59:07.930] [lua] 0  @mrxtask:440
[02:59:07.937] [lua] true  @mrxtask:291
[02:59:07.944] [lua] 0  @mrxtask:440
[02:59:07.952] [lua] 0  @mrxtask:440
[02:59:07.961] [lua] Adding PirCon001Briefing as a child of PirCon001  @mrxtask:718
[02:59:07.973] [lua] true  @mrxtask:722
[02:59:07.982] [lua] 0  @mrxtask:440
[02:59:07.989] [lua] true  @mrxtask:291
[02:59:07.997] [lua] true  @mrxstarter:252
[02:59:08.009] [lua] 2  @mrxfactionmanager:505
[02:59:08.018] [lua] @@@@@@@@@@ Enabling PirOutpost1 portal  @mrxhq:597
[02:59:08.030] [lua] 2  @mrxfactionmanager:505
[02:59:08.041] [lua] !!!!!!!!!!! CLIENT WON'T SEE THIS ... Could not find marker Minimap_Icon_Faction_PR in Radar table  @mrxutil:1356
[02:59:08.048] [lua] table:0x1F1A10A0  @mrxmissionflow:169
[02:59:08.056] [lua] Unlocking mission PmcCon018  @mrxmissionflow:201
[02:59:08.063] [lua] 0  @mrxtask:440
[02:59:08.071] [lua] 0  @mrxtask:440
[02:59:08.081] [lua] Adding PmcCon018 as a child of Missions  @mrxtask:718
[02:59:08.088] [lua] true  @mrxtask:722
[02:59:08.095] [lua] 0  @mrxtask:440
[02:59:08.103] [lua] 0  @mrxtask:440
[02:59:08.112] [lua] Adding PmcCon018Mission as a child of PmcCon018  @mrxtask:718
[02:59:08.119] [lua] true  @mrxtask:722
[02:59:08.126] [lua] 0  @mrxtask:440
[02:59:08.134] [lua] true  @mrxtask:291
[02:59:08.142] [lua] 0  @mrxtask:440
[02:59:08.149] [lua] 0  @mrxtask:440
[02:59:08.157] [lua] Adding PmcCon018Briefing as a child of PmcCon018  @mrxtask:718
[02:59:08.165] [lua] true  @mrxtask:722
[02:59:08.174] [lua] 0  @mrxtask:440
[02:59:08.182] [lua] true  @mrxtask:291
[02:59:08.189] [lua] true  @mrxstarter:252
[02:59:08.197] [lua] Starter activated!  @mrxstarter:431
[02:59:08.204] [lua] true  @mrxstarter:252
[02:59:08.211] [lua] table:0x1F1A10A0  @mrxmissionflow:169
[02:59:08.221] [lua] Unlocking mission PmcCon033  @mrxmissionflow:201
[02:59:08.228] [lua] 0  @mrxtask:440
[02:59:08.235] [lua] 0  @mrxtask:440
[02:59:08.244] [lua] Adding PmcCon033 as a child of Missions  @mrxtask:718
[02:59:08.252] [lua] true  @mrxtask:722
[02:59:08.259] [lua] 0  @mrxtask:440
[02:59:08.267] [lua] 0  @mrxtask:440
[02:59:08.276] [lua] Adding PmcCon033Mission as a child of PmcCon033  @mrxtask:718
[02:59:08.283] [lua] true  @mrxtask:722
[02:59:08.290] [lua] 0  @mrxtask:440
[02:59:08.297] [lua] true  @mrxtask:291
[02:59:08.305] [lua] 0  @mrxtask:440
[02:59:08.312] [lua] 0  @mrxtask:440
[02:59:08.320] [lua] Adding PmcCon033Briefing as a child of PmcCon033  @mrxtask:718
[02:59:08.327] [lua] true  @mrxtask:722
[02:59:08.335] [lua] 0  @mrxtask:440
[02:59:08.343] [lua] true  @mrxtask:291
[02:59:08.351] [lua] true  @mrxstarter:252
[02:59:08.359] [lua] table:0x1F1A10A0  @mrxmissionflow:169
[02:59:08.367] [lua] Unlocking mission PirCon003  @mrxmissionflow:201
[02:59:08.375] [lua] 0  @mrxtask:440
[02:59:08.383] [lua] 0  @mrxtask:440
[02:59:08.392] [lua] Adding PirCon003 as a child of Missions  @mrxtask:718
[02:59:08.399] [lua] true  @mrxtask:722
[02:59:08.406] [lua] 0  @mrxtask:440
[02:59:08.413] [lua] 0  @mrxtask:440
[02:59:08.422] [lua] Adding PirCon003Mission as a child of PirCon003  @mrxtask:718
[02:59:08.433] [lua] true  @mrxtask:722
[02:59:08.440] [lua] 0  @mrxtask:440
[02:59:08.447] [lua] true  @mrxtask:291
[02:59:08.455] [lua] 0  @mrxtask:440
[02:59:08.463] [lua] 0  @mrxtask:440
[02:59:08.472] [lua] Adding PirCon003Briefing as a child of PirCon003  @mrxtask:718
[02:59:08.479] [lua] true  @mrxtask:722
[02:59:08.486] [lua] 0  @mrxtask:440
[02:59:08.493] [lua] true  @mrxtask:291
[02:59:08.501] [lua] true  @mrxstarter:252
[02:59:08.510] [lua] Starter activated!  @mrxstarter:431
[02:59:08.519] [lua] HQ PirOutpost3 could not be retrieved  @mrxhqmanager:28
[02:59:08.529] [lua] Attempting to unlock HQ PirOutpost3  @mrxhqmanager:54
[02:59:08.538] [lua] Loading data for HQ PirOutpost3  @mrxhqmanager:59
[02:59:08.547] [lua] HQ PirOutpost3 setup complete  @mrxhqmanager:80
[02:59:08.556] [lua] @@@@@@@@@@ Disabling PirOutpost3 portal  @mrxhq:599
[02:59:08.564] [lua] PirOutpost3 Respawn set to true  @mrxhqmanager:184
[02:59:08.575] [lua] Creating DeathEvent for PirOutpost3(userdata: 000EB0DE)  @mrxhqmanager:146
[02:59:08.587] [lua] Adding PirStarter3 to HQ  @mrxhq:843
[02:59:08.595] [lua] 2  @mrxfactionmanager:505
[02:59:08.603] [lua] 2  @mrxfactionmanager:505
[02:59:08.612] [lua] @@@@@@@@@@ Enabling PirOutpost3 portal  @mrxhq:597
[02:59:08.620] [lua] 2  @mrxfactionmanager:505
[02:59:08.627] [lua] 2  @mrxfactionmanager:505
[02:59:08.636] [lua] @@@@@@@@@@ Enabling PirOutpost3 portal  @mrxhq:597
[02:59:08.643] [lua] 2  @mrxfactionmanager:505
[02:59:08.651] [lua] true  @mrxstarter:252
[02:59:08.658] [lua] 2  @mrxfactionmanager:505
[02:59:08.666] [lua] @@@@@@@@@@ Enabling PirOutpost3 portal  @mrxhq:597
[02:59:08.674] [lua] 2  @mrxfactionmanager:505
[02:59:08.681] [lua] 2  @mrxfactionmanager:505
[02:59:08.690] [lua] @@@@@@@@@@ Enabling PirOutpost3 portal  @mrxhq:597
[02:59:08.698] [lua] 2  @mrxfactionmanager:505
[02:59:08.706] [lua] true  @mrxstarter:252
[02:59:08.715] [lua] Starter activated!  @mrxstarter:431
[02:59:08.724] [lua] HQ AllOutpost4 could not be retrieved  @mrxhqmanager:28
[02:59:08.733] [lua] Attempting to unlock HQ AllOutpost4  @mrxhqmanager:54
[02:59:08.741] [lua] Loading data for HQ AllOutpost4  @mrxhqmanager:59
[02:59:08.756] [lua] HQ AllOutpost4 setup complete  @mrxhqmanager:80
[02:59:08.764] [lua] @@@@@@@@@@ Disabling AllOutpost4 portal  @mrxhq:599
[02:59:08.773] [lua] AllOutpost4 Respawn set to true  @mrxhqmanager:184
[02:59:08.787] [lua] Creating DeathEvent for AllOutpost4(userdata: 000EF536)  @mrxhqmanager:146
[02:59:08.796] [lua] Adding AllStarter4 to HQ  @mrxhq:843
[02:59:08.803] [lua] 2  @mrxfactionmanager:505
[02:59:08.811] [lua] 2  @mrxfactionmanager:505
[02:59:08.819] [lua] @@@@@@@@@@ Enabling AllOutpost4 portal  @mrxhq:597
[02:59:08.827] [lua] 2  @mrxfactionmanager:505
[02:59:08.834] [lua] 2  @mrxfactionmanager:505
[02:59:08.843] [lua] @@@@@@@@@@ Enabling AllOutpost4 portal  @mrxhq:597
[02:59:08.851] [lua] 2  @mrxfactionmanager:505
[02:59:08.858] [lua] 2  @mrxfactionmanager:505
[02:59:08.867] [lua] @@@@@@@@@@ Enabling AllOutpost4 portal  @mrxhq:597
[02:59:08.874] [lua] 2  @mrxfactionmanager:505
[02:59:08.881] [lua] true  @mrxstarter:252
[02:59:08.889] [lua] Starter activated!  @mrxstarter:431
[02:59:08.898] [lua] HQ GurHq could not be retrieved  @mrxhqmanager:28
[02:59:08.907] [lua] Attempting to unlock HQ GurHq  @mrxhqmanager:54
[02:59:08.917] [lua] Loading data for HQ GurHq  @mrxhqmanager:59
[02:59:08.927] [lua] HQ GurHq setup complete  @mrxhqmanager:80
[02:59:08.935] [lua] @@@@@@@@@@ Disabling GurHq portal  @mrxhq:599
[02:59:08.946] [lua] GurHq Respawn set to true  @mrxhqmanager:184
[02:59:08.954] [lua] Creating DeathEvent for GurHq(userdata: 000DF564)  @mrxhqmanager:146
[02:59:08.963] [lua] Adding GurStarter0 to HQ  @mrxhq:843
[02:59:08.970] [lua] 3  @mrxfactionmanager:505
[02:59:08.979] [lua] @@@@@@@@@@ Enabling GurHq portal  @mrxhq:597
[02:59:08.986] [lua] 3  @mrxfactionmanager:505
[02:59:08.994] [lua] 3  @mrxfactionmanager:505
[02:59:09.002] [lua] @@@@@@@@@@ Enabling GurHq portal  @mrxhq:597
[02:59:09.010] [lua] 3  @mrxfactionmanager:505
[02:59:09.017] [lua] 2  @mrxfactionmanager:505
[02:59:09.028] [lua] @@@@@@@@@@ Enabling OilOutpost3 portal  @mrxhq:597
[02:59:09.035] [lua] 2  @mrxfactionmanager:505
[02:59:09.044] [lua] 2  @mrxfactionmanager:505
[02:59:09.053] [lua] @@@@@@@@@@ Enabling ChiOutpost2 portal  @mrxhq:597
[02:59:09.061] [lua] 2  @mrxfactionmanager:505
[02:59:09.069] [lua] true  @mrxstarter:252
[02:59:09.078] [lua] Starter activated!  @mrxstarter:431
[02:59:09.087] [lua] HQ GurOutpost1 could not be retrieved  @mrxhqmanager:28
[02:59:09.095] [lua] Attempting to unlock HQ GurOutpost1  @mrxhqmanager:54
[02:59:09.108] [lua] Loading data for HQ GurOutpost1  @mrxhqmanager:59
[02:59:09.117] [lua] HQ GurOutpost1 setup complete  @mrxhqmanager:80
[02:59:09.125] [lua] @@@@@@@@@@ Disabling GurOutpost1 portal  @mrxhq:599
[02:59:09.134] [lua] GurOutpost1 Respawn set to true  @mrxhqmanager:184
[02:59:09.143] [lua] Creating DeathEvent for GurOutpost1(userdata: 000CD08E)  @mrxhqmanager:146
[02:59:09.152] [lua] Adding GurStarter1 to HQ  @mrxhq:843
[02:59:09.159] [lua] 2  @mrxfactionmanager:505
[02:59:09.167] [lua] @@@@@@@@@@ Enabling GurOutpost1 portal  @mrxhq:597
[02:59:09.175] [lua] 2  @mrxfactionmanager:505
[02:59:09.185] [lua] 2  @mrxfactionmanager:505
[02:59:09.194] [lua] @@@@@@@@@@ Enabling GurOutpost1 portal  @mrxhq:597
[02:59:09.201] [lua] 2  @mrxfactionmanager:505
[02:59:09.208] [lua] 3  @mrxfactionmanager:505
[02:59:09.217] [lua] @@@@@@@@@@ Enabling OilHq portal  @mrxhq:597
[02:59:09.226] [lua] 3  @mrxfactionmanager:505
[02:59:09.233] [lua] true  @mrxstarter:252
[02:59:09.241] [lua] Starter activated!  @mrxstarter:431
[02:59:09.250] [lua] HQ ChiOutpost1 could not be retrieved  @mrxhqmanager:28
[02:59:09.259] [lua] Attempting to unlock HQ ChiOutpost1  @mrxhqmanager:54
[02:59:09.269] [lua] Loading data for HQ ChiOutpost1  @mrxhqmanager:59
[02:59:09.277] [lua] HQ ChiOutpost1 setup complete  @mrxhqmanager:80
[02:59:09.285] [lua] @@@@@@@@@@ Disabling ChiOutpost1 portal  @mrxhq:599
[02:59:09.294] [lua] ChiOutpost1 Respawn set to true  @mrxhqmanager:184
[02:59:09.302] [lua] Creating DeathEvent for ChiOutpost1(userdata: 000B8751)  @mrxhqmanager:146
[02:59:09.311] [lua] Adding ChiStarter1 to HQ  @mrxhq:843
[02:59:09.319] [lua] 2  @mrxfactionmanager:505
[02:59:09.328] [lua] @@@@@@@@@@ Enabling ChiOutpost1 portal  @mrxhq:597
[02:59:09.336] [lua] 2  @mrxfactionmanager:505
[02:59:09.344] [lua] 2  @mrxfactionmanager:505
[02:59:09.352] [lua] @@@@@@@@@@ Enabling ChiOutpost1 portal  @mrxhq:597
[02:59:09.360] [lua] 2  @mrxfactionmanager:505
[02:59:09.367] [lua] true  @mrxstarter:252
[02:59:09.375] [lua] Starter activated!  @mrxstarter:431
[02:59:09.386] [lua] HQ OilOutpost4 could not be retrieved  @mrxhqmanager:28
[02:59:09.395] [lua] Attempting to unlock HQ OilOutpost4  @mrxhqmanager:54
[02:59:09.404] [lua] Loading data for HQ OilOutpost4  @mrxhqmanager:59
[02:59:09.412] [lua] HQ OilOutpost4 setup complete  @mrxhqmanager:80
[02:59:09.420] [lua] @@@@@@@@@@ Disabling OilOutpost4 portal  @mrxhq:599
[02:59:09.430] [lua] OilOutpost4 Respawn set to true  @mrxhqmanager:184
[02:59:09.438] [lua] Creating DeathEvent for OilOutpost4(userdata: 000EB0DC)  @mrxhqmanager:146
[02:59:09.447] [lua] Adding OilStarter4 to HQ  @mrxhq:843
[02:59:09.454] [lua] 2  @mrxfactionmanager:505
[02:59:09.461] [lua] 2  @mrxfactionmanager:505
[02:59:09.470] [lua] @@@@@@@@@@ Enabling OilOutpost4 portal  @mrxhq:597
[02:59:09.477] [lua] 2  @mrxfactionmanager:505
[02:59:09.485] [lua] 2  @mrxfactionmanager:505
[02:59:09.493] [lua] @@@@@@@@@@ Enabling OilOutpost4 portal  @mrxhq:597
[02:59:09.503] [lua] 2  @mrxfactionmanager:505
[02:59:09.512] [lua] 2  @mrxfactionmanager:505
[02:59:09.521] [lua] @@@@@@@@@@ Enabling OilOutpost4 portal  @mrxhq:597
[02:59:09.528] [lua] 2  @mrxfactionmanager:505
[02:59:09.535] [lua] true  @mrxstarter:252
[02:59:09.547] [lua] Starter activated!  @mrxstarter:431
[02:59:09.560] [lua] HQ OilOutpost2 could not be retrieved  @mrxhqmanager:28
[02:59:09.568] [lua] Attempting to unlock HQ OilOutpost2  @mrxhqmanager:54
[02:59:09.577] [lua] Loading data for HQ OilOutpost2  @mrxhqmanager:59
[02:59:09.587] [lua] HQ OilOutpost2 setup complete  @mrxhqmanager:80
[02:59:09.595] [lua] @@@@@@@@@@ Disabling OilOutpost2 portal  @mrxhq:599
[02:59:09.604] [lua] OilOutpost2 Respawn set to true  @mrxhqmanager:184
[02:59:09.613] [lua] Creating DeathEvent for OilOutpost2(userdata: 0012FD69)  @mrxhqmanager:146
[02:59:09.622] [lua] Adding OilStarter2 to HQ  @mrxhq:843
[02:59:09.632] [lua] 2  @mrxfactionmanager:505
[02:59:09.640] [lua] 2  @mrxfactionmanager:505
[02:59:09.650] [lua] @@@@@@@@@@ Enabling OilOutpost2 portal  @mrxhq:597
[02:59:09.656] [lua] 2  @mrxfactionmanager:505
[02:59:09.665] [lua] 2  @mrxfactionmanager:505
[02:59:09.674] [lua] @@@@@@@@@@ Enabling OilOutpost2 portal  @mrxhq:597
[02:59:09.682] [lua] 2  @mrxfactionmanager:505
[02:59:09.689] [lua] 2  @mrxfactionmanager:505
[02:59:09.697] [lua] @@@@@@@@@@ Enabling OilOutpost2 portal  @mrxhq:597
[02:59:09.709] [lua] 2  @mrxfactionmanager:505
[02:59:09.716] [lua] true  @mrxstarter:252
[02:59:09.726] [lua] Starter activated!  @mrxstarter:431
[02:59:09.735] [lua] HQ OilOutpost1 could not be retrieved  @mrxhqmanager:28
[02:59:09.743] [lua] Attempting to unlock HQ OilOutpost1  @mrxhqmanager:54
[02:59:09.754] [lua] Loading data for HQ OilOutpost1  @mrxhqmanager:59
[02:59:09.767] [lua] HQ OilOutpost1 setup complete  @mrxhqmanager:80
[02:59:09.776] [lua] @@@@@@@@@@ Disabling OilOutpost1 portal  @mrxhq:599
[02:59:09.785] [lua] OilOutpost1 Respawn set to true  @mrxhqmanager:184
[02:59:09.794] [lua] Creating DeathEvent for OilOutpost1(userdata: 000EB0FB)  @mrxhqmanager:146
[02:59:09.804] [lua] Adding OilStarter1 to HQ  @mrxhq:843
[02:59:09.811] [lua] 2  @mrxfactionmanager:505
[02:59:09.822] [lua] @@@@@@@@@@ Enabling OilOutpost1 portal  @mrxhq:597
[02:59:09.829] [lua] 2  @mrxfactionmanager:505
[02:59:09.836] [lua] 2  @mrxfactionmanager:505
[02:59:09.845] [lua] @@@@@@@@@@ Enabling OilOutpost1 portal  @mrxhq:597
[02:59:09.852] [lua] 2  @mrxfactionmanager:505
[02:59:09.859] [lua] true  @mrxstarter:252
[02:59:09.869] [lua] Starter activated!  @mrxstarter:431
[02:59:09.880] [lua] HQ ChiOutpost3 could not be retrieved  @mrxhqmanager:28
[02:59:09.888] [lua] Attempting to unlock HQ ChiOutpost3  @mrxhqmanager:54
[02:59:09.897] [lua] Loading data for HQ ChiOutpost3  @mrxhqmanager:59
[02:59:09.905] [lua] HQ ChiOutpost3 setup complete  @mrxhqmanager:80
[02:59:09.913] [lua] @@@@@@@@@@ Disabling ChiOutpost3 portal  @mrxhq:599
[02:59:09.922] [lua] ChiOutpost3 Respawn set to true  @mrxhqmanager:184
[02:59:09.931] [lua] Creating DeathEvent for ChiOutpost3(userdata: 000EBC2F)  @mrxhqmanager:146
[02:59:09.940] [lua] Adding ChiStarter3 to HQ  @mrxhq:843
[02:59:09.947] [lua] 2  @mrxfactionmanager:505
[02:59:09.955] [lua] 2  @mrxfactionmanager:505
[02:59:09.969] [lua] @@@@@@@@@@ Enabling ChiOutpost3 portal  @mrxhq:597
[02:59:09.980] [lua] 2  @mrxfactionmanager:505
[02:59:09.989] [lua] 2  @mrxfactionmanager:505
[02:59:10.001] [lua] @@@@@@@@@@ Enabling ChiOutpost3 portal  @mrxhq:597
[02:59:10.008] [lua] 2  @mrxfactionmanager:505
[02:59:10.015] [lua] 2  @mrxfactionmanager:505
[02:59:10.025] [lua] @@@@@@@@@@ Enabling ChiOutpost3 portal  @mrxhq:597
[02:59:10.032] [lua] 2  @mrxfactionmanager:505
[02:59:10.041] [lua] true  @mrxstarter:252
[02:59:10.051] [lua] Starter activated!  @mrxstarter:431
[02:59:10.061] [lua] HQ AllOutpost3 could not be retrieved  @mrxhqmanager:28
[02:59:10.070] [lua] Attempting to unlock HQ AllOutpost3  @mrxhqmanager:54
[02:59:10.080] [lua] Loading data for HQ AllOutpost3  @mrxhqmanager:59
[02:59:10.089] [lua] HQ AllOutpost3 setup complete  @mrxhqmanager:80
[02:59:10.098] [lua] @@@@@@@@@@ Disabling AllOutpost3 portal  @mrxhq:599
[02:59:10.106] [lua] AllOutpost3 Respawn set to true  @mrxhqmanager:184
[02:59:10.115] [lua] Creating DeathEvent for AllOutpost3(userdata: 000EB10A)  @mrxhqmanager:146
[02:59:10.128] [lua] Adding AllStarter3 to HQ  @mrxhq:843
[02:59:10.136] [lua] 2  @mrxfactionmanager:505
[02:59:10.142] [lua] 2  @mrxfactionmanager:505
[02:59:10.151] [lua] @@@@@@@@@@ Enabling AllOutpost3 portal  @mrxhq:597
[02:59:10.159] [lua] 2  @mrxfactionmanager:505
[02:59:10.167] [lua] 2  @mrxfactionmanager:505
[02:59:10.176] [lua] @@@@@@@@@@ Enabling AllOutpost3 portal  @mrxhq:597
[02:59:10.184] [lua] 2  @mrxfactionmanager:505
[02:59:10.193] [lua] 2  @mrxfactionmanager:505
[02:59:10.206] [lua] @@@@@@@@@@ Enabling AllOutpost3 portal  @mrxhq:597
[02:59:10.213] [lua] 2  @mrxfactionmanager:505
[02:59:10.221] [lua] 2  @mrxfactionmanager:505
[02:59:10.230] [lua] @@@@@@@@@@ Enabling PirOutpost1 portal  @mrxhq:597
[02:59:10.240] [lua] 2  @mrxfactionmanager:505
[02:59:10.248] [lua] !!!!!!!!!!! CLIENT WON'T SEE THIS ... Could not find marker Minimap_Icon_Faction_PR in Radar table  @mrxutil:1356
[02:59:10.256] [lua] true  @mrxstarter:252
[02:59:10.264] [lua] Starter activated!  @mrxstarter:431
[02:59:10.274] [lua] HQ AllOutpost1 could not be retrieved  @mrxhqmanager:28
[02:59:10.284] [lua] Attempting to unlock HQ AllOutpost1  @mrxhqmanager:54
[02:59:10.293] [lua] Loading data for HQ AllOutpost1  @mrxhqmanager:59
[02:59:10.303] [lua] HQ AllOutpost1 setup complete  @mrxhqmanager:80
[02:59:10.312] [lua] @@@@@@@@@@ Disabling AllOutpost1 portal  @mrxhq:599
[02:59:10.322] [lua] AllOutpost1 Respawn set to true  @mrxhqmanager:184
[02:59:10.331] [lua] Creating DeathEvent for AllOutpost1(userdata: 000E752A)  @mrxhqmanager:146
[02:59:10.340] [lua] Adding AllStarter1 to HQ  @mrxhq:843
[02:59:10.347] [lua] 2  @mrxfactionmanager:505
[02:59:10.356] [lua] @@@@@@@@@@ Enabling AllOutpost1 portal  @mrxhq:597
[02:59:10.364] [lua] 2  @mrxfactionmanager:505
[02:59:10.372] [lua] 2  @mrxfactionmanager:505
[02:59:10.381] [lua] @@@@@@@@@@ Enabling AllOutpost1 portal  @mrxhq:597
[02:59:10.388] [lua] 2  @mrxfactionmanager:505
[02:59:10.396] [lua] 2  @mrxfactionmanager:505
[02:59:10.406] [lua] @@@@@@@@@@ Enabling AllOutpost2 portal  @mrxhq:597
[02:59:10.414] [lua] 2  @mrxfactionmanager:505
[02:59:10.421] [lua] 2  @mrxfactionmanager:505
[02:59:10.430] [lua] @@@@@@@@@@ Enabling GurOutpost5 portal  @mrxhq:597
[02:59:10.436] [lua] 2  @mrxfactionmanager:505
[02:59:10.444] [lua] 3  @mrxfactionmanager:505
[02:59:10.454] [lua] @@@@@@@@@@ Enabling AllHq portal  @mrxhq:597
[02:59:10.461] [lua] 3  @mrxfactionmanager:505
[02:59:10.469] [lua] 2  @mrxfactionmanager:505
[02:59:10.478] [lua] @@@@@@@@@@ Enabling GurOutpost2 portal  @mrxhq:597
[02:59:10.485] [lua] 2  @mrxfactionmanager:505
[02:59:10.497] [lua] true  @mrxstarter:252
[02:59:10.512] [lua] Starter activated!  @mrxstarter:431
[02:59:10.523] [lua] HQ GurOutpost4 could not be retrieved  @mrxhqmanager:28
[02:59:10.533] [lua] Attempting to unlock HQ GurOutpost4  @mrxhqmanager:54
[02:59:10.543] [lua] Loading data for HQ GurOutpost4  @mrxhqmanager:59
[02:59:10.557] [lua] HQ GurOutpost4 setup complete  @mrxhqmanager:80
[02:59:10.571] [lua] @@@@@@@@@@ Disabling GurOutpost4 portal  @mrxhq:599
[02:59:10.583] [lua] GurOutpost4 Respawn set to true  @mrxhqmanager:184
[02:59:10.593] [lua] Creating DeathEvent for GurOutpost4(userdata: 000EB0C5)  @mrxhqmanager:146
[02:59:10.604] [lua] Adding GurStarter4 to HQ  @mrxhq:843
[02:59:10.616] [lua] 2  @mrxfactionmanager:505
[02:59:10.625] [lua] 2  @mrxfactionmanager:505
[02:59:10.634] [lua] @@@@@@@@@@ Enabling GurOutpost4 portal  @mrxhq:597
[02:59:10.642] [lua] 2  @mrxfactionmanager:505
[02:59:10.649] [lua] 2  @mrxfactionmanager:505
[02:59:10.658] [lua] @@@@@@@@@@ Enabling GurOutpost4 portal  @mrxhq:597
[02:59:10.665] [lua] 2  @mrxfactionmanager:505
[02:59:10.673] [lua] 2  @mrxfactionmanager:505
[02:59:10.686] [lua] @@@@@@@@@@ Enabling GurOutpost4 portal  @mrxhq:597
[02:59:10.698] [lua] 2  @mrxfactionmanager:505
[02:59:10.707] [lua] 2  @mrxfactionmanager:505
[02:59:10.715] [lua] @@@@@@@@@@ Enabling ChiOutpost4 portal  @mrxhq:597
[02:59:10.722] [lua] 2  @mrxfactionmanager:505
[02:59:10.730] [lua] 3  @mrxfactionmanager:505
[02:59:10.740] [lua] @@@@@@@@@@ Enabling ChiHq portal  @mrxhq:597
[02:59:10.747] [lua] 3  @mrxfactionmanager:505
[02:59:10.754] [lua] 2  @mrxfactionmanager:505
[02:59:10.763] [lua] @@@@@@@@@@ Enabling PirOutpost4 portal  @mrxhq:597
[02:59:10.774] [lua] 2  @mrxfactionmanager:505
[02:59:10.784] [lua] LoadSingleton VerifyManager  @mrxverifymanager:93
[02:59:10.793] [lua] @@@@@@@@@@ MrxMissionFlow.Refresh: setting refresh callback  @mrxmissionflow:845
[02:59:10.807] [lua] Refreshing (4 bindings)...  @mrxmissionflow:863
[02:59:10.817] [lua] No additional actions taken.  @mrxmissionflow:935
[02:59:10.826] [lua] @@@@@@@@@@ _EndBlockingSequence: _bDoMissionAutosave=nil  @mrxmissionflow:1361
[02:59:10.835] [lua] @@@@@@@@@@ MrxState.Exit: state STATE_WAITFORGAME (refcount=0)  @mrxstate:476
[02:59:10.835] [world] >>> @@@@@@@@@@ MrxState.Exit: state STATE_WAITFORGAME (refcount=0)  @mrxstate:476
[02:59:10.847] [lua] @@@@@@@@@@ MrxState._AttemptGlobalExit  @mrxstate:495
[02:59:10.856] [lua] @@@@@@@@@@ MrxState._AttemptGlobalExit:  state STATE_WAITFORSTREAMING still active .. (refcount=5,bLocked=true)  @mrxstate:512
[02:59:10.856] [world] >>> @@@@@@@@@@ MrxState._AttemptGlobalExit:  state STATE_WAITFORSTREAMING still active .. (refcount=5,bLocked=true)  @mrxstate:512
[02:59:10.865] [lua] @@@@@@@@@@ MrxMissionFlow._RefreshComplete: resetting refresh callback  @mrxmissionflow:1403
[02:59:10.873] [lua] Reporting DISABLED  @mrxfactionmanager:1629
[02:59:10.883] [lua] @@@@@@@@@@ MrxState.Enter: state STATE_WAITFORGAME (refcount=1)  @mrxstate:381
[02:59:10.883] [world] >>> @@@@@@@@@@ MrxState.Enter: state STATE_WAITFORGAME (refcount=1)  @mrxstate:381
[02:59:10.894] [lua] Reporting DISABLED  @mrxfactionmanager:1629
[02:59:10.902] [lua] @@@@@@@@@@ WifVzBoundary.SetInteriorMode (_sBoundaryName=Boundary02)  @wifvzboundary:185
[02:59:10.913] [lua] New operation (0 layers)  @mrxlayermanager:181
[02:59:10.922] [lua] After culling, 0 layers in operation  @mrxlayermanager:250
[02:59:10.930] [lua] New operation (0 layers)  @mrxlayermanager:181
[02:59:10.939] [lua] After culling, 0 layers in operation  @mrxlayermanager:250
[02:59:10.950] [lua] New operation (4 layers)  @mrxlayermanager:181
[02:59:10.959] [lua] After culling, 4 layers in operation  @mrxlayermanager:250
[02:59:10.967] [lua] Adding new request (1): adding 4 layers  @mrxlayermanager:281
[02:59:10.975] [lua] (Currently, there are 1 requests for layer vz_state_pmcinterior)  @mrxlayermanager:298
[02:59:10.984] [lua] (Currently, there are 1 requests for layer vz_state_pmcinterior_hel)  @mrxlayermanager:298
[02:59:10.993] [lua] (Currently, there are 1 requests for layer vz_state_pmcinterior_jet)  @mrxlayermanager:298
[02:59:11.001] [lua] (Currently, there are 1 requests for layer vz_state_pmcinterior_mec)  @mrxlayermanager:298
[02:59:11.010] [lua] (nPendingOps = 4)  @mrxlayermanager:324
[02:59:11.018] [lua] Loading vz_state_pmcinterior (static: false)  @mrxlayermanager:375
[02:59:11.027] [lua] true	Unable to load layer vz_state_pmcinterior  @mrxlayermanager:403
[02:59:11.037] [lua] Loading vz_state_pmcinterior_jet (static: false)  @mrxlayermanager:375
[02:59:11.045] [lua] true	Unable to load layer vz_state_pmcinterior_jet  @mrxlayermanager:403
[02:59:11.054] [lua] Loading vz_state_pmcinterior_hel (static: false)  @mrxlayermanager:375
[02:59:11.063] [lua] true	Unable to load layer vz_state_pmcinterior_hel  @mrxlayermanager:403
[02:59:11.071] [lua] Loading vz_state_pmcinterior_mec (static: false)  @mrxlayermanager:375
[02:59:11.080] [lua] true	Unable to load layer vz_state_pmcinterior_mec  @mrxlayermanager:403
[02:59:11.088] [lua] @@@@@@@@@@ MrxState._StateComplete:  state STATE_WAITFORGAME, about to _AttemptGlobalExit  @mrxstate:325
[02:59:11.089] [world] >>> @@@@@@@@@@ MrxState._StateComplete:  state STATE_WAITFORGAME, about to _AttemptGlobalExit  @mrxstate:325
[02:59:11.097] [lua] @@@@@@@@@@ MrxState._AttemptGlobalExit  @mrxstate:495
[02:59:11.107] [lua] @@@@@@@@@@ MrxState._AttemptGlobalExit:  state STATE_WAITFORSTREAMING still active .. (refcount=5,bLocked=true)  @mrxstate:512
[02:59:11.108] [world] >>> @@@@@@@@@@ MrxState._AttemptGlobalExit:  state STATE_WAITFORSTREAMING still active .. (refcount=5,bLocked=true)  @mrxstate:512
[02:59:11.116] [lua] ###! GlobalEnter - Complete  @mrxstate:432
[02:59:11.116] [world] >>> ###! GlobalEnter - Complete  @mrxstate:432
[02:59:11.126] [lua] @@@@@@@@@@ MrxState._AttemptGlobalExit  @mrxstate:495
[02:59:11.134] [lua] @@@@@@@@@@ MrxState._AttemptGlobalExit:  state STATE_WAITFORSTREAMING still active .. (refcount=5,bLocked=true)  @mrxstate:512
[02:59:11.134] [world] >>> @@@@@@@@@@ MrxState._AttemptGlobalExit:  state STATE_WAITFORSTREAMING still active .. (refcount=5,bLocked=true)  @mrxstate:512
[02:59:11.142] [lua] table:0x1F1A4540  @mrxguibase:1353
[02:59:11.150] [lua] table:0x1F18DA20  @mrxguibase:1353
[02:59:11.158] [lua] table:0x1F18D920  @mrxguibase:1353
[02:59:11.165] [lua] table:0x1F18D200  @mrxguibase:1353
[02:59:11.172] [lua] table:0x1F18D100  @mrxguibase:1353
[02:59:11.180] [lua] table:0x1F18D800  @mrxguibase:1353
[02:59:11.189] [lua] table:0x1F18CFE0  @mrxguibase:1353
[02:59:11.197] [lua] table:0x1F16F4A0  @mrxguibase:1353
[02:59:11.204] [lua] table:0x1F16F180  @mrxguibase:1353
[02:59:11.214] [lua] table:0x1F18CA60  @mrxguibase:1353
[02:59:11.221] [lua] table:0x1F18C8C0  @mrxguibase:1353
[02:59:11.231] [lua] table:0x1EFD11A0  @mrxguibase:1353
[02:59:11.239] [lua] table:0x1F168560  @mrxguibase:1353
[02:59:11.246] [lua] table:0x1F169600  @mrxguibase:1353
[02:59:11.254] [lua] table:0x1EF97FA0  @mrxguibase:1353
[02:59:11.262] [lua] table:0x1EFD0380  @mrxguibase:1353
[02:59:11.270] [lua] table:0x1EFD0460  @mrxguibase:1353
[02:59:11.277] [lua] table:0x1EF96E00  @mrxguibase:1353
[02:59:11.285] [lua] table:0x1EF97160  @mrxguibase:1353
[02:59:11.292] [lua] table:0x1EF97260  @mrxguibase:1353
[02:59:11.299] [lua] table:0x1F1A0820  @mrxguibase:1353
[02:59:11.307] [lua] table:0x1F18B460  @mrxguibase:1353
[02:59:11.314] [lua] table:0x1F18B660  @mrxguibase:1353
[02:59:11.321] [lua] table:0x1F30B460  @mrxguibase:1353
[02:59:11.328] [lua] table:0x1F1F9920  @mrxguibase:1353
[02:59:11.335] [lua] table:0x1F1CFA40  @mrxguibase:1353
[02:59:11.348] [lua] table:0x1F6C14C0  @mrxtask:649
[02:59:11.357] [lua] Dynamically imported module MrxTask  @mrxtask:654
[02:59:11.357] [world] >>> Dynamically imported module MrxTask  @mrxtask:654
[02:59:11.365] [lua] 0  @mrxtask:440
[02:59:11.373] [lua] 0  @mrxtask:440
[02:59:11.380] [lua] true  @mrxtask:291
[02:59:11.390] [lua] active  @mrxtaskstate:32
[02:59:11.398] [lua] _SetState "Missions.ChiCon009" active  @mrxtask:299
[02:59:11.406] [lua] 1  @mrxtask:440
[02:59:11.413] [lua] 1  @mrxtask:440
[02:59:11.421] [lua] 1  @mrxtask:440
[02:59:11.428] [lua] 1  @mrxtask:440
[02:59:11.436] [lua] 1  @mrxtask:440
[02:59:11.443] [lua] 1  @mrxtask:440
[02:59:11.451] [lua] table:0x1F6C14C0  @mrxtask:649
[02:59:11.459] [lua] Dynamically imported module MrxTask  @mrxtask:654
[02:59:11.459] [world] >>> Dynamically imported module MrxTask  @mrxtask:654
[02:59:11.466] [lua] 0  @mrxtask:440
[02:59:11.473] [lua] 0  @mrxtask:440
[02:59:11.483] [lua] true  @mrxtask:291
[02:59:11.492] [lua] active  @mrxtaskstate:32
[02:59:11.500] [lua] _SetState "Missions.ChiCon009.ChiCon009Briefing" active  @mrxtask:299
[02:59:11.508] [lua] 1  @mrxtask:440
[02:59:11.515] [lua] 1  @mrxtask:440
[02:59:11.522] [lua] 1  @mrxtask:440
[02:59:11.530] [lua] 1  @mrxtask:440
[02:59:11.537] [lua] 1  @mrxtask:440
[02:59:11.545] [lua] 1  @mrxtask:440
[02:59:11.552] [lua] table:0x1F6C14C0  @mrxtask:649
[02:59:11.561] [lua] Dynamically imported module MrxTask  @mrxtask:654
[02:59:11.561] [world] >>> Dynamically imported module MrxTask  @mrxtask:654
[02:59:11.568] [lua] 0  @mrxtask:440
[02:59:11.575] [lua] 0  @mrxtask:440
[02:59:11.582] [lua] true  @mrxtask:291
[02:59:11.590] [lua] active  @mrxtaskstate:32
[02:59:11.601] [lua] _SetState "Missions.ChiJob003" active  @mrxtask:299
[02:59:11.608] [lua] 1  @mrxtask:440
[02:59:11.615] [lua] 1  @mrxtask:440
[02:59:11.623] [lua] 1  @mrxtask:440
[02:59:11.630] [lua] 1  @mrxtask:440
[02:59:11.640] [lua] 1  @mrxtask:440
[02:59:11.647] [lua] 1  @mrxtask:440
[02:59:11.655] [lua] table:0x1F6C14C0  @mrxtask:649
[02:59:11.663] [lua] Dynamically imported module MrxTask  @mrxtask:654
[02:59:11.663] [world] >>> Dynamically imported module MrxTask  @mrxtask:654
[02:59:11.672] [lua] 0  @mrxtask:440
[02:59:11.681] [lua] 0  @mrxtask:440
[02:59:11.688] [lua] true  @mrxtask:291
[02:59:11.696] [lua] active  @mrxtaskstate:32
[02:59:11.705] [lua] _SetState "Missions.PirCon004" active  @mrxtask:299
[02:59:11.712] [lua] 1  @mrxtask:440
[02:59:11.719] [lua] 1  @mrxtask:440
[02:59:11.727] [lua] 1  @mrxtask:440
[02:59:11.735] [lua] 1  @mrxtask:440
[02:59:11.742] [lua] 1  @mrxtask:440
[02:59:11.753] [lua] 1  @mrxtask:440
[02:59:11.761] [lua] table:0x1F6C14C0  @mrxtask:649
[02:59:11.772] [lua] Dynamically imported module MrxTask  @mrxtask:654
[02:59:11.772] [world] >>> Dynamically imported module MrxTask  @mrxtask:654
[02:59:11.781] [lua] 0  @mrxtask:440
[02:59:11.788] [lua] 0  @mrxtask:440
[02:59:11.797] [lua] true  @mrxtask:291
[02:59:11.810] [lua] active  @mrxtaskstate:32
[02:59:11.823] [lua] _SetState "Missions.PirCon004.PirCon004Briefing" active  @mrxtask:299
[02:59:11.831] [lua] 1  @mrxtask:440
[02:59:11.840] [lua] 1  @mrxtask:440
[02:59:11.852] [lua] 1  @mrxtask:440
[02:59:11.863] [lua] 1  @mrxtask:440
[02:59:11.871] [lua] 1  @mrxtask:440
[02:59:11.879] [lua] 1  @mrxtask:440
[02:59:11.887] [lua] table:0x1F6C14C0  @mrxtask:649
[02:59:11.901] [lua] Dynamically imported module MrxTask  @mrxtask:654
[02:59:11.901] [world] >>> Dynamically imported module MrxTask  @mrxtask:654
[02:59:11.910] [lua] 0  @mrxtask:440
[02:59:11.922] [lua] 0  @mrxtask:440
[02:59:11.930] [lua] true  @mrxtask:291
[02:59:11.944] [lua] active  @mrxtaskstate:32
[02:59:11.954] [lua] _SetState "Missions.OilCon003" active  @mrxtask:299
[02:59:11.962] [lua] 1  @mrxtask:440
[02:59:11.969] [lua] 1  @mrxtask:440
[02:59:11.979] [lua] 1  @mrxtask:440
[02:59:11.991] [lua] 1  @mrxtask:440
[02:59:12.001] [lua] 1  @mrxtask:440
[02:59:12.008] [lua] 1  @mrxtask:440
[02:59:12.018] [lua] table:0x1F6C14C0  @mrxtask:649
[02:59:12.031] [lua] Dynamically imported module MrxTask  @mrxtask:654
[02:59:12.032] [world] >>> Dynamically imported module MrxTask  @mrxtask:654
[02:59:12.042] [lua] 0  @mrxtask:440
[02:59:12.052] [lua] 0  @mrxtask:440
[02:59:12.059] [lua] true  @mrxtask:291
[02:59:12.067] [lua] active  @mrxtaskstate:32
[02:59:12.076] [lua] _SetState "Missions.OilCon003.OilCon003Briefing" active  @mrxtask:299
[02:59:12.084] [lua] 1  @mrxtask:440
[02:59:12.091] [lua] 1  @mrxtask:440
[02:59:12.099] [lua] 1  @mrxtask:440
[02:59:12.108] [lua] 1  @mrxtask:440
[02:59:12.119] [lua] 1  @mrxtask:440
[02:59:12.126] [lua] 1  @mrxtask:440
[02:59:12.135] [lua] table:0x1F6C14C0  @mrxtask:649
[02:59:12.144] [lua] Dynamically imported module MrxTask  @mrxtask:654
[02:59:12.144] [world] >>> Dynamically imported module MrxTask  @mrxtask:654
[02:59:12.152] [lua] 0  @mrxtask:440
[02:59:12.162] [lua] 0  @mrxtask:440
[02:59:12.169] [lua] true  @mrxtask:291
[02:59:12.178] [lua] active  @mrxtaskstate:32
[02:59:12.187] [lua] _SetState "Missions.PmcCon015" active  @mrxtask:299
[02:59:12.194] [lua] 1  @mrxtask:440
[02:59:12.202] [lua] 1  @mrxtask:440
[02:59:12.210] [lua] 1  @mrxtask:440
[02:59:12.217] [lua] 1  @mrxtask:440
[02:59:12.224] [lua] 1  @mrxtask:440
[02:59:12.231] [lua] 1  @mrxtask:440
[02:59:12.242] [lua] table:0x1F6C14C0  @mrxtask:649
[02:59:12.251] [lua] Dynamically imported module MrxTask  @mrxtask:654
[02:59:12.251] [world] >>> Dynamically imported module MrxTask  @mrxtask:654
[02:59:12.259] [lua] 0  @mrxtask:440
[02:59:12.266] [lua] 0  @mrxtask:440
[02:59:12.274] [lua] true  @mrxtask:291
[02:59:12.283] [lua] active  @mrxtaskstate:32
[02:59:12.292] [lua] _SetState "Missions.PmcCon015.PmcCon015Briefing" active  @mrxtask:299
[02:59:12.300] [lua] 1  @mrxtask:440
[02:59:12.307] [lua] 1  @mrxtask:440
[02:59:12.314] [lua] 1  @mrxtask:440
[02:59:12.322] [lua] 1  @mrxtask:440
[02:59:12.330] [lua] 1  @mrxtask:440
[02:59:12.337] [lua] 1  @mrxtask:440
[02:59:12.344] [lua] table:0x1F6C14C0  @mrxtask:649
[02:59:12.354] [lua] Dynamically imported module MrxTask  @mrxtask:654
[02:59:12.354] [world] >>> Dynamically imported module MrxTask  @mrxtask:654
[02:59:12.363] [lua] 0  @mrxtask:440
[02:59:12.370] [lua] 0  @mrxtask:440
[02:59:12.377] [lua] true  @mrxtask:291
[02:59:12.385] [lua] active  @mrxtaskstate:32
[02:59:12.394] [lua] _SetState "Missions.ChiCon003" active  @mrxtask:299
[02:59:12.402] [lua] 1  @mrxtask:440
[02:59:12.409] [lua] 1  @mrxtask:440
[02:59:12.417] [lua] 1  @mrxtask:440
[02:59:12.424] [lua] 1  @mrxtask:440
[02:59:12.431] [lua] 1  @mrxtask:440
[02:59:12.443] [lua] 1  @mrxtask:440
[02:59:12.450] [lua] table:0x1F6C14C0  @mrxtask:649
[02:59:12.459] [lua] Dynamically imported module MrxTask  @mrxtask:654
[02:59:12.459] [world] >>> Dynamically imported module MrxTask  @mrxtask:654
[02:59:12.466] [lua] 0  @mrxtask:440
[02:59:12.473] [lua] 0  @mrxtask:440
[02:59:12.483] [lua] true  @mrxtask:291
[02:59:12.492] [lua] active  @mrxtaskstate:32
[02:59:12.502] [lua] _SetState "Missions.ChiCon003.ChiCon003Briefing" active  @mrxtask:299
[02:59:12.510] [lua] 1  @mrxtask:440
[02:59:12.518] [lua] 1  @mrxtask:440
[02:59:12.526] [lua] 1  @mrxtask:440
[02:59:12.533] [lua] 1  @mrxtask:440
[02:59:12.541] [lua] 1  @mrxtask:440
[02:59:12.548] [lua] 1  @mrxtask:440
[02:59:12.555] [lua] table:0x1F6C14C0  @mrxtask:649
[02:59:12.565] [lua] Dynamically imported module MrxTask  @mrxtask:654
[02:59:12.566] [world] >>> Dynamically imported module MrxTask  @mrxtask:654
[02:59:12.573] [lua] 0  @mrxtask:440
[02:59:12.580] [lua] 0  @mrxtask:440
[02:59:12.587] [lua] true  @mrxtask:291
[02:59:12.595] [lua] active  @mrxtaskstate:32
[02:59:12.606] [lua] _SetState "Missions.PmcCon034" active  @mrxtask:299
[02:59:12.613] [lua] 1  @mrxtask:440
[02:59:12.620] [lua] 1  @mrxtask:440
[02:59:12.627] [lua] 1  @mrxtask:440
[02:59:12.635] [lua] 1  @mrxtask:440
[02:59:12.642] [lua] 1  @mrxtask:440
[02:59:12.650] [lua] 1  @mrxtask:440
[02:59:12.657] [lua] table:0x1F6C14C0  @mrxtask:649
[02:59:12.667] [lua] Dynamically imported module MrxTask  @mrxtask:654
[02:59:12.667] [world] >>> Dynamically imported module MrxTask  @mrxtask:654
[02:59:12.675] [lua] 0  @mrxtask:440
[02:59:12.683] [lua] 0  @mrxtask:440
[02:59:12.690] [lua] true  @mrxtask:291
[02:59:12.699] [lua] active  @mrxtaskstate:32
[02:59:12.708] [lua] _SetState "Missions.PmcCon034.PmcCon034Briefing" active  @mrxtask:299
[02:59:12.715] [lua] 1  @mrxtask:440
[02:59:12.723] [lua] 1  @mrxtask:440
[02:59:12.730] [lua] 1  @mrxtask:440
[02:59:12.737] [lua] 1  @mrxtask:440
[02:59:12.744] [lua] 1  @mrxtask:440
[02:59:12.751] [lua] 1  @mrxtask:440
[02:59:12.760] [lua] table:0x1F6C14C0  @mrxtask:649
[02:59:12.769] [lua] Dynamically imported module MrxTask  @mrxtask:654
[02:59:12.770] [world] >>> Dynamically imported module MrxTask  @mrxtask:654
[02:59:12.778] [lua] 0  @mrxtask:440
[02:59:12.785] [lua] 0  @mrxtask:440
[02:59:12.793] [lua] true  @mrxtask:291
[02:59:12.802] [lua] active  @mrxtaskstate:32
[02:59:12.816] [lua] _SetState "Missions.ChiCon008" active  @mrxtask:299
[02:59:12.823] [lua] 1  @mrxtask:440
[02:59:12.833] [lua] 1  @mrxtask:440
[02:59:12.841] [lua] 1  @mrxtask:440
[02:59:12.848] [lua] 1  @mrxtask:440
[02:59:12.855] [lua] 1  @mrxtask:440
[02:59:12.862] [lua] 1  @mrxtask:440
[02:59:12.870] [lua] table:0x1F6C14C0  @mrxtask:649
[02:59:12.879] [lua] Dynamically imported module MrxTask  @mrxtask:654
[02:59:12.879] [world] >>> Dynamically imported module MrxTask  @mrxtask:654
[02:59:12.887] [lua] 0  @mrxtask:440
[02:59:12.894] [lua] 0  @mrxtask:440
[02:59:12.903] [lua] true  @mrxtask:291
[02:59:12.912] [lua] active  @mrxtaskstate:32
[02:59:12.925] [lua] _SetState "Missions.ChiCon008.ChiCon008Briefing" active  @mrxtask:299
[02:59:12.932] [lua] 1  @mrxtask:440
[02:59:12.943] [lua] 1  @mrxtask:440
[02:59:12.950] [lua] 1  @mrxtask:440
[02:59:12.958] [lua] 1  @mrxtask:440
[02:59:12.965] [lua] 1  @mrxtask:440
[02:59:12.972] [lua] 1  @mrxtask:440
[02:59:12.979] [lua] table:0x1F6C14C0  @mrxtask:649
[02:59:12.988] [lua] Dynamically imported module MrxTask  @mrxtask:654
[02:59:12.988] [world] >>> Dynamically imported module MrxTask  @mrxtask:654
[02:59:12.995] [lua] 0  @mrxtask:440
[02:59:13.003] [lua] 0  @mrxtask:440
[02:59:13.011] [lua] true  @mrxtask:291
[02:59:13.020] [lua] active  @mrxtaskstate:32
[02:59:13.028] [lua] _SetState "Missions.OilJob004" active  @mrxtask:299
[02:59:13.035] [lua] 1  @mrxtask:440
[02:59:13.044] [lua] 1  @mrxtask:440
[02:59:13.051] [lua] 1  @mrxtask:440
[02:59:13.059] [lua] 1  @mrxtask:440
[02:59:13.066] [lua] 1  @mrxtask:440
[02:59:13.078] [lua] 1  @mrxtask:440
[02:59:13.086] [lua] table:0x1F6C14C0  @mrxtask:649
[02:59:13.094] [lua] Dynamically imported module MrxTask  @mrxtask:654
[02:59:13.094] [world] >>> Dynamically imported module MrxTask  @mrxtask:654
[02:59:13.101] [lua] 0  @mrxtask:440
[02:59:13.108] [lua] 0  @mrxtask:440
[02:59:13.115] [lua] true  @mrxtask:291
[02:59:13.126] [lua] active  @mrxtaskstate:32
[02:59:13.138] [lua] _SetState "Missions.GurJob006" active  @mrxtask:299
[02:59:13.145] [lua] 1  @mrxtask:440
[02:59:13.156] [lua] 1  @mrxtask:440
[02:59:13.167] [lua] 1  @mrxtask:440
[02:59:13.176] [lua] 1  @mrxtask:440
[02:59:13.187] [lua] 1  @mrxtask:440
[02:59:13.198] [lua] 1  @mrxtask:440
[02:59:13.208] [lua] table:0x1F6C14C0  @mrxtask:649
[02:59:13.222] [lua] Dynamically imported module MrxTask  @mrxtask:654
[02:59:13.222] [world] >>> Dynamically imported module MrxTask  @mrxtask:654
[02:59:13.231] [lua] 0  @mrxtask:440
[02:59:13.242] [lua] 0  @mrxtask:440
[02:59:13.252] [lua] true  @mrxtask:291
[02:59:13.261] [lua] active  @mrxtaskstate:32
[02:59:13.271] [lua] _SetState "Missions.GurJob001" active  @mrxtask:299
[02:59:13.282] [lua] 1  @mrxtask:440
[02:59:13.292] [lua] 1  @mrxtask:440
[02:59:13.301] [lua] 1  @mrxtask:440
[02:59:13.311] [lua] 1  @mrxtask:440
[02:59:13.321] [lua] 1  @mrxtask:440
[02:59:13.330] [lua] 1  @mrxtask:440
[02:59:13.342] [lua] table:0x1F6C14C0  @mrxtask:649
[02:59:13.354] [lua] Dynamically imported module MrxTask  @mrxtask:654
[02:59:13.354] [world] >>> Dynamically imported module MrxTask  @mrxtask:654
[02:59:13.365] [lua] 0  @mrxtask:440
[02:59:13.376] [lua] 0  @mrxtask:440
[02:59:13.385] [lua] true  @mrxtask:291
[02:59:13.397] [lua] active  @mrxtaskstate:32
[02:59:13.410] [lua] _SetState "Missions.PirCon002" active  @mrxtask:299
[02:59:13.422] [lua] 1  @mrxtask:440
[02:59:13.434] [lua] 1  @mrxtask:440
[02:59:13.447] [lua] 1  @mrxtask:440
[02:59:13.460] [lua] 1  @mrxtask:440
[02:59:13.470] [lua] 1  @mrxtask:440
[02:59:13.479] [lua] 1  @mrxtask:440
[02:59:13.489] [lua] table:0x1F6C14C0  @mrxtask:649
[02:59:13.501] [lua] Dynamically imported module MrxTask  @mrxtask:654
[02:59:13.501] [world] >>> Dynamically imported module MrxTask  @mrxtask:654
[02:59:13.508] [lua] 0  @mrxtask:440
[02:59:13.518] [lua] 0  @mrxtask:440
[02:59:13.531] [lua] true  @mrxtask:291
[02:59:13.547] [lua] active  @mrxtaskstate:32
[02:59:13.565] [lua] _SetState "Missions.PirCon002.PirCon002Briefing" active  @mrxtask:299
[02:59:13.581] [lua] 1  @mrxtask:440
[02:59:13.591] [lua] 1  @mrxtask:440
[02:59:13.604] [lua] 1  @mrxtask:440
[02:59:13.615] [lua] 1  @mrxtask:440
[02:59:13.624] [lua] 1  @mrxtask:440
[02:59:13.634] [lua] 1  @mrxtask:440
[02:59:13.646] [lua] table:0x1F6C14C0  @mrxtask:649
[02:59:13.656] [lua] Dynamically imported module MrxTask  @mrxtask:654
[02:59:13.656] [world] >>> Dynamically imported module MrxTask  @mrxtask:654
[02:59:13.665] [lua] 0  @mrxtask:440
[02:59:13.674] [lua] 0  @mrxtask:440
[02:59:13.682] [lua] true  @mrxtask:291
[02:59:13.696] [lua] active  @mrxtaskstate:32
[02:59:13.709] [lua] _SetState "Missions.AllCon003" active  @mrxtask:299
[02:59:13.725] [lua] 1  @mrxtask:440
[02:59:13.732] [lua] 1  @mrxtask:440
[02:59:13.741] [lua] 1  @mrxtask:440
[02:59:13.748] [lua] 1  @mrxtask:440
[02:59:13.755] [lua] 1  @mrxtask:440
[02:59:13.763] [lua] 1  @mrxtask:440
[02:59:13.772] [lua] table:0x1F6C14C0  @mrxtask:649
[02:59:13.782] [lua] Dynamically imported module MrxTask  @mrxtask:654
[02:59:13.782] [world] >>> Dynamically imported module MrxTask  @mrxtask:654
[02:59:13.789] [lua] 0  @mrxtask:440
[02:59:13.796] [lua] 0  @mrxtask:440
[02:59:13.807] [lua] true  @mrxtask:291
[02:59:13.817] [lua] active  @mrxtaskstate:32
[02:59:13.825] [lua] _SetState "Missions.AllCon003.AllCon003Briefing" active  @mrxtask:299
[02:59:13.834] [lua] 1  @mrxtask:440
[02:59:13.841] [lua] 1  @mrxtask:440
[02:59:13.851] [lua] 1  @mrxtask:440
[02:59:13.860] [lua] 1  @mrxtask:440
[02:59:13.869] [lua] 1  @mrxtask:440
[02:59:13.879] [lua] 1  @mrxtask:440
[02:59:13.887] [lua] table:0x1F6C14C0  @mrxtask:649
[02:59:13.897] [lua] Dynamically imported module MrxTask  @mrxtask:654
[02:59:13.897] [world] >>> Dynamically imported module MrxTask  @mrxtask:654
[02:59:13.904] [lua] 0  @mrxtask:440
[02:59:13.912] [lua] 0  @mrxtask:440
[02:59:13.922] [lua] true  @mrxtask:291
[02:59:13.931] [lua] active  @mrxtaskstate:32
[02:59:13.940] [lua] _SetState "Missions.PmcCon016" active  @mrxtask:299
[02:59:13.947] [lua] 1  @mrxtask:440
[02:59:13.954] [lua] 1  @mrxtask:440
[02:59:13.962] [lua] 1  @mrxtask:440
[02:59:13.969] [lua] 1  @mrxtask:440
[02:59:13.976] [lua] 1  @mrxtask:440
[02:59:13.984] [lua] 1  @mrxtask:440
[02:59:13.991] [lua] table:0x1F6C14C0  @mrxtask:649
[02:59:14.000] [lua] Dynamically imported module MrxTask  @mrxtask:654
[02:59:14.000] [world] >>> Dynamically imported module MrxTask  @mrxtask:654
[02:59:14.007] [lua] 0  @mrxtask:440
[02:59:14.014] [lua] 0  @mrxtask:440
[02:59:14.022] [lua] true  @mrxtask:291
[02:59:14.030] [lua] active  @mrxtaskstate:32
[02:59:14.040] [lua] _SetState "Missions.PmcCon016.PmcCon016Briefing" active  @mrxtask:299
[02:59:14.047] [lua] 1  @mrxtask:440
[02:59:14.054] [lua] 1  @mrxtask:440
[02:59:14.061] [lua] 1  @mrxtask:440
[02:59:14.069] [lua] 1  @mrxtask:440
[02:59:14.075] [lua] 1  @mrxtask:440
[02:59:14.083] [lua] 1  @mrxtask:440
[02:59:14.090] [lua] table:0x1F6C14C0  @mrxtask:649
[02:59:14.099] [lua] Dynamically imported module MrxTask  @mrxtask:654
[02:59:14.099] [world] >>> Dynamically imported module MrxTask  @mrxtask:654
[02:59:14.107] [lua] 0  @mrxtask:440
[02:59:14.114] [lua] 0  @mrxtask:440
[02:59:14.122] [lua] true  @mrxtask:291
[02:59:14.133] [lua] active  @mrxtaskstate:32
[02:59:14.142] [lua] _SetState "Missions.PmcCon032" active  @mrxtask:299
[02:59:14.149] [lua] 1  @mrxtask:440
[02:59:14.157] [lua] 1  @mrxtask:440
[02:59:14.164] [lua] 1  @mrxtask:440
[02:59:14.171] [lua] 1  @mrxtask:440
[02:59:14.181] [lua] 1  @mrxtask:440
[02:59:14.189] [lua] 1  @mrxtask:440
[02:59:14.197] [lua] table:0x1F6C14C0  @mrxtask:649
[02:59:14.206] [lua] Dynamically imported module MrxTask  @mrxtask:654
[02:59:14.206] [world] >>> Dynamically imported module MrxTask  @mrxtask:654
[02:59:14.213] [lua] 0  @mrxtask:440
[02:59:14.220] [lua] 0  @mrxtask:440
[02:59:14.227] [lua] true  @mrxtask:291
[02:59:14.236] [lua] active  @mrxtaskstate:32
[02:59:14.245] [lua] _SetState "Missions.PmcCon032.PmcCon032Briefing" active  @mrxtask:299
[02:59:14.253] [lua] 1  @mrxtask:440
[02:59:14.260] [lua] 1  @mrxtask:440
[02:59:14.268] [lua] 1  @mrxtask:440
[02:59:14.275] [lua] 1  @mrxtask:440
[02:59:14.282] [lua] 1  @mrxtask:440
[02:59:14.290] [lua] 1  @mrxtask:440
[02:59:14.298] [lua] table:0x1F6C14C0  @mrxtask:649
[02:59:14.307] [lua] Dynamically imported module MrxTask  @mrxtask:654
[02:59:14.307] [world] >>> Dynamically imported module MrxTask  @mrxtask:654
[02:59:14.317] [lua] 0  @mrxtask:440
[02:59:14.327] [lua] 0  @mrxtask:440
[02:59:14.334] [lua] true  @mrxtask:291
[02:59:14.349] [lua] active  @mrxtaskstate:32
[02:59:14.358] [lua] _SetState "Missions.OilCon001" active  @mrxtask:299
[02:59:14.365] [lua] 1  @mrxtask:440
[02:59:14.372] [lua] 1  @mrxtask:440
[02:59:14.379] [lua] 1  @mrxtask:440
[02:59:14.390] [lua] 1  @mrxtask:440
[02:59:14.398] [lua] 1  @mrxtask:440
[02:59:14.405] [lua] 1  @mrxtask:440
[02:59:14.412] [lua] table:0x1F6C14C0  @mrxtask:649
[02:59:14.421] [lua] Dynamically imported module MrxTask  @mrxtask:654
[02:59:14.423] [world] >>> Dynamically imported module MrxTask  @mrxtask:654
[02:59:14.432] [lua] 0  @mrxtask:440
[02:59:14.439] [lua] 0  @mrxtask:440
[02:59:14.447] [lua] true  @mrxtask:291
[02:59:14.456] [lua] active  @mrxtaskstate:32
[02:59:14.466] [lua] _SetState "Missions.OilCon001.OilCon001Briefing" active  @mrxtask:299
[02:59:14.474] [lua] 1  @mrxtask:440
[02:59:14.482] [lua] 1  @mrxtask:440
[02:59:14.490] [lua] 1  @mrxtask:440
[02:59:14.497] [lua] 1  @mrxtask:440
[02:59:14.505] [lua] 1  @mrxtask:440
[02:59:14.514] [lua] 1  @mrxtask:440
[02:59:14.521] [lua] table:0x1F6C14C0  @mrxtask:649
[02:59:14.529] [lua] Dynamically imported module MrxTask  @mrxtask:654
[02:59:14.530] [world] >>> Dynamically imported module MrxTask  @mrxtask:654
[02:59:14.537] [lua] 0  @mrxtask:440
[02:59:14.544] [lua] 0  @mrxtask:440
[02:59:14.553] [lua] true  @mrxtask:291
[02:59:14.562] [lua] active  @mrxtaskstate:32
[02:59:14.576] [lua] _SetState "Missions.PmcCon013" active  @mrxtask:299
[02:59:14.586] [lua] 1  @mrxtask:440
[02:59:14.593] [lua] 1  @mrxtask:440
[02:59:14.600] [lua] 1  @mrxtask:440
[02:59:14.607] [lua] 1  @mrxtask:440
[02:59:14.614] [lua] 1  @mrxtask:440
[02:59:14.621] [lua] 1  @mrxtask:440
[02:59:14.630] [lua] table:0x1F6C14C0  @mrxtask:649
[02:59:14.639] [lua] Dynamically imported module MrxTask  @mrxtask:654
[02:59:14.639] [world] >>> Dynamically imported module MrxTask  @mrxtask:654
[02:59:14.650] [lua] 0  @mrxtask:440
[02:59:14.657] [lua] 0  @mrxtask:440
[02:59:14.670] [lua] true  @mrxtask:291
[02:59:14.683] [lua] active  @mrxtaskstate:32
[02:59:14.697] [lua] _SetState "Missions.PmcCon013.PmcCon013Briefing" active  @mrxtask:299
[02:59:14.708] [lua] 1  @mrxtask:440
[02:59:14.721] [lua] 1  @mrxtask:440
[02:59:14.730] [lua] 1  @mrxtask:440
[02:59:14.737] [lua] 1  @mrxtask:440
[02:59:14.749] [lua] 1  @mrxtask:440
[02:59:14.762] [lua] 1  @mrxtask:440
[02:59:14.771] [lua] table:0x1F6C14C0  @mrxtask:649
[02:59:14.783] [lua] Dynamically imported module MrxTask  @mrxtask:654
[02:59:14.783] [world] >>> Dynamically imported module MrxTask  @mrxtask:654
[02:59:14.796] [lua] 0  @mrxtask:440
[02:59:14.803] [lua] 0  @mrxtask:440
[02:59:14.811] [lua] true  @mrxtask:291
[02:59:14.819] [lua] active  @mrxtaskstate:32
[02:59:14.828] [lua] _SetState "Missions.AllJob003" active  @mrxtask:299
[02:59:14.835] [lua] 1  @mrxtask:440
[02:59:14.843] [lua] 1  @mrxtask:440
[02:59:14.850] [lua] 1  @mrxtask:440
[02:59:14.857] [lua] 1  @mrxtask:440
[02:59:14.864] [lua] 1  @mrxtask:440
[02:59:14.871] [lua] 1  @mrxtask:440
[02:59:14.878] [lua] table:0x1F6C14C0  @mrxtask:649
[02:59:14.887] [lua] Dynamically imported module MrxTask  @mrxtask:654
[02:59:14.887] [world] >>> Dynamically imported module MrxTask  @mrxtask:654
[02:59:14.894] [lua] 0  @mrxtask:440
[02:59:14.901] [lua] 0  @mrxtask:440
[02:59:14.909] [lua] true  @mrxtask:291
[02:59:14.918] [lua] active  @mrxtaskstate:32
[02:59:14.928] [lua] _SetState "Missions.GurCon005" active  @mrxtask:299
[02:59:14.935] [lua] 1  @mrxtask:440
[02:59:14.948] [lua] 1  @mrxtask:440
[02:59:14.956] [lua] 1  @mrxtask:440
[02:59:14.964] [lua] 1  @mrxtask:440
[02:59:14.971] [lua] 1  @mrxtask:440
[02:59:14.978] [lua] 1  @mrxtask:440
[02:59:14.985] [lua] table:0x1F6C14C0  @mrxtask:649
[02:59:14.993] [lua] Dynamically imported module MrxTask  @mrxtask:654
[02:59:14.996] [world] >>> Dynamically imported module MrxTask  @mrxtask:654
[02:59:15.004] [lua] 0  @mrxtask:440
[02:59:15.011] [lua] 0  @mrxtask:440
[02:59:15.019] [lua] true  @mrxtask:291
[02:59:15.027] [lua] active  @mrxtaskstate:32
[02:59:15.036] [lua] _SetState "Missions.GurCon005.GurCon005Briefing" active  @mrxtask:299
[02:59:15.045] [lua] 1  @mrxtask:440
[02:59:15.052] [lua] 1  @mrxtask:440
[02:59:15.059] [lua] 1  @mrxtask:440
[02:59:15.066] [lua] 1  @mrxtask:440
[02:59:15.073] [lua] 1  @mrxtask:440
[02:59:15.081] [lua] 1  @mrxtask:440
[02:59:15.088] [lua] table:0x1F6C14C0  @mrxtask:649
[02:59:15.097] [lua] Dynamically imported module MrxTask  @mrxtask:654
[02:59:15.097] [world] >>> Dynamically imported module MrxTask  @mrxtask:654
[02:59:15.104] [lua] 0  @mrxtask:440
[02:59:15.111] [lua] 0  @mrxtask:440
[02:59:15.118] [lua] true  @mrxtask:291
[02:59:15.127] [lua] active  @mrxtaskstate:32
[02:59:15.136] [lua] _SetState "Missions.AllCon008" active  @mrxtask:299
[02:59:15.144] [lua] 1  @mrxtask:440
[02:59:15.151] [lua] 1  @mrxtask:440
[02:59:15.158] [lua] 1  @mrxtask:440
[02:59:15.166] [lua] 1  @mrxtask:440
[02:59:15.174] [lua] 1  @mrxtask:440
[02:59:15.181] [lua] 1  @mrxtask:440
[02:59:15.188] [lua] table:0x1F6C14C0  @mrxtask:649
[02:59:15.197] [lua] Dynamically imported module MrxTask  @mrxtask:654
[02:59:15.197] [world] >>> Dynamically imported module MrxTask  @mrxtask:654
[02:59:15.207] [lua] 0  @mrxtask:440
[02:59:15.214] [lua] 0  @mrxtask:440
[02:59:15.222] [lua] true  @mrxtask:291
[02:59:15.230] [lua] active  @mrxtaskstate:32
[02:59:15.239] [lua] _SetState "Missions.AllCon008.AllCon008Briefing" active  @mrxtask:299
[02:59:15.247] [lua] 1  @mrxtask:440
[02:59:15.254] [lua] 1  @mrxtask:440
[02:59:15.263] [lua] 1  @mrxtask:440
[02:59:15.270] [lua] 1  @mrxtask:440
[02:59:15.278] [lua] 1  @mrxtask:440
[02:59:15.284] [lua] 1  @mrxtask:440
[02:59:15.292] [lua] table:0x1F6C14C0  @mrxtask:649
[02:59:15.302] [lua] Dynamically imported module MrxTask  @mrxtask:654
[02:59:15.302] [world] >>> Dynamically imported module MrxTask  @mrxtask:654
[02:59:15.311] [lua] 0  @mrxtask:440
[02:59:15.318] [lua] 0  @mrxtask:440
[02:59:15.328] [lua] true  @mrxtask:291
[02:59:15.337] [lua] active  @mrxtaskstate:32
[02:59:15.347] [lua] _SetState "Missions.PmcCon031" active  @mrxtask:299
[02:59:15.355] [lua] 1  @mrxtask:440
[02:59:15.369] [lua] 1  @mrxtask:440
[02:59:15.376] [lua] 1  @mrxtask:440
[02:59:15.383] [lua] 1  @mrxtask:440
[02:59:15.390] [lua] 1  @mrxtask:440
[02:59:15.402] [lua] 1  @mrxtask:440
[02:59:15.409] [lua] table:0x1F6C14C0  @mrxtask:649
[02:59:15.417] [lua] Dynamically imported module MrxTask  @mrxtask:654
[02:59:15.418] [world] >>> Dynamically imported module MrxTask  @mrxtask:654
[02:59:15.424] [lua] 0  @mrxtask:440
[02:59:15.432] [lua] 0  @mrxtask:440
[02:59:15.438] [lua] true  @mrxtask:291
[02:59:15.447] [lua] active  @mrxtaskstate:32
[02:59:15.456] [lua] _SetState "Missions.PmcCon031.PmcCon031Briefing" active  @mrxtask:299
[02:59:15.464] [lua] 1  @mrxtask:440
[02:59:15.471] [lua] 1  @mrxtask:440
[02:59:15.478] [lua] 1  @mrxtask:440
[02:59:15.486] [lua] 1  @mrxtask:440
[02:59:15.493] [lua] 1  @mrxtask:440
[02:59:15.501] [lua] 1  @mrxtask:440
[02:59:15.507] [lua] table:0x1F6C14C0  @mrxtask:649
[02:59:15.517] [lua] Dynamically imported module MrxTask  @mrxtask:654
[02:59:15.517] [world] >>> Dynamically imported module MrxTask  @mrxtask:654
[02:59:15.524] [lua] 0  @mrxtask:440
[02:59:15.531] [lua] 0  @mrxtask:440
[02:59:15.539] [lua] true  @mrxtask:291
[02:59:15.547] [lua] active  @mrxtaskstate:32
[02:59:15.555] [lua] _SetState "Missions.GurCon003" active  @mrxtask:299
[02:59:15.564] [lua] 1  @mrxtask:440
[02:59:15.571] [lua] 1  @mrxtask:440
[02:59:15.579] [lua] 1  @mrxtask:440
[02:59:15.586] [lua] 1  @mrxtask:440
[02:59:15.594] [lua] 1  @mrxtask:440
[02:59:15.603] [lua] 1  @mrxtask:440
[02:59:15.611] [lua] table:0x1F6C14C0  @mrxtask:649
[02:59:15.619] [lua] Dynamically imported module MrxTask  @mrxtask:654
[02:59:15.619] [world] >>> Dynamically imported module MrxTask  @mrxtask:654
[02:59:15.626] [lua] 0  @mrxtask:440
[02:59:15.633] [lua] 0  @mrxtask:440
[02:59:15.640] [lua] true  @mrxtask:291
[02:59:15.648] [lua] active  @mrxtaskstate:32
[02:59:15.658] [lua] _SetState "Missions.GurCon003.GurCon003Briefing" active  @mrxtask:299
[02:59:15.665] [lua] 1  @mrxtask:440
[02:59:15.672] [lua] 1  @mrxtask:440
[02:59:15.681] [lua] 1  @mrxtask:440
[02:59:15.688] [lua] 1  @mrxtask:440
[02:59:15.698] [lua] 1  @mrxtask:440
[02:59:15.705] [lua] 1  @mrxtask:440
[02:59:15.712] [lua] table:0x1F6C14C0  @mrxtask:649
[02:59:15.721] [lua] Dynamically imported module MrxTask  @mrxtask:654
[02:59:15.721] [world] >>> Dynamically imported module MrxTask  @mrxtask:654
[02:59:15.728] [lua] 0  @mrxtask:440
[02:59:15.738] [lua] 0  @mrxtask:440
[02:59:15.747] [lua] true  @mrxtask:291
[02:59:15.757] [lua] active  @mrxtaskstate:32
[02:59:15.766] [lua] _SetState "Missions.PirCon001" active  @mrxtask:299
[02:59:15.773] [lua] 1  @mrxtask:440
[02:59:15.782] [lua] 1  @mrxtask:440
[02:59:15.790] [lua] 1  @mrxtask:440
[02:59:15.802] [lua] 1  @mrxtask:440
[02:59:15.809] [lua] 1  @mrxtask:440
[02:59:15.817] [lua] 1  @mrxtask:440
[02:59:15.825] [lua] table:0x1F6C14C0  @mrxtask:649
[02:59:15.833] [lua] Dynamically imported module MrxTask  @mrxtask:654
[02:59:15.833] [world] >>> Dynamically imported module MrxTask  @mrxtask:654
[02:59:15.840] [lua] 0  @mrxtask:440
[02:59:15.848] [lua] 0  @mrxtask:440
[02:59:15.857] [lua] true  @mrxtask:291
[02:59:15.865] [lua] active  @mrxtaskstate:32
[02:59:15.874] [lua] _SetState "Missions.PirCon001.PirCon001Briefing" active  @mrxtask:299
[02:59:15.881] [lua] 1  @mrxtask:440
[02:59:15.888] [lua] 1  @mrxtask:440
[02:59:15.896] [lua] 1  @mrxtask:440
[02:59:15.904] [lua] 1  @mrxtask:440
[02:59:15.910] [lua] 1  @mrxtask:440
[02:59:15.918] [lua] 1  @mrxtask:440
[02:59:15.925] [lua] table:0x1F6C14C0  @mrxtask:649
[02:59:15.935] [lua] Dynamically imported module MrxTask  @mrxtask:654
[02:59:15.935] [world] >>> Dynamically imported module MrxTask  @mrxtask:654
[02:59:15.942] [lua] 0  @mrxtask:440
[02:59:15.949] [lua] 0  @mrxtask:440
[02:59:15.957] [lua] true  @mrxtask:291
[02:59:15.967] [lua] active  @mrxtaskstate:32
[02:59:15.976] [lua] _SetState "Missions.PmcCon018" active  @mrxtask:299
[02:59:15.984] [lua] 1  @mrxtask:440
[02:59:15.991] [lua] 1  @mrxtask:440
[02:59:15.998] [lua] 1  @mrxtask:440
[02:59:16.005] [lua] 1  @mrxtask:440
[02:59:16.016] [lua] 1  @mrxtask:440
[02:59:16.024] [lua] 1  @mrxtask:440
[02:59:16.031] [lua] table:0x1F6C14C0  @mrxtask:649
[02:59:16.041] [lua] Dynamically imported module MrxTask  @mrxtask:654
[02:59:16.041] [world] >>> Dynamically imported module MrxTask  @mrxtask:654
[02:59:16.048] [lua] 0  @mrxtask:440
[02:59:16.059] [lua] 0  @mrxtask:440
[02:59:16.066] [lua] true  @mrxtask:291
[02:59:16.076] [lua] active  @mrxtaskstate:32
[02:59:16.084] [lua] _SetState "Missions.PmcCon018.PmcCon018Briefing" active  @mrxtask:299
[02:59:16.092] [lua] 1  @mrxtask:440
[02:59:16.099] [lua] 1  @mrxtask:440
[02:59:16.107] [lua] 1  @mrxtask:440
[02:59:16.114] [lua] 1  @mrxtask:440
[02:59:16.125] [lua] 1  @mrxtask:440
[02:59:16.132] [lua] 1  @mrxtask:440
[02:59:16.144] [lua] table:0x1F6C14C0  @mrxtask:649
[02:59:16.154] [lua] Dynamically imported module MrxTask  @mrxtask:654
[02:59:16.154] [world] >>> Dynamically imported module MrxTask  @mrxtask:654
[02:59:16.161] [lua] 0  @mrxtask:440
[02:59:16.168] [lua] 0  @mrxtask:440
[02:59:16.178] [lua] true  @mrxtask:291
[02:59:16.188] [lua] active  @mrxtaskstate:32
[02:59:16.198] [lua] _SetState "Missions.PmcCon033" active  @mrxtask:299
[02:59:16.206] [lua] 1  @mrxtask:440
[02:59:16.214] [lua] 1  @mrxtask:440
[02:59:16.224] [lua] 1  @mrxtask:440
[02:59:16.231] [lua] 1  @mrxtask:440
[02:59:16.238] [lua] 1  @mrxtask:440
[02:59:16.245] [lua] 1  @mrxtask:440
[02:59:16.252] [lua] table:0x1F6C14C0  @mrxtask:649
[02:59:16.261] [lua] Dynamically imported module MrxTask  @mrxtask:654
[02:59:16.262] [world] >>> Dynamically imported module MrxTask  @mrxtask:654
[02:59:16.269] [lua] 0  @mrxtask:440
[02:59:16.277] [lua] 0  @mrxtask:440
[02:59:16.288] [lua] true  @mrxtask:291
[02:59:16.299] [lua] active  @mrxtaskstate:32
[02:59:16.309] [lua] _SetState "Missions.PmcCon033.PmcCon033Briefing" active  @mrxtask:299
[02:59:16.316] [lua] 1  @mrxtask:440
[02:59:16.323] [lua] 1  @mrxtask:440
[02:59:16.331] [lua] 1  @mrxtask:440
[02:59:16.339] [lua] 1  @mrxtask:440
[02:59:16.346] [lua] 1  @mrxtask:440
[02:59:16.354] [lua] 1  @mrxtask:440
[02:59:16.360] [lua] table:0x1F6C14C0  @mrxtask:649
[02:59:16.370] [lua] Dynamically imported module MrxTask  @mrxtask:654
[02:59:16.371] [world] >>> Dynamically imported module MrxTask  @mrxtask:654
[02:59:16.378] [lua] 0  @mrxtask:440
[02:59:16.385] [lua] 0  @mrxtask:440
[02:59:16.392] [lua] true  @mrxtask:291
[02:59:16.403] [lua] active  @mrxtaskstate:32
[02:59:16.411] [lua] _SetState "Missions.PirCon003" active  @mrxtask:299
[02:59:16.419] [lua] 1  @mrxtask:440
[02:59:16.426] [lua] 1  @mrxtask:440
[02:59:16.433] [lua] 1  @mrxtask:440
[02:59:16.444] [lua] 1  @mrxtask:440
[02:59:16.451] [lua] 1  @mrxtask:440
[02:59:16.458] [lua] 1  @mrxtask:440
[02:59:16.466] [lua] table:0x1F6C14C0  @mrxtask:649
[02:59:16.474] [lua] Dynamically imported module MrxTask  @mrxtask:654
[02:59:16.475] [world] >>> Dynamically imported module MrxTask  @mrxtask:654
[02:59:16.482] [lua] 0  @mrxtask:440
[02:59:16.489] [lua] 0  @mrxtask:440
[02:59:16.496] [lua] true  @mrxtask:291
[02:59:16.505] [lua] active  @mrxtaskstate:32
[02:59:16.514] [lua] _SetState "Missions.PirCon003.PirCon003Briefing" active  @mrxtask:299
[02:59:16.523] [lua] 1  @mrxtask:440
[02:59:16.530] [lua] 1  @mrxtask:440
[02:59:16.538] [lua] 1  @mrxtask:440
[02:59:16.548] [lua] 1  @mrxtask:440
[02:59:16.556] [lua] 1  @mrxtask:440
[02:59:16.563] [lua] 1  @mrxtask:440
[02:59:16.571] [lua] table:0x1F18DA20  @mrxguibase:1353
[02:59:16.583] [lua] table:0x1F18D920  @mrxguibase:1353
[02:59:16.593] [lua] table:0x1F18D200  @mrxguibase:1353
[02:59:16.600] [lua] table:0x1F18D100  @mrxguibase:1353
[02:59:16.611] [lua] table:0x1ECC46C0  @mrxtask:649
[02:59:16.626] [lua] Dynamically imported module ChiJob003  @mrxtask:654
[02:59:16.626] [world] >>> Dynamically imported module ChiJob003  @mrxtask:654
[02:59:16.640] [lua] false  @mrxtask:679
[02:59:16.651] [lua] New operation (1 layers)  @mrxlayermanager:181
[02:59:16.664] [lua] Culling layer vz_state_chijob003 from add request; layer does not exist  @mrxlayermanager:229
[02:59:16.672] [lua] After culling, 0 layers in operation  @mrxlayermanager:250
[02:59:16.681] [lua] @@@@@@@@@@ MrxState.Exit: state STATE_WAITFORSTREAMING (refcount=4)  @mrxstate:476
[02:59:16.681] [world] >>> @@@@@@@@@@ MrxState.Exit: state STATE_WAITFORSTREAMING (refcount=4)  @mrxstate:476
[02:59:16.691] [lua] @@@@@@@@@@ MrxState._AttemptGlobalExit  @mrxstate:495
[02:59:16.700] [lua] @@@@@@@@@@ MrxState._AttemptGlobalExit:  state STATE_WAITFORSTREAMING still active .. (refcount=4,bLocked=true)  @mrxstate:512
[02:59:16.700] [world] >>> @@@@@@@@@@ MrxState._AttemptGlobalExit:  state STATE_WAITFORSTREAMING still active .. (refcount=4,bLocked=true)  @mrxstate:512
[02:59:16.709] [lua] @@@@@@@@@@ MrxState.Exit: state STATE_WAITFORGAME (refcount=0)  @mrxstate:476
[02:59:16.709] [world] >>> @@@@@@@@@@ MrxState.Exit: state STATE_WAITFORGAME (refcount=0)  @mrxstate:476
[02:59:16.719] [lua] @@@@@@@@@@ MrxState._AttemptGlobalExit  @mrxstate:495
[02:59:16.728] [lua] @@@@@@@@@@ MrxState._AttemptGlobalExit:  state STATE_WAITFORSTREAMING still active .. (refcount=4,bLocked=true)  @mrxstate:512
[02:59:16.728] [world] >>> @@@@@@@@@@ MrxState._AttemptGlobalExit:  state STATE_WAITFORSTREAMING still active .. (refcount=4,bLocked=true)  @mrxstate:512
[02:59:16.735] [lua] 0  @mrxtask:440
[02:59:16.742] [lua] 0  @mrxtask:440
[02:59:16.749] [lua] true  @mrxtask:291
[02:59:16.758] [lua] active  @mrxtaskstate:32
[02:59:16.768] [lua] _SetState "Missions.ChiJob003.ChiJob003Mission" active  @mrxtask:299
[02:59:16.776] [lua] 1  @mrxtask:440
[02:59:16.783] [lua] 1  @mrxtask:440
[02:59:16.792] [lua] 1  @mrxtask:440
[02:59:16.799] [lua] 1  @mrxtask:440
[02:59:16.807] [lua] 1  @mrxtask:440
[02:59:16.819] [lua] 1  @mrxtask:440
[02:59:16.826] [lua] 0  @mrxtask:440
[02:59:16.834] [lua] 0  @mrxtask:440
[02:59:16.842] [lua] 0  @mrxtask:440
[02:59:16.849] [lua] 0  @mrxtask:440
[02:59:16.861] [lua] Adding DestroyType as a child of ChiJob003Mission  @mrxtask:718
[02:59:16.868] [lua] true  @mrxtask:722
[02:59:16.875] [lua] 0  @mrxtask:440
[02:59:16.886] [lua] true  @mrxtask:291
[02:59:16.896] [lua] nil  @mrxtask:681
[02:59:16.903] [lua] table:0x1ECC47E0  @mrxtask:649
[02:59:16.912] [lua] Dynamically imported module OilJob004  @mrxtask:654
[02:59:16.912] [world] >>> Dynamically imported module OilJob004  @mrxtask:654
[02:59:16.919] [lua] false  @mrxtask:679
[02:59:16.930] [lua] New operation (1 layers)  @mrxlayermanager:181
[02:59:16.940] [lua] After culling, 1 layers in operation  @mrxlayermanager:250
[02:59:16.955] [lua] Adding new request (2): adding 1 layers  @mrxlayermanager:281
[02:59:16.966] [lua] (Currently, there are 1 requests for layer vz_state_oiljob004)  @mrxlayermanager:298
[02:59:16.975] [lua] (nPendingOps = 5)  @mrxlayermanager:324
[02:59:16.984] [lua] Reloading vz_state_oiljob004  @mrxlayermanager:389
[02:59:16.993] [lua] true	Unable to load layer vz_state_oiljob004  @mrxlayermanager:403
[02:59:17.000] [lua] nil  @mrxtask:681
[02:59:17.007] [lua] table:0x1ECC48C0  @mrxtask:649
[02:59:17.022] [lua] Dynamically imported module GurJob006  @mrxtask:654
[02:59:17.022] [world] >>> Dynamically imported module GurJob006  @mrxtask:654
[02:59:17.029] [lua] false  @mrxtask:679
[02:59:17.039] [lua] New operation (1 layers)  @mrxlayermanager:181
[02:59:17.047] [lua] After culling, 1 layers in operation  @mrxlayermanager:250
[02:59:17.057] [lua] Adding new request (3): adding 1 layers  @mrxlayermanager:281
[02:59:17.066] [lua] (Currently, there are 1 requests for layer vz_state_gurjob006)  @mrxlayermanager:298
[02:59:17.074] [lua] (nPendingOps = 6)  @mrxlayermanager:324
[02:59:17.083] [lua] Reloading vz_state_gurjob006  @mrxlayermanager:389
[02:59:17.092] [lua] true	Unable to load layer vz_state_gurjob006  @mrxlayermanager:403
[02:59:17.100] [lua] nil  @mrxtask:681
[02:59:17.112] [lua] table:0x1ECC4A00  @mrxtask:649
[02:59:17.120] [lua] Dynamically imported module GurJob001  @mrxtask:654
[02:59:17.120] [world] >>> Dynamically imported module GurJob001  @mrxtask:654
[02:59:17.129] [lua] false  @mrxtask:679
[02:59:17.140] [lua] New operation (1 layers)  @mrxlayermanager:181
[02:59:17.150] [lua] Culling layer vz_state_gurjob001 from add request; layer does not exist  @mrxlayermanager:229
[02:59:17.158] [lua] After culling, 0 layers in operation  @mrxlayermanager:250
[02:59:17.167] [lua] @@@@@@@@@@ MrxState.Exit: state STATE_WAITFORSTREAMING (refcount=3)  @mrxstate:476
[02:59:17.167] [world] >>> @@@@@@@@@@ MrxState.Exit: state STATE_WAITFORSTREAMING (refcount=3)  @mrxstate:476
[02:59:17.180] [lua] @@@@@@@@@@ MrxState._AttemptGlobalExit  @mrxstate:495
[02:59:17.189] [lua] @@@@@@@@@@ MrxState._AttemptGlobalExit:  state STATE_WAITFORSTREAMING still active .. (refcount=3,bLocked=true)  @mrxstate:512
[02:59:17.189] [world] >>> @@@@@@@@@@ MrxState._AttemptGlobalExit:  state STATE_WAITFORSTREAMING still active .. (refcount=3,bLocked=true)  @mrxstate:512
[02:59:17.201] [lua] @@@@@@@@@@ MrxState.Exit: UNPAIRED EXIT to state STATE_WAITFORGAME  @mrxstate:447
[02:59:17.201] [world] >>> @@@@@@@@@@ MrxState.Exit: UNPAIRED EXIT to state STATE_WAITFORGAME  @mrxstate:447
[02:59:17.211] [lua] 0  @mrxtask:440
[02:59:17.220] [lua] 0  @mrxtask:440
[02:59:17.228] [lua] true  @mrxtask:291
[02:59:17.237] [lua] active  @mrxtaskstate:32
[02:59:17.245] [lua] _SetState "Missions.GurJob001.GurJob001Mission" active  @mrxtask:299
[02:59:17.253] [lua] 1  @mrxtask:440
[02:59:17.263] [lua] 1  @mrxtask:440
[02:59:17.270] [lua] 1  @mrxtask:440
[02:59:17.277] [lua] 1  @mrxtask:440
[02:59:17.285] [lua] 1  @mrxtask:440
[02:59:17.292] [lua] 1  @mrxtask:440
[02:59:17.301] [lua] 0  @mrxtask:440
[02:59:17.308] [lua] 0  @mrxtask:440
[02:59:17.316] [lua] 0  @mrxtask:440
[02:59:17.323] [lua] 0  @mrxtask:440
[02:59:17.331] [lua] Adding DestroyType as a child of GurJob001Mission  @mrxtask:718
[02:59:17.341] [lua] true  @mrxtask:722
[02:59:17.349] [lua] 0  @mrxtask:440
[02:59:17.356] [lua] true  @mrxtask:291
[02:59:17.363] [lua] nil  @mrxtask:681
[02:59:17.375] [lua] table:0x1ECC4AE0  @mrxtask:649
[02:59:17.384] [lua] Dynamically imported module AllJob003  @mrxtask:654
[02:59:17.384] [world] >>> Dynamically imported module AllJob003  @mrxtask:654
[02:59:17.392] [lua] false  @mrxtask:679
[02:59:17.406] [lua] New operation (1 layers)  @mrxlayermanager:181
[02:59:17.415] [lua] Culling layer vz_state_alljob003 from add request; layer does not exist  @mrxlayermanager:229
[02:59:17.424] [lua] After culling, 0 layers in operation  @mrxlayermanager:250
[02:59:17.433] [lua] @@@@@@@@@@ MrxState.Exit: state STATE_WAITFORSTREAMING (refcount=2)  @mrxstate:476
[02:59:17.433] [world] >>> @@@@@@@@@@ MrxState.Exit: state STATE_WAITFORSTREAMING (refcount=2)  @mrxstate:476
[02:59:17.443] [lua] @@@@@@@@@@ MrxState._AttemptGlobalExit  @mrxstate:495
[02:59:17.453] [lua] @@@@@@@@@@ MrxState._AttemptGlobalExit:  state STATE_WAITFORSTREAMING still active .. (refcount=2,bLocked=true)  @mrxstate:512
[02:59:17.453] [world] >>> @@@@@@@@@@ MrxState._AttemptGlobalExit:  state STATE_WAITFORSTREAMING still active .. (refcount=2,bLocked=true)  @mrxstate:512
[02:59:17.464] [lua] @@@@@@@@@@ MrxState.Exit: UNPAIRED EXIT to state STATE_WAITFORGAME  @mrxstate:447
[02:59:17.464] [world] >>> @@@@@@@@@@ MrxState.Exit: UNPAIRED EXIT to state STATE_WAITFORGAME  @mrxstate:447
[02:59:17.473] [lua] 0  @mrxtask:440
[02:59:17.479] [lua] 0  @mrxtask:440
[02:59:17.487] [lua] true  @mrxtask:291
[02:59:17.496] [lua] active  @mrxtaskstate:32
[02:59:17.508] [lua] _SetState "Missions.AllJob003.AllJob003Mission" active  @mrxtask:299
[02:59:17.518] [lua] 1  @mrxtask:440
[02:59:17.526] [lua] 1  @mrxtask:440
[02:59:17.533] [lua] 1  @mrxtask:440
[02:59:17.540] [lua] 1  @mrxtask:440
[02:59:17.547] [lua] 1  @mrxtask:440
[02:59:17.558] [lua] 1  @mrxtask:440
[02:59:17.565] [lua] 0  @mrxtask:440
[02:59:17.573] [lua] 0  @mrxtask:440
[02:59:17.582] [lua] 0  @mrxtask:440
[02:59:17.589] [lua] 0  @mrxtask:440
[02:59:17.599] [lua] Adding DestroyType as a child of AllJob003Mission  @mrxtask:718
[02:59:17.607] [lua] true  @mrxtask:722
[02:59:17.614] [lua] 0  @mrxtask:440
[02:59:17.622] [lua] true  @mrxtask:291
[02:59:17.630] [lua] nil  @mrxtask:681
[02:59:17.639] [lua] @ Loading asset vo_job_heros.soundbank (1)  @mrxbriefing:751
[02:59:17.649] [lua] @ Loading asset vo_job_pmc.soundbank (1)  @mrxbriefing:751
[02:59:17.658] [lua] @ Loading asset vo_job_heros.wavebank (1)  @mrxbriefing:751
[02:59:17.668] [lua] @ Loading asset vo_job_pmc.wavebank (1)  @mrxbriefing:751
[02:59:17.679] [lua] @ Loading asset Global_Job_Briefing_Mattias.facefxanimationset (1)  @mrxbriefing:751
[02:59:17.690] [lua] @ Loading asset all_starter03_job_briefing_idle.animation (1)  @mrxbriefing:751
[02:59:17.702] [lua] @ Loading asset all_starter03_job_briefing_greeting_neutral.animation (1)  @mrxbriefing:751
[02:59:17.711] [lua] @ Loading asset all_starter03_job_briefing_greeting_happy.animation (1)  @mrxbriefing:751
[02:59:17.720] [lua] @ Loading asset all_starter03_job_briefing_greeting_angry.animation (1)  @mrxbriefing:751
[02:59:17.729] [lua] @ Loading asset all_starter03_job_briefing_spiel.animation (1)  @mrxbriefing:751
[02:59:17.741] [lua] @ Loading asset all_starter03_job_briefing_goodbye.animation (1)  @mrxbriefing:751
[02:59:17.750] [lua] @ Loading asset all_starter02_job_briefing_idle.animation (1)  @mrxbriefing:751
[02:59:17.759] [lua] @ Loading asset all_starter02_job_briefing_greeting_neutral.animation (1)  @mrxbriefing:751
[02:59:17.768] [lua] @ Loading asset all_starter02_job_briefing_greeting_happy.animation (1)  @mrxbriefing:751
[02:59:17.777] [lua] @ Loading asset all_starter02_job_briefing_greeting_angry.animation (1)  @mrxbriefing:751
[02:59:17.792] [lua] @ Loading asset all_starter02_job_briefing_spiel.animation (1)  @mrxbriefing:751
[02:59:17.800] [lua] @ Loading asset all_starter02_job_briefing_goodbye.animation (1)  @mrxbriefing:751
[02:59:17.809] [lua] @ Loading asset player_mattias_job_briefing_greeting_fb.animation (1)  @mrxbriefing:751
[02:59:17.821] [lua] @ Loading asset player_mattias_job_briefing_idle_fb.animation (1)  @mrxbriefing:751
[02:59:17.830] [lua] @ Loading asset player_mattias_job_briefing_no_fb.animation (1)  @mrxbriefing:751
[02:59:17.839] [lua] @ Loading asset player_mattias_job_briefing_yes_fb.animation (1)  @mrxbriefing:751
[02:59:17.849] [lua] @ Loading asset player_mattias_job_briefing_spiel_fb.animation (1)  @mrxbriefing:751
[02:59:17.861] [lua] Request fulfilled: Reload layer vz_state_oiljob004 (static: nil)  @mrxlayermanager:446
[02:59:17.869] [lua] Layer request 2: 1 of 1 complete  @mrxlayermanager:479
[02:59:17.884] [lua] Layer request 2 completed!  @mrxlayermanager:482
[02:59:17.893] [lua] Culling op for layer vz_state_oiljob004!  @mrxlayermanager:318
[02:59:17.902] [lua] (nPendingOps = 5)  @mrxlayermanager:324
[02:59:17.911] [lua] @@@@@@@@@@ MrxState.Exit: state STATE_WAITFORSTREAMING (refcount=1)  @mrxstate:476
[02:59:17.912] [world] >>> @@@@@@@@@@ MrxState.Exit: state STATE_WAITFORSTREAMING (refcount=1)  @mrxstate:476
[02:59:17.921] [lua] @@@@@@@@@@ MrxState._AttemptGlobalExit  @mrxstate:495
[02:59:17.929] [lua] @@@@@@@@@@ MrxState._AttemptGlobalExit:  state STATE_WAITFORSTREAMING still active .. (refcount=1,bLocked=true)  @mrxstate:512
[02:59:17.930] [world] >>> @@@@@@@@@@ MrxState._AttemptGlobalExit:  state STATE_WAITFORSTREAMING still active .. (refcount=1,bLocked=true)  @mrxstate:512
[02:59:17.938] [lua] @@@@@@@@@@ MrxState.Exit: UNPAIRED EXIT to state STATE_WAITFORGAME  @mrxstate:447
[02:59:17.939] [world] >>> @@@@@@@@@@ MrxState.Exit: UNPAIRED EXIT to state STATE_WAITFORGAME  @mrxstate:447
[02:59:17.948] [lua] 0  @mrxtask:440
[02:59:17.956] [lua] 0  @mrxtask:440
[02:59:17.963] [lua] true  @mrxtask:291
[02:59:17.972] [lua] active  @mrxtaskstate:32
[02:59:17.980] [lua] _SetState "Missions.OilJob004.OilJob004Mission" active  @mrxtask:299
[02:59:17.988] [lua] 1  @mrxtask:440
[02:59:17.997] [lua] 1  @mrxtask:440
[02:59:18.004] [lua] 1  @mrxtask:440
[02:59:18.011] [lua] 1  @mrxtask:440
[02:59:18.019] [lua] 1  @mrxtask:440
[02:59:18.028] [lua] 1  @mrxtask:440
[02:59:18.037] [lua] 0  @mrxtask:440
[02:59:18.044] [lua] 0  @mrxtask:440
[02:59:18.052] [lua] 0  @mrxtask:440
[02:59:18.059] [lua] 0  @mrxtask:440
[02:59:18.069] [lua] Adding DestroyType as a child of OilJob004Mission  @mrxtask:718
[02:59:18.077] [lua] true  @mrxtask:722
[02:59:18.085] [lua] 0  @mrxtask:440
[02:59:18.093] [lua] true  @mrxtask:291
[02:59:18.102] [lua] Request fulfilled: Reload layer vz_state_gurjob006 (static: nil)  @mrxlayermanager:446
[02:59:18.110] [lua] Layer request 3: 1 of 1 complete  @mrxlayermanager:479
[02:59:18.119] [lua] Layer request 3 completed!  @mrxlayermanager:482
[02:59:18.128] [lua] Culling op for layer vz_state_gurjob006!  @mrxlayermanager:318
[02:59:18.136] [lua] (nPendingOps = 4)  @mrxlayermanager:324
[02:59:18.146] [lua] @@@@@@@@@@ MrxState.Exit: state STATE_WAITFORSTREAMING (refcount=0)  @mrxstate:476
[02:59:18.146] [world] >>> @@@@@@@@@@ MrxState.Exit: state STATE_WAITFORSTREAMING (refcount=0)  @mrxstate:476
[02:59:18.156] [lua] @@@@@@@@@@ MrxState._AttemptGlobalExit  @mrxstate:495
[02:59:18.164] [lua] @@@@@@@@@@ MrxState._AttemptGlobalExit:  state STATE_WAITFORSTREAMING still active .. (refcount=0,bLocked=true)  @mrxstate:512
[02:59:18.164] [world] >>> @@@@@@@@@@ MrxState._AttemptGlobalExit:  state STATE_WAITFORSTREAMING still active .. (refcount=0,bLocked=true)  @mrxstate:512
[02:59:18.173] [lua] @@@@@@@@@@ MrxState.Exit: UNPAIRED EXIT to state STATE_WAITFORGAME  @mrxstate:447
[02:59:18.174] [world] >>> @@@@@@@@@@ MrxState.Exit: UNPAIRED EXIT to state STATE_WAITFORGAME  @mrxstate:447
[02:59:18.183] [lua] 0  @mrxtask:440
[02:59:18.190] [lua] 0  @mrxtask:440
[02:59:18.198] [lua] true  @mrxtask:291
[02:59:18.207] [lua] active  @mrxtaskstate:32
[02:59:18.215] [lua] _SetState "Missions.GurJob006.GurJob006Mission" active  @mrxtask:299
[02:59:18.223] [lua] 1  @mrxtask:440
[02:59:18.230] [lua] 1  @mrxtask:440
[02:59:18.239] [lua] 1  @mrxtask:440
[02:59:18.246] [lua] 1  @mrxtask:440
[02:59:18.254] [lua] 1  @mrxtask:440
[02:59:18.261] [lua] 1  @mrxtask:440
[02:59:18.268] [lua] 0  @mrxtask:440
[02:59:18.276] [lua] 0  @mrxtask:440
[02:59:18.282] [lua] 0  @mrxtask:440
[02:59:18.289] [lua] 0  @mrxtask:440
[02:59:18.298] [lua] Adding DestroyType as a child of GurJob006Mission  @mrxtask:718
[02:59:18.305] [lua] true  @mrxtask:722
[02:59:18.313] [lua] 0  @mrxtask:440
[02:59:18.320] [lua] true  @mrxtask:291
[02:59:18.329] [lua] @ Loaded asset vo_job_heros.soundbank  @mrxbriefing:634
[02:59:18.338] [lua] @ Loaded asset vo_job_pmc.soundbank  @mrxbriefing:634
[02:59:18.347] [lua] @ Loaded asset vo_job_heros.wavebank  @mrxbriefing:634
[02:59:18.357] [lua] @ Loaded asset vo_job_pmc.wavebank  @mrxbriefing:634
[02:59:18.394] [lua] table:0x1ECDEF80  @mrxtask:649
[02:59:18.404] [lua] Dynamically imported module MrxTaskObjectiveDestroy  @mrxtask:654
[02:59:18.404] [world] >>> Dynamically imported module MrxTaskObjectiveDestroy  @mrxtask:654
[02:59:18.411] [lua] 0  @mrxtask:440
[02:59:18.417] [lua] 0  @mrxtask:440
[02:59:18.443] [lua] GetObjectiveDescription sMsgType: nil  @mrxtaskobjective:1316
[02:59:18.455] [lua] GetObjectiveDescription sMsgType: nil  @mrxtaskobjective:1316
[02:59:18.462] [lua] 0  @mrxtask:440
[02:59:18.470] [lua] 0  @mrxtask:440
[02:59:18.477] [lua] true  @mrxtask:291
[02:59:18.487] [lua] active  @mrxtaskstate:32
[02:59:18.496] [lua] _SetState "Missions.ChiJob003.ChiJob003Mission.DestroyType" active  @mrxtask:299
[02:59:18.504] [lua] 1  @mrxtask:440
[02:59:18.512] [lua] 1  @mrxtask:440
[02:59:18.518] [lua] 1  @mrxtask:440
[02:59:18.526] [lua] 1  @mrxtask:440
[02:59:18.533] [lua] 1  @mrxtask:440
[02:59:18.540] [lua] 1  @mrxtask:440
[02:59:18.548] [lua] lightuserdata:0x00020102  @mrxtaskobjectivedestroy:46
[02:59:18.555] [lua] table:0x1ECDEF80  @mrxtask:649
[02:59:18.564] [lua] Dynamically imported module MrxTaskObjectiveDestroy  @mrxtask:654
[02:59:18.564] [world] >>> Dynamically imported module MrxTaskObjectiveDestroy  @mrxtask:654
[02:59:18.571] [lua] 0  @mrxtask:440
[02:59:18.578] [lua] 0  @mrxtask:440
[02:59:18.588] [lua] GetObjectiveDescription sMsgType: nil  @mrxtaskobjective:1316
[02:59:18.600] [lua] GetObjectiveDescription sMsgType: nil  @mrxtaskobjective:1316
[02:59:18.608] [lua] 0  @mrxtask:440
[02:59:18.615] [lua] 0  @mrxtask:440
[02:59:18.622] [lua] true  @mrxtask:291
[02:59:18.631] [lua] active  @mrxtaskstate:32
[02:59:18.640] [lua] _SetState "Missions.GurJob001.GurJob001Mission.DestroyType" active  @mrxtask:299
[02:59:18.647] [lua] 1  @mrxtask:440
[02:59:18.654] [lua] 1  @mrxtask:440
[02:59:18.661] [lua] 1  @mrxtask:440
[02:59:18.671] [lua] 1  @mrxtask:440
[02:59:18.679] [lua] 1  @mrxtask:440
[02:59:18.686] [lua] 1  @mrxtask:440
[02:59:18.694] [lua] lightuserdata:0x00020104  @mrxtaskobjectivedestroy:46
[02:59:18.702] [lua] table:0x1ECDEF80  @mrxtask:649
[02:59:18.711] [lua] Dynamically imported module MrxTaskObjectiveDestroy  @mrxtask:654
[02:59:18.711] [world] >>> Dynamically imported module MrxTaskObjectiveDestroy  @mrxtask:654
[02:59:18.724] [lua] 0  @mrxtask:440
[02:59:18.732] [lua] 0  @mrxtask:440
[02:59:18.742] [lua] GetObjectiveDescription sMsgType: nil  @mrxtaskobjective:1316
[02:59:18.751] [lua] GetObjectiveDescription sMsgType: nil  @mrxtaskobjective:1316
[02:59:18.759] [lua] 0  @mrxtask:440
[02:59:18.767] [lua] 0  @mrxtask:440
[02:59:18.775] [lua] true  @mrxtask:291
[02:59:18.784] [lua] active  @mrxtaskstate:32
[02:59:18.793] [lua] _SetState "Missions.AllJob003.AllJob003Mission.DestroyType" active  @mrxtask:299
[02:59:18.800] [lua] 1  @mrxtask:440
[02:59:18.808] [lua] 1  @mrxtask:440
[02:59:18.815] [lua] 1  @mrxtask:440
[02:59:18.822] [lua] 1  @mrxtask:440
[02:59:18.835] [lua] 1  @mrxtask:440
[02:59:18.842] [lua] 1  @mrxtask:440
[02:59:18.850] [lua] lightuserdata:0x00020106  @mrxtaskobjectivedestroy:46
[02:59:18.857] [lua] table:0x1ECDEF80  @mrxtask:649
[02:59:18.865] [lua] Dynamically imported module MrxTaskObjectiveDestroy  @mrxtask:654
[02:59:18.867] [world] >>> Dynamically imported module MrxTaskObjectiveDestroy  @mrxtask:654
[02:59:18.874] [lua] 0  @mrxtask:440
[02:59:18.881] [lua] 0  @mrxtask:440
[02:59:18.890] [lua] GetObjectiveDescription sMsgType: nil  @mrxtaskobjective:1316
[02:59:18.898] [lua] GetObjectiveDescription sMsgType: nil  @mrxtaskobjective:1316
[02:59:18.906] [lua] 0  @mrxtask:440
[02:59:18.913] [lua] 0  @mrxtask:440
[02:59:18.921] [lua] true  @mrxtask:291
[02:59:18.930] [lua] active  @mrxtaskstate:32
[02:59:18.940] [lua] _SetState "Missions.OilJob004.OilJob004Mission.DestroyType" active  @mrxtask:299
[02:59:18.947] [lua] 1  @mrxtask:440
[02:59:18.959] [lua] 1  @mrxtask:440
[02:59:18.966] [lua] 1  @mrxtask:440
[02:59:18.974] [lua] 1  @mrxtask:440
[02:59:18.981] [lua] 1  @mrxtask:440
[02:59:18.989] [lua] 1  @mrxtask:440
[02:59:18.997] [lua] lightuserdata:0x00020108  @mrxtaskobjectivedestroy:46
[02:59:19.004] [lua] table:0x1ECDEF80  @mrxtask:649
[02:59:19.012] [lua] Dynamically imported module MrxTaskObjectiveDestroy  @mrxtask:654
[02:59:19.013] [world] >>> Dynamically imported module MrxTaskObjectiveDestroy  @mrxtask:654
[02:59:19.020] [lua] 0  @mrxtask:440
[02:59:19.027] [lua] 0  @mrxtask:440
[02:59:19.038] [lua] GetObjectiveDescription sMsgType: nil  @mrxtaskobjective:1316
[02:59:19.047] [lua] GetObjectiveDescription sMsgType: nil  @mrxtaskobjective:1316
[02:59:19.055] [lua] 0  @mrxtask:440
[02:59:19.062] [lua] 0  @mrxtask:440
[02:59:19.069] [lua] true  @mrxtask:291
[02:59:19.079] [lua] active  @mrxtaskstate:32
[02:59:19.087] [lua] _SetState "Missions.GurJob006.GurJob006Mission.DestroyType" active  @mrxtask:299
[02:59:19.094] [lua] 1  @mrxtask:440
[02:59:19.103] [lua] 1  @mrxtask:440
[02:59:19.111] [lua] 1  @mrxtask:440
[02:59:19.118] [lua] 1  @mrxtask:440
[02:59:19.126] [lua] 1  @mrxtask:440
[02:59:19.135] [lua] 1  @mrxtask:440
[02:59:19.143] [lua] lightuserdata:0x0002010A  @mrxtaskobjectivedestroy:46
[02:59:19.368] [lua] Request fulfilled: Load layer vz_state_pmcinterior (static: nil)  @mrxlayermanager:446
[02:59:19.378] [lua] Layer request 1: 1 of 4 complete  @mrxlayermanager:479
[02:59:19.387] [lua] Culling op for layer vz_state_pmcinterior!  @mrxlayermanager:318
[02:59:19.396] [lua] (nPendingOps = 3)  @mrxlayermanager:324
[02:59:19.414] [lua] Request fulfilled: Load layer vz_state_pmcinterior_hel (static: nil)  @mrxlayermanager:446
[02:59:19.422] [lua] Layer request 1: 2 of 4 complete  @mrxlayermanager:479
[02:59:19.432] [lua] Culling op for layer vz_state_pmcinterior_hel!  @mrxlayermanager:318
[02:59:19.441] [lua] (nPendingOps = 2)  @mrxlayermanager:324
[02:59:19.452] [lua] Request fulfilled: Load layer vz_state_pmcinterior_jet (static: nil)  @mrxlayermanager:446
[02:59:19.461] [lua] Layer request 1: 3 of 4 complete  @mrxlayermanager:479
[02:59:19.470] [lua] Culling op for layer vz_state_pmcinterior_jet!  @mrxlayermanager:318
[02:59:19.478] [lua] (nPendingOps = 1)  @mrxlayermanager:324
[02:59:19.498] [lua] Request fulfilled: Load layer vz_state_pmcinterior_mec (static: nil)  @mrxlayermanager:446
[02:59:19.506] [lua] Layer request 1: 4 of 4 complete  @mrxlayermanager:479
[02:59:19.516] [lua] Layer request 1 completed!  @mrxlayermanager:482
[02:59:19.528] [lua] Culling op for layer vz_state_pmcinterior_mec!  @mrxlayermanager:318
[02:59:19.536] [lua] (nPendingOps = 0)  @mrxlayermanager:324
[02:59:19.545] [lua] All layer operations processed and fulfilled...resetting asset request max to 16  @mrxlayermanager:330
[02:59:19.553] [lua] @@@@@@@@@@ MrxState.Enter: state STATE_WAITFORSTREAMING (refcount=1)  @mrxstate:381
[02:59:19.554] [world] >>> @@@@@@@@@@ MrxState.Enter: state STATE_WAITFORSTREAMING (refcount=1)  @mrxstate:381
[02:59:19.565] [lua] ###! GlobalEnter - Complete  @mrxstate:432
[02:59:19.568] [world] >>> ###! GlobalEnter - Complete  @mrxstate:432
[02:59:19.578] [lua] Enabling Custom Outfit...  @output/wardrobe/fiddy_wardrobe.lua:1321
[02:59:19.590] [lua] Disabling physics for teleport  @mrxutil:469
[02:59:19.599] [lua] Desired Yaw - 0.35094681382179  @mrxutil:475
[02:59:19.607] [lua] @@@@@@@@@@ MrxUtil._TeleportHero: Teleporting to 3794.0427246094,450.75054931641,-3911.0322265625  @mrxutil:490
[02:59:19.615] [lua] @@@@@@@@@@ MrxUtil._TeleportComplete: tOperation[1].bComplete=true  @mrxutil:524
[02:59:19.626] [lua] @@@@@@@@@@ MrxUtil._TeleportComplete: tOperations.bStreamingComplete=nil  @mrxutil:527
[02:59:20.742] [lua] @ Loaded asset all_starter03_job_briefing_idle.animation  @mrxbriefing:634
[02:59:20.751] [lua] @ Loaded asset all_starter03_job_briefing_greeting_neutral.animation  @mrxbriefing:634
[02:59:20.761] [lua] @ Loaded asset all_starter03_job_briefing_greeting_happy.animation  @mrxbriefing:634
[02:59:20.769] [lua] @ Loaded asset all_starter03_job_briefing_greeting_angry.animation  @mrxbriefing:634
[02:59:20.784] [lua] @ Loaded asset all_starter03_job_briefing_spiel.animation  @mrxbriefing:634
[02:59:20.793] [lua] @ Loaded asset all_starter03_job_briefing_goodbye.animation  @mrxbriefing:634
[02:59:20.858] [lua] @ Loaded asset Global_Job_Briefing_Mattias.facefxanimationset  @mrxbriefing:634
[02:59:20.867] [lua] @ Loaded asset player_mattias_job_briefing_greeting_fb.animation  @mrxbriefing:634
[02:59:20.875] [lua] @ Loaded asset player_mattias_job_briefing_idle_fb.animation  @mrxbriefing:634
[02:59:20.892] [lua] @ Loaded asset player_mattias_job_briefing_no_fb.animation  @mrxbriefing:634
[02:59:20.902] [lua] @ Loaded asset player_mattias_job_briefing_yes_fb.animation  @mrxbriefing:634
[02:59:20.911] [lua] @ Loaded asset player_mattias_job_briefing_spiel_fb.animation  @mrxbriefing:634
[02:59:20.925] [lua] @ Loaded asset all_starter02_job_briefing_idle.animation  @mrxbriefing:634
[02:59:20.934] [lua] @ Loaded asset all_starter02_job_briefing_greeting_neutral.animation  @mrxbriefing:634
[02:59:20.944] [lua] @ Loaded asset all_starter02_job_briefing_greeting_happy.animation  @mrxbriefing:634
[02:59:20.953] [lua] @ Loaded asset all_starter02_job_briefing_greeting_angry.animation  @mrxbriefing:634
[02:59:20.963] [lua] @ Loaded asset all_starter02_job_briefing_spiel.animation  @mrxbriefing:634
[02:59:20.973] [lua] @ Loaded asset all_starter02_job_briefing_goodbye.animation  @mrxbriefing:634
[02:59:22.571] [lua] WARNING: Trying to set up Survival mode for a non-player ( nil )  @hero:74
[02:59:24.357] [lua] @@@@@@@@@@ MrxState._StateComplete:  state STATE_WAITFORSTREAMING, about to _AttemptGlobalExit  @mrxstate:325
[02:59:24.357] [world] >>> @@@@@@@@@@ MrxState._StateComplete:  state STATE_WAITFORSTREAMING, about to _AttemptGlobalExit  @mrxstate:325
[02:59:24.369] [lua] @@@@@@@@@@ MrxUtil._TeleportComplete: tOperation[1].bComplete=true  @mrxutil:524
[02:59:24.380] [lua] @@@@@@@@@@ MrxUtil._TeleportComplete: tOperations.bStreamingComplete=true  @mrxutil:527
[02:59:24.392] [lua] Enabling physics for teleport  @mrxutil:541
[02:59:24.403] [lua] @@@@@@@@@@ MrxState._AttemptGlobalExit  @mrxstate:495
[02:59:24.413] [lua] @@@@@@@@@@ MrxState._AttemptGlobalExit:  state STATE_WAITFORSTREAMING still active .. (refcount=1,bLocked=false)  @mrxstate:512
[02:59:24.413] [world] >>> @@@@@@@@@@ MrxState._AttemptGlobalExit:  state STATE_WAITFORSTREAMING still active .. (refcount=1,bLocked=false)  @mrxstate:512
[02:59:25.415] [lua] @@@@@@@@@@ MrxState.Exit: state STATE_WAITFORSTREAMING (refcount=0)  @mrxstate:476
[02:59:25.415] [world] >>> @@@@@@@@@@ MrxState.Exit: state STATE_WAITFORSTREAMING (refcount=0)  @mrxstate:476
[02:59:25.428] [lua] @@@@@@@@@@ MrxState._AttemptGlobalExit  @mrxstate:495
[02:59:25.438] [lua] @@@@@@@@@@ MrxState._AttemptGlobalExit: all states exited; success  @mrxstate:524
[02:59:25.447] [lua] ###! GlobalExit - Begin  @mrxstate:233
[02:59:25.457] [lua] @@@@@@@@@@ MrxState.EnableFade: bEnable=true  @mrxstate:550
[02:59:25.466] [lua] Fade-In in 1.1000000238419s...  @mrxstate:273
[02:59:25.476] [lua] Setting (true) HelPmcBoss's marker  @output/wardrobe/fiddy_wardrobe.lua:1087
[02:59:25.485] [lua] Setting (true) HelPmcBoss's chatter  @output/wardrobe/fiddy_wardrobe.lua:1141
[02:59:25.495] [lua] Setting (true) PmcBoss's marker  @output/wardrobe/fiddy_wardrobe.lua:1087
[02:59:25.504] [lua] Setting (true) PmcBoss's chatter  @output/wardrobe/fiddy_wardrobe.lua:1141
[02:59:25.514] [lua] Setting (true) JetPmcBoss's marker  @output/wardrobe/fiddy_wardrobe.lua:1087
[02:59:25.523] [lua] Setting (true) JetPmcBoss's chatter  @output/wardrobe/fiddy_wardrobe.lua:1141
[02:59:25.533] [lua] Setting (true) MecPmcBoss's marker  @output/wardrobe/fiddy_wardrobe.lua:1087
[02:59:25.542] [lua] Setting (true) MecPmcBoss's chatter  @output/wardrobe/fiddy_wardrobe.lua:1141
[02:59:25.551] [lua] Starter loading  @mrxstarter:586
[02:59:25.561] [lua] Starter loading  @mrxstarter:586
[02:59:25.570] [lua] Starter loading  @mrxstarter:586
[02:59:25.581] [lua] Starter loading  @mrxstarter:586
[02:59:25.645] [lua] _SetStockpileCategoryQty(artillery, 0)  @output/wardrobe/fiddy_wardrobe.lua:1600
[02:59:25.655] [lua] _SetStockpileCategoryQty(combatairpatrol, 0)  @output/wardrobe/fiddy_wardrobe.lua:1600
[02:59:25.666] [lua] _SetStockpileCategoryQty(surgicalstrike, 0)  @output/wardrobe/fiddy_wardrobe.lua:1600
[02:59:25.676] [lua] _SetStockpileCategoryQty(fuelairbomb, 48)  @output/wardrobe/fiddy_wardrobe.lua:1600
[02:59:25.687] [lua] _SetStockpileCategoryQty(money, 342479104)  @output/wardrobe/fiddy_wardrobe.lua:1600
[02:59:25.697] [lua] _SetStockpileCategoryQty(bunkerbuster, 0)  @output/wardrobe/fiddy_wardrobe.lua:1600
[02:59:25.708] [lua] _SetStockpileCategoryQty(bombingrun, 0)  @output/wardrobe/fiddy_wardrobe.lua:1600
[02:59:25.717] [lua] _SetStockpileCategoryQty(rocketartillery, 0)  @output/wardrobe/fiddy_wardrobe.lua:1600
[02:59:25.726] [lua] _SetStockpileCategoryQty(clusterbomb, 4)  @output/wardrobe/fiddy_wardrobe.lua:1600
[02:59:25.736] [lua] _SetStockpileCategoryQty(moab, 0)  @output/wardrobe/fiddy_wardrobe.lua:1600
[02:59:25.745] [lua] _SetStockpileCategoryQty(daisycutter, 0)  @output/wardrobe/fiddy_wardrobe.lua:1600
[02:59:25.759] [lua] _SetStockpileCategoryQty(laserguidedbomb, 0)  @output/wardrobe/fiddy_wardrobe.lua:1600
[02:59:25.776] [lua] _SetStockpileCategoryQty(tankbuster, 94)  @output/wardrobe/fiddy_wardrobe.lua:1600
[02:59:25.787] [lua] @@@@@@@@@@ MrxState.Exit: UNPAIRED EXIT to state STATE_WAITFORGAME  @mrxstate:447
[02:59:25.787] [world] >>> @@@@@@@@@@ MrxState.Exit: UNPAIRED EXIT to state STATE_WAITFORGAME  @mrxstate:447
[02:59:25.798] [lua] @@@@@@@@@@ MrxState.Exit: UNPAIRED EXIT to state STATE_WAITFORGAME  @mrxstate:447
[02:59:25.798] [world] >>> @@@@@@@@@@ MrxState.Exit: UNPAIRED EXIT to state STATE_WAITFORGAME  @mrxstate:447
[02:59:26.769] [lua] FanfareQueue: Pending  @mrxguiinterface:1340
[02:59:26.779] [lua] ###! GlobalExit - Complete  @mrxstate:298
[02:59:26.779] [world] >>> ###! GlobalExit - Complete  @mrxstate:298
[02:59:26.859] [lua] Atmosphere: creating boundary check for boundary "rgn_atmo_GRstripmine" enter  @wifvzatmosphere:59
[02:59:26.868] [lua] Atmosphere: creating boundary check for boundary "rgn_atmo_Caracas" enter  @wifvzatmosphere:59
[02:59:26.879] [lua] Atmosphere: creating boundary check for boundary "rgn_atmo_GR Cave" enter  @wifvzatmosphere:59
[02:59:26.889] [lua] Atmosphere: creating boundary check for boundary "rgn_atmo_PMC Outpost" enter  @wifvzatmosphere:59
[02:59:27.995] [lua] table:0x1F18D200  @mrxguibase:1353
[02:59:28.002] [lua] table:0x1F18D100  @mrxguibase:1353
[02:59:28.011] [lua] table:0x1F18CFE0  @mrxguibase:1353
[02:59:28.020] [lua] table:0x1F18CC80  @mrxguibase:1353
[02:59:28.029] [lua] table:0x1F18DA20  @mrxguibase:1353
[02:59:28.038] [lua] table:0x1F18D920  @mrxguibase:1353
[02:59:28.048] [lua] table:0x1F18D800  @mrxguibase:1353
[02:59:28.056] [lua] table:0x1F18D480  @mrxguibase:1353
[02:59:28.081] [lua] table:0x1F18CFE0  @mrxguibase:1353
[02:59:28.089] [lua] table:0x1F18D800  @mrxguibase:1353
[02:59:28.099] [lua] table:0x1F18D480  @mrxguibase:1353
[02:59:28.108] [lua] table:0x1F18D920  @mrxguibase:1353
[02:59:28.116] [lua] table:0x1F18DA20  @mrxguibase:1353
[02:59:28.125] [lua] table:0x1F18CC80  @mrxguibase:1353
[02:59:28.132] [lua] table:0x1F18D100  @mrxguibase:1353
[02:59:28.140] [lua] table:0x1F18D200  @mrxguibase:1353
[02:59:30.157] [lua] table:0x1F1553E0  @mrxguibase:1353
[02:59:30.170] [lua] table:0x1F1553E0  @mrxguibase:1353
[02:59:30.181] [lua] table:0x1F1553E0  @mrxguibase:1353
[02:59:30.207] [lua] table:0x1F1553E0  @mrxguibase:1353
[02:59:30.602] [lua] Disabling Custom Outfit...  @output/wardrobe/fiddy_wardrobe.lua:1335
[02:59:30.611] [lua] table:0x1ECC2D00  @mrxguibase:1353
[02:59:30.667] [lua] table:0x1F1553E0  @mrxguibase:1353
[02:59:30.838] [lua] table:0x1ECC2D00  @mrxguibase:1353
[02:59:30.846] [lua] table:0x1ECC2D00  @mrxguibase:1353
[02:59:31.119] [lua] table:0x1ECC2D00  @mrxguibase:1353
[02:59:31.196] [lua] table:0x1ECC2D00  @mrxguibase:1353
[02:59:31.204] [lua] table:0x1ECC2D00  @mrxguibase:1353
[02:59:31.281] [lua] table:0x1ECC2D00  @mrxguibase:1353
[02:59:31.372] [lua] table:0x1ECC2D00  @mrxguibase:1353
[02:59:31.382] [lua] table:0x1ECC2D00  @mrxguibase:1353
[02:59:31.451] [lua] table:0x1ECC2D00  @mrxguibase:1353
[02:59:31.463] [lua] table:0x1ECC2D00  @mrxguibase:1353
[02:59:31.496] [lua] table:0x1ECC2D00  @mrxguibase:1353
[02:59:31.548] [lua] table:0x1ECC2D00  @mrxguibase:1353
[02:59:31.560] [lua] table:0x1ECC2D00  @mrxguibase:1353
[02:59:31.635] [lua] table:0x1ECC2D00  @mrxguibase:1353
[02:59:31.646] [lua] table:0x1ECC2D00  @mrxguibase:1353
[02:59:31.793] [lua] table:0x1ECC2D00  @mrxguibase:1353
[02:59:31.805] [lua] table:0x1ECC2D00  @mrxguibase:1353
[02:59:31.941] [lua] @@@@@@@@@@ MrxState.Enter: state STATE_WAITFORGAME (refcount=1)  @mrxstate:381
[02:59:31.941] [world] >>> @@@@@@@@@@ MrxState.Enter: state STATE_WAITFORGAME (refcount=1)  @mrxstate:381
[02:59:31.954] [lua] ###! GlobalEnter - Begin  @mrxstate:172
[02:59:31.954] [world] >>> ###! GlobalEnter - Begin  @mrxstate:172
[02:59:31.964] [lua] Long Fading-Out...  @mrxstate:188
[02:59:31.978] [lua] ~~~~~~~~~~~~~~~~~~~~~~~~  GlobalFadeToBlack, count = 0  @mrxgui:516
[02:59:31.987] [lua] ~~~~~~~~~~ count increased to = 1  @mrxgui:534
[02:59:31.997] [lua] ~~~~~~~~~~~~~ still loading, queued 1  @mrxgui:537
[02:59:32.017] [lua] ~~~~~~~~~~~~~~~~~~~~~~~~  _CompleteFadeFlashLoad  @mrxgui:659
[02:59:32.675] [lua] table:0x1F1553E0  @mrxguibase:1353
[02:59:33.915] [lua] ~~~~~~~~~~~~~~~~~~~~~~~~  _FinishFadeToBlack  @mrxgui:608
[02:59:33.941] [lua] BLACKSCREEN - FadeFromColor called from hero.CleanupSurvival  @hero:325
[02:59:33.951] [lua] +++++++++++++++++++++++++++ Transfer Cleanup  @hero:566
[02:59:33.960] [lua] @@@@@@@@@@ MrxState._StateComplete:  state STATE_WAITFORGAME, about to _AttemptGlobalExit  @mrxstate:325
[02:59:33.961] [world] >>> @@@@@@@@@@ MrxState._StateComplete:  state STATE_WAITFORGAME, about to _AttemptGlobalExit  @mrxstate:325
[02:59:33.970] [lua] @@@@@@@@@@ MrxState._AttemptGlobalExit  @mrxstate:495
[02:59:33.980] [lua] @@@@@@@@@@ MrxState._AttemptGlobalExit:  state STATE_WAITFORGAME still active .. (refcount=1,bLocked=false)  @mrxstate:512
[02:59:33.981] [world] >>> @@@@@@@@@@ MrxState._AttemptGlobalExit:  state STATE_WAITFORGAME still active .. (refcount=1,bLocked=false)  @mrxstate:512
[02:59:33.991] [lua] ###! GlobalEnter - Complete  @mrxstate:432
[02:59:33.991] [world] >>> ###! GlobalEnter - Complete  @mrxstate:432
[02:59:34.044] [lua] +++++++++++++++++++++++++++ Transfer Activate  @hero:538
[02:59:34.055] [lua] @@@@@@@@@@ MrxState.Exit: state STATE_WAITFORGAME (refcount=0)  @mrxstate:476
[02:59:34.055] [world] >>> @@@@@@@@@@ MrxState.Exit: state STATE_WAITFORGAME (refcount=0)  @mrxstate:476
[02:59:34.067] [lua] @@@@@@@@@@ MrxState._AttemptGlobalExit  @mrxstate:495
[02:59:34.077] [lua] @@@@@@@@@@ MrxState._AttemptGlobalExit: all states exited; success  @mrxstate:524
[02:59:34.087] [lua] ###! GlobalExit - Begin  @mrxstate:233
[02:59:34.096] [lua] Long Fading-In...  @mrxstate:252
[02:59:34.105] [lua] ~~~~~~~~~~~~~~~~~~~~~~~~  GlobalFadeFromBlack  @mrxgui:568
[02:59:34.115] [lua] =================== FADE OUT (count: 0)===========================  @mrxgui:572
[02:59:34.127] [lua] @@@@@@@@@@ MrxState.EnableFade: bEnable=true  @mrxstate:550
[02:59:34.137] [lua] Fade-In in 1.1000000238419s...  @mrxstate:273
[02:59:34.147] [lua] Enabling Custom Outfit...  @output/wardrobe/fiddy_wardrobe.lua:1321
[02:59:34.188] [lua] table:0x1F1553E0  @mrxguibase:1353
[02:59:34.199] [lua] table:0x1F1553E0  @mrxguibase:1353
[02:59:35.238] [lua] FanfareQueue: Pending  @mrxguiinterface:1340
[02:59:35.249] [lua] ###! GlobalExit - Complete  @mrxstate:298
[02:59:35.249] [world] >>> ###! GlobalExit - Complete  @mrxstate:298
[02:59:35.293] [lua] table:0x1F1553E0  @mrxguibase:1353
[02:59:35.314] [lua] table:0x1F1553E0  @mrxguibase:1353
[02:59:35.840] [lua] table:0x1F1553E0  @mrxguibase:1353
[02:59:36.101] [lua] ~~~~~~~~~~~~~~~~~~~~~~~~  _FinishFadeFromBlack  @mrxgui:623
[02:59:36.852] [lua] table:0x1F1553E0  @mrxguibase:1353
